packet_index,label,kitsune_tanh_rmse,tenko_node_score
0,0,0.005913,0.006838
10,0,0.003469,0.003469
20,0,0.003179,0.005228
30,0,0.040446,0.044443
40,0,0.002961,0.003471
50,0,0.036960,0.044435
60,0,0.029120,0.014662
70,0,0.027305,0.014678
80,0,0.032839,0.044418
90,0,0.031509,0.044408
100,0,0.004246,0.002123
110,0,0.003989,0.003026
120,0,0.003703,0.005488
130,0,0.003622,0.003471
140,0,0.005155,0.006573
150,0,0.003558,0.003471
160,0,0.005579,0.006834
170,0,0.003510,0.005225
180,0,0.003073,0.003073
190,0,0.003557,0.003471
200,0,0.003438,0.003438
210,0,0.002961,0.003470
220,0,0.004086,0.004078
230,0,0.003490,0.001745
240,0,0.003422,0.003422
250,0,0.003632,0.003470
260,0,0.004667,0.006671
270,0,0.002866,0.005222
280,0,0.005740,0.006830
290,0,0.003412,0.003493
300,0,0.004065,0.004076
310,0,0.004715,0.002839
320,0,0.005056,0.004157
330,0,0.003542,0.003470
340,0,0.036804,0.036787
350,0,0.004292,0.004292
360,0,0.003306,0.005471
370,0,0.004034,0.004052
380,0,0.003264,0.003734
390,0,0.007715,0.025076
400,0,0.008610,0.005242
410,0,0.018575,0.014731
420,0,0.006122,0.005243
430,0,0.003602,0.005469
440,0,0.002431,0.002962
450,0,0.005615,0.006825
460,0,0.002596,0.003490
470,0,0.004339,0.011077
480,0,0.004006,0.005242
490,0,0.005004,0.005471
500,0,0.003615,0.003468
510,0,0.004262,0.004262
520,0,0.003554,0.003468
530,0,0.004795,0.006820
540,0,0.003698,0.005240
550,0,0.006255,0.006819
560,0,0.004581,0.004581
570,0,0.004597,0.004644
580,0,0.005532,0.006816
590,0,0.005379,0.006813
600,0,0.002785,0.003620
610,0,0.004057,0.004024
620,0,0.044162,0.005249
630,0,0.004242,0.005248
640,0,0.003355,0.005248
650,0,0.003825,0.005248
660,0,0.002931,0.005247
670,0,0.003126,0.003467
680,0,0.005060,0.006809
690,0,0.004105,0.004105
700,0,0.004054,0.004074
710,0,0.003232,0.005246
720,0,0.005523,0.006804
730,0,0.003356,0.005246
740,0,0.004060,0.004058
750,0,0.003939,0.003939
760,0,0.020980,0.044347
770,0,0.017991,0.044326
780,0,0.016422,0.044308
790,0,0.013222,0.014730
800,0,0.002361,0.003368
810,0,0.003625,0.005454
820,0,0.006470,0.005245
830,0,0.003561,0.003467
840,0,0.016231,0.014724
850,0,0.003091,0.003466
860,0,0.004048,0.003488
870,0,0.003036,0.003000
880,0,0.003948,0.003947
890,0,0.003530,0.005449
900,0,0.006515,0.006799
910,0,0.002548,0.003466
920,0,0.003253,0.003466
930,0,0.003046,0.003046
940,0,0.005778,0.006798
950,0,0.002632,0.002960
960,0,0.003853,0.005243
970,0,0.003314,0.005443
980,0,0.008478,0.008887
990,0,0.010074,0.014436
1000,0,0.002885,0.002885
1010,0,0.003034,0.003038
1020,0,0.004064,0.004060
1030,0,0.006419,0.006796
1040,0,0.003164,0.003103
1050,0,0.003170,0.003170
1060,0,0.003082,0.003082
1070,0,0.005003,0.004411
1080,0,0.007209,0.006796
1090,0,0.009381,0.006804
1100,0,0.004223,0.005438
1110,0,0.003774,0.005239
1120,0,0.003244,0.005238
1130,0,0.003773,0.005238
1140,0,0.007767,0.006806
1150,0,0.003262,0.003262
1160,0,0.004283,0.004254
1170,0,0.004047,0.004104
1180,0,0.003431,0.003838
1190,0,0.002746,0.002746
1200,0,0.004729,0.005431
1210,0,0.003845,0.001922
1220,0,0.003332,0.023116
1230,0,0.003697,0.003697
1240,0,0.007431,0.006813
1250,0,0.002608,0.002818
1260,0,0.003685,0.005236
1270,0,0.006594,0.005235
1280,0,0.002544,0.003464
1290,0,0.701931,0.044316
1300,0,0.003284,0.003463
1310,0,0.004162,0.004108
1320,0,0.003894,0.005425
1330,0,0.004141,0.005420
1340,0,0.023150,0.009621
1350,0,0.003396,0.005234
1360,0,0.017555,0.024789
1370,0,0.015258,0.024774
1380,0,0.005048,0.014711
1390,0,0.003981,0.005233
1400,0,0.003023,0.022991
1410,0,0.007024,0.006817
1420,0,0.002928,0.003070
1430,0,0.002147,0.002962
1440,0,0.005997,0.005414
1450,0,0.007944,0.007795
1460,0,0.008244,0.006820
1470,0,0.005038,0.004515
1480,0,0.003212,0.005231
1490,0,0.005217,0.005231
1500,0,0.002544,0.003462
1510,0,0.011883,0.044227
1520,0,0.010908,0.014694
1530,0,0.003286,0.003462
1540,0,0.012829,0.044180
1550,0,0.013525,0.044160
1560,0,0.002707,0.002949
1570,0,0.016541,0.044118
1580,0,0.003306,0.003306
1590,0,0.007006,0.006821
1600,0,0.003213,0.005229
1610,0,0.003570,0.003462
1620,0,0.004085,0.003832
1630,0,0.002978,0.003461
1640,0,0.007795,0.006821
1650,0,0.007143,0.009530
1660,0,0.004162,0.004243
1670,0,0.002545,0.003461
1680,0,0.007339,0.006823
1690,0,0.002964,0.003461
1700,0,0.003838,0.004032
1710,0,0.004769,0.018797
1720,0,0.003220,0.005406
1730,0,0.005858,0.005227
1740,0,0.008458,0.006826
1750,0,0.003358,0.003461
1760,0,0.002980,0.003678
1770,0,0.008759,0.006828
1780,0,0.004466,0.004340
1790,0,0.004911,0.004911
1800,0,0.008018,0.006830
1810,0,0.003963,0.005402
1820,0,0.004029,0.004031
1830,0,0.004323,0.005225
1840,0,0.002910,0.005224
1850,0,0.003094,0.003460
1860,0,0.002774,0.002774
1870,0,0.008585,0.006836
1880,0,0.003573,0.005224
1890,0,0.004300,0.004169
1900,0,0.002544,0.003460
1910,0,0.003400,0.005223
1920,0,0.004744,0.004645
1930,0,0.003944,0.005395
1940,0,0.003002,0.002998
1950,0,0.010757,0.044092
1960,0,0.008506,0.006845
1970,0,0.003629,0.003460
1980,0,0.004181,0.005391
1990,0,0.008650,0.006848
2000,0,0.012700,0.012699
2010,0,0.003224,0.003074
2020,0,0.008710,0.006853
2030,0,0.005222,0.005220
2040,0,0.004061,0.005389
2050,0,0.008981,0.006856
2060,0,0.003446,0.005387
2070,0,0.002730,0.050946
2080,0,0.004508,0.002254
2090,0,0.017314,0.049468
2100,0,0.020633,0.048462
2110,0,0.008825,0.006860
2120,0,0.009814,0.006866
2130,0,0.011744,0.044072
2140,0,0.002744,0.002568
2150,0,0.002963,0.003459
2160,0,0.004351,0.004351
2170,0,0.003077,0.050657
2180,0,0.003581,0.003458
2190,0,0.003574,0.003574
2200,0,0.003140,0.003978
2210,0,0.005550,0.005382
2220,0,0.002051,0.005386
2230,0,0.003122,0.005217
2240,0,0.004324,0.005217
2250,0,0.003250,0.003458
2260,0,0.005105,0.004934
2270,0,0.006120,0.006050
2280,0,0.004363,0.004155
2290,0,0.002888,0.002642
2300,0,0.011345,0.014663
2310,0,0.011367,0.014659
2320,0,0.003918,0.003888
2330,0,0.014415,0.043952
2340,0,0.015434,0.043934
2350,0,0.012739,0.014648
2360,0,0.013445,0.014647
2370,0,0.013885,0.014647
2380,0,0.008277,0.005386
2390,0,0.003350,0.003458
2400,0,0.003284,0.003458
2410,0,0.005388,0.006148
2420,0,0.014576,0.012553
2430,0,0.017167,0.013796
2440,0,0.016087,0.016085
2450,0,0.020121,0.020119
2460,0,0.003555,0.005215
2470,0,0.008577,0.006561
2480,0,0.003630,0.003458
2490,0,0.002543,0.003457
2500,0,0.004542,0.005380
2510,0,0.003349,0.003457
2520,0,0.003098,0.003457
2530,0,0.066640,0.066542
2540,0,0.004285,0.004285
2550,0,0.065585,0.065492
2560,0,0.003541,0.005213
2570,0,0.059043,0.058974
2580,0,0.008663,0.006899
2590,0,0.004263,0.005212
2600,0,0.005918,0.006485
2610,0,0.003119,0.003457
2620,0,0.007556,0.005383
2630,0,0.004239,0.004167
2640,0,0.004787,0.006318
2650,0,0.005225,0.005211
2660,0,0.003652,0.003652
2670,0,0.008309,0.006902
2680,0,0.004048,0.004052
2690,0,0.026175,0.043830
2700,0,0.054117,0.054065
2710,0,0.020345,0.010171
2720,0,0.002448,0.005387
2730,0,0.019092,0.005211
2740,0,0.004371,0.005384
2750,0,0.003487,0.049812
2760,0,0.003874,0.005211
2770,0,0.005076,0.006176
2780,0,0.013641,0.006820
2790,0,0.003217,0.022650
2800,0,0.004276,0.004348
2810,0,0.005556,0.003569
2820,0,0.004241,0.004241
2830,0,0.005749,0.005503
2840,0,0.006340,0.005211
2850,0,0.002959,0.003456
2860,0,0.003187,0.003187
2870,0,0.005765,0.006068
2880,0,0.004306,0.004114
2890,0,0.007423,0.006909
2900,0,0.003635,0.005211
2910,0,0.003638,0.003455
2920,0,0.004237,0.005377
2930,0,0.002983,0.003455
2940,0,0.003649,0.013282
2950,0,0.002952,0.002952
2960,0,0.005682,0.006043
2970,0,0.018264,0.043819
2980,0,0.041838,0.041814
2990,0,0.002790,0.022619
3000,0,0.003266,0.022558
3010,0,0.003128,0.003128
3020,0,0.003140,0.003140
3030,0,0.014539,0.024229
3040,0,0.002419,0.002419
3050,0,0.004399,0.003854
3060,0,0.006325,0.003279
3070,0,0.003322,0.005208
3080,0,0.003646,0.003455
3090,0,0.003342,0.005207
3100,0,0.004409,0.004351
3110,0,0.017403,0.005211
3120,0,0.020572,0.005215
3130,0,0.002606,0.003667
3140,0,0.003262,0.003262
3150,0,0.003146,0.003146
3160,0,0.012332,0.043788
3170,0,0.013839,0.043775
3180,0,0.011296,0.014629
3190,0,0.003514,0.003454
3200,0,0.004629,0.007967
3210,0,0.003287,0.003454
3220,0,0.003054,0.003454
3230,0,0.003557,0.003454
3240,0,0.004375,0.004367
3250,0,0.013284,0.014606
3260,0,0.004447,0.047687
3270,0,0.004585,0.004585
3280,0,0.003316,0.005218
3290,0,0.002602,0.005369
3300,0,0.008014,0.006112
3310,0,0.007569,0.006918
3320,0,0.002949,0.003453
3330,0,0.003998,0.002680
3340,0,0.003816,0.004173
3350,0,0.003406,0.005217
3360,0,0.003202,0.005217
3370,0,0.003584,0.003453
3380,0,0.002889,0.005216
3390,0,0.003282,0.003845
3400,0,0.002164,0.005361
3410,0,0.003601,0.005216
3420,0,0.003641,0.003453
3430,0,0.003732,0.003857
3440,0,0.002462,0.002789
3450,0,0.002877,0.007477
3460,0,0.006932,0.006919
3470,0,0.005785,0.005293
3480,0,0.004946,0.005294
3490,0,0.034823,0.034809
3500,0,0.003276,0.003452
3510,0,0.002831,0.003452
3520,0,0.003832,0.003832
3530,0,0.032022,0.005318
3540,0,0.030541,0.005333
3550,0,0.014427,0.043630
3560,0,0.013750,0.013749
3570,0,0.018850,0.005343
3580,0,0.012551,0.012550
3590,0,0.004101,0.005742
3600,0,0.006949,0.005347
3610,0,0.003541,0.003541
3620,0,0.003012,0.022284
3630,0,0.002498,0.005739
3640,0,0.005079,0.005347
3650,0,0.003156,0.005346
3660,0,0.002982,0.003451
3670,0,0.003273,0.003451
3680,0,0.003605,0.003451
3690,0,0.003150,0.003150
3700,0,0.004469,0.005743
3710,0,0.062357,0.043640
3720,0,0.034474,0.043641
3730,0,0.004155,0.003641
3740,0,0.031111,0.140797
3750,0,0.034764,0.043632
3760,0,0.034829,0.043622
3770,0,0.035621,0.135588
3780,0,0.064009,0.133942
3790,0,0.004236,0.004236
3800,0,0.014109,0.005345
3810,0,0.025719,0.043572
3820,0,0.004509,0.091206
3830,0,0.024824,0.043531
3840,0,0.036134,0.043507
3850,0,0.041686,0.043497
3860,0,0.040773,0.043492
3870,0,0.042079,0.043489
3880,0,0.050328,0.043494
3890,0,0.053976,0.043510
3900,0,0.066263,0.043544
3910,0,0.013856,0.005346
3920,0,0.011786,0.011785
3930,0,0.079097,0.043645
3940,0,0.104328,0.043730
3950,0,0.080674,0.043812
3960,0,0.111510,0.043911
3970,0,0.095870,0.044013
3980,0,0.103231,0.044125
3990,0,0.139211,0.044273
4000,0,0.008785,0.008785
4010,0,0.145902,0.044395
4020,0,0.124468,0.044567
4030,0,0.156601,0.044754
4040,0,0.173428,0.044986
4050,0,0.186071,0.045234
4060,0,0.187391,0.045501
4070,0,0.190734,0.045785
4080,0,0.201597,0.046090
4090,0,0.023215,0.023211
4100,0,0.035545,0.035530
4110,0,0.042841,0.042815
4120,0,0.043729,0.043701
4130,0,0.042618,0.042592
4140,0,0.042261,0.042236
4150,0,0.199876,0.046517
4160,0,0.210328,0.046827
4170,0,0.248657,0.047163
4180,0,0.260198,0.047526
4190,0,0.245356,0.047908
4200,0,0.264923,0.048332
4210,0,0.043049,0.043022
4220,0,0.269445,0.048736
4230,0,0.281780,0.049131
4240,0,0.331393,0.049625
4250,0,0.346846,0.050160
4260,0,0.012000,0.011999
4270,0,0.047235,0.047200
4280,0,0.272505,0.050595
4290,0,0.289847,0.051044
4300,0,0.324848,0.051529
4310,0,0.347803,0.052038
4320,0,0.341543,0.052567
4330,0,0.353126,0.052955
4340,0,0.049003,0.048963
4350,0,0.376843,0.053762
4360,0,0.367612,0.053880
4370,0,0.380959,0.054468
4380,0,0.415469,0.055097
4390,0,0.433164,0.055755
4400,0,0.453290,0.056439
4410,0,0.461456,0.057144
4420,0,0.499567,0.057857
4430,0,0.513367,0.058605
4440,0,0.525241,0.059388
4450,0,0.501927,0.060185
4460,0,0.514996,0.060974
4470,0,0.561006,0.061789
4480,0,0.574592,0.062537
4490,0,0.059724,0.059653
4500,0,0.032291,0.032280
4510,0,0.032666,0.032655
4520,0,0.076228,0.076081
4530,0,0.083347,0.083154
4540,0,0.089215,0.088979
4550,0,0.095353,0.095065
4560,0,0.055643,0.055585
4570,0,0.105801,0.105408
4580,0,0.109526,0.109091
4590,0,0.120081,0.119507
4600,0,0.133766,0.132973
4610,0,0.146187,0.145154
4620,0,0.064911,0.064820
4630,0,0.171356,0.169698
4640,0,0.057570,0.057507
4650,0,0.196624,0.194128
4660,0,0.207367,0.204445
4670,0,0.212874,0.209716
4680,0,0.520778,0.063919
4690,0,0.496180,0.064697
4700,0,0.543799,0.065495
4710,0,0.568057,0.066313
4720,0,0.583798,0.067150
4730,0,0.600977,0.068007
4740,0,0.004079,0.005765
4750,0,0.613701,0.069224
4760,0,0.571473,0.069921
4770,0,0.620645,0.070783
4780,0,0.629322,0.071654
4790,0,0.641736,0.072525
4800,0,0.608068,0.073415
4810,0,0.671764,0.074317
4820,0,0.683301,0.075237
4830,0,0.642168,0.076161
4840,0,0.707289,0.077106
4850,0,0.719136,0.078069
4860,0,0.728855,0.079035
4870,0,0.739806,0.080000
4880,0,0.745882,0.080986
4890,0,0.758709,0.081979
4900,0,0.759943,0.082977
4910,0,0.775812,0.083979
4920,0,0.785064,0.084989
4930,0,0.790633,0.086004
4940,0,0.802154,0.087024
4950,0,0.808405,0.088049
4960,0,0.816757,0.089078
4970,0,0.823694,0.090112
4980,0,0.830945,0.091149
4990,0,0.839583,0.092190
5000,0,0.846311,0.093233
5010,0,0.193292,0.190920
5020,0,0.057396,0.057333
5030,0,0.230257,0.226272
5040,0,0.249541,0.244488
5050,0,0.273671,0.267037
5060,0,0.286733,0.279125
5070,0,0.304458,0.295387
5080,0,0.328267,0.316962
5090,0,0.345137,0.332056
5100,0,0.835729,0.094891
5110,0,0.841498,0.095921
5120,0,0.371221,0.355059
5130,0,0.379746,0.362487
5140,0,0.374288,0.357736
5150,0,0.364492,0.349165
5160,0,0.808471,0.096921
5170,0,0.813946,0.097918
5180,0,0.823901,0.098919
5190,0,0.828383,0.099923
5200,0,0.372522,0.356196
5210,0,0.055556,0.055499
5220,0,0.054332,0.054278
5230,0,0.827111,0.101328
5240,0,0.834349,0.102329
5250,0,0.841781,0.103333
5260,0,0.848459,0.104340
5270,0,0.398193,0.378402
5280,0,0.055436,0.055379
5290,0,0.855344,0.105954
5300,0,0.418469,0.395640
5310,0,0.435946,0.410278
5320,0,0.454793,0.425831
5330,0,0.473259,0.440828
5340,0,0.492260,0.456008
5350,0,0.511067,0.470776
5360,0,0.529607,0.485081
5370,0,0.547477,0.498627
5380,0,0.563321,0.510437
5390,0,0.573012,0.517568
5400,0,0.575707,0.519538
5410,0,0.569658,0.515108
5420,0,0.830949,0.108042
5430,0,0.838056,0.109023
5440,0,0.846490,0.110008
5450,0,0.850597,0.110995
5460,0,0.857863,0.111985
5470,0,0.863100,0.112976
5480,0,0.562473,0.509810
5490,0,0.861959,0.114063
5500,0,0.867839,0.115050
5510,0,0.871841,0.116038
5520,0,0.877377,0.117028
5530,0,0.883673,0.118019
5540,0,0.889483,0.119011
5550,0,0.565295,0.511896
5560,0,0.888798,0.120201
5570,0,0.893123,0.121189
5580,0,0.577958,0.521180
5590,0,0.590995,0.530611
5600,0,0.609024,0.543440
5610,0,0.621197,0.551961
5620,0,0.631475,0.559067
5630,0,0.645381,0.568552
5640,0,0.655218,0.575172
5650,0,0.669028,0.584340
5660,0,0.681009,0.592175
5670,0,0.693358,0.600135
5680,0,0.705487,0.607839
5690,0,0.716919,0.614997
5700,0,0.726481,0.620908
5710,0,0.736270,0.626886
5720,0,0.872141,0.121774
5730,0,0.878270,0.122744
5740,0,0.882658,0.123716
5750,0,0.884974,0.124201
5760,0,0.889956,0.125174
5770,0,0.894718,0.126147
5780,0,0.899883,0.127121
5790,0,0.904327,0.128095
5800,0,0.907681,0.129070
5810,0,0.752044,0.636367
5820,0,0.761523,0.641973
5830,0,0.908539,0.129751
5840,0,0.912398,0.130724
5850,0,0.917028,0.131697
5860,0,0.920621,0.132669
5870,0,0.924206,0.133641
5880,0,0.927864,0.134613
5890,0,0.774528,0.649554
5900,0,0.783761,0.654860
5910,0,0.929117,0.135583
5920,0,0.932196,0.136552
5930,0,0.790764,0.658842
5940,0,0.799384,0.663692
5950,0,0.806902,0.667878
5960,0,0.812440,0.670934
5970,0,0.819143,0.674603
5980,0,0.826207,0.678434
5990,0,0.833563,0.682384
6000,0,0.928986,0.137711
6010,0,0.932172,0.138673
6020,0,0.935304,0.139539
6030,0,0.937643,0.140499
6040,0,0.838734,0.685138
6050,0,0.840697,0.686178
6060,0,0.839876,0.685743
6070,0,0.834037,0.682638
6080,0,0.835529,0.683434
6090,0,0.837675,0.684576
6100,0,0.839495,0.685541
6110,0,0.002973,0.003450
6120,0,0.846961,0.689479
6130,0,0.898722,0.141069
6140,0,0.899790,0.141997
6150,0,0.903920,0.142923
6160,0,0.908034,0.143849
6170,0,0.911316,0.144776
6180,0,0.915354,0.145702
6190,0,0.823257,0.676839
6200,0,0.816063,0.672921
6210,0,0.823089,0.676747
6220,0,0.830250,0.680610
6230,0,0.834237,0.682744
6240,0,0.841502,0.686604
6250,0,0.847621,0.689825
6260,0,0.853675,0.692985
6270,0,0.901329,0.146809
6280,0,0.905491,0.147722
6290,0,0.858887,0.695684
6300,0,0.860814,0.696677
6310,0,0.902987,0.148718
6320,0,0.905769,0.149535
6330,0,0.843643,0.687734
6340,0,0.849929,0.691033
6350,0,0.855981,0.694181
6360,0,0.860826,0.696683
6370,0,0.866697,0.699692
6380,0,0.893904,0.150438
6390,0,0.870885,0.701823
6400,0,0.875576,0.704196
6410,0,0.879898,0.706368
6420,0,0.882251,0.707545
6430,0,0.889560,0.151242
6440,0,0.894467,0.152132
6450,0,0.898864,0.153021
6460,0,0.903413,0.153912
6470,0,0.906913,0.154802
6480,0,0.911057,0.155693
6490,0,0.884270,0.708552
6500,0,0.003404,0.005399
6510,0,0.917252,0.157563
6520,0,0.886379,0.709601
6530,0,0.922331,0.158987
6540,0,0.926259,0.159876
6550,0,0.887743,0.710277
6560,0,0.889446,0.711120
6570,0,0.003429,0.003429
6580,0,0.905595,0.160924
6590,0,0.909530,0.161795
6600,0,0.913707,0.162666
6610,0,0.917085,0.163537
6620,0,0.920919,0.164408
6630,0,0.923993,0.165279
6640,0,0.927386,0.166149
6650,0,0.929636,0.167019
6660,0,0.932659,0.167889
6670,0,0.849084,0.690591
6680,0,0.923345,0.168754
6690,0,0.926561,0.169614
6700,0,0.843955,0.687898
6710,0,0.925667,0.170984
6720,0,0.926986,0.171838
6730,0,0.930085,0.172691
6740,0,0.933096,0.173543
6750,0,0.934024,0.174393
6760,0,0.830609,0.680803
6770,0,0.057441,0.057378
6780,0,0.926600,0.175072
6790,0,0.929860,0.175914
6800,0,0.057959,0.057895
6810,0,0.057039,0.056977
6820,0,0.056594,0.056534
6830,0,0.003219,0.003259
6840,0,0.925514,0.177339
6850,0,0.928533,0.178173
6860,0,0.928241,0.179006
6870,0,0.876306,0.179831
6880,0,0.879670,0.180622
6890,0,0.793174,0.660203
6900,0,0.801712,0.664993
6910,0,0.808240,0.668618
6920,0,0.875846,0.181330
6930,0,0.879627,0.182134
6940,0,0.815257,0.672480
6950,0,0.927730,0.183025
6960,0,0.800907,0.664544
6970,0,0.808233,0.668614
6980,0,0.814757,0.672206
6990,0,0.820930,0.675576
7000,0,0.826778,0.678742
7010,0,0.828271,0.679546
7020,0,0.830152,0.680558
7030,0,0.835714,0.683532
7040,0,0.851884,0.183786
7050,0,0.908587,0.184586
7060,0,0.832767,0.681959
7070,0,0.835153,0.683233
7080,0,0.899306,0.185144
7090,0,0.903066,0.185936
7100,0,0.903477,0.186648
7110,0,0.907290,0.187439
7120,0,0.057826,0.057761
7130,0,0.802923,0.665668
7140,0,0.058702,0.058635
7150,0,0.887361,0.188450
7160,0,0.891679,0.189225
7170,0,0.058512,0.058445
7180,0,0.893725,0.190154
7190,0,0.897709,0.190928
7200,0,0.793265,0.660255
7210,0,0.878310,0.191462
7220,0,0.883222,0.192221
7230,0,0.003102,0.004342
7240,0,0.062684,0.062602
7250,0,0.759720,0.640912
7260,0,0.759817,0.640969
7270,0,0.876215,0.193655
7280,0,0.881295,0.194406
7290,0,0.885569,0.195158
7300,0,0.889649,0.195912
7310,0,0.762916,0.642791
7320,0,0.768516,0.646066
7330,0,0.886103,0.196585
7340,0,0.890172,0.197335
7350,0,0.894254,0.198085
7360,0,0.768508,0.646061
7370,0,0.888423,0.198833
7380,0,0.892871,0.199578
7390,0,0.896427,0.200323
7400,0,0.900658,0.201069
7410,0,0.904121,0.201811
7420,0,0.748322,0.634147
7430,0,0.752760,0.636792
7440,0,0.757359,0.639519
7450,0,0.759609,0.640846
7460,0,0.762368,0.642469
7470,0,0.002464,0.004213
7480,0,0.754666,0.637924
7490,0,0.751119,0.635816
7500,0,0.871490,0.203410
7510,0,0.803133,0.203810
7520,0,0.871128,0.204486
7530,0,0.749072,0.634595
7540,0,0.871392,0.205033
7550,0,0.755568,0.638459
7560,0,0.758603,0.640254
7570,0,0.861502,0.205454
7580,0,0.863184,0.206143
7590,0,0.799428,0.206761
7600,0,0.003002,0.003002
7610,0,0.733734,0.625345
7620,0,0.845101,0.207462
7630,0,0.790528,0.208145
7640,0,0.854056,0.208829
7650,0,0.852685,0.209311
7660,0,0.849457,0.209448
7670,0,0.725707,0.620432
7680,0,0.063282,0.063197
7690,0,0.063591,0.063506
7700,0,0.840799,0.209857
7710,0,0.844820,0.210534
7720,0,0.830534,0.210601
7730,0,0.836292,0.211270
7740,0,0.708510,0.609742
7750,0,0.834548,0.211938
7760,0,0.705817,0.608047
7770,0,0.829212,0.212601
7780,0,0.827150,0.213192
7790,0,0.069594,0.069481
7800,0,0.829633,0.213850
7810,0,0.698949,0.603700
7820,0,0.830360,0.214310
7830,0,0.706183,0.608278
7840,0,0.709901,0.610615
7850,0,0.714711,0.613623
7860,0,0.719193,0.616409
7870,0,0.721518,0.617849
7880,0,0.817509,0.214958
7890,0,0.003774,0.005398
7900,0,0.807323,0.215473
7910,0,0.707326,0.608997
7920,0,0.801070,0.215851
7930,0,0.805892,0.216482
7940,0,0.699671,0.604159
7950,0,0.802006,0.217363
7960,0,0.701264,0.605169
7970,0,0.806159,0.217990
7980,0,0.701521,0.605332
7990,0,0.004200,0.006038
8000,0,0.795045,0.218800
8010,0,0.800580,0.219418
8020,0,0.804975,0.220038
8030,0,0.809761,0.220661
8040,0,0.815056,0.221285
8050,0,0.820673,0.221912
8060,0,0.825780,0.222542
8070,0,0.830903,0.223173
8080,0,0.685917,0.595352
8090,0,0.837136,0.224123
8100,0,0.841915,0.224758
8110,0,0.847362,0.225395
8120,0,0.843314,0.225650
8130,0,0.843693,0.226284
8140,0,0.847767,0.226906
8150,0,0.666463,0.582649
8160,0,0.003266,0.003244
8170,0,0.834659,0.227624
8180,0,0.774005,0.228209
8190,0,0.844505,0.228829
8200,0,0.849887,0.229451
8210,0,0.851875,0.230017
8220,0,0.856042,0.230646
8230,0,0.665477,0.581997
8240,0,0.671371,0.585881
8250,0,0.842718,0.231143
8260,0,0.847317,0.231758
8270,0,0.852026,0.232379
8280,0,0.856683,0.233002
8290,0,0.856706,0.233501
8300,0,0.858920,0.234123
8310,0,0.863005,0.234746
8320,0,0.659456,0.578001
8330,0,0.666108,0.582414
8340,0,0.673810,0.587481
8350,0,0.678479,0.590530
8360,0,0.683737,0.593943
8370,0,0.854728,0.235300
8380,0,0.859326,0.235917
8390,0,0.863804,0.236536
8400,0,0.690026,0.597999
8410,0,0.862557,0.236844
8420,0,0.693163,0.600010
8430,0,0.863888,0.237708
8440,0,0.860398,0.238076
8450,0,0.859109,0.238500
8460,0,0.680025,0.591535
8470,0,0.686022,0.595420
8480,0,0.686814,0.595931
8490,0,0.692021,0.599279
8500,0,0.860611,0.239598
8510,0,0.692206,0.599398
8520,0,0.864060,0.240450
8530,0,0.076735,0.076584
8540,0,0.867369,0.241303
8550,0,0.004359,0.005398
8560,0,0.866368,0.242213
8570,0,0.865413,0.242515
8580,0,0.673967,0.587583
8590,0,0.681743,0.592651
8600,0,0.688151,0.596793
8610,0,0.693281,0.600086
8620,0,0.696107,0.601891
8630,0,0.703305,0.606461
8640,0,0.708905,0.609990
8650,0,0.712545,0.612270
8660,0,0.840899,0.242995
8670,0,0.838642,0.243229
8680,0,0.843135,0.243814
8690,0,0.848350,0.244396
8700,0,0.708563,0.609775
8710,0,0.848124,0.245194
8720,0,0.852407,0.245780
8730,0,0.856640,0.246357
8740,0,0.854181,0.246533
8750,0,0.858706,0.247109
8760,0,0.704602,0.607281
8770,0,0.705070,0.607576
8780,0,0.772421,0.247272
8790,0,0.851550,0.247820
8800,0,0.857467,0.248402
8810,0,0.860920,0.248985
8820,0,0.707687,0.609224
8830,0,0.865925,0.249921
8840,0,0.864761,0.250446
8850,0,0.867035,0.251029
8860,0,0.870679,0.251612
8870,0,0.697311,0.602658
8880,0,0.863378,0.251670
8890,0,0.706472,0.608460
8900,0,0.864541,0.252307
8910,0,0.865564,0.252711
8920,0,0.869620,0.253290
8930,0,0.865483,0.253521
8940,0,0.869705,0.254097
8950,0,0.002377,0.006030
8960,0,0.697073,0.602506
8970,0,0.876009,0.255597
8980,0,0.696842,0.602360
8990,0,0.701746,0.605475
9000,0,0.872618,0.256230
9010,0,0.876531,0.256746
9020,0,0.703202,0.606396
9030,0,0.869952,0.257431
9040,0,0.874590,0.258000
9050,0,0.878625,0.258570
9060,0,0.694831,0.601077
9070,0,0.702866,0.606184
9080,0,0.879925,0.259359
9090,0,0.704262,0.607066
9100,0,0.875171,0.259644
9110,0,0.706317,0.608362
9120,0,0.873812,0.260262
9130,0,0.870278,0.260430
9140,0,0.704340,0.607116
9150,0,0.706598,0.608539
9160,0,0.003239,0.003243
9170,0,0.003376,0.003244
9180,0,0.790667,0.261539
9190,0,0.702336,0.605848
9200,0,0.701229,0.605147
9210,0,0.784295,0.262192
9220,0,0.704000,0.606901
9230,0,0.854314,0.262574
9240,0,0.004708,0.012080
9250,0,0.696676,0.602253
9260,0,0.701501,0.605319
9270,0,0.847143,0.263596
9280,0,0.770212,0.263806
9290,0,0.841425,0.264072
9300,0,0.694097,0.600607
9310,0,0.002932,0.002852
9320,0,0.689720,0.597802
9330,0,0.008638,0.014590
9340,0,0.688937,0.597298
9350,0,0.008550,0.014587
9360,0,0.684111,0.594186
9370,0,0.004031,0.004872
9380,0,0.669662,0.264736
9390,0,0.003990,0.005397
9400,0,0.003445,0.005397
9410,0,0.003223,0.005396
9420,0,0.006623,0.006915
9430,0,0.003806,0.002561
9440,0,0.003301,0.003450
9450,0,0.004029,0.004029
9460,0,0.003290,0.005395
9470,0,0.003666,0.003450
9480,0,0.002598,0.003449
9490,0,0.004998,0.003913
9500,0,0.004229,0.004229
9510,0,0.006458,0.003580
9520,0,0.004832,0.003930
9530,0,0.004947,0.012146
9540,0,0.006715,0.006913
9550,0,0.004200,0.005393
9560,0,0.003352,0.003449
9570,0,0.002968,0.003449
9580,0,0.006636,0.006913
9590,0,0.004096,0.005239
9600,0,0.003420,0.003070
9610,0,0.002846,0.003857
9620,0,0.003621,0.006012
9630,0,0.003370,0.003449
9640,0,0.003096,0.003448
9650,0,0.003052,0.003401
9660,0,0.003017,0.003339
9670,0,0.006602,0.006912
9680,0,0.003363,0.005389
9690,0,0.002985,0.003448
9700,0,0.006890,0.006912
9710,0,0.002913,0.021960
9720,0,0.285322,0.265233
9730,0,0.014422,0.014589
9740,0,0.982128,0.055363
9750,0,0.007928,0.006009
9760,0,0.992599,0.758468
9770,0,0.004234,0.004234
9780,0,0.003338,0.005388
9790,0,0.003699,0.003448
9800,0,0.242169,0.078126
9810,0,0.003386,0.003448
9820,0,0.002843,0.002853
9830,0,0.096013,0.095719
9840,0,0.003869,0.003666
9850,0,0.004256,0.004250
9860,0,0.003077,0.003272
9870,0,0.004702,0.023900
9880,0,0.003708,0.003448
9890,0,0.003959,0.005386
9900,0,0.002974,0.005386
9910,0,0.003095,0.003447
9920,0,0.004647,0.004698
9930,0,0.007246,0.006913
9940,0,0.004623,0.004671
9950,0,0.003065,0.002798
9960,0,0.003977,0.006002
9970,0,0.002379,0.002742
9980,0,0.003426,0.004231
9990,0,0.003295,0.003447
10000,0,0.003985,0.004363
10010,0,0.010542,0.014534
10020,0,0.003505,0.003505
10030,0,0.004479,0.004362
10040,0,0.003308,0.005383
10050,0,0.002513,0.003463
10060,0,0.003444,0.005383
10070,0,0.009034,0.005997
10080,0,0.003932,0.004410
10090,0,0.003922,0.004300
10100,0,0.003363,0.005382
10110,0,0.003386,0.005382
10120,0,0.004245,0.005382
10130,0,0.129923,0.265045
10140,0,0.128997,0.265011
10150,0,0.003077,0.003446
10160,0,0.009259,0.014500
10170,0,0.125839,0.264836
10180,0,0.006423,0.005998
10190,0,0.012696,0.014489
10200,0,0.003603,0.005381
10210,0,0.004240,0.004246
10220,0,0.003538,0.003538
10230,0,0.001881,0.005992
10240,0,0.064705,0.064615
10250,0,0.003048,0.003261
10260,0,0.051181,0.051136
10270,0,0.003613,0.005379
10280,0,0.003729,0.003446
10290,0,0.003370,0.045709
10300,0,0.003365,0.003446
10310,0,0.002967,0.003446
10320,0,0.003680,0.003446
10330,0,0.004155,0.004155
10340,0,0.003611,0.005377
10350,0,0.005276,0.005377
10360,0,0.002934,0.003446
10370,0,0.003416,0.005376
10380,0,0.003665,0.003445
10390,0,0.003961,0.004252
10400,0,0.004316,0.004172
10410,0,0.003814,0.001907
10420,0,0.003757,0.005982
10430,0,0.006064,0.006064
10440,0,0.003363,0.005375
10450,0,0.002810,0.002998
10460,0,0.003466,0.005982
10470,0,0.006297,0.006297
10480,0,0.008299,0.005981
10490,0,0.002897,0.002897
10500,0,0.192256,0.024184
10510,0,0.003724,0.005375
10520,0,0.010324,0.014495
10530,0,0.035664,0.035649
10540,0,0.005259,0.005374
10550,0,0.091915,0.091657
10560,0,0.003277,0.003494
10570,0,0.003107,0.003559
10580,0,0.012997,0.021705
10590,0,0.004195,0.003922
10600,0,0.003891,0.001945
10610,0,0.003236,0.003916
10620,0,0.004192,0.017082
10630,0,0.003726,0.003445
10640,0,0.002562,0.003445
10650,0,0.003372,0.003444
10660,0,0.014123,0.004552
10670,0,0.004104,0.004115
10680,0,0.374630,0.051538
10690,0,0.055437,0.053479
10700,0,0.031023,0.052470
10710,0,0.067836,0.067732
10720,0,0.003551,0.005371
10730,0,0.005424,0.006906
10740,0,0.003027,0.003437
10750,0,0.004190,0.004190
10760,0,0.002883,0.003444
10770,0,0.007697,0.007697
10780,0,0.015547,0.007773
10790,0,0.006094,0.006906
10800,0,0.007913,0.005981
10810,0,0.023057,0.023053
10820,0,0.013990,0.006748
10830,0,0.004256,0.004254
10840,0,0.003253,0.005369
10850,0,0.002826,0.021586
10860,0,0.007112,0.006906
10870,0,0.004050,0.004050
10880,0,0.004276,0.004010
10890,0,0.005439,0.006904
10900,0,0.003174,0.005367
10910,0,0.003005,0.003410
10920,0,0.002546,0.003443
10930,0,0.003212,0.003443
10940,0,0.004462,0.004462
10950,0,0.003723,0.003723
10960,0,0.031819,0.264391
10970,0,0.032259,0.264246
10980,0,0.032617,0.264130
10990,0,0.033057,0.264043
11000,0,0.003424,0.005972
11010,0,0.006733,0.005365
11020,0,0.034667,0.263843
11030,0,0.002856,0.003443
11040,0,0.003800,0.003764
11050,0,0.002967,0.003443
11060,0,0.004289,0.004205
11070,0,0.012353,0.014227
11080,0,0.024084,0.024080
11090,0,0.003968,0.003978
11100,0,0.002146,0.005968
11110,0,0.003231,0.005364
11120,0,0.002864,0.003738
11130,0,0.003531,0.003443
11140,0,0.011392,0.014437
11150,0,0.003057,0.003170
11160,0,0.007378,0.006969
11170,0,0.003472,0.005362
11180,0,0.007066,0.006902
11190,0,0.003698,0.003442
11200,0,0.003865,0.004103
11210,0,0.007299,0.003649
11220,0,0.004144,0.015435
11230,0,0.003872,0.005963
11240,0,0.007226,0.005913
11250,0,0.003148,0.005360
11260,0,0.010926,0.010926
11270,0,0.003795,0.005960
11280,0,0.005908,0.006900
11290,0,0.020578,0.020575
11300,0,0.007209,0.006900
11310,0,0.004100,0.002050
11320,0,0.004608,0.004608
11330,0,0.003863,0.004072
11340,0,0.002375,0.005959
11350,0,0.005589,0.005958
11360,0,0.004984,0.002492
11370,0,0.003242,0.005359
11380,0,0.005547,0.007211
11390,0,0.026707,0.026701
11400,0,0.004231,0.004231
11410,0,0.004047,0.004047
11420,0,0.002754,0.002867
11430,0,0.003325,0.003325
11440,0,0.014223,0.050978
11450,0,0.006695,0.004384
11460,0,0.004891,0.003004
11470,0,0.006296,0.006296
11480,0,0.004059,0.004107
11490,0,0.017663,0.005362
11500,0,0.004586,0.005365
11510,0,0.019153,0.005368
11520,0,0.003728,0.005948
11530,0,0.018213,0.018211
11540,0,0.004287,0.004235
11550,0,0.006799,0.006894
11560,0,0.004266,0.004226
11570,0,0.002434,0.002434
11580,0,0.002204,0.005943
11590,0,0.005674,0.006892
11600,0,0.002227,0.003200
11610,0,0.016956,0.024028
11620,0,0.004855,0.014430
11630,0,0.004029,0.005941
11640,0,0.004275,0.004275
11650,0,0.002902,0.005368
11660,0,0.003517,0.003439
11670,0,0.006483,0.003242
11680,0,0.005956,0.006888
11690,0,0.002964,0.003070
11700,0,0.003492,0.003492
11710,0,0.002899,0.005936
11720,0,0.004284,0.005819
11730,0,0.002884,0.005366
11740,0,0.005965,0.006886
11750,0,0.019803,0.263373
11760,0,0.004268,0.004085
11770,0,0.019061,0.263252
11780,0,0.002962,0.003438
11790,0,0.008684,0.014398
11800,0,0.019055,0.262949
11810,0,0.019346,0.262858
11820,0,0.012736,0.014381
11830,0,0.003740,0.005365
11840,0,0.002887,0.003926
11850,0,0.002880,0.002880
11860,0,0.006548,0.005932
11870,0,0.003044,0.005688
11880,0,0.003353,0.003437
11890,0,0.003242,0.004617
11900,0,0.005265,0.006558
11910,0,0.002981,0.005362
11920,0,0.002508,0.002668
11930,0,0.003141,0.003119
11940,0,0.003110,0.003437
11950,0,0.006752,0.005928
11960,0,0.007499,0.049555
11970,0,0.003035,0.003304
11980,0,0.010344,0.049069
11990,0,0.005024,0.005360
12000,0,0.002485,0.003437
12010,0,0.003406,0.003436
12020,0,0.004250,0.003747
12030,0,0.005073,0.005461
12040,0,0.009375,0.009375
12050,0,0.018337,0.018335
12060,0,0.003801,0.002869
12070,0,0.003210,0.005921
12080,0,0.013917,0.013916
12090,0,0.014859,0.005361
12100,0,0.003653,0.005361
12110,0,0.031673,0.005370
12120,0,0.007951,0.009221
12130,0,0.002969,0.003436
12140,0,0.003294,0.003435
12150,0,0.004497,0.075508
12160,0,0.003101,0.003196
12170,0,0.016035,0.023884
12180,0,0.010375,0.014376
12190,0,0.002797,0.005377
12200,0,0.004056,0.005377
12210,0,0.002933,0.003435
12220,0,0.002980,0.003435
12230,0,0.006108,0.023784
12240,0,0.004119,0.005376
12250,0,0.004535,0.005912
12260,0,0.007235,0.005375
12270,0,0.002473,0.003435
12280,0,0.004993,0.005718
12290,0,0.003129,0.005374
12300,0,0.005987,0.006877
12310,0,0.004234,0.004251
12320,0,0.003669,0.003434
12330,0,0.003837,0.005911
12340,0,0.017412,0.016475
12350,0,0.002319,0.002953
12360,0,0.007556,0.008920
12370,0,0.001674,0.003435
12380,0,0.005090,0.008625
12390,0,0.004073,0.004163
12400,0,0.007076,0.007075
12410,0,0.004336,0.007752
12420,0,0.003551,0.003434
12430,0,0.002956,0.021103
12440,0,0.003289,0.003433
12450,0,0.007102,0.048351
12460,0,0.003061,0.002913
12470,0,0.003635,0.003635
12480,0,0.003602,0.003433
12490,0,0.006471,0.048168
12500,0,0.003031,0.003433
12510,0,0.002829,0.021024
12520,0,0.004258,0.004246
12530,0,0.008370,0.014363
12540,0,0.008241,0.014356
12550,0,0.002829,0.002774
12560,0,0.005119,0.046659
12570,0,0.008421,0.014338
12580,0,0.003671,0.005899
12590,0,0.004477,0.004477
12600,0,0.018355,0.261874
12610,0,0.002446,0.003432
12620,0,0.003013,0.005369
12630,0,0.003004,0.003004
12640,0,0.003042,0.003432
12650,0,0.005025,0.046485
12660,0,0.018394,0.010605
12670,0,0.020361,0.014322
12680,0,0.014509,0.014322
12690,0,0.013508,0.012421
12700,0,0.002446,0.003432
12710,0,0.002893,0.005368
12720,0,0.002891,0.003431
12730,0,0.006021,0.006870
12740,0,0.004345,0.004345
12750,0,0.004728,0.004728
12760,0,0.006381,0.005366
12770,0,0.003673,0.005889
12780,0,0.003464,0.003431
12790,0,0.004499,0.011321
12800,0,0.003243,0.003294
12810,0,0.018736,0.012140
12820,0,0.004919,0.002460
12830,0,0.003206,0.005365
12840,0,0.004338,0.005884
12850,0,0.004411,0.045458
12860,0,0.002455,0.003430
12870,0,0.007062,0.044166
12880,0,0.008902,0.008902
12890,0,0.004233,0.004252
12900,0,0.003043,0.003043
12910,0,0.014067,0.012487
12920,0,0.003422,0.003781
12930,0,0.004076,0.004057
12940,0,0.002780,0.005362
12950,0,0.004940,0.005362
12960,0,0.003439,0.004560
12970,0,0.003313,0.003601
12980,0,0.003008,0.005361
12990,0,0.003310,0.003310
13000,0,0.007321,0.006867
13010,0,0.004036,0.005879
13020,0,0.002889,0.005360
13030,0,0.003059,0.003059
13040,0,0.004043,0.004043
13050,0,0.006588,0.006868
13060,0,0.003839,0.003839
13070,0,0.003818,0.005359
13080,0,0.003718,0.005871
13090,0,0.003055,0.003099
13100,0,0.004052,0.004052
13110,0,0.003036,0.003428
13120,0,0.003838,0.003741
13130,0,0.003213,0.007922
13140,0,0.004965,0.023640
13150,0,0.059139,0.023765
13160,0,0.055020,0.023810
13170,0,0.058664,0.024206
13180,0,0.002580,0.003428
13190,0,0.033008,0.032996
13200,0,0.002829,0.005356
13210,0,0.003050,0.003427
13220,0,0.026920,0.261560
13230,0,0.003896,0.005356
13240,0,0.032886,0.032875
13250,0,0.003511,0.003427
13260,0,0.002573,0.003427
13270,0,0.003037,0.003037
13280,0,0.003530,0.003530
13290,0,0.037185,0.037168
13300,0,0.003180,0.003427
13310,0,0.022105,0.022102
13320,0,0.006530,0.006867
13330,0,0.019349,0.013220
13340,0,0.014333,0.014332
13350,0,0.003918,0.002646
13360,0,0.004388,0.005839
13370,0,0.005032,0.005354
13380,0,0.002759,0.005353
13390,0,0.021599,0.261442
13400,0,0.002560,0.003426
13410,0,0.018909,0.261353
13420,0,0.002752,0.003426
13430,0,0.005403,0.003608
13440,0,0.002857,0.003426
13450,0,0.016579,0.261082
13460,0,0.017000,0.260932
13470,0,0.018309,0.260812
13480,0,0.005933,0.006865
13490,0,0.004034,0.004035
13500,0,0.003005,0.004548
13510,0,0.002829,0.005350
13520,0,0.003042,0.003425
13530,0,0.004145,0.005880
13540,0,0.004069,0.004069
13550,0,0.002687,0.005349
13560,0,0.005724,0.010147
13570,0,0.004241,0.004241
13580,0,0.003140,0.006028
13590,0,0.003110,0.003110
13600,0,0.003626,0.004224
13610,0,0.003055,0.005347
13620,0,0.002714,0.005346
13630,0,0.003461,0.003425
13640,0,0.004254,0.004254
13650,0,0.013291,0.013291
13660,0,0.006111,0.006863
13670,0,0.004877,0.003021
13680,0,0.004318,0.004318
13690,0,0.010581,0.010580
13700,0,0.009255,0.009255
13710,0,0.004528,0.003530
13720,0,0.003701,0.005872
13730,0,0.002859,0.003159
13740,0,0.004134,0.004151
13750,0,0.002386,0.002386
13760,0,0.003248,0.003741
13770,0,0.003125,0.003132
13780,0,0.008861,0.024175
13790,0,0.009975,0.014268
13800,0,0.003308,0.005342
13810,0,0.007268,0.006861
13820,0,0.004195,0.003999
13830,0,0.003557,0.007567
13840,0,0.002980,0.002980
13850,0,0.007004,0.003502
13860,0,0.005983,0.006861
13870,0,0.006346,0.006120
13880,0,0.003450,0.003422
13890,0,0.003448,0.003422
13900,0,0.006203,0.006203
13910,0,0.002631,0.005863
13920,0,0.004239,0.004247
13930,0,0.003397,0.009729
13940,0,0.004359,0.004359
13950,0,0.003349,0.008992
13960,0,0.003770,0.005860
13970,0,0.007037,0.007037
13980,0,0.011029,0.014260
13990,0,0.003717,0.005338
14000,0,0.010430,0.005215
14010,0,0.004840,0.004840
14020,0,0.004638,0.004645
14030,0,0.004150,0.004151
14040,0,0.004670,0.069414
14050,0,0.003594,0.005337
14060,0,0.002687,0.005336
14070,0,0.003434,0.003421
14080,0,0.002511,0.003421
14090,0,0.004058,0.004063
14100,0,0.003668,0.070118
14110,0,0.007071,0.005857
14120,0,0.032585,0.032574
14130,0,0.003336,0.003336
14140,0,0.004254,0.004237
14150,0,0.002868,0.005072
14160,0,0.004735,0.004678
14170,0,0.004232,0.004232
14180,0,0.003061,0.001531
14190,0,0.004135,0.003967
14200,0,0.004250,0.014240
14210,0,0.002807,0.005851
14220,0,0.003582,0.003971
14230,0,0.005527,0.005472
14240,0,0.002912,0.002948
14250,0,0.002733,0.002733
14260,0,0.013673,0.260134
14270,0,0.013341,0.260043
14280,0,0.004240,0.002719
14290,0,0.009129,0.014227
14300,0,0.009693,0.014223
14310,0,0.010557,0.014220
14320,0,0.004165,0.004155
14330,0,0.003413,0.006076
14340,0,0.003391,0.003391
14350,0,0.003198,0.005773
14360,0,0.004197,0.005216
14370,0,0.003362,0.003148
14380,0,0.013497,0.015197
14390,0,0.005521,0.006452
14400,0,0.002929,0.005848
14410,0,0.024826,0.259656
14420,0,0.004803,0.005846
14430,0,0.016764,0.024083
14440,0,0.003525,0.003418
14450,0,0.010695,0.014208
14460,0,0.005889,0.013648
14470,0,0.005440,0.006779
14480,0,0.003390,0.005442
14490,0,0.003424,0.003418
14500,0,0.003526,0.003418
14510,0,0.002815,0.003417
14520,0,0.004202,0.003907
14530,0,0.003756,0.023978
14540,0,0.003635,0.005846
14550,0,0.002655,0.005326
14560,0,0.004837,0.005325
14570,0,0.004156,0.005844
14580,0,0.005077,0.006527
14590,0,0.003052,0.003417
14600,0,0.006322,0.006694
14610,0,0.002779,0.002779
14620,0,0.003848,0.005843
14630,0,0.004126,0.004162
14640,0,0.004143,0.005324
14650,0,0.004030,0.004034
14660,0,0.003568,0.003416
14670,0,0.002840,0.003416
14680,0,0.004309,0.004308
14690,0,0.003296,0.020591
14700,0,0.003959,0.007933
14710,0,0.002863,0.020463
14720,0,0.004197,0.004782
14730,0,0.009157,0.007796
14740,0,0.010696,0.007703
14750,0,0.006590,0.006858
14760,0,0.002860,0.005836
14770,0,0.004020,0.006893
14780,0,0.003273,0.003273
14790,0,0.004161,0.006621
14800,0,0.025459,0.025417
14810,0,0.006338,0.004100
14820,0,0.007766,0.006119
14830,0,0.008407,0.065915
14840,0,0.003256,0.003256
14850,0,0.003390,0.003583
14860,0,0.003001,0.004413
14870,0,0.009222,0.063845
14880,0,0.010769,0.010675
14890,0,0.006461,0.006461
14900,0,0.004143,0.004143
14910,0,0.020389,0.010193
14920,0,0.002659,0.005331
14930,0,0.003378,0.003414
14940,0,0.002764,0.020412
14950,0,0.003080,0.003413
14960,0,0.016873,0.063292
14970,0,0.003983,0.005824
14980,0,0.003703,0.005329
14990,0,0.003400,0.023740
15000,0,0.004228,0.004228
15010,0,0.003184,0.005818
15020,0,0.008223,0.014186
15030,0,0.012942,0.259133
15040,0,0.004232,0.004219
15050,0,0.005530,0.006393
15060,0,0.012008,0.258922
15070,0,0.009126,0.014158
15080,0,0.014038,0.258682
15090,0,0.013879,0.014148
15100,0,0.004035,0.004047
15110,0,0.002451,0.003412
15120,0,0.003118,0.003412
15130,0,0.006538,0.006858
15140,0,0.002944,0.002930
15150,0,0.004217,0.004235
15160,0,0.019707,0.258594
15170,0,0.018987,0.258506
15180,0,0.006698,0.006815
15190,0,0.016369,0.061632
15200,0,0.013497,0.009601
15210,0,0.004796,0.005324
15220,0,0.003206,0.005323
15230,0,0.002117,0.005323
15240,0,0.002981,0.002729
15250,0,0.002483,0.003864
15260,0,0.003531,0.004287
15270,0,0.003630,0.005322
15280,0,0.005549,0.003675
15290,0,0.003168,0.003083
15300,0,0.002789,0.005817
15310,0,0.004026,0.002354
15320,0,0.007198,0.006858
15330,0,0.003361,0.007042
15340,0,0.003339,0.003339
15350,0,0.004341,0.004341
15360,0,0.006419,0.006394
15370,0,0.004742,0.005319
15380,0,0.006836,0.004269
15390,0,0.003340,0.005320
15400,0,0.002696,0.005319
15410,0,0.002838,0.003409
15420,0,0.003058,0.005812
15430,0,0.052282,0.052234
15440,0,0.017251,0.023731
15450,0,0.017706,0.017704
15460,0,0.004609,0.005345
15470,0,0.002438,0.003409
15480,0,0.002936,0.003409
15490,0,0.004290,0.004269
15500,0,0.002783,0.002783
15510,0,0.004154,0.002077
15520,0,0.003509,0.005807
15530,0,0.007954,0.005809
15540,0,0.003401,0.003409
15550,0,0.004999,0.002499
15560,0,0.003558,0.023655
15570,0,0.004366,0.004376
15580,0,0.003540,0.007654
15590,0,0.002415,0.005342
15600,0,0.003461,0.003408
15610,0,0.003567,0.003407
15620,0,0.002291,0.002291
15630,0,0.002581,0.002581
15640,0,0.002806,0.005804
15650,0,0.002776,0.002665
15660,0,0.003992,0.005854
15670,0,0.005941,0.005345
15680,0,0.004463,0.004353
15690,0,0.004289,0.004289
15700,0,0.003015,0.003406
15710,0,0.004231,0.004231
15720,0,0.004414,0.004409
15730,0,0.004481,0.004367
15740,0,0.001851,0.003691
15750,0,0.006460,0.005800
15760,0,0.003434,0.003406
15770,0,0.003621,0.003406
15780,0,0.005894,0.006856
15790,0,0.004033,0.002507
15800,0,0.008092,0.014122
15810,0,0.003033,0.005342
15820,0,0.011725,0.257596
15830,0,0.008459,0.014107
15840,0,0.004793,0.005341
15850,0,0.005904,0.006855
15860,0,0.010203,0.014095
15870,0,0.011718,0.014091
15880,0,0.003185,0.003405
15890,0,0.004959,0.004016
15900,0,0.003571,0.003296
15910,0,0.002649,0.005339
15920,0,0.006303,0.005339
15930,0,0.002472,0.003405
15940,0,0.003625,0.003405
15950,0,0.003009,0.003404
15960,0,0.002551,0.002637
15970,0,0.004958,0.060974
15980,0,0.015888,0.015886
15990,0,0.004459,0.004397
16000,0,0.032070,0.028694
16010,0,0.004641,0.006240
16020,0,0.004018,0.004018
16030,0,0.005446,0.006326
16040,0,0.005958,0.006850
16050,0,0.004059,0.004059
16060,0,0.003120,0.003258
16070,0,0.002617,0.005334
16080,0,0.003382,0.008121
16090,0,0.005525,0.005525
16100,0,0.009741,0.012773
16110,0,0.003462,0.003270
16120,0,0.002912,0.005333
16130,0,0.003390,0.005780
16140,0,0.002928,0.003249
16150,0,0.003604,0.005332
16160,0,0.003025,0.005776
16170,0,0.003637,0.003403
16180,0,0.002780,0.002638
16190,0,0.005890,0.005890
16200,0,0.094574,0.133478
16210,0,0.003800,0.001900
16220,0,0.002478,0.005330
16230,0,0.002450,0.003402
16240,0,0.005499,0.006844
16250,0,0.002997,0.003402
16260,0,0.005733,0.005772
16270,0,0.003157,0.003157
16280,0,0.003061,0.005771
16290,0,0.003647,0.017181
16300,0,0.003343,0.003402
16310,0,0.003592,0.005791
16320,0,0.004218,0.004218
16330,0,0.002991,0.003401
16340,0,0.003270,0.023459
16350,0,0.003343,0.003343
16360,0,0.005679,0.005679
16370,0,0.003134,0.005327
16380,0,0.004256,0.004256
16390,0,0.006594,0.004544
16400,0,0.003492,0.003401
16410,0,0.004615,0.004215
16420,0,0.027041,0.027035
16430,0,0.004323,0.007996
16440,0,0.054058,0.054006
16450,0,0.015339,0.023448
16460,0,0.009962,0.014076
16470,0,0.006698,0.006698
16480,0,0.002719,0.005324
16490,0,0.003837,0.005324
16500,0,0.002604,0.005324
16510,0,0.006262,0.006841
16520,0,0.003016,0.019869
16530,0,0.002941,0.007589
16540,0,0.008000,0.005791
16550,0,0.002421,0.005322
16560,0,0.003151,0.005322
16570,0,0.002049,0.005321
16580,0,0.013906,0.256694
16590,0,0.006660,0.003994
16600,0,0.003834,0.023344
16610,0,0.004276,0.004145
16620,0,0.012946,0.256370
16630,0,0.015585,0.006842
16640,0,0.010677,0.014036
16650,0,0.004655,0.004655
16660,0,0.003174,0.006817
16670,0,0.002362,0.005320
16680,0,0.004670,0.004663
16690,0,0.004239,0.004239
16700,0,0.002607,0.005319
16710,0,0.006623,0.006840
16720,0,0.004053,0.005785
16730,0,0.003018,0.005784
16740,0,0.005862,0.006839
16750,0,0.002700,0.003826
16760,0,0.003392,0.003398
16770,0,0.003061,0.019760
16780,0,0.004233,0.004233
16790,0,0.003420,0.003477
16800,0,0.003298,0.003146
16810,0,0.004495,0.004495
16820,0,0.004060,0.004060
16830,0,0.002335,0.005316
16840,0,0.002964,0.002964
16850,0,0.002615,0.005315
16860,0,0.004254,0.004248
16870,0,0.004178,0.002089
16880,0,0.005796,0.006834
16890,0,0.002520,0.005314
16900,0,0.005975,0.005313
16910,0,0.002516,0.003397
16920,0,0.003676,0.003396
16930,0,0.004958,0.039472
16940,0,0.004163,0.002082
16950,0,0.002808,0.004045
16960,0,0.003691,0.003645
16970,0,0.002528,0.005312
16980,0,0.010938,0.014030
16990,0,0.021399,0.009457
17000,0,0.004417,0.005767
17010,0,0.004307,0.004307
17020,0,0.003265,0.002828
17030,0,0.003236,0.003937
17040,0,0.006748,0.006748
17050,0,0.004725,0.004563
17060,0,0.002044,0.005308
17070,0,0.005891,0.006828
17080,0,0.004270,0.004875
17090,0,0.003009,0.005308
17100,0,0.002516,0.005307
17110,0,0.003149,0.005307
17120,0,0.002593,0.005307
17130,0,0.004652,0.004587
17140,0,0.004335,0.004335
17150,0,0.003964,0.023163
17160,0,0.003768,0.008050
17170,0,0.003188,0.002988
17180,0,0.004388,0.054493
17190,0,0.002452,0.003394
17200,0,0.002605,0.005304
17210,0,0.020414,0.065377
17220,0,0.026554,0.026548
17230,0,0.019316,0.063849
17240,0,0.002997,0.003394
17250,0,0.003239,0.019621
17260,0,0.002893,0.005304
17270,0,0.003398,0.005755
17280,0,0.004276,0.053984
17290,0,0.003359,0.005753
17300,0,0.003712,0.003393
17310,0,0.003572,0.003572
17320,0,0.002949,0.005751
17330,0,0.002931,0.002931
17340,0,0.014920,0.255790
17350,0,0.014378,0.255703
17360,0,0.002402,0.005301
17370,0,0.008760,0.014000
17380,0,0.009093,0.013997
17390,0,0.009564,0.013993
17400,0,0.005664,0.006820
17410,0,0.011147,0.013988
17420,0,0.003673,0.002222
17430,0,0.004652,0.004652
17440,0,0.831731,0.062769
17450,0,0.072266,0.041693
17460,0,0.878377,0.705605
17470,0,0.004257,0.004296
17480,0,0.022746,0.022742
17490,0,0.004080,0.004083
17500,0,0.002494,0.005298
17510,0,0.004716,0.004633
17520,0,0.003577,0.003619
17530,0,0.018269,0.023124
17540,0,0.003693,0.003199
17550,0,0.006148,0.006818
17560,0,0.003288,0.003018
17570,0,0.433982,0.075887
17580,0,0.065504,0.081220
17590,0,0.002852,0.003491
17600,0,0.005965,0.006817
17610,0,0.002448,0.003391
17620,0,0.036166,0.079596
17630,0,0.003664,0.006411
17640,0,0.004132,0.003984
17650,0,0.004856,0.002428
17660,0,0.005120,0.005750
17670,0,0.004007,0.005748
17680,0,0.066024,0.077686
17690,0,0.002044,0.005293
17700,0,0.005762,0.006817
17710,0,0.003235,0.003235
17720,0,0.003485,0.003366
17730,0,0.002803,0.002803
17740,0,0.006106,0.006817
17750,0,0.004030,0.002015
17760,0,0.003393,0.003390
17770,0,0.003015,0.005745
17780,0,0.003980,0.003388
17790,0,0.535647,0.030908
17800,0,0.931177,0.731142
17810,0,0.006714,0.006816
17820,0,0.004277,0.005742
17830,0,0.011420,0.007473
17840,0,0.004228,0.004228
17850,0,0.004916,0.004916
17860,0,0.003843,0.001922
17870,0,0.002982,0.003389
17880,0,0.004681,0.004661
17890,0,0.003390,0.003396
17900,0,0.002538,0.005291
17910,0,0.003302,0.002872
17920,0,0.003731,0.005292
17930,0,0.017843,0.005294
17940,0,0.018445,0.005296
17950,0,0.007576,0.007576
17960,0,0.019804,0.005299
17970,0,0.044606,0.044576
17980,0,0.043901,0.043872
17990,0,0.038786,0.131729
18000,0,0.028333,0.028326
18010,0,0.015903,0.129105
18020,0,0.016878,0.127778
18030,0,0.004652,0.004652
18040,0,0.002432,0.005300
18050,0,0.006040,0.006814
18060,0,0.002273,0.005299
18070,0,0.004849,0.038826
18080,0,0.013019,0.031957
18090,0,0.009924,0.013970
18100,0,0.003593,0.003881
18110,0,0.006477,0.005298
18120,0,0.003643,0.005298
18130,0,0.006078,0.063287
18140,0,0.006166,0.006812
18150,0,0.004459,0.004459
18160,0,0.006763,0.006763
18170,0,0.003965,0.004713
18180,0,0.003146,0.005297
18190,0,0.005480,0.006810
18200,0,0.002760,0.018136
18210,0,0.004044,0.004048
18220,0,0.008182,0.013968
18230,0,0.002837,0.003387
18240,0,0.004232,0.004224
18250,0,0.013578,0.254613
18260,0,0.003818,0.062879
18270,0,0.004241,0.004236
18280,0,0.015411,0.254354
18290,0,0.004227,0.004310
18300,0,0.012695,0.004742
18310,0,0.002456,0.005294
18320,0,0.003382,0.003386
18330,0,0.003718,0.003386
18340,0,0.004051,0.004068
18350,0,0.008687,0.007505
18360,0,0.002894,0.005293
18370,0,0.002475,0.005292
18380,0,0.002555,0.003386
18390,0,0.004231,0.004231
18400,0,0.002968,0.003385
18410,0,0.002763,0.002939
18420,0,0.003490,0.005291
18430,0,0.002318,0.005290
18440,0,0.003135,0.005289
18450,0,0.002033,0.005289
18460,0,0.003274,0.006974
18470,0,0.002454,0.002695
18480,0,0.003934,0.003742
18490,0,0.003808,0.005650
18500,0,0.005925,0.005925
18510,0,0.004284,0.004284
18520,0,0.002659,0.005288
18530,0,0.002468,0.005288
18540,0,0.012860,0.006240
18550,0,0.002994,0.003379
18560,0,0.004898,0.005002
18570,0,0.003999,0.003763
18580,0,0.005524,0.006807
18590,0,0.003006,0.003006
18600,0,0.004746,0.004746
18610,0,0.004607,0.005290
18620,0,0.003849,0.001924
18630,0,0.032383,0.005295
18640,0,0.007224,0.006807
18650,0,0.012190,0.012190
18660,0,0.003970,0.005709
18670,0,0.003738,0.003384
18680,0,0.006431,0.005532
18690,0,0.005937,0.006807
18700,0,0.002579,0.014995
18710,0,0.005703,0.005298
18720,0,0.065276,0.065184
18730,0,0.003023,0.005298
18740,0,0.013825,0.013824
18750,0,0.003291,0.003291
18760,0,0.003021,0.005297
18770,0,0.004202,0.074815
18780,0,0.003300,0.003383
18790,0,0.029377,0.029369
18800,0,0.002598,0.005296
18810,0,0.003598,0.005295
18820,0,0.003869,0.004859
18830,0,0.002969,0.003382
18840,0,0.004291,0.004291
18850,0,0.002783,0.014066
18860,0,0.004649,0.003560
18870,0,0.013609,0.005296
18880,0,0.004115,0.004417
18890,0,0.003800,0.005705
18900,0,0.002905,0.003382
18910,0,0.029585,0.029576
18920,0,0.006936,0.006803
18930,0,0.002677,0.005294
18940,0,0.003572,0.005294
18950,0,0.003773,0.003381
18960,0,0.004822,0.005009
18970,0,0.004258,0.004252
18980,0,0.012090,0.253452
18990,0,0.011589,0.253337
19000,0,0.002571,0.005292
19010,0,0.008671,0.013902
19020,0,0.003393,0.003393
19030,0,0.003061,0.002763
19040,0,0.009715,0.013894
19050,0,0.005960,0.005698
19060,0,0.002494,0.003381
19070,0,0.012110,0.013888
19080,0,0.004054,0.004053
19090,0,0.004852,0.004980
19100,0,0.002353,0.005290
19110,0,0.002477,0.003380
19120,0,0.004410,0.004642
19130,0,0.002881,0.003380
19140,0,0.004862,0.004970
19150,0,0.004066,0.004544
19160,0,0.006081,0.005287
19170,0,0.002478,0.003380
19180,0,0.002997,0.003380
19190,0,0.007222,0.004443
19200,0,0.004240,0.004249
19210,0,0.003235,0.005687
19220,0,0.003381,0.003379
19230,0,0.002994,0.004214
19240,0,0.004461,0.004243
19250,0,0.004663,0.004663
19260,0,0.003199,0.003960
19270,0,0.002912,0.005284
19280,0,0.002893,0.002893
19290,0,0.002341,0.005284
19300,0,0.003574,0.005283
19310,0,0.003955,0.003955
19320,0,0.002889,0.003378
19330,0,0.006929,0.006794
19340,0,0.003736,0.005282
19350,0,0.004234,0.004253
19360,0,0.003569,0.005281
19370,0,0.002591,0.005281
19380,0,0.003845,0.001922
19390,0,0.002964,0.002883
19400,0,0.004721,0.004721
19410,0,0.005496,0.006791
19420,0,0.003044,0.003167
19430,0,0.003302,0.003378
19440,0,0.002594,0.005280
19450,0,0.002895,0.003377
19460,0,0.006081,0.006791
19470,0,0.004853,0.004934
19480,0,0.003047,0.002842
19490,0,0.004065,0.004143
19500,0,0.003970,0.005279
19510,0,0.004256,0.004256
19520,0,0.003824,0.004411
19530,0,0.004220,0.004394
19540,0,0.003334,0.003334
19550,0,0.003177,0.003177
19560,0,0.003128,0.005677
19570,0,0.008104,0.031502
19580,0,0.006111,0.013874
19590,0,0.002558,0.005277
19600,0,0.038811,0.009832
19610,0,0.003233,0.003233
19620,0,0.007775,0.007775
19630,0,0.006457,0.003813
19640,0,0.004001,0.005689
19650,0,0.006826,0.005276
19660,0,0.001913,0.001924
19670,0,0.007582,0.005693
19680,0,0.015806,0.252357
19690,0,0.003305,0.003376
19700,0,0.004533,0.005701
19710,0,0.003832,0.003376
19720,0,0.010981,0.252214
19730,0,0.019043,0.005188
19740,0,0.010108,0.251963
19750,0,0.008783,0.013850
19760,0,0.005529,0.006787
19770,0,0.014048,0.251650
19780,0,0.014133,0.013838
19790,0,0.007945,0.005463
19800,0,0.003104,0.004335
19810,0,0.002669,0.005209
19820,0,0.002908,0.019011
19830,0,0.002629,0.002991
19840,0,0.004000,0.004253
19850,0,0.005661,0.006785
19860,0,0.011995,0.251565
19870,0,0.002563,0.005273
19880,0,0.003194,0.005272
19890,0,0.003057,0.003375
19900,0,0.004238,0.004354
19910,0,0.005604,0.006784
19920,0,0.002576,0.005271
19930,0,0.004600,0.072098
19940,0,0.012761,0.251509
19950,0,0.003041,0.003374
19960,0,0.004044,0.003981
19970,0,0.011884,0.251231
19980,0,0.040684,0.251016
19990,0,0.036148,0.250763
20000,0,0.036456,0.036440
20010,0,0.042783,0.250613
20020,0,0.060356,0.250381
20030,0,0.077776,0.250169
20040,0,0.036990,0.036973
20050,0,0.037470,0.037453
20060,0,0.044364,0.044335
20070,0,0.047531,0.047495
20080,0,0.052621,0.052572
20090,0,0.052864,0.052815
20100,0,0.005813,0.006783
20110,0,0.069053,0.068943
20120,0,0.003814,0.002776
20130,0,0.003427,0.005714
20140,0,0.002091,0.005267
20150,0,0.003414,0.003374
20160,0,0.006155,0.006783
20170,0,0.002898,0.002957
20180,0,0.008279,0.005295
20190,0,0.006857,0.006783
20200,0,0.002448,0.005267
20210,0,0.099647,0.249813
20220,0,0.053951,0.013852
20230,0,0.002608,0.005266
20240,0,0.004091,0.037813
20250,0,0.015901,0.011037
20260,0,0.019821,0.012698
20270,0,0.015235,0.015234
20280,0,0.002447,0.005264
20290,0,0.004377,0.004025
20300,0,0.004038,0.004038
20310,0,0.003420,0.003373
20320,0,0.002954,0.002984
20330,0,0.006492,0.006782
20340,0,0.002485,0.005263
20350,0,0.002363,0.005263
20360,0,0.003914,0.005711
20370,0,0.002543,0.003372
20380,0,0.012765,0.013105
20390,0,0.006061,0.006782
20400,0,0.005344,0.005711
20410,0,0.005343,0.005964
20420,0,0.002354,0.005260
20430,0,0.006177,0.005710
20440,0,0.004083,0.004099
20450,0,0.004231,0.004331
20460,0,0.003054,0.003372
20470,0,0.004351,0.004351
20480,0,0.031355,0.031344
20490,0,0.015280,0.060346
20500,0,0.015641,0.059317
20510,0,0.018193,0.018191
20520,0,0.003269,0.018838
20530,0,0.002559,0.005259
20540,0,0.004941,0.003418
20550,0,0.002685,0.003372
20560,0,0.005758,0.004908
20570,0,0.002999,0.003371
20580,0,0.002819,0.006572
20590,0,0.035098,0.249592
20600,0,0.033773,0.249516
20610,0,0.046299,0.013912
20620,0,0.032912,0.249339
20630,0,0.003310,0.003371
20640,0,0.021124,0.006294
20650,0,0.002806,0.006357
20660,0,0.002098,0.005255
20670,0,0.041146,0.014034
20680,0,0.002789,0.002965
20690,0,0.040473,0.014080
20700,0,0.002562,0.002562
20710,0,0.004237,0.006183
20720,0,0.003166,0.002894
20730,0,0.022294,0.019368
20740,0,0.004540,0.004604
20750,0,0.018023,0.018979
20760,0,0.004422,0.005707
20770,0,0.023498,0.023493
20780,0,0.016835,0.016833
20790,0,0.003284,0.003284
20800,0,0.002876,0.002876
20810,0,0.003888,0.003370
20820,0,0.003065,0.003370
20830,0,0.003009,0.003370
20840,0,0.006638,0.006777
20850,0,0.004002,0.003950
20860,0,0.007035,0.006777
20870,0,0.005407,0.006647
20880,0,0.003313,0.003370
20890,0,0.003397,0.003370
20900,0,0.003311,0.002920
20910,0,0.003898,0.003370
20920,0,0.004712,0.004668
20930,0,0.004266,0.070517
20940,0,0.002534,0.002534
20950,0,0.002316,0.018773
20960,0,0.002747,0.002965
20970,0,0.004865,0.012096
20980,0,0.003319,0.003370
20990,0,0.003496,0.003370
21000,0,0.003108,0.007433
21010,0,0.002753,0.002753
21020,0,0.007175,0.011329
21030,0,0.018154,0.008523
21040,0,0.031381,0.014813
21050,0,0.004283,0.005759
21060,0,0.004276,0.004229
21070,0,0.004040,0.004049
21080,0,0.004021,0.014127
21090,0,0.002605,0.005248
21100,0,0.004913,0.030999
21110,0,0.003401,0.008824
21120,0,0.004384,0.005708
21130,0,0.006677,0.006779
21140,0,0.003420,0.005472
21150,0,0.020001,0.005257
21160,0,0.007109,0.008606
21170,0,0.015456,0.021192
21180,0,0.004030,0.005259
21190,0,0.004229,0.004228
21200,0,0.004862,0.004983
21210,0,0.005242,0.005705
21220,0,0.006502,0.010689
21230,0,0.005023,0.005023
21240,0,0.005715,0.006455
21250,0,0.003397,0.003459
21260,0,0.003846,0.003846
21270,0,0.004289,0.009447
21280,0,0.003306,0.003368
21290,0,0.003397,0.003368
21300,0,0.005135,0.030838
21310,0,0.004592,0.004592
21320,0,0.003099,0.003444
21330,0,0.003170,0.003169
21340,0,0.005070,0.036865
21350,0,0.006996,0.006780
21360,0,0.003313,0.003368
21370,0,0.004195,0.004195
21380,0,0.003893,0.003368
21390,0,0.003022,0.003022
21400,0,0.003417,0.005700
21410,0,0.008582,0.030794
21420,0,0.005488,0.014097
21430,0,0.002598,0.005253
21440,0,0.003130,0.005252
21450,0,0.004380,0.004380
21460,0,0.007138,0.006781
21470,0,0.002957,0.027023
21480,0,0.002508,0.023521
21490,0,0.003364,0.007214
21500,0,0.004067,0.003757
21510,0,0.002568,0.005251
21520,0,0.007101,0.005251
21530,0,0.002711,0.003367
21540,0,0.033288,0.248576
21550,0,0.032330,0.248500
21560,0,0.004074,0.002037
21570,0,0.006741,0.006498
21580,0,0.027099,0.014157
21590,0,0.029162,0.248221
21600,0,0.028449,0.248145
21610,0,0.004090,0.005612
21620,0,0.024656,0.014202
21630,0,0.003321,0.003367
21640,0,0.002559,0.003367
21650,0,0.003923,0.003366
21660,0,0.014713,0.014712
21670,0,0.004559,0.030726
21680,0,0.004163,0.004163
21690,0,0.002485,0.005248
21700,0,0.003299,0.007170
21710,0,0.003621,0.005247
21720,0,0.003463,0.003366
21730,0,0.006456,0.006783
21740,0,0.002677,0.007068
21750,0,0.002437,0.005246
21760,0,0.004744,0.005245
21770,0,0.002544,0.003366
21780,0,0.007368,0.007368
21790,0,0.014523,0.014522
21800,0,0.002954,0.003201
21810,0,0.017954,0.017952
21820,0,0.004936,0.004967
21830,0,0.014023,0.014022
21840,0,0.003420,0.003365
21850,0,0.002053,0.005243
21860,0,0.006965,0.006784
21870,0,0.003177,0.003365
21880,0,0.006477,0.006784
21890,0,0.002977,0.003365
21900,0,0.002764,0.003113
21910,0,0.004243,0.004249
21920,0,0.002471,0.002834
21930,0,0.004257,0.006923
21940,0,0.003275,0.005678
21950,0,0.006610,0.006785
21960,0,0.002888,0.002888
21970,0,0.005437,0.014196
21980,0,0.002525,0.003365
21990,0,0.003427,0.003365
22000,0,0.006919,0.006785
22010,0,0.007687,0.005677
22020,0,0.004291,0.004291
22030,0,0.002624,0.005259
22040,0,0.003610,0.005259
22050,0,0.008258,0.006786
22060,0,0.002554,0.003364
22070,0,0.004682,0.005676
22080,0,0.002942,0.003364
22090,0,0.003639,0.004417
22100,0,0.004631,0.004631
22110,0,0.009063,0.004317
22120,0,0.003008,0.003094
22130,0,0.019652,0.010451
22140,0,0.002524,0.005257
22150,0,0.003961,0.008699
22160,0,0.012140,0.015346
22170,0,0.002773,0.004488
22180,0,0.011572,0.011572
22190,0,0.003240,0.003125
22200,0,0.013067,0.005257
22210,0,0.002469,0.005256
22220,0,0.039226,0.022473
22230,0,0.004113,0.004414
22240,0,0.007599,0.030500
22250,0,0.003446,0.010515
22260,0,0.011346,0.030440
22270,0,0.087709,0.247826
22280,0,0.088708,0.247789
22290,0,0.204302,0.201506
22300,0,0.087559,0.247733
22310,0,0.202069,0.199363
22320,0,0.002779,0.006108
22330,0,0.004718,0.004660
22340,0,0.002974,0.003363
22350,0,0.003634,0.003479
22360,0,0.004769,0.004919
22370,0,0.019444,0.247582
22380,0,0.004123,0.002945
22390,0,0.007427,0.006795
22400,0,0.006121,0.005255
22410,0,0.003280,0.004252
22420,0,0.003397,0.003363
22430,0,0.003625,0.003625
22440,0,0.004426,0.005017
22450,0,0.017783,0.018226
22460,0,0.003205,0.018188
22470,0,0.017893,0.010519
22480,0,0.003410,0.003410
22490,0,0.003314,0.003397
22500,0,0.003621,0.005254
22510,0,0.002545,0.005253
22520,0,0.003483,0.006351
22530,0,0.003892,0.003362
22540,0,0.004058,0.004178
22550,0,0.007811,0.006797
22560,0,0.005134,0.014186
22570,0,0.028320,0.018055
22580,0,0.003516,0.005252
22590,0,0.002557,0.005252
22600,0,0.004111,0.004111
22610,0,0.006308,0.018053
22620,0,0.004984,0.004900
22630,0,0.003012,0.003361
22640,0,0.008245,0.006800
22650,0,0.004202,0.036033
22660,0,0.021853,0.016397
22670,0,0.022892,0.019623
22680,0,0.023890,0.007944
22690,0,0.018264,0.018262
22700,0,0.004244,0.004244
22710,0,0.007526,0.006803
22720,0,0.002963,0.003361
22730,0,0.007397,0.006803
22740,0,0.004240,0.004240
22750,0,0.002893,0.002893
22760,0,0.004054,0.007773
22770,0,0.003518,0.003286
22780,0,0.002970,0.003361
22790,0,0.007860,0.006805
22800,0,0.006414,0.006013
22810,0,0.004287,0.004287
22820,0,0.002583,0.005246
22830,0,0.004234,0.004234
22840,0,0.003143,0.003171
22850,0,0.009356,0.017862
22860,0,0.003251,0.003251
22870,0,0.007520,0.006808
22880,0,0.003063,0.003440
22890,0,0.003497,0.005823
22900,0,0.002548,0.003360
22910,0,0.005043,0.004940
22920,0,0.007488,0.006809
22930,0,0.003880,0.004002
22940,0,0.002517,0.002517
22950,0,0.005053,0.004950
22960,0,0.006628,0.006809
22970,0,0.004996,0.005242
22980,0,0.002665,0.005241
22990,0,0.003036,0.003359
23000,0,0.003073,0.003073
23010,0,0.007593,0.030030
23020,0,0.011154,0.014174
23030,0,0.002577,0.005240
23040,0,0.003321,0.003359
23050,0,0.004284,0.004284
23060,0,0.002659,0.008255
23070,0,0.004071,0.002629
23080,0,0.003329,0.003075
23090,0,0.007331,0.005649
23100,0,0.002666,0.002666
23110,0,0.005893,0.002946
23120,0,0.013713,0.246676
23130,0,0.010899,0.014168
23140,0,0.003025,0.003359
23150,0,0.011971,0.246486
23160,0,0.011812,0.246405
23170,0,0.012004,0.246324
23180,0,0.012624,0.246243
23190,0,0.012316,0.014147
23200,0,0.002704,0.005237
23210,0,0.006905,0.006810
23220,0,0.004078,0.004078
23230,0,0.003062,0.003332
23240,0,0.003007,0.003358
23250,0,0.005102,0.005098
23260,0,0.003294,0.005421
23270,0,0.002399,0.005235
23280,0,0.002707,0.003358
23290,0,0.032516,0.026336
23300,0,0.030786,0.027382
23310,0,0.004233,0.004258
23320,0,0.054022,0.030159
23330,0,0.002536,0.002680
23340,0,0.004038,0.004040
23350,0,0.003321,0.003358
23360,0,0.003267,0.005640
23370,0,0.004072,0.004072
23380,0,0.004955,0.003402
23390,0,0.004533,0.011846
23400,0,0.003559,0.003559
23410,0,0.004579,0.002289
23420,0,0.002560,0.003357
23430,0,0.007048,0.006811
23440,0,0.008676,0.006812
23450,0,0.003338,0.003338
23460,0,0.003488,0.003488
23470,0,0.004016,0.005188
23480,0,0.002569,0.005230
23490,0,0.012466,0.246002
23500,0,0.027257,0.014155
23510,0,0.004299,0.004116
23520,0,0.003781,0.002968
23530,0,0.004407,0.004407
23540,0,0.004048,0.004055
23550,0,0.004206,0.004206
23560,0,0.002645,0.005227
23570,0,0.003535,0.005227
23580,0,0.003471,0.003471
23590,0,0.003702,0.003702
23600,0,0.006728,0.004471
23610,0,0.007163,0.005226
23620,0,0.004233,0.004231
23630,0,0.002531,0.005226
23640,0,0.003629,0.005225
23650,0,0.002578,0.003356
23660,0,0.003029,0.003356
23670,0,0.004210,0.017621
23680,0,0.004037,0.004040
23690,0,0.002487,0.005224
23700,0,0.007910,0.006814
23710,0,0.003586,0.005620
23720,0,0.002582,0.003356
23730,0,0.008216,0.005621
23740,0,0.019911,0.057048
23750,0,0.016410,0.056274
23760,0,0.016503,0.055538
23770,0,0.016152,0.016151
23780,0,0.003682,0.005222
23790,0,0.003391,0.005620
23800,0,0.003477,0.017549
23810,0,0.045076,0.045046
23820,0,0.002934,0.002738
23830,0,0.014907,0.014906
23840,0,0.003952,0.003355
23850,0,0.003034,0.003355
23860,0,0.004028,0.002616
23870,0,0.010400,0.245339
23880,0,0.009781,0.014143
23890,0,0.010172,0.245231
23900,0,0.004034,0.004041
23910,0,0.010223,0.014135
23920,0,0.005164,0.005124
23930,0,0.003957,0.003355
23940,0,0.003530,0.003355
23950,0,0.014328,0.014126
23960,0,0.003883,0.012491
23970,0,0.013393,0.244857
23980,0,0.003104,0.002856
23990,0,0.023199,0.015676
24000,0,0.021682,0.017412
24010,0,0.014340,0.023474
24020,0,0.016905,0.021327
24030,0,0.004212,0.006544
24040,0,0.004070,0.004070
24050,0,0.003311,0.003060
24060,0,0.021523,0.014129
24070,0,0.002300,0.002447
24080,0,0.006441,0.006813
24090,0,0.002753,0.002811
24100,0,0.003179,0.005215
24110,0,0.002591,0.003354
24120,0,0.009419,0.009419
24130,0,0.002982,0.002982
24140,0,0.005925,0.004996
24150,0,0.003983,0.003483
24160,0,0.007309,0.005214
24170,0,0.004879,0.004879
24180,0,0.003422,0.003354
24190,0,0.004786,0.002393
24200,0,0.005387,0.004071
24210,0,0.005390,0.007274
24220,0,0.029892,0.244675
24230,0,0.002515,0.005212
24240,0,0.004791,0.005212
24250,0,0.003521,0.003307
24260,0,0.003981,0.003354
24270,0,0.019020,0.005214
24280,0,0.004148,0.004148
24290,0,0.020226,0.005218
24300,0,0.040439,0.244651
24310,0,0.007350,0.003675
24320,0,0.002397,0.005222
24330,0,0.004139,0.005222
24340,0,0.001866,0.005222
24350,0,0.002992,0.003422
24360,0,0.006553,0.006812
24370,0,0.024717,0.062196
24380,0,0.003180,0.005221
24390,0,0.006754,0.005221
24400,0,0.003422,0.003353
24410,0,0.013196,0.244625
24420,0,0.040957,0.029140
24430,0,0.004287,0.004260
24440,0,0.003782,0.005220
24450,0,0.006297,0.005219
24460,0,0.003661,0.005602
24470,0,0.003122,0.003353
24480,0,0.002788,0.017365
24490,0,0.002753,0.002867
24500,0,0.003259,0.005600
24510,0,0.010950,0.014129
24520,0,0.002495,0.005217
24530,0,0.003606,0.005217
24540,0,0.004299,0.004299
24550,0,0.003347,0.003505
24560,0,0.003169,0.003169
24570,0,0.006122,0.006810
24580,0,0.003624,0.005216
24590,0,0.002560,0.005215
24600,0,0.005156,0.005242
24610,0,0.002120,0.005214
24620,0,0.003375,0.003129
24630,0,0.003214,0.005596
24640,0,0.010381,0.244225
24650,0,0.003872,0.034859
24660,0,0.003845,0.005594
24670,0,0.012041,0.243958
24680,0,0.004329,0.003908
24690,0,0.003848,0.005214
24700,0,0.002706,0.005214
24710,0,0.004801,0.005213
24720,0,0.002620,0.003352
24730,0,0.002622,0.005213
24740,0,0.003570,0.003352
24750,0,0.002376,0.017308
24760,0,0.004146,0.004395
24770,0,0.003232,0.005589
24780,0,0.009671,0.005591
24790,0,0.005509,0.006368
24800,0,0.003043,0.003351
24810,0,0.003753,0.005589
24820,0,0.011137,0.016310
24830,0,0.005618,0.006238
24840,0,0.007605,0.006811
24850,0,0.003579,0.005588
24860,0,0.003437,0.001719
24870,0,0.004116,0.003832
24880,0,0.005164,0.005227
24890,0,0.004026,0.003583
24900,0,0.003046,0.002920
24910,0,0.005802,0.005584
24920,0,0.004611,0.004015
24930,0,0.005645,0.005954
24940,0,0.007593,0.004476
24950,0,0.003327,0.003327
24960,0,0.032598,0.032586
24970,0,0.005048,0.005580
24980,0,0.004269,0.004115
24990,0,0.005645,0.006132
25000,0,0.013873,0.005235
25010,0,0.002940,0.002940
25020,0,0.020748,0.020745
25030,0,0.012925,0.005239
25040,0,0.022028,0.022024
25050,0,0.009484,0.014100
25060,0,0.002594,0.003350
25070,0,0.003038,0.003136
25080,0,0.004270,0.004251
25090,0,0.005853,0.006062
25100,0,0.002610,0.002746
25110,0,0.002094,0.002826
25120,0,0.003966,0.003433
25130,0,0.003635,0.003583
25140,0,0.003019,0.003350
25150,0,0.003243,0.003656
25160,0,0.005256,0.005205
25170,0,0.005068,0.005238
25180,0,0.004530,0.005576
25190,0,0.003349,0.003350
25200,0,0.002553,0.005237
25210,0,0.005525,0.015793
25220,0,0.036746,0.243619
25230,0,0.003132,0.003007
25240,0,0.003938,0.005430
25250,0,0.002667,0.005236
25260,0,0.004832,0.003704
25270,0,0.004567,0.004288
25280,0,0.079863,0.005242
25290,0,0.003051,0.003350
25300,0,0.003881,0.003715
25310,0,0.006521,0.006809
25320,0,0.002806,0.003299
25330,0,0.003908,0.005573
25340,0,0.011092,0.029894
25350,0,0.014956,0.243570
25360,0,0.004010,0.003349
25370,0,0.004498,0.060372
25380,0,0.003127,0.003127
25390,0,0.091308,0.243438
25400,0,0.010068,0.243306
25410,0,0.004152,0.003144
25420,0,0.006778,0.006808
25430,0,0.003223,0.005571
25440,0,0.004224,0.005569
25450,0,0.010672,0.243014
25460,0,0.012174,0.242935
25470,0,0.011872,0.014072
25480,0,0.003189,0.003025
25490,0,0.003765,0.003605
25500,0,0.004146,0.004191
25510,0,0.022129,0.022126
25520,0,0.003744,0.005567
25530,0,0.005848,0.006807
25540,0,0.003117,0.003117
25550,0,0.011500,0.242701
25560,0,0.004233,0.004233
25570,0,0.004284,0.004261
25580,0,0.004394,0.015283
25590,0,0.003624,0.005240
25600,0,0.002705,0.002705
25610,0,0.003590,0.003349
25620,0,0.005007,0.014585
25630,0,0.002235,0.002917
25640,0,0.005032,0.002516
25650,0,0.002635,0.005239
25660,0,0.005125,0.005238
25670,0,0.003480,0.005561
25680,0,0.010112,0.005238
25690,0,0.003183,0.034511
25700,0,0.003199,0.003941
25710,0,0.002639,0.005237
25720,0,0.004814,0.005237
25730,0,0.003444,0.003348
25740,0,0.002624,0.003348
25750,0,0.003633,0.003910
25760,0,0.035030,0.242677
25770,0,0.002667,0.005235
25780,0,0.003919,0.003921
25790,0,0.003445,0.003348
25800,0,0.003263,0.003962
25810,0,0.002863,0.002750
25820,0,0.005712,0.004606
25830,0,0.004225,0.004225
25840,0,0.003095,0.003477
25850,0,0.004847,0.005233
25860,0,0.003403,0.005551
25870,0,0.003079,0.003347
25880,0,0.005967,0.006805
25890,0,0.004282,0.004096
25900,0,0.004484,0.004358
25910,0,0.002595,0.005231
25920,0,0.003369,0.003347
25930,0,0.004653,0.004656
25940,0,0.003624,0.003347
25950,0,0.009138,0.029641
25960,0,0.035306,0.035291
25970,0,0.004064,0.002032
25980,0,0.009917,0.029428
25990,0,0.010931,0.014060
26000,0,0.002919,0.005551
26010,0,0.006177,0.005229
26020,0,0.003449,0.003347
26030,0,0.002634,0.003347
26040,0,0.003177,0.003347
26050,0,0.002764,0.003647
26060,0,0.004705,0.004673
26070,0,0.006539,0.006804
26080,0,0.003397,0.003406
26090,0,0.004672,0.003722
26100,0,0.002874,0.003347
26110,0,0.006541,0.005551
26120,0,0.010982,0.242471
26130,0,0.003086,0.016983
26140,0,0.009744,0.242313
26150,0,0.004343,0.004343
26160,0,0.009661,0.014045
26170,0,0.003257,0.005552
26180,0,0.004179,0.003976
26190,0,0.011991,0.241971
26200,0,0.003456,0.005227
26210,0,0.003756,0.005551
26220,0,0.003367,0.003347
26230,0,0.002656,0.003347
26240,0,0.004055,0.003347
26250,0,0.002784,0.002911
26260,0,0.019724,0.019722
26270,0,0.003977,0.001988
26280,0,0.003142,0.003262
26290,0,0.004798,0.005224
26300,0,0.002659,0.003346
26310,0,0.002844,0.003510
26320,0,0.003184,0.003485
26330,0,0.003840,0.004209
26340,0,0.003339,0.002793
26350,0,0.002610,0.005222
26360,0,0.003218,0.005222
26370,0,0.005457,0.009868
26380,0,0.003834,0.005542
26390,0,0.004254,0.004249
26400,0,0.003163,0.003684
26410,0,0.006389,0.006803
26420,0,0.002550,0.005221
26430,0,0.003210,0.004048
26440,0,0.003593,0.005538
26450,0,0.012147,0.029329
26460,0,0.008576,0.029253
26470,0,0.003330,0.003577
26480,0,0.004392,0.004392
26490,0,0.038644,0.029070
26500,0,0.030767,0.029081
26510,0,0.027156,0.027149
26520,0,0.023986,0.023981
26530,0,0.016502,0.016501
26540,0,0.002983,0.005220
26550,0,0.002898,0.002898
26560,0,0.018900,0.241842
26570,0,0.003643,0.005219
26580,0,0.006794,0.006794
26590,0,0.003222,0.005541
26600,0,0.003268,0.003790
26610,0,0.004920,0.004920
26620,0,0.003659,0.003659
26630,0,0.004794,0.005217
26640,0,0.002886,0.003346
26650,0,0.002655,0.003346
26660,0,0.003355,0.003240
26670,0,0.004276,0.004072
26680,0,0.004194,0.003980
26690,0,0.004109,0.004293
26700,0,0.003589,0.005538
26710,0,0.008710,0.028939
26720,0,0.004045,0.004045
26730,0,0.005980,0.006608
26740,0,0.007820,0.005215
26750,0,0.006838,0.006805
26760,0,0.004255,0.005215
26770,0,0.003378,0.005535
26780,0,0.003972,0.003647
26790,0,0.006994,0.006804
26800,0,0.004271,0.004091
26810,0,0.002684,0.005532
26820,0,0.021900,0.053682
26830,0,0.003261,0.003701
26840,0,0.033235,0.033223
26850,0,0.018772,0.018770
26860,0,0.006670,0.006804
26870,0,0.005356,0.006092
26880,0,0.003375,0.003345
26890,0,0.002660,0.003345
26900,0,0.003166,0.002934
26910,0,0.003191,0.003345
26920,0,0.007967,0.028773
26930,0,0.004363,0.004363
26940,0,0.003011,0.005211
26950,0,0.009755,0.014023
26960,0,0.004794,0.002397
26970,0,0.002468,0.005211
26980,0,0.009318,0.241216
26990,0,0.003235,0.005529
27000,0,0.010213,0.014007
27010,0,0.010712,0.014004
27020,0,0.013228,0.240958
27030,0,0.013268,0.014000
27040,0,0.003800,0.002543
27050,0,0.006648,0.006804
27060,0,0.011866,0.016645
27070,0,0.002849,0.005209
27080,0,0.005794,0.006565
27090,0,0.015665,0.017682
27100,0,0.003714,0.005209
27110,0,0.004034,0.004043
27120,0,0.025508,0.025503
27130,0,0.022358,0.022355
27140,0,0.003113,0.003345
27150,0,0.007932,0.028612
27160,0,0.018912,0.028574
27170,0,0.020115,0.020113
27180,0,0.009679,0.240752
27190,0,0.002616,0.005207
27200,0,0.004788,0.005207
27210,0,0.003231,0.005207
27220,0,0.002662,0.003344
27230,0,0.003369,0.003641
27240,0,0.003843,0.001921
27250,0,0.004042,0.003666
27260,0,0.003002,0.005206
27270,0,0.002633,0.005205
27280,0,0.004369,0.005535
27290,0,0.003213,0.003631
27300,0,0.004237,0.005536
27310,0,0.018098,0.006545
27320,0,0.004348,0.004328
27330,0,0.003904,0.005205
27340,0,0.020130,0.020128
27350,0,0.005704,0.006804
27360,0,0.004249,0.004178
27370,0,0.003471,0.003344
27380,0,0.002908,0.005205
27390,0,0.003153,0.003344
27400,0,0.003792,0.005534
27410,0,0.006009,0.006689
27420,0,0.019265,0.005209
27430,0,0.024691,0.122787
27440,0,0.019834,0.005212
27450,0,0.020030,0.005214
27460,0,0.005105,0.005317
27470,0,0.006480,0.006804
27480,0,0.005044,0.005223
27490,0,0.003378,0.007062
27500,0,0.005803,0.006517
27510,0,0.004711,0.004672
27520,0,0.006427,0.003213
27530,0,0.002448,0.005215
27540,0,0.003689,0.005214
27550,0,0.018296,0.018294
27560,0,0.018026,0.007325
27570,0,0.006403,0.006803
27580,0,0.003803,0.006759
27590,0,0.003550,0.005524
27600,0,0.003124,0.005212
27610,0,0.002681,0.003343
27620,0,0.003749,0.016714
27630,0,0.003896,0.001948
27640,0,0.004758,0.004568
27650,0,0.006878,0.005021
27660,0,0.002916,0.005522
27670,0,0.002705,0.003343
27680,0,0.003207,0.003343
27690,0,0.003978,0.003978
27700,0,0.004098,0.004917
27710,0,0.002690,0.005210
27720,0,0.003384,0.003343
27730,0,0.002183,0.005208
27740,0,0.005130,0.005063
27750,0,0.008617,0.240366
27760,0,0.004075,0.007177
27770,0,0.003291,0.003675
27780,0,0.003068,0.005518
27790,0,0.003410,0.003018
27800,0,0.006254,0.005518
27810,0,0.003270,0.003289
27820,0,0.012672,0.013962
27830,0,0.004245,0.053174
27840,0,0.003275,0.003293
27850,0,0.003650,0.003321
27860,0,0.018431,0.011438
27870,0,0.002203,0.005207
27880,0,0.004250,0.003966
27890,0,0.003095,0.003095
27900,0,0.003168,0.003168
27910,0,0.018962,0.239850
27920,0,0.017555,0.239751
27930,0,0.017244,0.239626
27940,0,0.011827,0.239576
27950,0,0.003036,0.003415
27960,0,0.003496,0.005518
27970,0,0.003197,0.005205
27980,0,0.002168,0.005205
27990,0,0.003221,0.003343
28000,0,0.003987,0.008247
28010,0,0.003036,0.005205
28020,0,0.005227,0.005212
28030,0,0.008531,0.005515
28040,0,0.002699,0.005204
28050,0,0.003118,0.003343
28060,0,0.007322,0.028380
28070,0,0.004179,0.005516
28080,0,0.281892,0.005657
28090,0,0.003422,0.003422
28100,0,0.045160,0.005726
28110,0,0.003523,0.005515
28120,0,0.002926,0.002983
28130,0,0.010598,0.005742
28140,0,0.004284,0.004271
28150,0,0.003260,0.003343
28160,0,0.004602,0.002301
28170,0,0.004506,0.004506
28180,0,0.017120,0.005758
28190,0,0.032649,0.005765
28200,0,0.023370,0.023366
28210,0,0.004119,0.004039
28220,0,0.003219,0.003219
28230,0,0.005108,0.005774
28240,0,0.004381,0.003948
28250,0,0.004154,0.005773
28260,0,0.003148,0.005773
28270,0,0.002924,0.003342
28280,0,0.002966,0.002966
28290,0,0.004074,0.003952
28300,0,0.002535,0.005772
28310,0,0.003295,0.003295
28320,0,0.015601,0.007321
28330,0,0.003126,0.003126
28340,0,0.003431,0.004440
28350,0,0.008920,0.005563
28360,0,0.003993,0.003993
28370,0,0.004346,0.004047
28380,0,0.002882,0.005770
28390,0,0.005035,0.005770
28400,0,0.002826,0.003342
28410,0,0.003675,0.003608
28420,0,0.003036,0.003341
28430,0,0.014495,0.049283
28440,0,0.003508,0.003759
28450,0,0.007382,0.006803
28460,0,0.006176,0.005767
28470,0,0.004079,0.005562
28480,0,0.003992,0.004855
28490,0,0.006592,0.006592
28500,0,0.003848,0.003848
28510,0,0.004290,0.004272
28520,0,0.022639,0.005770
28530,0,0.003640,0.005770
28540,0,0.005234,0.005769
28550,0,0.011079,0.011078
28560,0,0.011086,0.011086
28570,0,0.003299,0.016701
28580,0,0.003891,0.003891
28590,0,0.006550,0.006803
28600,0,0.006089,0.006062
28610,0,0.009222,0.239319
28620,0,0.008408,0.239216
28630,0,0.009341,0.013949
28640,0,0.004226,0.003815
28650,0,0.008574,0.239061
28660,0,0.002660,0.003341
28670,0,0.009317,0.238958
28680,0,0.002791,0.005555
28690,0,0.003621,0.003341
28700,0,0.011958,0.013931
28710,0,0.014321,0.013930
28720,0,0.003447,0.003334
28730,0,0.007792,0.006804
28740,0,0.003875,0.051093
28750,0,0.004675,0.004675
28760,0,0.006389,0.006804
28770,0,0.004140,0.002070
28780,0,0.004104,0.004104
28790,0,0.009085,0.238629
28800,0,0.004233,0.004262
28810,0,0.004057,0.004057
28820,0,0.002565,0.005762
28830,0,0.003174,0.005550
28840,0,0.003273,0.003572
28850,0,0.004048,0.004048
28860,0,0.004704,0.004704
28870,0,0.004038,0.002019
28880,0,0.002865,0.003340
28890,0,0.003503,0.003564
28900,0,0.004233,0.004233
28910,0,0.003369,0.005759
28920,0,0.002601,0.005758
28930,0,0.005930,0.005757
28940,0,0.002633,0.003069
28950,0,0.003377,0.003710
28960,0,0.003626,0.003626
28970,0,0.006215,0.003807
28980,0,0.008194,0.015706
28990,0,0.003670,0.005756
29000,0,0.004228,0.002114
29010,0,0.004073,0.004073
29020,0,0.004234,0.004234
29030,0,0.003612,0.003340
29040,0,0.003415,0.003415
29050,0,0.004216,0.004058
29060,0,0.007085,0.006804
29070,0,0.003614,0.005753
29080,0,0.002650,0.005752
29090,0,0.004164,0.002966
29100,0,0.003881,0.001940
29110,0,0.005612,0.014297
29120,0,0.002639,0.005751
29130,0,0.002883,0.002883
29140,0,0.004255,0.004255
29150,0,0.003645,0.003339
29160,0,0.006815,0.006804
29170,0,0.008964,0.028127
29180,0,0.005796,0.013919
29190,0,0.006490,0.006490
29200,0,0.003618,0.005748
29210,0,0.022006,0.011766
29220,0,0.004903,0.010044
29230,0,0.005075,0.005197
29240,0,0.004597,0.004597
29250,0,0.003685,0.003910
29260,0,0.003085,0.129647
29270,0,0.002551,0.005747
29280,0,0.004776,0.005746
29290,0,0.004221,0.004000
29300,0,0.002673,0.003339
29310,0,0.008914,0.005537
29320,0,0.004865,0.032214
29330,0,0.003191,0.003339
29340,0,0.646540,0.194570
29350,0,0.013361,0.163755
29360,0,0.007618,0.005540
29370,0,0.008135,0.238275
29380,0,0.066907,0.025357
29390,0,0.041560,0.041390
29400,0,0.009181,0.013908
29410,0,0.004234,0.004234
29420,0,0.009280,0.013905
29430,0,0.008571,0.238044
29440,0,0.009978,0.013896
29450,0,0.006633,0.006803
29460,0,0.004262,0.004081
29470,0,0.003977,0.003977
29480,0,0.005951,0.005744
29490,0,0.003457,0.003339
29500,0,0.002656,0.003339
29510,0,0.003646,0.003339
29520,0,0.008790,0.006064
29530,0,0.008224,0.005567
29540,0,0.003169,0.004758
29550,0,0.004054,0.097532
29560,0,0.007810,0.030267
29570,0,0.002939,0.005743
29580,0,0.003420,0.003420
29590,0,0.004590,0.029942
29600,0,0.002815,0.003339
29610,0,0.002638,0.003338
29620,0,0.003254,0.002985
29630,0,0.004233,0.004258
29640,0,0.003892,0.004467
29650,0,0.007515,0.007515
29660,0,0.004063,0.004063
29670,0,0.003370,0.003339
29680,0,0.003188,0.005740
29690,0,0.999959,0.060551
29700,0,0.002647,0.003338
29710,0,0.003668,0.003721
29720,0,0.006496,0.006802
29730,0,0.005704,0.006801
29740,0,0.003880,0.057334
29750,0,0.011872,0.005580
29760,0,0.006057,0.028075
29770,0,0.003210,0.003210
29780,0,0.004700,0.005578
29790,0,0.002906,0.002838
29800,0,0.004281,0.004281
29810,0,0.003722,0.003612
29820,0,0.006605,0.006800
29830,0,0.003822,0.043954
29840,0,0.016419,0.028035
29850,0,0.008481,0.028011
29860,0,0.005257,0.005249
29870,0,0.003104,0.003338
29880,0,0.014410,0.153642
29890,0,0.004367,0.042213
29900,0,0.002973,0.005734
29910,0,0.002620,0.005733
29920,0,0.003220,0.005733
29930,0,0.002658,0.003338
29940,0,0.003103,0.003338
29950,0,0.005086,0.005575
29960,0,0.004233,0.004228
29970,0,0.004886,0.005731
29980,0,0.005283,0.005260
29990,0,0.005354,0.005307
30000,1,0.002947,0.002947
30010,1,0.003745,0.003745
30020,1,0.014480,0.003339
30030,1,0.003043,0.003570
30040,1,0.013811,0.003343
30050,1,0.003287,0.003173
30060,1,0.042688,0.028595
30070,1,0.021358,0.021115
30080,1,0.059169,0.024811
30090,1,0.005257,0.003714
30100,1,0.008951,0.008951
30110,1,0.017049,0.015363
30120,1,0.018572,0.016306
30130,1,0.005047,0.026557
30140,1,0.004028,0.003890
30150,1,0.012041,0.005896
30160,1,0.026064,0.012295
30170,1,0.038120,0.018400
30180,1,0.043925,0.024161
30190,1,0.043756,0.028059
30200,1,0.042998,0.030542
30210,1,0.043963,0.032340
30220,1,0.047050,0.033968
30230,1,0.050213,0.035601
30240,1,0.052697,0.037178
30250,1,0.055476,0.038427
30260,1,0.062907,0.040161
30270,1,0.075491,0.042423
30280,1,0.091291,0.045402
30290,1,0.107831,0.049070
30300,1,0.124202,0.053299
30310,1,0.140361,0.057972
30320,1,0.007064,0.004784
30330,1,0.019379,0.009310
30340,1,0.030631,0.014645
30350,1,0.043037,0.020393
30360,1,0.052275,0.025980
30370,1,0.059913,0.031052
30380,1,0.068272,0.035801
30390,1,0.078034,0.040493
30400,1,0.089173,0.045310
30410,1,0.099733,0.049793
30420,1,0.112191,0.054966
30430,1,0.142578,0.059875
30440,1,0.156219,0.064729
30450,1,0.174946,0.069918
30460,1,0.127278,0.063651
30470,1,0.139120,0.068751
30480,1,0.151191,0.073952
30490,1,0.164034,0.079261
30500,1,0.178688,0.084743
30510,1,0.195033,0.090461
30520,1,0.211396,0.096441
30530,1,0.229408,0.102630
30540,1,0.247381,0.109048
30550,1,0.265031,0.115647
30560,1,0.180995,0.074884
30570,1,0.201745,0.080286
30580,1,0.223501,0.086123
30590,1,0.245982,0.092364
30600,1,0.268457,0.098964
30610,1,0.290859,0.105865
30620,1,0.312001,0.113010
30630,1,0.335091,0.120362
30640,1,0.358327,0.127928
30650,1,0.381599,0.135676
30660,1,0.404856,0.143579
30670,1,0.427794,0.151607
30680,1,0.256374,0.116271
30690,1,0.273022,0.122588
30700,1,0.289932,0.129021
30710,1,0.306855,0.135563
30720,1,0.323659,0.142197
30730,1,0.340071,0.148879
30740,1,0.357512,0.155636
30750,1,0.374827,0.162455
30760,1,0.391971,0.169313
30770,1,0.402392,0.176162
30780,1,0.420394,0.182921
30790,1,0.438448,0.189730
30800,1,0.454952,0.196575
30810,1,0.472887,0.203418
30820,1,0.490699,0.210280
30830,1,0.508323,0.217150
30840,1,0.525644,0.224017
30850,1,0.541848,0.230866
30860,1,0.558585,0.237678
30870,1,0.573888,0.244452
30880,1,0.589885,0.251171
30890,1,0.605048,0.257838
30900,1,0.620195,0.264444
30910,1,0.633425,0.270971
30920,1,0.647653,0.277421
30930,1,0.661159,0.283797
30940,1,0.662475,0.290006
30950,1,0.675816,0.296061
30960,1,0.688661,0.302044
30970,1,0.700982,0.307952
30980,1,0.712976,0.313778
30990,1,0.723917,0.319517
31000,1,0.734398,0.325170
31010,1,0.745169,0.330731
31020,1,0.755555,0.336206
31030,1,0.763178,0.341577
31040,1,0.772833,0.346854
31050,1,0.782196,0.352045
31060,1,0.790969,0.357148
31070,1,0.797837,0.362152
31080,1,0.806192,0.367067
31090,1,0.814292,0.371898
31100,1,0.822077,0.376646
31110,1,0.827990,0.381301
31120,1,0.835196,0.385871
31130,1,0.842184,0.390360
31140,1,0.846140,0.394759
31150,1,0.839280,0.398986
31160,1,0.846007,0.403124
31170,1,0.852582,0.407194
31180,1,0.858722,0.411197
31190,1,0.864758,0.415132
31200,1,0.862947,0.418996
31210,1,0.868845,0.422750
31220,1,0.874517,0.426444
31230,1,0.879969,0.430078
31240,1,0.884614,0.433650
31250,1,0.889653,0.437163
31260,1,0.894493,0.440618
31270,1,0.899132,0.444016
31280,1,0.902789,0.447356
31290,1,0.907077,0.450639
31300,1,0.911001,0.453866
31310,1,0.914948,0.457040
31320,1,0.918227,0.460159
31330,1,0.921871,0.463226
31340,1,0.924337,0.466238
31350,1,0.927725,0.469199
31360,1,0.930956,0.472110
31370,1,0.934070,0.474974
31380,1,0.935993,0.477788
31390,1,0.938883,0.480553
31400,1,0.941622,0.483273
31410,1,0.944290,0.485948
31420,1,0.946829,0.488580
31430,1,0.948650,0.491168
31440,1,0.951002,0.493712
31450,1,0.953229,0.496216
31460,1,0.955053,0.498678
31470,1,0.957111,0.501100
31480,1,0.388885,0.163700
31490,1,0.412389,0.170106
31500,1,0.435694,0.176711
31510,1,0.458693,0.183484
31520,1,0.481130,0.190391
31530,1,0.503290,0.197404
31540,1,0.524896,0.204495
31550,1,0.544638,0.211617
31560,1,0.565034,0.218771
31570,1,0.584744,0.225936
31580,1,0.603738,0.233092
31590,1,0.621995,0.240222
31600,1,0.639371,0.247308
31610,1,0.954233,0.502761
31620,1,0.956329,0.505099
31630,1,0.958324,0.507401
31640,1,0.960244,0.509667
31650,1,0.962080,0.511899
31660,1,0.963833,0.514095
31670,1,0.965322,0.516258
31680,1,0.966923,0.518387
31690,1,0.968013,0.520482
31700,1,0.969500,0.522544
31710,1,0.970907,0.524576
31720,1,0.971990,0.526575
31730,1,0.638543,0.250818
31740,1,0.655384,0.257687
31750,1,0.671524,0.264498
31760,1,0.686983,0.271242
31770,1,0.701761,0.277909
31780,1,0.707997,0.284444
31790,1,0.721855,0.290847
31800,1,0.735095,0.297166
31810,1,0.743066,0.303379
31820,1,0.755375,0.309465
31830,1,0.763739,0.314850
31840,1,0.775134,0.320738
31850,1,0.779727,0.326469
31860,1,0.786390,0.332095
31870,1,0.796762,0.337608
31880,1,0.806672,0.343033
31890,1,0.816128,0.348369
31900,1,0.825174,0.353615
31910,1,0.833366,0.358768
31920,1,0.841626,0.363829
31930,1,0.959898,0.530234
31940,1,0.961750,0.532094
31950,1,0.963521,0.533929
31960,1,0.965212,0.535739
31970,1,0.966819,0.537525
31980,1,0.968205,0.539286
31990,1,0.969668,0.541023
32000,1,0.970616,0.542737
32010,1,0.971981,0.544426
32020,1,0.973287,0.546092
32030,1,0.974526,0.547736
32040,1,0.975717,0.549358
32050,1,0.976325,0.550958
32060,1,0.977424,0.552535
32070,1,0.978474,0.554092
32080,1,0.979478,0.555627
32090,1,0.980420,0.557142
32100,1,0.981244,0.558638
32110,1,0.981979,0.560113
32120,1,0.982776,0.561568
32130,1,0.983581,0.563004
32140,1,0.984266,0.564422
32150,1,0.984999,0.565820
32160,1,0.985596,0.567201
32170,1,0.986272,0.568564
32180,1,0.986746,0.569908
32190,1,0.987376,0.571236
32200,1,0.987977,0.572546
32210,1,0.988352,0.573839
32220,1,0.988906,0.575116
32230,1,0.989435,0.576376
32240,1,0.989880,0.577621
32250,1,0.990064,0.578850
32260,1,0.990537,0.580063
32270,1,0.990989,0.581260
32280,1,0.991420,0.582443
32290,1,0.991670,0.583612
32300,1,0.992068,0.584765
32310,1,0.992447,0.585905
32320,1,0.992808,0.587031
32330,1,0.992133,0.588032
32340,1,0.992508,0.589130
32350,1,0.992866,0.590214
32360,1,0.993208,0.591286
32370,1,0.993462,0.592239
32380,1,0.993527,0.593286
32390,1,0.993836,0.594321
32400,1,0.994131,0.595343
32410,1,0.818541,0.367617
32420,1,0.993926,0.595749
32430,1,0.994215,0.596754
32440,1,0.994492,0.597748
32450,1,0.994756,0.598730
32460,1,0.994877,0.599701
32470,1,0.995121,0.600661
32480,1,0.995355,0.601610
32490,1,0.995549,0.602548
32500,1,0.995704,0.603475
32510,1,0.995909,0.604392
32520,1,0.996105,0.605299
32530,1,0.996292,0.606196
32540,1,0.996303,0.607082
32550,1,0.996480,0.607959
32560,1,0.996649,0.608826
32570,1,0.996809,0.609684
32580,1,0.996822,0.610363
32590,1,0.996972,0.611204
32600,1,0.997118,0.612036
32610,1,0.997237,0.612859
32620,1,0.997214,0.613511
32630,1,0.997347,0.614318
32640,1,0.997472,0.615116
32650,1,0.997593,0.615906
32660,1,0.825794,0.375915
32670,1,0.997654,0.616843
32680,1,0.997764,0.617615
32690,1,0.997871,0.618379
32700,1,0.997973,0.619135
32710,1,0.998030,0.619883
32720,1,0.998122,0.620623
32730,1,0.998212,0.621356
32740,1,0.998261,0.622082
32750,1,0.998343,0.622800
32760,1,0.998421,0.623510
32770,1,0.998497,0.624214
32780,1,0.998550,0.624911
32790,1,0.998619,0.625601
32800,1,0.998555,0.626215
32810,1,0.998624,0.626892
32820,1,0.998690,0.627562
32830,1,0.998619,0.628225
32840,1,0.998683,0.628882
32850,1,0.998746,0.629533
32860,1,0.998806,0.630177
32870,1,0.998863,0.630815
32880,1,0.998917,0.631447
32890,1,0.998962,0.632073
32900,1,0.999011,0.632693
32910,1,0.822156,0.379889
32920,1,0.830792,0.384228
32930,1,0.839063,0.388507
32940,1,0.846969,0.392726
32950,1,0.854522,0.396884
32960,1,0.861664,0.400980
32970,1,0.864797,0.405005
32980,1,0.871531,0.408952
32990,1,0.877302,0.412837
33000,1,0.883462,0.416659
33010,1,0.889329,0.420422
33020,1,0.893304,0.424120
33030,1,0.898713,0.427754
33040,1,0.898118,0.429541
33050,1,0.903293,0.433070
33060,1,0.908224,0.436543
33070,1,0.908634,0.439955
33080,1,0.913300,0.443293
33090,1,0.917743,0.446579
33100,1,0.998449,0.633671
33110,1,0.998524,0.634275
33120,1,0.998595,0.634874
33130,1,0.998653,0.635466
33140,1,0.998717,0.636054
33150,1,0.998779,0.636636
33160,1,0.998837,0.637212
33170,1,0.998854,0.637727
33180,1,0.998909,0.638294
33190,1,0.998961,0.638856
33200,1,0.998892,0.639412
33210,1,0.998946,0.639964
33220,1,0.998996,0.640511
33230,1,0.999045,0.641052
33240,1,0.999052,0.641589
33250,1,0.999098,0.642122
33260,1,0.999141,0.642650
33270,1,0.999182,0.643173
33280,1,0.999216,0.643691
33290,1,0.999253,0.644205
33300,1,0.999289,0.644715
33310,1,0.999323,0.645220
33320,1,0.999333,0.645722
33330,1,0.999365,0.646218
33340,1,0.999396,0.646711
33350,1,0.999420,0.647199
33360,1,0.999448,0.647684
33370,1,0.999474,0.648164
33380,1,0.999500,0.648640
33390,1,0.999469,0.649065
33400,1,0.999494,0.649534
33410,1,0.999514,0.649999
33420,1,0.999537,0.650460
33430,1,0.999544,0.650917
33440,1,0.999565,0.651371
33450,1,0.999586,0.651821
33460,1,0.999606,0.652267
33470,1,0.999623,0.652710
33480,1,0.999641,0.653149
33490,1,0.999644,0.653585
33500,1,0.999661,0.654017
33510,1,0.999677,0.654446
33520,1,0.999692,0.654871
33530,1,0.999707,0.655293
33540,1,0.999721,0.655712
33550,1,0.999732,0.656127
33560,1,0.999744,0.656539
33570,1,0.999752,0.656948
33580,1,0.999764,0.657354
33590,1,0.999775,0.657757
33600,1,0.999786,0.658156
33610,1,0.999771,0.658553
33620,1,0.999781,0.658946
33630,1,0.999792,0.659337
33640,1,0.999802,0.659725
33650,1,0.999807,0.660109
33660,1,0.999816,0.660491
33670,1,0.999825,0.660870
33680,1,0.999820,0.661246
33690,1,0.999828,0.661619
33700,1,0.999837,0.661990
33710,1,0.999844,0.662358
33720,1,0.999852,0.662723
33730,1,0.999857,0.663086
33740,1,0.999864,0.663445
33750,1,0.999857,0.663803
33760,1,0.999863,0.664157
33770,1,0.999870,0.664509
33780,1,0.999876,0.664859
33790,1,0.999882,0.665206
33800,1,0.999888,0.665550
33810,1,0.999892,0.665892
33820,1,0.999897,0.666232
33830,1,0.999902,0.666569
33840,1,0.999906,0.666904
33850,1,0.999911,0.667237
33860,1,0.903456,0.450026
33870,1,0.908301,0.453103
33880,1,0.999898,0.667369
33890,1,0.999903,0.667699
33900,1,0.999907,0.668026
33910,1,0.999911,0.668350
33920,1,0.999914,0.668673
33930,1,0.999918,0.668993
33940,1,0.999921,0.669311
33950,1,0.999924,0.669627
33960,1,0.999927,0.669941
33970,1,0.999931,0.670253
33980,1,0.999933,0.670562
33990,1,0.999936,0.670870
34000,1,0.999939,0.671175
34010,1,0.999940,0.671478
34020,1,0.999943,0.671780
34030,1,0.999946,0.672079
34040,1,0.999948,0.672376
34050,1,0.911207,0.456729
34060,1,0.999949,0.672789
34070,1,0.999951,0.673082
34080,1,0.999954,0.673373
34090,1,0.999956,0.673661
34100,1,0.999958,0.673948
34110,1,0.999960,0.674233
34120,1,0.999962,0.674517
34130,1,0.999962,0.674798
34140,1,0.999964,0.675078
34150,1,0.999965,0.675355
34160,1,0.999964,0.675604
34170,1,0.999966,0.675878
34180,1,0.999967,0.676151
34190,1,0.999968,0.676422
34200,1,0.999970,0.676691
34210,1,0.999971,0.676959
34220,1,0.999973,0.677225
34230,1,0.999972,0.677489
34240,1,0.999973,0.677751
34250,1,0.999974,0.678012
34260,1,0.999976,0.678272
34270,1,0.999977,0.678529
34280,1,0.909286,0.458208
34290,1,0.999978,0.678836
34300,1,0.914719,0.461712
34310,1,0.999979,0.679091
34320,1,0.999980,0.679343
34330,1,0.999981,0.679594
34340,1,0.999981,0.679844
34350,1,0.999982,0.680092
34360,1,0.999983,0.680339
34370,1,0.918143,0.464584
34380,1,0.922269,0.467414
34390,1,0.926210,0.470204
34400,1,0.929966,0.472954
34410,1,0.999983,0.680461
34420,1,0.999984,0.680706
34430,1,0.999984,0.680949
34440,1,0.999985,0.681190
34450,1,0.999985,0.681430
34460,1,0.999986,0.681669
34470,1,0.999987,0.681906
34480,1,0.999987,0.682141
34490,1,0.999988,0.682376
34500,1,0.931886,0.476196
34510,1,0.935361,0.478848
34520,1,0.999985,0.682655
34530,1,0.999985,0.682887
34540,1,0.999986,0.683117
34550,1,0.999987,0.683345
34560,1,0.999987,0.683573
34570,1,0.999988,0.683799
34580,1,0.999988,0.684023
34590,1,0.999987,0.684247
34600,1,0.999988,0.684469
34610,1,0.999988,0.684690
34620,1,0.933356,0.480152
34630,1,0.936748,0.482730
34640,1,0.939978,0.485271
34650,1,0.943050,0.487776
34660,1,0.945979,0.490244
34670,1,0.948730,0.492677
34680,1,0.951381,0.495075
34690,1,0.999987,0.685040
34700,1,0.999988,0.685258
34710,1,0.999989,0.685474
34720,1,0.999989,0.685689
34730,1,0.999990,0.685903
34740,1,0.999990,0.686116
34750,1,0.999991,0.686328
34760,1,0.999991,0.686538
34770,1,0.952482,0.497431
34780,1,0.954945,0.499754
34790,1,0.957287,0.502043
34800,1,0.959513,0.504298
34810,1,0.961625,0.506521
34820,1,0.963610,0.508711
34830,1,0.999991,0.686664
34840,1,0.999991,0.686872
34850,1,0.999992,0.687079
34860,1,0.999992,0.687286
34870,1,0.999992,0.687491
34880,1,0.999993,0.687695
34890,1,0.964355,0.510010
34900,1,0.999993,0.687938
34910,1,0.966589,0.512572
34920,1,0.968347,0.514672
34930,1,0.969689,0.516331
34940,1,0.999993,0.688260
34950,1,0.999994,0.688459
34960,1,0.999994,0.688658
34970,1,0.999994,0.688855
34980,1,0.969226,0.517151
34990,1,0.970848,0.519181
35000,1,0.999993,0.689130
35010,1,0.999993,0.689325
35020,1,0.999993,0.689519
35030,1,0.999994,0.689712
35040,1,0.999994,0.689904
35050,1,0.999994,0.690095
35060,1,0.999994,0.690285
35070,1,0.999995,0.690473
35080,1,0.999991,0.690661
35090,1,0.999991,0.690848
35100,1,0.999992,0.691034
35110,1,0.999991,0.691219
35120,1,0.999992,0.691403
35130,1,0.999992,0.691586
35140,1,0.999993,0.691768
35150,1,0.999993,0.691949
35160,1,0.999993,0.692129
35170,1,0.999994,0.692308
35180,1,0.999994,0.692487
35190,1,0.999994,0.692664
35200,1,0.999994,0.692840
35210,1,0.999994,0.693016
35220,1,0.999995,0.693191
35230,1,0.999995,0.693364
35240,1,0.999995,0.693537
35250,1,0.999995,0.693709
35260,1,0.999995,0.693881
35270,1,0.999996,0.694051
35280,1,0.999996,0.694220
35290,1,0.999996,0.694389
35300,1,0.999996,0.694557
35310,1,0.019494,0.003358
35320,1,0.999996,0.694873
35330,1,0.999996,0.695038
35340,1,0.999997,0.695203
35350,1,0.999997,0.695367
35360,1,0.999997,0.695530
35370,1,0.999997,0.695692
35380,1,0.999997,0.695853
35390,1,0.999997,0.696014
35400,1,0.999997,0.696173
35410,1,0.999997,0.696332
35420,1,0.999998,0.696491
35430,1,0.999998,0.696648
35440,1,0.999998,0.696805
35450,1,0.999998,0.696961
35460,1,0.999998,0.697116
35470,1,0.999998,0.697270
35480,1,0.999998,0.697424
35490,1,0.964976,0.521548
35500,1,0.999998,0.697485
35510,1,0.999998,0.697638
35520,1,0.999998,0.697790
35530,1,0.999998,0.697941
35540,1,0.999998,0.698092
35550,1,0.999998,0.698241
35560,1,0.999998,0.698390
35570,1,0.999998,0.698539
35580,1,0.964826,0.523483
35590,1,0.999998,0.698687
35600,1,0.999998,0.698834
35610,1,0.999998,0.698980
35620,1,0.999998,0.699126
35630,1,0.999998,0.699256
35640,1,0.999998,0.699400
35650,1,0.999998,0.699544
35660,1,0.999998,0.699687
35670,1,0.999998,0.699830
35680,1,0.999998,0.699971
35690,1,0.999998,0.700112
35700,1,0.999998,0.700253
35710,1,0.999998,0.700393
35720,1,0.999998,0.700532
35730,1,0.999998,0.700670
35740,1,0.999998,0.700808
35750,1,0.999998,0.700945
35760,1,0.999998,0.701082
35770,1,0.999998,0.701218
35780,1,0.999999,0.701354
35790,1,0.999999,0.701488
35800,1,0.999999,0.701623
35810,1,0.999999,0.701756
35820,1,0.999999,0.701889
35830,1,0.999999,0.702022
35840,1,0.999999,0.702154
35850,1,0.999999,0.702285
35860,1,0.999999,0.702416
35870,1,0.999999,0.702546
35880,1,0.999999,0.702662
35890,1,0.999999,0.702791
35900,1,0.999999,0.702920
35910,1,0.999999,0.703048
35920,1,0.999999,0.703175
35930,1,0.999999,0.703302
35940,1,0.999999,0.703428
35950,1,0.999999,0.703554
35960,1,0.999999,0.703679
35970,1,0.999999,0.703804
35980,1,0.999999,0.703928
35990,1,0.999999,0.704051
36000,1,0.999999,0.704174
36010,1,0.999999,0.704297
36020,1,0.999999,0.704407
36030,1,0.999999,0.704528
36040,1,0.999999,0.704649
36050,1,0.999999,0.704770
36060,1,0.999999,0.704890
36070,1,0.010330,0.006157
36080,1,0.999999,0.705092
36090,1,0.999999,0.705211
36100,1,0.999999,0.705329
36110,1,0.999999,0.705447
36120,1,0.999999,0.705564
36130,1,0.999999,0.705681
36140,1,0.999999,0.705797
36150,1,1.000000,0.705912
36160,1,1.000000,0.706028
36170,1,1.000000,0.706142
36180,1,1.000000,0.706257
36190,1,1.000000,0.706370
36200,1,1.000000,0.706484
36210,1,1.000000,0.706597
36220,1,1.000000,0.706709
36230,1,1.000000,0.706821
36240,1,1.000000,0.706932
36250,1,1.000000,0.707044
36260,1,1.000000,0.707154
36270,1,1.000000,0.707264
36280,1,1.000000,0.707374
36290,1,1.000000,0.707483
36300,1,1.000000,0.707592
36310,1,1.000000,0.707700
36320,1,1.000000,0.707808
36330,1,1.000000,0.707916
36340,1,1.000000,0.708023
36350,1,1.000000,0.708130
36360,1,1.000000,0.708236
36370,1,1.000000,0.708342
36380,1,1.000000,0.708447
36390,1,1.000000,0.708552
36400,1,1.000000,0.708656
36410,1,1.000000,0.708761
36420,1,1.000000,0.708864
36430,1,1.000000,0.708968
36440,1,1.000000,0.709071
36450,1,1.000000,0.709173
36460,1,1.000000,0.709275
36470,1,1.000000,0.709377
36480,1,1.000000,0.709478
36490,1,1.000000,0.709579
36500,1,1.000000,0.709680
36510,1,1.000000,0.709780
36520,1,1.000000,0.709880
36530,1,1.000000,0.709979
36540,1,1.000000,0.710078
36550,1,1.000000,0.710177
36560,1,1.000000,0.710275
36570,1,1.000000,0.710373
36580,1,1.000000,0.710470
36590,1,1.000000,0.710568
36600,1,1.000000,0.710664
36610,1,1.000000,0.710761
36620,1,1.000000,0.710857
36630,1,1.000000,0.710952
36640,1,1.000000,0.711048
36650,1,1.000000,0.711143
36660,1,1.000000,0.711237
36670,1,1.000000,0.711332
36680,1,1.000000,0.711425
36690,1,1.000000,0.711519
36700,1,1.000000,0.711612
36710,1,1.000000,0.711705
36720,1,1.000000,0.711798
36730,1,1.000000,0.711890
36740,1,1.000000,0.711982
36750,1,1.000000,0.712073
36760,1,1.000000,0.712164
36770,1,1.000000,0.712255
36780,1,1.000000,0.712346
36790,1,1.000000,0.712436
36800,1,1.000000,0.712525
36810,1,1.000000,0.712615
36820,1,1.000000,0.712704
36830,1,1.000000,0.712793
36840,1,1.000000,0.712881
36850,1,1.000000,0.712970
36860,1,1.000000,0.713058
36870,1,1.000000,0.713145
36880,1,1.000000,0.713232
36890,1,1.000000,0.713319
36900,1,1.000000,0.713406
36910,1,1.000000,0.713492
36920,1,1.000000,0.713578
36930,1,1.000000,0.713664
36940,1,1.000000,0.713749
36950,1,1.000000,0.713834
36960,1,1.000000,0.713919
36970,1,1.000000,0.714004
36980,1,1.000000,0.714088
36990,1,1.000000,0.714172
37000,1,1.000000,0.714255
37010,1,1.000000,0.714339
37020,1,1.000000,0.714422
37030,1,1.000000,0.714504
37040,1,1.000000,0.714587
37050,1,1.000000,0.714669
37060,1,1.000000,0.714751
37070,1,1.000000,0.714832
37080,1,1.000000,0.714914
37090,1,1.000000,0.714995
37100,1,1.000000,0.715075
37110,1,1.000000,0.715156
37120,1,1.000000,0.715236
37130,1,0.953258,0.524998
37140,1,1.000000,0.715348
37150,1,1.000000,0.715427
37160,1,1.000000,0.715506
37170,1,1.000000,0.715585
37180,1,1.000000,0.715664
37190,1,1.000000,0.715743
37200,1,1.000000,0.715821
37210,1,1.000000,0.715899
37220,1,1.000000,0.715976
37230,1,1.000000,0.716054
37240,1,1.000000,0.716131
37250,1,1.000000,0.716207
37260,1,1.000000,0.716284
37270,1,1.000000,0.716360
37280,1,1.000000,0.716376
37290,1,1.000000,0.716444
37300,1,1.000000,0.716520
37310,1,1.000000,0.716595
37320,1,1.000000,0.716671
37330,1,1.000000,0.716746
37340,1,1.000000,0.716813
37350,1,1.000000,0.716880
37360,1,1.000000,0.716947
37370,1,1.000000,0.717021
37380,1,1.000000,0.717095
37390,1,1.000000,0.717169
37400,1,1.000000,0.717242
37410,1,1.000000,0.717315
37420,1,1.000000,0.717388
37430,1,1.000000,0.717461
37440,1,1.000000,0.717533
37450,1,1.000000,0.717605
37460,1,1.000000,0.717677
37470,1,1.000000,0.717749
37480,1,1.000000,0.717820
37490,1,1.000000,0.717891
37500,1,1.000000,0.717962
37510,1,0.954606,0.528813
37520,1,0.956790,0.530590
37530,1,0.958883,0.532345
37540,1,0.960883,0.534080
37550,1,0.962794,0.535793
37560,1,0.964601,0.537485
37570,1,0.966191,0.539156
37580,1,0.967862,0.540807
37590,1,0.969456,0.542437
37600,1,0.970975,0.544047
37610,1,1.000000,0.718005
37620,1,1.000000,0.718076
37630,1,1.000000,0.718146
37640,1,1.000000,0.718216
37650,1,1.000000,0.718286
37660,1,1.000000,0.718356
37670,1,1.000000,0.718425
37680,1,1.000000,0.718495
37690,1,1.000000,0.718564
37700,1,1.000000,0.718633
37710,1,1.000000,0.718701
37720,1,1.000000,0.718770
37730,1,0.971523,0.545635
37740,1,0.972942,0.547202
37750,1,0.974294,0.548751
37760,1,1.000000,0.718831
37770,1,1.000000,0.718899
37780,1,1.000000,0.718967
37790,1,1.000000,0.719034
37800,1,1.000000,0.719102
37810,1,1.000000,0.719169
37820,1,1.000000,0.719236
37830,1,0.975601,0.551035
37840,1,0.976826,0.552534
37850,1,0.977993,0.554015
37860,1,1.000000,0.719282
37870,1,1.000000,0.719349
37880,1,1.000000,0.719415
37890,1,1.000000,0.719475
37900,1,1.000000,0.719541
37910,1,1.000000,0.719607
37920,1,1.000000,0.719672
37930,1,1.000000,0.719737
37940,1,1.000000,0.719803
37950,1,1.000000,0.719867
37960,1,0.978162,0.554894
37970,1,0.979263,0.556344
37980,1,1.000000,0.719958
37990,1,1.000000,0.720023
38000,1,1.000000,0.720087
38010,1,1.000000,0.720151
38020,1,1.000000,0.720215
38030,1,1.000000,0.720278
38040,1,0.980569,0.558344
38050,1,0.981555,0.559751
38060,1,0.982493,0.561142
38070,1,1.000000,0.720297
38080,1,1.000000,0.720361
38090,1,0.983460,0.563059
38100,1,0.984303,0.564408
38110,1,0.985106,0.565741
38120,1,1.000000,0.720443
38130,1,1.000000,0.720506
38140,1,1.000000,0.720569
38150,1,1.000000,0.720631
38160,1,1.000000,0.720694
38170,1,1.000000,0.720756
38180,1,1.000000,0.720818
38190,1,1.000000,0.720880
38200,1,1.000000,0.720941
38210,1,1.000000,0.721003
38220,1,1.000000,0.721064
38230,1,1.000000,0.721125
38240,1,1.000000,0.721186
38250,1,1.000000,0.721247
38260,1,1.000000,0.721307
38270,1,1.000000,0.721368
38280,1,1.000000,0.721428
38290,1,1.000000,0.721488
38300,1,1.000000,0.721547
38310,1,1.000000,0.721607
38320,1,1.000000,0.721667
38330,1,1.000000,0.721726
38340,1,1.000000,0.721785
38350,1,1.000000,0.721844
38360,1,1.000000,0.721903
38370,1,1.000000,0.721961
38380,1,1.000000,0.722020
38390,1,1.000000,0.722078
38400,1,1.000000,0.722136
38410,1,1.000000,0.722194
38420,1,1.000000,0.722252
38430,1,1.000000,0.722309
38440,1,1.000000,0.722366
38450,1,1.000000,0.722424
38460,1,1.000000,0.722481
38470,1,1.000000,0.722538
38480,1,1.000000,0.722594
38490,1,1.000000,0.722651
38500,1,1.000000,0.722707
38510,1,1.000000,0.722763
38520,1,1.000000,0.722820
38530,1,1.000000,0.722875
38540,1,1.000000,0.722931
38550,1,1.000000,0.722987
38560,1,1.000000,0.723042
38570,1,1.000000,0.723097
38580,1,1.000000,0.723153
38590,1,1.000000,0.723208
38600,1,1.000000,0.723262
38610,1,1.000000,0.723317
38620,1,1.000000,0.723371
38630,1,1.000000,0.723426
38640,1,1.000000,0.723480
38650,1,1.000000,0.723534
38660,1,1.000000,0.723588
38670,1,0.983235,0.566135
38680,1,0.984079,0.567441
38690,1,1.000000,0.723658
38700,1,1.000000,0.723711
38710,1,1.000000,0.723764
38720,1,1.000000,0.723818
38730,1,1.000000,0.723871
38740,1,1.000000,0.723924
38750,1,1.000000,0.723976
38760,1,1.000000,0.724029
38770,1,1.000000,0.724076
38780,1,1.000000,0.724129
38790,1,1.000000,0.724181
38800,1,1.000000,0.724233
38810,1,1.000000,0.724285
38820,1,1.000000,0.724337
38830,1,1.000000,0.724388
38840,1,1.000000,0.724440
38850,1,1.000000,0.724481
38860,1,1.000000,0.724532
38870,1,1.000000,0.724583
38880,1,1.000000,0.724634
38890,1,1.000000,0.724685
38900,1,0.983688,0.568729
38910,1,0.984504,0.570000
38920,1,0.985280,0.571257
38930,1,1.000000,0.724756
38940,1,1.000000,0.724806
38950,1,1.000000,0.724856
38960,1,1.000000,0.724907
38970,1,0.984935,0.572496
38980,1,0.985685,0.573720
38990,1,0.986401,0.574930
39000,1,0.987083,0.576126
39010,1,0.987732,0.577308
39020,1,0.988069,0.578476
39030,1,0.988670,0.579630
39040,1,0.989241,0.580771
39050,1,0.989786,0.581899
39060,1,0.990304,0.583014
39070,1,0.990791,0.584116
39080,1,1.000000,0.724932
39090,1,1.000000,0.724982
39100,1,1.000000,0.725026
39110,1,1.000000,0.725076
39120,1,0.990632,0.585097
39130,1,0.991106,0.586174
39140,1,0.991557,0.587239
39150,1,0.991979,0.588291
39160,1,0.992388,0.589333
39170,1,1.000000,0.725136
39180,1,1.000000,0.725185
39190,1,1.000000,0.725234
39200,1,1.000000,0.725284
39210,1,0.992641,0.590362
39220,1,0.993017,0.591379
39230,1,1.000000,0.725352
39240,1,1.000000,0.725401
39250,1,1.000000,0.725450
39260,1,1.000000,0.725498
39270,1,0.993265,0.592386
39280,1,0.993516,0.593380
39290,1,0.024968,0.003373
39300,1,1.000000,0.725552
39310,1,1.000000,0.725600
39320,1,1.000000,0.725648
39330,1,1.000000,0.725696
39340,1,1.000000,0.725744
39350,1,1.000000,0.725792
39360,1,1.000000,0.725840
39370,1,1.000000,0.725887
39380,1,1.000000,0.725934
39390,1,1.000000,0.725982
39400,1,1.000000,0.726029
39410,1,1.000000,0.726076
39420,1,1.000000,0.726123
39430,1,1.000000,0.726170
39440,1,1.000000,0.726216
39450,1,1.000000,0.726263
39460,1,1.000000,0.726309
39470,1,1.000000,0.726356
39480,1,1.000000,0.726402
39490,1,1.000000,0.726448
39500,1,1.000000,0.726494
39510,1,1.000000,0.726540
39520,1,1.000000,0.726585
39530,1,1.000000,0.726631
39540,1,1.000000,0.726676
39550,1,1.000000,0.726722
39560,1,1.000000,0.726767
39570,1,1.000000,0.726812
39580,1,1.000000,0.726857
39590,1,1.000000,0.726902
39600,1,1.000000,0.726947
39610,1,1.000000,0.726991
39620,1,1.000000,0.727036
39630,1,1.000000,0.727080
39640,1,1.000000,0.727125
39650,1,1.000000,0.727169
39660,1,1.000000,0.727213
39670,1,1.000000,0.727257
39680,1,1.000000,0.727301
39690,1,1.000000,0.727344
39700,1,1.000000,0.727388
39710,1,1.000000,0.727431
39720,1,1.000000,0.727475
39730,1,1.000000,0.727518
39740,1,1.000000,0.727561
39750,1,1.000000,0.727604
39760,1,1.000000,0.727647
39770,1,1.000000,0.727690
39780,1,1.000000,0.727733
39790,1,1.000000,0.727776
39800,1,1.000000,0.727818
39810,1,1.000000,0.727861
39820,1,1.000000,0.727903
39830,1,1.000000,0.727945
39840,1,1.000000,0.727987
39850,1,1.000000,0.728029
39860,1,1.000000,0.728071
39870,1,1.000000,0.728113
39880,1,1.000000,0.728155
39890,1,1.000000,0.728196
39900,1,1.000000,0.728238
39910,1,1.000000,0.728279
39920,1,1.000000,0.728320
39930,1,1.000000,0.728362
39940,1,1.000000,0.728403
39950,1,1.000000,0.728444
39960,1,1.000000,0.728484
39970,1,1.000000,0.728525
39980,1,1.000000,0.728566
39990,1,1.000000,0.728606
40000,1,1.000000,0.728647
40010,1,1.000000,0.728687
40020,1,1.000000,0.728728
40030,1,1.000000,0.728768
40040,1,1.000000,0.728808
40050,1,0.992540,0.594364
40060,1,0.992912,0.595333
40070,1,0.993268,0.596293
40080,1,0.993600,0.597241
40090,1,0.993923,0.598180
40100,1,0.994229,0.599109
40110,1,0.994516,0.600027
40120,1,1.000000,0.728872
40130,1,1.000000,0.728912
40140,1,1.000000,0.728951
40150,1,1.000000,0.728991
40160,1,1.000000,0.729030
40170,1,1.000000,0.729070
40180,1,1.000000,0.729109
40190,1,1.000000,0.729148
40200,1,1.000000,0.729188
40210,1,1.000000,0.729227
40220,1,1.000000,0.729266
40230,1,1.000000,0.729305
40240,1,1.000000,0.729343
40250,1,1.000000,0.729382
40260,1,1.000000,0.729421
40270,1,1.000000,0.729459
40280,1,1.000000,0.729497
40290,1,1.000000,0.729536
40300,1,1.000000,0.729574
40310,1,1.000000,0.729612
40320,1,1.000000,0.729650
40330,1,1.000000,0.729688
40340,1,1.000000,0.729726
40350,1,1.000000,0.729764
40360,1,1.000000,0.729801
40370,1,1.000000,0.729839
40380,1,1.000000,0.729877
40390,1,1.000000,0.729914
40400,1,0.994308,0.600935
40410,1,0.994594,0.601833
40420,1,0.994866,0.602722
40430,1,0.995120,0.603601
40440,1,0.995366,0.604471
40450,1,0.995601,0.605332
40460,1,0.995820,0.606184
40470,1,0.995626,0.606775
40480,1,0.995846,0.607611
40490,1,0.996055,0.608439
40500,1,0.996255,0.609258
40510,1,0.996445,0.610069
40520,1,0.996622,0.610871
40530,1,1.000000,0.729944
40540,1,1.000000,0.729981
40550,1,1.000000,0.730018
40560,1,1.000000,0.730055
40570,1,1.000000,0.730092
40580,1,1.000000,0.730129
40590,1,1.000000,0.730166
40600,1,1.000000,0.730203
40610,1,1.000000,0.730239
40620,1,1.000000,0.730276
40630,1,1.000000,0.730313
40640,1,1.000000,0.730349
40650,1,1.000000,0.730385
40660,1,1.000000,0.730421
40670,1,0.996700,0.611981
40680,1,1.000000,0.730436
40690,1,1.000000,0.730472
40700,1,1.000000,0.730508
40710,1,1.000000,0.730544
40720,1,1.000000,0.730580
40730,1,1.000000,0.730616
40740,1,1.000000,0.730651
40750,1,1.000000,0.730687
40760,1,1.000000,0.730722
40770,1,1.000000,0.730758
40780,1,1.000000,0.730793
40790,1,1.000000,0.730829
40800,1,1.000000,0.730864
40810,1,1.000000,0.730899
40820,1,1.000000,0.730934
40830,1,1.000000,0.730969
40840,1,1.000000,0.731004
40850,1,1.000000,0.731039
40860,1,1.000000,0.731073
40870,1,1.000000,0.731108
40880,1,1.000000,0.731143
40890,1,1.000000,0.731177
40900,1,1.000000,0.731211
40910,1,1.000000,0.731246
40920,1,1.000000,0.731280
40930,1,1.000000,0.731314
40940,1,1.000000,0.731348
40950,1,1.000000,0.731382
40960,1,1.000000,0.731416
40970,1,1.000000,0.731450
40980,1,1.000000,0.731484
40990,1,1.000000,0.731518
41000,1,1.000000,0.731551
41010,1,1.000000,0.731585
41020,1,1.000000,0.731618
41030,1,1.000000,0.731652
41040,1,1.000000,0.731685
41050,1,1.000000,0.731718
41060,1,1.000000,0.731752
41070,1,1.000000,0.731785
41080,1,1.000000,0.731818
41090,1,1.000000,0.731851
41100,1,1.000000,0.731884
41110,1,1.000000,0.731917
41120,1,1.000000,0.731949
41130,1,1.000000,0.731982
41140,1,1.000000,0.732015
41150,1,1.000000,0.732047
41160,1,1.000000,0.732080
41170,1,1.000000,0.732112
41180,1,1.000000,0.732144
41190,1,1.000000,0.732177
41200,1,1.000000,0.732209
41210,1,1.000000,0.732241
41220,1,1.000000,0.732273
41230,1,1.000000,0.732305
41240,1,1.000000,0.732337
41250,1,1.000000,0.732369
41260,1,1.000000,0.732400
41270,1,1.000000,0.732432
41280,1,1.000000,0.732464
41290,1,1.000000,0.732495
41300,1,1.000000,0.732527
41310,1,1.000000,0.732558
41320,1,1.000000,0.732590
41330,1,1.000000,0.732621
41340,1,1.000000,0.732652
41350,1,1.000000,0.732683
41360,1,1.000000,0.732714
41370,1,1.000000,0.732745
41380,1,1.000000,0.732776
41390,1,1.000000,0.732807
41400,1,1.000000,0.732835
41410,1,0.002894,0.002824
41420,1,1.000000,0.732884
41430,1,1.000000,0.732915
41440,1,1.000000,0.732945
41450,1,1.000000,0.732976
41460,1,1.000000,0.733006
41470,1,1.000000,0.733037
41480,1,1.000000,0.733067
41490,1,1.000000,0.733097
41500,1,1.000000,0.733128
41510,1,1.000000,0.733158
41520,1,1.000000,0.733188
41530,1,1.000000,0.733218
41540,1,1.000000,0.733248
41550,1,1.000000,0.733278
41560,1,1.000000,0.733308
41570,1,0.996031,0.612685
41580,1,0.996226,0.613459
41590,1,0.996412,0.614225
41600,1,1.000000,0.733337
41610,1,1.000000,0.733367
41620,1,1.000000,0.733397
41630,1,1.000000,0.733426
41640,1,1.000000,0.733456
41650,1,1.000000,0.733485
41660,1,1.000000,0.733515
41670,1,1.000000,0.733544
41680,1,0.996677,0.615511
41690,1,0.996842,0.616257
41700,1,1.000000,0.733556
41710,1,1.000000,0.733585
41720,1,1.000000,0.733614
41730,1,1.000000,0.733643
41740,1,1.000000,0.733672
41750,1,1.000000,0.733701
41760,1,1.000000,0.733730
41770,1,1.000000,0.733759
41780,1,1.000000,0.733788
41790,1,1.000000,0.733817
41800,1,1.000000,0.733845
41810,1,1.000000,0.733874
41820,1,1.000000,0.733903
41830,1,1.000000,0.733931
41840,1,1.000000,0.733945
41850,1,1.000000,0.733974
41860,1,1.000000,0.734002
41870,1,1.000000,0.734030
41880,1,0.997067,0.617872
41890,1,1.000000,0.734053
41900,1,1.000000,0.734081
41910,1,0.997134,0.618234
41920,1,0.997276,0.618953
41930,1,1.000000,0.734104
41940,1,1.000000,0.734132
41950,1,1.000000,0.734160
41960,1,1.000000,0.734188
41970,1,1.000000,0.734216
41980,1,1.000000,0.734244
41990,1,0.997438,0.620019
42000,1,1.000000,0.734272
42010,1,1.000000,0.734299
42020,1,1.000000,0.734327
42030,1,1.000000,0.734355
42040,1,1.000000,0.734382
42050,1,1.000000,0.734410
42060,1,1.000000,0.734437
42070,1,1.000000,0.734465
42080,1,1.000000,0.734492
42090,1,1.000000,0.734520
42100,1,1.000000,0.734547
42110,1,1.000000,0.734574
42120,1,1.000000,0.734601
42130,1,1.000000,0.734628
42140,1,1.000000,0.734655
42150,1,1.000000,0.734682
42160,1,1.000000,0.734709
42170,1,1.000000,0.734736
42180,1,1.000000,0.734763
42190,1,1.000000,0.734790
42200,1,1.000000,0.734817
42210,1,1.000000,0.734843
42220,1,1.000000,0.734870
42230,1,1.000000,0.734896
42240,1,1.000000,0.734923
42250,1,1.000000,0.734949
42260,1,1.000000,0.734976
42270,1,1.000000,0.735002
42280,1,0.997413,0.620441
42290,1,1.000000,0.735044
42300,1,0.997418,0.620651
42310,1,0.997546,0.621347
42320,1,0.997668,0.622036
42330,1,0.997784,0.622718
42340,1,1.000000,0.735081
42350,1,1.000000,0.735107
42360,1,1.000000,0.735133
42370,1,1.000000,0.735159
42380,1,0.997784,0.623528
42390,1,1.000000,0.735188
42400,1,1.000000,0.735214
42410,1,1.000000,0.735240
42420,1,1.000000,0.735265
42430,1,1.000000,0.735291
42440,1,1.000000,0.735317
42450,1,1.000000,0.735340
42460,1,1.000000,0.735366
42470,1,0.997802,0.623930
42480,1,0.997910,0.624594
42490,1,0.997940,0.625187
42500,1,0.998042,0.625839
42510,1,0.998139,0.626485
42520,1,1.000000,0.735394
42530,1,1.000000,0.735419
42540,1,1.000000,0.735445
42550,1,1.000000,0.735470
42560,1,1.000000,0.735496
42570,1,1.000000,0.735521
42580,1,1.000000,0.735546
42590,1,1.000000,0.735572
42600,1,1.000000,0.735597
42610,1,1.000000,0.735622
42620,1,0.997894,0.626870
42630,1,0.997997,0.627506
42640,1,0.998094,0.628137
42650,1,0.998188,0.628761
42660,1,0.998276,0.629380
42670,1,1.000000,0.735652
42680,1,1.000000,0.735677
42690,1,1.000000,0.735700
42700,1,1.000000,0.735725
42710,1,1.000000,0.735749
42720,1,1.000000,0.735774
42730,1,1.000000,0.735799
42740,1,0.998319,0.630055
42750,1,0.998401,0.630662
42760,1,0.998480,0.631264
42770,1,1.000000,0.735816
42780,1,1.000000,0.735841
42790,1,1.000000,0.735866
42800,1,1.000000,0.735890
42810,1,1.000000,0.735915
42820,1,1.000000,0.735940
42830,1,1.000000,0.735964
42840,1,1.000000,0.735988
42850,1,1.000000,0.736013
42860,1,1.000000,0.736037
42870,1,1.000000,0.736061
42880,1,1.000000,0.736086
42890,1,1.000000,0.736110
42900,1,1.000000,0.736134
42910,1,1.000000,0.736158
42920,1,1.000000,0.736182
42930,1,0.998565,0.632274
42940,1,1.000000,0.736192
42950,1,1.000000,0.736216
42960,1,1.000000,0.736240
42970,1,1.000000,0.736264
42980,1,1.000000,0.736288
42990,1,1.000000,0.736311
43000,1,1.000000,0.736335
43010,1,1.000000,0.736359
43020,1,1.000000,0.736383
43030,1,1.000000,0.736406
43040,1,1.000000,0.736430
43050,1,1.000000,0.736453
43060,1,1.000000,0.736477
43070,1,1.000000,0.736500
43080,1,1.000000,0.736524
43090,1,0.998642,0.633211
43100,1,0.998709,0.633790
43110,1,0.998773,0.634364
43120,1,1.000000,0.736526
43130,1,1.000000,0.736550
43140,1,1.000000,0.736573
43150,1,1.000000,0.736596
43160,1,1.000000,0.736619
43170,1,0.998861,0.635272
43180,1,1.000000,0.736629
43190,1,1.000000,0.736652
43200,1,1.000000,0.736675
43210,1,1.000000,0.736698
43220,1,1.000000,0.736721
43230,1,1.000000,0.736742
43240,1,1.000000,0.736765
43250,1,1.000000,0.736788
43260,1,1.000000,0.736811
43270,1,1.000000,0.736834
43280,1,1.000000,0.736856
43290,1,1.000000,0.736879
43300,1,1.000000,0.736902
43310,1,1.000000,0.736925
43320,1,1.000000,0.736947
43330,1,0.998878,0.636056
43340,1,0.998933,0.636609
43350,1,1.000000,0.736972
43360,1,1.000000,0.736995
43370,1,1.000000,0.737017
43380,1,1.000000,0.737040
43390,1,1.000000,0.737062
43400,1,1.000000,0.737084
43410,1,1.000000,0.737107
43420,1,1.000000,0.737129
43430,1,1.000000,0.737151
43440,1,1.000000,0.737174
43450,1,1.000000,0.737196
43460,1,1.000000,0.737218
43470,1,1.000000,0.737240
43480,1,1.000000,0.737262
43490,1,0.998861,0.636940
43500,1,0.998916,0.637486
43510,1,0.998970,0.638027
43520,1,1.000000,0.737289
43530,1,1.000000,0.737311
43540,1,1.000000,0.737332
43550,1,0.998991,0.638457
43560,1,1.000000,0.737363
43570,1,1.000000,0.737385
43580,1,1.000000,0.737407
43590,1,1.000000,0.737429
43600,1,0.999030,0.638990
43610,1,1.000000,0.737450
43620,1,1.000000,0.737472
43630,1,1.000000,0.737494
43640,1,1.000000,0.737515
43650,1,1.000000,0.737537
43660,1,1.000000,0.737558
43670,1,1.000000,0.737580
43680,1,1.000000,0.737601
43690,1,1.000000,0.737618
43700,1,1.000000,0.737640
43710,1,1.000000,0.737661
43720,1,1.000000,0.737682
43730,1,1.000000,0.737704
43740,1,1.000000,0.737725
43750,1,1.000000,0.737746
43760,1,1.000000,0.737767
43770,1,1.000000,0.737788
43780,1,1.000000,0.737809
43790,1,1.000000,0.737831
43800,1,1.000000,0.737852
43810,1,1.000000,0.737872
43820,1,1.000000,0.737893
43830,1,1.000000,0.737914
43840,1,1.000000,0.737935
43850,1,1.000000,0.737956
43860,1,1.000000,0.737977
43870,1,1.000000,0.737998
43880,1,1.000000,0.738018
43890,1,1.000000,0.738039
43900,1,1.000000,0.738060
43910,1,1.000000,0.738080
43920,1,1.000000,0.738101
43930,1,1.000000,0.738121
43940,1,1.000000,0.738142
43950,1,1.000000,0.738162
43960,1,1.000000,0.738183
43970,1,1.000000,0.738203
43980,1,1.000000,0.738223
43990,1,1.000000,0.738244
44000,1,0.998898,0.639308
44010,1,0.998951,0.639833
44020,1,0.999001,0.640354
44030,1,0.999050,0.640871
44040,1,0.999096,0.641384
44050,1,0.999139,0.641892
44060,1,0.999181,0.642396
44070,1,1.000000,0.738276
44080,1,1.000000,0.738296
44090,1,1.000000,0.738317
44100,1,1.000000,0.738337
44110,1,1.000000,0.738357
44120,1,1.000000,0.738377
44130,1,1.000000,0.738397
44140,1,1.000000,0.738417
44150,1,1.000000,0.738437
44160,1,1.000000,0.738457
44170,1,1.000000,0.738477
44180,1,1.000000,0.738497
44190,1,1.000000,0.738517
44200,1,1.000000,0.738536
44210,1,1.000000,0.738556
44220,1,1.000000,0.738576
44230,1,1.000000,0.738596
44240,1,1.000000,0.738615
44250,1,1.000000,0.738635
44260,1,1.000000,0.738655
44270,1,1.000000,0.738674
44280,1,0.999205,0.642995
44290,1,0.999243,0.643490
44300,1,0.999280,0.643981
44310,1,0.999315,0.644468
44320,1,1.000000,0.738680
44330,1,1.000000,0.738700
44340,1,1.000000,0.738719
44350,1,1.000000,0.738739
44360,1,1.000000,0.738758
44370,1,1.000000,0.738777
44380,1,1.000000,0.738797
44390,1,1.000000,0.738816
44400,1,1.000000,0.738835
44410,1,1.000000,0.738855
44420,1,1.000000,0.738874
44430,1,1.000000,0.738893
44440,1,1.000000,0.738912
44450,1,1.000000,0.738931
44460,1,1.000000,0.738951
44470,1,1.000000,0.738970
44480,1,1.000000,0.738989
44490,1,1.000000,0.739008
44500,1,1.000000,0.739027
44510,1,1.000000,0.739046
44520,1,1.000000,0.739065
44530,1,1.000000,0.739083
44540,1,1.000000,0.739102
44550,1,1.000000,0.739121
44560,1,1.000000,0.739140
44570,1,1.000000,0.739159
44580,1,1.000000,0.739177
44590,1,1.000000,0.739196
44600,1,1.000000,0.739215
44610,1,1.000000,0.739233
44620,1,1.000000,0.739252
44630,1,1.000000,0.739271
44640,1,1.000000,0.739289
44650,1,1.000000,0.739308
44660,1,1.000000,0.739326
44670,1,1.000000,0.739345
44680,1,1.000000,0.739363
44690,1,1.000000,0.739381
44700,1,1.000000,0.739400
44710,1,1.000000,0.739418
44720,1,1.000000,0.739436
44730,1,1.000000,0.739455
44740,1,1.000000,0.739473
44750,1,1.000000,0.739491
44760,1,1.000000,0.739509
44770,1,1.000000,0.739527
44780,1,1.000000,0.739545
44790,1,1.000000,0.739558
44800,1,1.000000,0.739576
44810,1,1.000000,0.739594
44820,1,1.000000,0.739612
44830,1,1.000000,0.739630
44840,1,1.000000,0.739648
44850,1,1.000000,0.739666
44860,1,1.000000,0.739684
44870,1,1.000000,0.739702
44880,1,1.000000,0.739720
44890,1,1.000000,0.739737
44900,1,1.000000,0.739755
44910,1,0.999261,0.645286
44920,1,1.000000,0.739769
44930,1,1.000000,0.739787
44940,1,1.000000,0.739805
44950,1,1.000000,0.739823
44960,1,1.000000,0.739840
44970,1,1.000000,0.739858
44980,1,1.000000,0.739875
44990,1,1.000000,0.739893
45000,1,1.000000,0.739910
45010,1,1.000000,0.739928
45020,1,1.000000,0.739945
45030,1,1.000000,0.739961
45040,1,1.000000,0.739979
45050,1,1.000000,0.739996
45060,1,1.000000,0.740013
45070,1,1.000000,0.740031
45080,1,1.000000,0.740048
45090,1,1.000000,0.740063
45100,1,1.000000,0.740081
45110,1,1.000000,0.740098
45120,1,1.000000,0.740115
45130,1,1.000000,0.740132
45140,1,1.000000,0.740149
45150,1,1.000000,0.740166
45160,1,0.999225,0.645667
45170,1,0.999261,0.646140
45180,1,0.999295,0.646609
45190,1,0.999329,0.647074
45200,1,1.000000,0.740184
45210,1,1.000000,0.740201
45220,1,1.000000,0.740218
45230,1,1.000000,0.740235
45240,1,1.000000,0.740252
45250,1,1.000000,0.740269
45260,1,1.000000,0.740286
45270,1,1.000000,0.740302
45280,1,1.000000,0.740319
45290,1,1.000000,0.740336
45300,1,1.000000,0.740353
45310,1,1.000000,0.740370
45320,1,1.000000,0.740386
45330,1,1.000000,0.740403
45340,1,1.000000,0.740420
45350,1,1.000000,0.740437
45360,1,1.000000,0.740453
45370,1,1.000000,0.740470
45380,1,1.000000,0.740486
45390,1,1.000000,0.740503
45400,1,1.000000,0.740520
45410,1,1.000000,0.740536
45420,1,1.000000,0.740553
45430,1,1.000000,0.740569
45440,1,1.000000,0.740586
45450,1,1.000000,0.740602
45460,1,1.000000,0.740618
45470,1,1.000000,0.740635
45480,1,1.000000,0.740651
45490,1,1.000000,0.740667
45500,1,1.000000,0.740684
45510,1,1.000000,0.740700
45520,1,1.000000,0.740716
45530,1,1.000000,0.740732
45540,1,1.000000,0.740749
45550,1,1.000000,0.740765
45560,1,1.000000,0.740781
45570,1,1.000000,0.740797
45580,1,1.000000,0.740813
45590,1,1.000000,0.740829
45600,1,1.000000,0.740845
45610,1,1.000000,0.740861
45620,1,1.000000,0.740877
45630,1,1.000000,0.740893
45640,1,1.000000,0.740909
45650,1,1.000000,0.740925
45660,1,1.000000,0.740941
45670,1,1.000000,0.740957
45680,1,1.000000,0.740973
45690,1,1.000000,0.740989
45700,1,1.000000,0.741004
45710,1,1.000000,0.741020
45720,1,1.000000,0.741036
45730,1,1.000000,0.741052
45740,1,0.999278,0.647765
45750,1,0.999312,0.648221
45760,1,0.999344,0.648673
45770,1,0.999375,0.649122
45780,1,1.000000,0.741055
45790,1,1.000000,0.741070
45800,1,1.000000,0.741086
45810,1,1.000000,0.741102
45820,1,1.000000,0.741117
45830,1,0.999410,0.649700
45840,1,1.000000,0.741133
45850,1,1.000000,0.741149
45860,1,1.000000,0.741164
45870,1,1.000000,0.741180
45880,1,0.999436,0.650185
45890,1,1.000000,0.741194
45900,1,1.000000,0.741209
45910,1,1.000000,0.741225
45920,1,1.000000,0.741240
45930,1,1.000000,0.741255
45940,1,1.000000,0.741271
45950,1,1.000000,0.741286
45960,1,1.000000,0.741302
45970,1,1.000000,0.741317
45980,1,1.000000,0.741332
45990,1,1.000000,0.741347
46000,1,1.000000,0.741361
46010,1,0.999462,0.650753
46020,1,0.999487,0.651185
46030,1,1.000000,0.741378
46040,1,1.000000,0.741393
46050,1,1.000000,0.741408
46060,1,1.000000,0.741423
46070,1,1.000000,0.741439
46080,1,0.999505,0.651529
46090,1,0.999528,0.651956
46100,1,1.000000,0.741458
46110,1,1.000000,0.741473
46120,1,0.999538,0.652168
46130,1,1.000000,0.741485
46140,1,1.000000,0.741500
46150,1,1.000000,0.741515
46160,1,1.000000,0.741530
46170,1,1.000000,0.741545
46180,1,1.000000,0.741560
46190,1,1.000000,0.741575
46200,1,1.000000,0.741590
46210,1,1.000000,0.741605
46220,1,1.000000,0.741620
46230,1,1.000000,0.741635
46240,1,1.000000,0.741650
46250,1,1.000000,0.741664
46260,1,1.000000,0.741679
46270,1,1.000000,0.741694
46280,1,1.000000,0.741709
46290,1,1.000000,0.741723
46300,1,1.000000,0.741738
46310,1,1.000000,0.741753
46320,1,1.000000,0.741767
46330,1,1.000000,0.741782
46340,1,1.000000,0.741797
46350,1,1.000000,0.741811
46360,1,1.000000,0.741826
46370,1,1.000000,0.741840
46380,1,1.000000,0.741855
46390,1,0.999528,0.652757
46400,1,0.999550,0.653174
46410,1,0.999572,0.653589
46420,1,0.999592,0.653999
46430,1,0.999611,0.654407
46440,1,0.999629,0.654812
46450,1,0.999641,0.655174
46460,1,0.999658,0.655573
46470,1,0.999675,0.655969
46480,1,1.000000,0.741865
46490,1,1.000000,0.741880
46500,1,1.000000,0.741894
46510,1,0.999672,0.656284
46520,1,0.999687,0.656675
46530,1,0.999702,0.657063
46540,1,0.999714,0.657448
46550,1,1.000000,0.741910
46560,1,1.000000,0.741924
46570,1,1.000000,0.741939
46580,1,0.018078,0.008107
46590,1,1.000000,0.741953
46600,1,1.000000,0.741967
46610,1,1.000000,0.741982
46620,1,1.000000,0.741996
46630,1,1.000000,0.742010
46640,1,1.000000,0.742025
46650,1,1.000000,0.742039
46660,1,1.000000,0.742053
46670,1,1.000000,0.742067
46680,1,1.000000,0.742081
46690,1,1.000000,0.742096
46700,1,1.000000,0.742110
46710,1,1.000000,0.742124
46720,1,1.000000,0.742138
46730,1,1.000000,0.742152
46740,1,1.000000,0.742166
46750,1,1.000000,0.742180
46760,1,1.000000,0.742194
46770,1,0.999696,0.658285
46780,1,0.999711,0.658661
46790,1,0.999724,0.659035
46800,1,0.999737,0.659406
46810,1,0.999750,0.659774
46820,1,0.999761,0.660139
46830,1,1.000000,0.742204
46840,1,1.000000,0.742218
46850,1,1.000000,0.742232
46860,1,1.000000,0.742246
46870,1,1.000000,0.742260
46880,1,1.000000,0.742274
46890,1,1.000000,0.742288
46900,1,1.000000,0.742302
46910,1,1.000000,0.742315
46920,1,1.000000,0.742329
46930,1,1.000000,0.742343
46940,1,1.000000,0.742357
46950,1,1.000000,0.742371
46960,1,1.000000,0.742384
46970,1,1.000000,0.742398
46980,1,1.000000,0.742412
46990,1,1.000000,0.742425
47000,1,1.000000,0.742439
47010,1,1.000000,0.742453
47020,1,1.000000,0.742466
47030,1,1.000000,0.742480
47040,1,1.000000,0.742494
47050,1,1.000000,0.742507
47060,1,1.000000,0.742521
47070,1,1.000000,0.742534
47080,1,1.000000,0.742548
47090,1,1.000000,0.742561
47100,1,1.000000,0.742575
47110,1,1.000000,0.742588
47120,1,1.000000,0.742602
47130,1,1.000000,0.742615
47140,1,1.000000,0.742629
47150,1,1.000000,0.742642
47160,1,1.000000,0.742655
47170,1,1.000000,0.742669
47180,1,0.999754,0.660430
47190,1,0.999766,0.660790
47200,1,0.999776,0.661113
47210,1,0.999786,0.661469
47220,1,1.000000,0.742683
47230,1,1.000000,0.742697
47240,1,1.000000,0.742710
47250,1,1.000000,0.742723
47260,1,1.000000,0.742736
47270,1,1.000000,0.742750
47280,1,1.000000,0.742763
47290,1,1.000000,0.742776
47300,1,1.000000,0.742789
47310,1,1.000000,0.742802
47320,1,1.000000,0.742816
47330,1,1.000000,0.742829
47340,1,1.000000,0.742842
47350,1,1.000000,0.742855
47360,1,1.000000,0.742868
47370,1,1.000000,0.742881
47380,1,1.000000,0.742894
47390,1,1.000000,0.742907
47400,1,1.000000,0.742920
47410,1,1.000000,0.742933
47420,1,1.000000,0.742946
47430,1,1.000000,0.742959
47440,1,1.000000,0.742972
47450,1,1.000000,0.742985
47460,1,1.000000,0.742998
47470,1,1.000000,0.743010
47480,1,1.000000,0.743023
47490,1,1.000000,0.743036
47500,1,1.000000,0.743049
47510,1,1.000000,0.743062
47520,1,1.000000,0.743075
47530,1,1.000000,0.743087
47540,1,0.999785,0.661858
47550,1,0.999795,0.662208
47560,1,0.999805,0.662557
47570,1,0.999814,0.662903
47580,1,1.000000,0.743100
47590,1,0.999824,0.663315
47600,1,1.000000,0.743114
47610,1,1.000000,0.743127
47620,1,1.000000,0.743139
47630,1,1.000000,0.743152
47640,1,1.000000,0.743165
47650,1,0.999831,0.663723
47660,1,1.000000,0.743170
47670,1,1.000000,0.743182
47680,1,1.000000,0.743195
47690,1,1.000000,0.743208
47700,1,0.999842,0.664329
47710,1,0.999844,0.664663
47720,1,0.999851,0.664995
47730,1,1.000000,0.743215
47740,1,1.000000,0.743228
47750,1,1.000000,0.743240
47760,1,1.000000,0.743253
47770,1,1.000000,0.743264
47780,1,1.000000,0.743277
47790,1,1.000000,0.743289
47800,1,1.000000,0.743302
47810,1,1.000000,0.743314
47820,1,1.000000,0.743326
47830,1,1.000000,0.743339
47840,1,0.999846,0.665225
47850,1,0.999853,0.665553
47860,1,0.999860,0.665878
47870,1,0.999866,0.666201
47880,1,0.999873,0.666522
47890,1,1.000000,0.743350
47900,1,1.000000,0.743362
47910,1,1.000000,0.743375
47920,1,1.000000,0.743387
47930,1,1.000000,0.743400
47940,1,1.000000,0.743412
47950,1,1.000000,0.743424
47960,1,1.000000,0.743436
47970,1,1.000000,0.743449
47980,1,1.000000,0.743461
47990,1,1.000000,0.743473
48000,1,1.000000,0.743485
48010,1,1.000000,0.743498
48020,1,1.000000,0.743510
48030,1,1.000000,0.743522
48040,1,1.000000,0.743534
48050,1,1.000000,0.743546
48060,1,1.000000,0.743558
48070,1,1.000000,0.743570
48080,1,1.000000,0.743583
48090,1,1.000000,0.743595
48100,1,1.000000,0.743607
48110,1,1.000000,0.743619
48120,1,1.000000,0.743631
48130,1,1.000000,0.743643
48140,1,1.000000,0.743655
48150,1,1.000000,0.743667
48160,1,1.000000,0.743679
48170,1,1.000000,0.743691
48180,1,1.000000,0.743703
48190,1,1.000000,0.743714
48200,1,1.000000,0.743726
48210,1,1.000000,0.743738
48220,1,1.000000,0.743750
48230,1,1.000000,0.743762
48240,1,1.000000,0.743774
48250,1,1.000000,0.743786
48260,1,1.000000,0.743797
48270,1,1.000000,0.743809
48280,1,1.000000,0.743821
48290,1,1.000000,0.743833
48300,1,1.000000,0.743844
48310,1,1.000000,0.743856
48320,1,1.000000,0.743868
48330,1,1.000000,0.743880
48340,1,1.000000,0.743891
48350,1,1.000000,0.743903
48360,1,1.000000,0.743915
48370,1,1.000000,0.743926
48380,1,1.000000,0.743938
48390,1,1.000000,0.743949
48400,1,1.000000,0.743961
48410,1,1.000000,0.743973
48420,1,1.000000,0.743984
48430,1,1.000000,0.743996
48440,1,1.000000,0.744007
48450,1,1.000000,0.744019
48460,1,1.000000,0.744030
48470,1,1.000000,0.744042
48480,1,1.000000,0.744053
48490,1,1.000000,0.744065
48500,1,1.000000,0.744076
48510,1,1.000000,0.744087
48520,1,1.000000,0.744099
48530,1,1.000000,0.744110
48540,1,1.000000,0.744122
48550,1,1.000000,0.744133
48560,1,1.000000,0.744144
48570,1,1.000000,0.744156
48580,1,1.000000,0.744167
48590,1,1.000000,0.744178
48600,1,1.000000,0.744190
48610,1,1.000000,0.744201
48620,1,1.000000,0.744212
48630,1,1.000000,0.744223
48640,1,1.000000,0.744235
48650,1,1.000000,0.744246
48660,1,1.000000,0.744257
48670,1,1.000000,0.744268
48680,1,1.000000,0.744279
48690,1,1.000000,0.744290
48700,1,1.000000,0.744302
48710,1,1.000000,0.744313
48720,1,1.000000,0.744324
48730,1,1.000000,0.744335
48740,1,1.000000,0.744346
48750,1,1.000000,0.744357
48760,1,1.000000,0.744368
48770,1,1.000000,0.744379
48780,1,1.000000,0.744390
48790,1,1.000000,0.744401
48800,1,1.000000,0.744412
48810,1,1.000000,0.744423
48820,1,1.000000,0.744434
48830,1,1.000000,0.744445
48840,1,1.000000,0.744455
48850,1,1.000000,0.744466
48860,1,1.000000,0.744477
48870,1,1.000000,0.744488
48880,1,1.000000,0.744499
48890,1,1.000000,0.744510
48900,1,1.000000,0.744520
48910,1,1.000000,0.744531
48920,1,1.000000,0.744542
48930,1,1.000000,0.744553
48940,1,1.000000,0.744564
48950,1,1.000000,0.744575
48960,1,1.000000,0.744585
48970,1,1.000000,0.744596
48980,1,1.000000,0.744607
48990,1,1.000000,0.744618
49000,1,1.000000,0.744628
49010,1,1.000000,0.744638
49020,1,1.000000,0.744649
49030,1,1.000000,0.744659
49040,1,1.000000,0.744670
49050,1,1.000000,0.744681
49060,1,1.000000,0.744691
49070,1,1.000000,0.744702
49080,1,1.000000,0.744713
49090,1,1.000000,0.744723
49100,1,1.000000,0.744734
49110,1,1.000000,0.744744
49120,1,1.000000,0.744755
49130,1,1.000000,0.744765
49140,1,1.000000,0.744776
49150,1,1.000000,0.744786
49160,1,0.999838,0.666873
49170,1,0.999846,0.667189
49180,1,1.000000,0.744801
49190,1,1.000000,0.744812
49200,1,1.000000,0.744822
49210,1,1.000000,0.744833
49220,1,1.000000,0.744843
49230,1,1.000000,0.744854
49240,1,1.000000,0.744864
49250,1,1.000000,0.744874
49260,1,1.000000,0.744885
49270,1,1.000000,0.744895
49280,1,1.000000,0.744906
49290,1,1.000000,0.744915
49300,1,1.000000,0.744925
49310,1,1.000000,0.744936
49320,1,1.000000,0.744946
49330,1,1.000000,0.744956
49340,1,1.000000,0.744967
49350,1,1.000000,0.744977
49360,1,1.000000,0.744987
49370,1,1.000000,0.744997
49380,1,1.000000,0.745008
49390,1,1.000000,0.745018
49400,1,1.000000,0.745028
49410,1,1.000000,0.745038
49420,1,1.000000,0.745048
49430,1,0.999844,0.667535
49440,1,0.999851,0.667847
49450,1,0.999858,0.668157
49460,1,0.999865,0.668465
49470,1,1.000000,0.745051
49480,1,1.000000,0.745061
49490,1,1.000000,0.745071
49500,1,1.000000,0.745081
49510,1,1.000000,0.745091
49520,1,1.000000,0.745101
49530,1,1.000000,0.745111
49540,1,1.000000,0.745122
49550,1,1.000000,0.745132
49560,1,1.000000,0.745142
49570,1,1.000000,0.745152
49580,1,1.000000,0.745162
49590,1,1.000000,0.745172
49600,1,1.000000,0.745182
49610,1,1.000000,0.745192
49620,1,1.000000,0.745202
49630,1,1.000000,0.745212
49640,1,1.000000,0.745222
49650,1,1.000000,0.745232
49660,1,1.000000,0.745242
49670,1,1.000000,0.745252
49680,1,1.000000,0.745262
49690,1,1.000000,0.745272
49700,1,1.000000,0.745282
49710,1,1.000000,0.745292
49720,1,1.000000,0.745301
49730,1,1.000000,0.745311
49740,1,1.000000,0.745321
49750,1,1.000000,0.745331
49760,1,1.000000,0.745341
49770,1,1.000000,0.745350
49780,1,1.000000,0.745360
49790,1,1.000000,0.745369
49800,1,1.000000,0.745379
49810,1,1.000000,0.745389
49820,1,1.000000,0.745399
49830,1,1.000000,0.745408
49840,1,1.000000,0.745418
49850,1,1.000000,0.745428
49860,1,1.000000,0.745438
49870,1,1.000000,0.745447
49880,1,1.000000,0.745457
49890,1,1.000000,0.745467
49900,1,1.000000,0.745476
49910,1,1.000000,0.745486
49920,1,1.000000,0.745496
49930,1,1.000000,0.745505
49940,1,1.000000,0.745515
49950,1,1.000000,0.745525
49960,1,1.000000,0.745534
49970,1,1.000000,0.745544
49980,1,1.000000,0.745553
49990,1,1.000000,0.745563
50000,1,1.000000,0.745573
50010,1,0.999859,0.668862
50020,1,0.999866,0.669166
50030,1,1.000000,0.745581
50040,1,1.000000,0.745591
50050,1,1.000000,0.745600
50060,1,1.000000,0.745610
50070,1,1.000000,0.745619
50080,1,1.000000,0.745629
50090,1,1.000000,0.745638
50100,1,1.000000,0.745648
50110,1,1.000000,0.745657
50120,1,1.000000,0.745667
50130,1,1.000000,0.745676
50140,1,1.000000,0.745686
50150,1,1.000000,0.745695
50160,1,1.000000,0.745704
50170,1,1.000000,0.745714
50180,1,1.000000,0.745723
50190,1,1.000000,0.745733
50200,1,1.000000,0.745742
50210,1,1.000000,0.745751
50220,1,1.000000,0.745761
50230,1,1.000000,0.745770
50240,1,1.000000,0.745779
50250,1,1.000000,0.745789
50260,1,1.000000,0.745798
50270,1,1.000000,0.745807
50280,1,1.000000,0.745816
50290,1,0.999867,0.669527
50300,1,0.999873,0.669826
50310,1,0.999879,0.670123
50320,1,1.000000,0.745828
50330,1,1.000000,0.745837
50340,1,1.000000,0.745846
50350,1,1.000000,0.745855
50360,1,1.000000,0.745864
50370,1,1.000000,0.745874
50380,1,1.000000,0.745883
50390,1,1.000000,0.745892
50400,1,1.000000,0.745901
50410,1,1.000000,0.745910
50420,1,1.000000,0.745920
50430,1,1.000000,0.745929
50440,1,1.000000,0.745937
50450,1,1.000000,0.745946
50460,1,1.000000,0.745955
50470,1,1.000000,0.745964
50480,1,1.000000,0.745973
50490,1,1.000000,0.745982
50500,1,1.000000,0.745992
50510,1,1.000000,0.746001
50520,1,1.000000,0.746010
50530,1,1.000000,0.746019
50540,1,1.000000,0.746028
50550,1,1.000000,0.746037
50560,1,1.000000,0.746046
50570,1,1.000000,0.746055
50580,1,1.000000,0.746064
50590,1,0.999877,0.670330
50600,1,0.999882,0.670624
50610,1,0.999888,0.670916
50620,1,1.000000,0.746071
50630,1,1.000000,0.746080
50640,1,1.000000,0.746089
50650,1,1.000000,0.746098
50660,1,1.000000,0.746107
50670,1,1.000000,0.746116
50680,1,1.000000,0.746125
50690,1,1.000000,0.746133
50700,1,1.000000,0.746142
50710,1,1.000000,0.746151
50720,1,1.000000,0.746160
50730,1,1.000000,0.746169
50740,1,1.000000,0.746178
50750,1,1.000000,0.746187
50760,1,1.000000,0.746195
50770,1,1.000000,0.746204
50780,1,1.000000,0.746213
50790,1,1.000000,0.746222
50800,1,1.000000,0.746231
50810,1,0.999887,0.671148
50820,1,0.999892,0.671437
50830,1,0.999897,0.671724
50840,1,0.999902,0.672009
50850,1,0.999906,0.672292
50860,1,1.000000,0.746241
50870,1,1.000000,0.746250
50880,1,1.000000,0.746259
50890,1,1.000000,0.746268
50900,1,0.999911,0.672769
50910,1,1.000000,0.746269
50920,1,1.000000,0.746278
50930,1,1.000000,0.746287
50940,1,1.000000,0.746295
50950,1,1.000000,0.746304
50960,1,1.000000,0.746313
50970,1,1.000000,0.746322
50980,1,1.000000,0.746330
50990,1,1.000000,0.746339
51000,1,1.000000,0.746348
51010,1,1.000000,0.746356
51020,1,1.000000,0.746365
51030,1,1.000000,0.746374
51040,1,1.000000,0.746382
51050,1,1.000000,0.746391
51060,1,1.000000,0.746399
51070,1,1.000000,0.746408
51080,1,1.000000,0.746417
51090,1,1.000000,0.746425
51100,1,1.000000,0.746434
51110,1,1.000000,0.746442
51120,1,1.000000,0.746451
51130,1,1.000000,0.746459
51140,1,1.000000,0.746468
51150,1,1.000000,0.746476
51160,1,1.000000,0.746485
51170,1,1.000000,0.746493
51180,1,1.000000,0.746502
51190,1,1.000000,0.746510
51200,1,1.000000,0.746519
51210,1,1.000000,0.746527
51220,1,1.000000,0.746535
51230,1,1.000000,0.746543
51240,1,1.000000,0.746552
51250,1,1.000000,0.746560
51260,1,1.000000,0.746569
51270,1,1.000000,0.746577
51280,1,1.000000,0.746585
51290,1,1.000000,0.746594
51300,1,1.000000,0.746602
51310,1,1.000000,0.746610
51320,1,1.000000,0.746619
51330,1,1.000000,0.746627
51340,1,1.000000,0.746635
51350,1,1.000000,0.746644
51360,1,1.000000,0.746652
51370,1,1.000000,0.746660
51380,1,1.000000,0.746669
51390,1,1.000000,0.746677
51400,1,1.000000,0.746685
51410,1,1.000000,0.746694
51420,1,1.000000,0.746702
51430,1,1.000000,0.746710
51440,1,1.000000,0.746718
51450,1,1.000000,0.746727
51460,1,1.000000,0.746735
51470,1,1.000000,0.746743
51480,1,1.000000,0.746751
51490,1,1.000000,0.746759
51500,1,1.000000,0.746768
51510,1,1.000000,0.746776
51520,1,1.000000,0.746784
51530,1,1.000000,0.746792
51540,1,1.000000,0.746800
51550,1,1.000000,0.746808
51560,1,0.999900,0.673020
51570,1,0.999904,0.673297
51580,1,0.999908,0.673572
51590,1,0.999912,0.673845
51600,1,0.999916,0.674117
51610,1,0.999920,0.674387
51620,1,0.999924,0.674655
51630,1,1.000000,0.746821
51640,1,1.000000,0.746830
51650,1,1.000000,0.746838
51660,1,1.000000,0.746846
51670,1,1.000000,0.746854
51680,1,1.000000,0.746862
51690,1,1.000000,0.746870
51700,1,1.000000,0.746878
51710,1,1.000000,0.746886
51720,1,1.000000,0.746894
51730,1,1.000000,0.746900
51740,1,1.000000,0.746908
51750,1,1.000000,0.746916
51760,1,1.000000,0.746924
51770,1,1.000000,0.746932
51780,1,1.000000,0.746940
51790,1,1.000000,0.746948
51800,1,1.000000,0.746956
51810,1,1.000000,0.746964
51820,1,1.000000,0.746972
51830,1,1.000000,0.746980
51840,1,1.000000,0.746988
51850,1,1.000000,0.746996
51860,1,1.000000,0.747004
51870,1,1.000000,0.747012
51880,1,1.000000,0.747019
51890,1,1.000000,0.747027
51900,1,1.000000,0.747035
51910,1,1.000000,0.747043
51920,1,1.000000,0.747051
51930,1,1.000000,0.747059
51940,1,0.999923,0.674975
51950,1,0.999927,0.675240
51960,1,0.999930,0.675503
51970,1,0.999933,0.675765
51980,1,1.000000,0.747061
51990,1,0.999938,0.676232
52000,1,1.000000,0.747064
52010,1,1.000000,0.747072
52020,1,1.000000,0.747079
52030,1,1.000000,0.747087
52040,1,1.000000,0.747095
52050,1,1.000000,0.747103
52060,1,1.000000,0.747111
52070,1,1.000000,0.747118
52080,1,1.000000,0.747126
52090,1,1.000000,0.747134
52100,1,1.000000,0.747142
52110,1,1.000000,0.747150
52120,1,1.000000,0.747157
52130,1,1.000000,0.747165
52140,1,1.000000,0.747173
52150,1,1.000000,0.747181
52160,1,1.000000,0.747188
52170,1,1.000000,0.747196
52180,1,1.000000,0.747204
52190,1,1.000000,0.747211
52200,1,0.999940,0.676540
52210,1,0.999943,0.676796
52220,1,0.999946,0.677049
52230,1,0.999948,0.677302
52240,1,0.999950,0.677552
52250,1,1.000000,0.747222
52260,1,1.000000,0.747230
52270,1,1.000000,0.747238
52280,1,0.999951,0.677702
52290,1,0.999953,0.677951
52300,1,1.000000,0.747247
52310,1,1.000000,0.747255
52320,1,1.000000,0.747262
52330,1,1.000000,0.747270
52340,1,1.000000,0.747277
52350,1,1.000000,0.747285
52360,1,1.000000,0.747293
52370,1,1.000000,0.747300
52380,1,1.000000,0.747308
52390,1,1.000000,0.747316
52400,1,1.000000,0.747321
52410,1,1.000000,0.747328
52420,1,1.000000,0.747336
52430,1,0.999955,0.678296
52440,1,1.000000,0.747341
52450,1,1.000000,0.747348
52460,1,1.000000,0.747356
52470,1,1.000000,0.747363
52480,1,1.000000,0.747371
52490,1,1.000000,0.747378
52500,1,1.000000,0.747386
52510,1,1.000000,0.747393
52520,1,1.000000,0.747401
52530,1,1.000000,0.747408
52540,1,1.000000,0.747416
52550,1,1.000000,0.747423
52560,1,1.000000,0.747431
52570,1,1.000000,0.747438
52580,1,1.000000,0.747446
52590,1,1.000000,0.747453
52600,1,1.000000,0.747461
52610,1,1.000000,0.747468
52620,1,1.000000,0.747475
52630,1,1.000000,0.747483
52640,1,1.000000,0.747490
52650,1,1.000000,0.747498
52660,1,1.000000,0.747505
52670,1,0.999956,0.678614
52680,1,0.999958,0.678857
52690,1,0.999960,0.679099
52700,1,1.000000,0.747511
52710,1,1.000000,0.747518
52720,1,1.000000,0.747526
52730,1,1.000000,0.747533
52740,1,1.000000,0.747540
52750,1,1.000000,0.747548
52760,1,1.000000,0.747555
52770,1,1.000000,0.747562
52780,1,1.000000,0.747570
52790,1,1.000000,0.747577
52800,1,1.000000,0.747584
52810,1,1.000000,0.747592
52820,1,1.000000,0.747599
52830,1,1.000000,0.747606
52840,1,1.000000,0.747614
52850,1,1.000000,0.747620
52860,1,1.000000,0.747627
52870,1,1.000000,0.747635
52880,1,1.000000,0.747642
52890,1,1.000000,0.747649
52900,1,1.000000,0.747656
52910,1,1.000000,0.747664
52920,1,1.000000,0.747671
52930,1,1.000000,0.747678
52940,1,1.000000,0.747685
52950,1,1.000000,0.747692
52960,1,1.000000,0.747700
52970,1,1.000000,0.747707
52980,1,1.000000,0.747714
52990,1,1.000000,0.747721
53000,1,1.000000,0.747728
53010,1,1.000000,0.747736
53020,1,1.000000,0.747743
53030,1,0.999958,0.679339
53040,1,1.000000,0.747746
53050,1,0.999960,0.679626
53060,1,0.999962,0.679863
53070,1,1.000000,0.747754
53080,1,1.000000,0.747761
53090,1,1.000000,0.747768
53100,1,1.000000,0.747775
53110,1,1.000000,0.747783
53120,1,1.000000,0.747790
53130,1,1.000000,0.747797
53140,1,1.000000,0.747804
53150,1,1.000000,0.747811
53160,1,1.000000,0.747818
53170,1,1.000000,0.747825
53180,1,1.000000,0.747832
53190,1,1.000000,0.747839
53200,1,1.000000,0.747846
53210,1,1.000000,0.747853
53220,1,1.000000,0.747860
53230,1,1.000000,0.747867
53240,1,1.000000,0.747874
53250,1,1.000000,0.747881
53260,1,1.000000,0.747888
53270,1,1.000000,0.747895
53280,1,1.000000,0.747902
53290,1,1.000000,0.747909
53300,1,0.999960,0.680075
53310,1,0.999962,0.680310
53320,1,0.999963,0.680543
53330,1,0.999965,0.680775
53340,1,0.999967,0.681006
53350,1,1.000000,0.747914
53360,1,1.000000,0.747921
53370,1,1.000000,0.747928
53380,1,1.000000,0.747935
53390,1,1.000000,0.747942
53400,1,1.000000,0.747949
53410,1,1.000000,0.747956
53420,1,1.000000,0.747963
53430,1,1.000000,0.747970
53440,1,1.000000,0.747977
53450,1,1.000000,0.747983
53460,1,1.000000,0.747990
53470,1,1.000000,0.747997
53480,1,1.000000,0.748004
53490,1,1.000000,0.748011
53500,1,1.000000,0.748018
53510,1,1.000000,0.748025
53520,1,1.000000,0.748032
53530,1,1.000000,0.748038
53540,1,1.000000,0.748045
53550,1,1.000000,0.748052
53560,1,1.000000,0.748059
53570,1,1.000000,0.748066
53580,1,1.000000,0.748073
53590,1,1.000000,0.748079
53600,1,1.000000,0.748086
53610,1,1.000000,0.748093
53620,1,1.000000,0.748100
53630,1,1.000000,0.748106
53640,1,1.000000,0.748113
53650,1,1.000000,0.748120
53660,1,1.000000,0.748127
53670,1,1.000000,0.748134
53680,1,0.999967,0.681417
53690,1,0.999969,0.681644
53700,1,0.999970,0.681870
53710,1,0.999972,0.682094
53720,1,0.999973,0.682318
53730,1,0.999974,0.682539
53740,1,1.000000,0.748138
53750,1,1.000000,0.748144
53760,1,1.000000,0.748151
53770,1,1.000000,0.748158
53780,1,1.000000,0.748164
53790,1,1.000000,0.748171
53800,1,1.000000,0.748178
53810,1,1.000000,0.748185
53820,1,1.000000,0.748191
53830,1,0.999975,0.682782
53840,1,0.999976,0.683001
53850,1,0.999977,0.683220
53860,1,0.999978,0.683436
53870,1,0.999979,0.683652
53880,1,0.999980,0.683867
53890,1,0.999980,0.684080
53900,1,0.999981,0.684292
53910,1,1.000000,0.748199
53920,1,1.000000,0.748205
53930,1,1.000000,0.748212
53940,1,1.000000,0.748219
53950,1,1.000000,0.748225
53960,1,1.000000,0.748232
53970,1,1.000000,0.748239
53980,1,1.000000,0.748245
53990,1,1.000000,0.748252
54000,1,1.000000,0.748259
54010,1,1.000000,0.748265
54020,1,1.000000,0.748272
54030,1,1.000000,0.748278
54040,1,1.000000,0.748285
54050,1,1.000000,0.748292
54060,1,1.000000,0.748298
54070,1,1.000000,0.748305
54080,1,1.000000,0.748311
54090,1,1.000000,0.748318
54100,1,1.000000,0.748324
54110,1,1.000000,0.748331
54120,1,1.000000,0.748338
54130,1,1.000000,0.748344
54140,1,1.000000,0.748351
54150,1,1.000000,0.748357
54160,1,1.000000,0.748364
54170,1,1.000000,0.748370
54180,1,1.000000,0.748377
54190,1,1.000000,0.748383
54200,1,1.000000,0.748390
54210,1,1.000000,0.748396
54220,1,1.000000,0.748403
54230,1,1.000000,0.748409
54240,1,1.000000,0.748416
54250,1,1.000000,0.748422
54260,1,1.000000,0.748429
54270,1,1.000000,0.748435
54280,1,1.000000,0.748441
54290,1,1.000000,0.748448
54300,1,1.000000,0.748454
54310,1,1.000000,0.748461
54320,1,1.000000,0.748467
54330,1,1.000000,0.748474
54340,1,1.000000,0.748480
54350,1,1.000000,0.748486
54360,1,1.000000,0.748493
54370,1,1.000000,0.748499
54380,1,1.000000,0.748506
54390,1,1.000000,0.748512
54400,1,1.000000,0.748518
54410,1,1.000000,0.748525
54420,1,1.000000,0.748531
54430,1,1.000000,0.748537
54440,1,1.000000,0.748544
54450,1,1.000000,0.748550
54460,1,1.000000,0.748556
54470,1,1.000000,0.748562
54480,1,1.000000,0.748568
54490,1,1.000000,0.748575
54500,1,1.000000,0.748581
54510,1,1.000000,0.748587
54520,1,1.000000,0.748594
54530,1,1.000000,0.748600
54540,1,1.000000,0.748606
54550,1,1.000000,0.748612
54560,1,1.000000,0.748619
54570,1,1.000000,0.748625
54580,1,1.000000,0.748631
54590,1,0.999979,0.684461
54600,1,1.000000,0.748634
54610,1,0.999980,0.684776
54620,1,1.000000,0.748636
54630,1,1.000000,0.748642
54640,1,1.000000,0.748649
54650,1,1.000000,0.748655
54660,1,1.000000,0.748661
54670,1,1.000000,0.748667
54680,1,1.000000,0.748674
54690,1,1.000000,0.748680
54700,1,1.000000,0.748686
54710,1,1.000000,0.748692
54720,1,1.000000,0.748698
54730,1,1.000000,0.748705
54740,1,1.000000,0.748711
54750,1,1.000000,0.748717
54760,1,1.000000,0.748723
54770,1,1.000000,0.748729
54780,1,1.000000,0.748736
54790,1,1.000000,0.748742
54800,1,1.000000,0.748748
54810,1,1.000000,0.748754
54820,1,1.000000,0.748760
54830,1,1.000000,0.748766
54840,1,1.000000,0.748772
54850,1,1.000000,0.748778
54860,1,1.000000,0.748785
54870,1,1.000000,0.748791
54880,1,1.000000,0.748797
54890,1,1.000000,0.748803
54900,1,0.999981,0.685150
54910,1,1.000000,0.748805
54920,1,1.000000,0.748811
54930,1,1.000000,0.748817
54940,1,1.000000,0.748824
54950,1,1.000000,0.748830
54960,1,1.000000,0.748836
54970,1,1.000000,0.748842
54980,1,1.000000,0.748848
54990,1,1.000000,0.748854
55000,1,1.000000,0.748860
55010,1,1.000000,0.748866
55020,1,1.000000,0.748872
55030,1,1.000000,0.748878
55040,1,1.000000,0.748884
55050,1,1.000000,0.748890
55060,1,1.000000,0.748896
55070,1,1.000000,0.748902
55080,1,1.000000,0.748907
55090,1,1.000000,0.748913
55100,1,1.000000,0.748919
55110,1,1.000000,0.748925
55120,1,1.000000,0.748931
55130,1,1.000000,0.748937
55140,1,1.000000,0.748943
55150,1,0.999981,0.685336
55160,1,0.999982,0.685541
55170,1,1.000000,0.748949
55180,1,1.000000,0.748955
55190,1,1.000000,0.748961
55200,1,1.000000,0.748967
55210,1,1.000000,0.748973
55220,1,1.000000,0.748979
55230,1,1.000000,0.748985
55240,1,1.000000,0.748991
55250,1,1.000000,0.748996
55260,1,1.000000,0.749002
55270,1,1.000000,0.749008
55280,1,1.000000,0.749014
55290,1,1.000000,0.749020
55300,1,1.000000,0.749026
55310,1,1.000000,0.749031
55320,1,1.000000,0.749037
55330,1,1.000000,0.749043
55340,1,1.000000,0.749049
55350,1,1.000000,0.749055
55360,1,0.999982,0.685847
55370,1,1.000000,0.749059
55380,1,1.000000,0.749065
55390,1,1.000000,0.749071
55400,1,1.000000,0.749077
55410,1,1.000000,0.749082
55420,1,1.000000,0.749088
55430,1,1.000000,0.749094
55440,1,1.000000,0.749100
55450,1,1.000000,0.749106
55460,1,1.000000,0.749111
55470,1,1.000000,0.749117
55480,1,1.000000,0.749123
55490,1,1.000000,0.749129
55500,1,1.000000,0.749135
55510,1,1.000000,0.749140
55520,1,1.000000,0.749146
55530,1,1.000000,0.749152
55540,1,1.000000,0.749158
55550,1,1.000000,0.749163
55560,1,1.000000,0.749169
55570,1,1.000000,0.749175
55580,1,1.000000,0.749181
55590,1,1.000000,0.749186
55600,1,1.000000,0.749192
55610,1,1.000000,0.749198
55620,1,1.000000,0.749204
55630,1,1.000000,0.749209
55640,1,1.000000,0.749215
55650,1,1.000000,0.749221
55660,1,1.000000,0.749226
55670,1,1.000000,0.749232
55680,1,1.000000,0.749238
55690,1,1.000000,0.749243
55700,1,1.000000,0.749249
55710,1,1.000000,0.749255
55720,1,1.000000,0.749261
55730,1,1.000000,0.749266
55740,1,1.000000,0.749272
55750,1,1.000000,0.749277
55760,1,1.000000,0.749283
55770,1,1.000000,0.749289
55780,1,1.000000,0.749294
55790,1,1.000000,0.749300
55800,1,1.000000,0.749306
55810,1,1.000000,0.749311
55820,1,1.000000,0.749317
55830,1,1.000000,0.749323
55840,1,0.002630,0.002832
55850,1,1.000000,0.749333
55860,1,1.000000,0.749339
55870,1,1.000000,0.749344
55880,1,1.000000,0.749350
55890,1,1.000000,0.749355
55900,1,1.000000,0.749361
55910,1,1.000000,0.749367
55920,1,1.000000,0.749372
55930,1,1.000000,0.749378
55940,1,1.000000,0.749383
55950,1,1.000000,0.749389
55960,1,1.000000,0.749394
55970,1,1.000000,0.749400
55980,1,1.000000,0.749405
55990,1,1.000000,0.749411
56000,1,1.000000,0.749417
56010,1,1.000000,0.749422
56020,1,1.000000,0.749428
56030,1,1.000000,0.749433
56040,1,1.000000,0.749439
56050,1,1.000000,0.749444
56060,1,1.000000,0.749450
56070,1,1.000000,0.749455
56080,1,1.000000,0.749461
56090,1,1.000000,0.749466
56100,1,1.000000,0.749472
56110,1,1.000000,0.749477
56120,1,1.000000,0.749482
56130,1,1.000000,0.749488
56140,1,1.000000,0.749493
56150,1,1.000000,0.749498
56160,1,1.000000,0.749504
56170,1,1.000000,0.749509
56180,1,1.000000,0.749515
56190,1,1.000000,0.749520
56200,1,1.000000,0.749525
56210,1,1.000000,0.749531
56220,1,1.000000,0.749536
56230,1,1.000000,0.749542
56240,1,1.000000,0.749547
56250,1,1.000000,0.749553
56260,1,1.000000,0.749558
56270,1,1.000000,0.749563
56280,1,1.000000,0.749569
56290,1,1.000000,0.749574
56300,1,1.000000,0.749579
56310,1,1.000000,0.749585
56320,1,1.000000,0.749590
56330,1,1.000000,0.749596
56340,1,1.000000,0.749601
56350,1,1.000000,0.749606
56360,1,1.000000,0.749612
56370,1,1.000000,0.749617
56380,1,1.000000,0.749622
56390,1,1.000000,0.749628
56400,1,1.000000,0.749633
56410,1,1.000000,0.749638
56420,1,1.000000,0.749644
56430,1,1.000000,0.749649
56440,1,1.000000,0.749654
56450,1,1.000000,0.749660
56460,1,1.000000,0.749665
56470,1,0.999979,0.686110
56480,1,0.999980,0.686312
56490,1,0.999981,0.686512
56500,1,0.999982,0.686711
56510,1,0.999983,0.686909
56520,1,0.999983,0.687106
56530,1,1.000000,0.749668
56540,1,1.000000,0.749673
56550,1,1.000000,0.749679
56560,1,1.000000,0.749684
56570,1,1.000000,0.749689
56580,1,1.000000,0.749694
56590,1,1.000000,0.749700
56600,1,1.000000,0.749705
56610,1,1.000000,0.749710
56620,1,1.000000,0.749715
56630,1,1.000000,0.749721
56640,1,1.000000,0.749726
56650,1,1.000000,0.749731
56660,1,1.000000,0.749736
56670,1,1.000000,0.749742
56680,1,0.004200,0.004152
56690,1,1.000000,0.749752
56700,1,1.000000,0.749757
56710,1,0.999984,0.687341
56720,1,0.999985,0.687536
56730,1,0.999985,0.687729
56740,1,0.999986,0.687922
56750,1,0.999987,0.688114
56760,1,0.999987,0.688304
56770,1,1.000000,0.749760
56780,1,1.000000,0.749765
56790,1,1.000000,0.749770
56800,1,1.000000,0.749776
56810,1,1.000000,0.749781
56820,1,1.000000,0.749786
56830,1,1.000000,0.749791
56840,1,1.000000,0.749796
56850,1,1.000000,0.749802
56860,1,1.000000,0.749807
56870,1,1.000000,0.749812
56880,1,1.000000,0.749817
56890,1,1.000000,0.749822
56900,1,1.000000,0.749827
56910,1,1.000000,0.749833
56920,1,1.000000,0.749838
56930,1,1.000000,0.749843
56940,1,1.000000,0.749848
56950,1,1.000000,0.749853
56960,1,0.999987,0.688475
56970,1,0.999988,0.688664
56980,1,0.999988,0.688852
56990,1,1.000000,0.749860
57000,1,0.999989,0.689132
57010,1,1.000000,0.749862
57020,1,0.999990,0.689354
57030,1,0.999990,0.689539
57040,1,1.000000,0.749867
57050,1,1.000000,0.749872
57060,1,1.000000,0.749877
57070,1,1.000000,0.749882
57080,1,1.000000,0.749887
57090,1,1.000000,0.749893
57100,1,1.000000,0.749898
57110,1,1.000000,0.749903
57120,1,1.000000,0.749907
57130,1,1.000000,0.749912
57140,1,1.000000,0.749917
57150,1,1.000000,0.749923
57160,1,1.000000,0.749928
57170,1,1.000000,0.749933
57180,1,1.000000,0.749938
57190,1,1.000000,0.749943
57200,1,1.000000,0.749948
57210,1,1.000000,0.749953
57220,1,1.000000,0.749958
57230,1,1.000000,0.749963
57240,1,1.000000,0.749968
57250,1,1.000000,0.749973
57260,1,1.000000,0.749978
57270,1,0.999990,0.689758
57280,1,0.999990,0.689941
57290,1,0.999991,0.690122
57300,1,0.999991,0.690303
57310,1,0.999992,0.690482
57320,1,1.000000,0.749984
57330,1,1.000000,0.749989
57340,1,1.000000,0.749994
57350,1,1.000000,0.749999
57360,1,1.000000,0.750004
57370,1,1.000000,0.750009
57380,1,1.000000,0.750014
57390,1,1.000000,0.750019
57400,1,1.000000,0.750024
57410,1,1.000000,0.750029
57420,1,1.000000,0.750034
57430,1,1.000000,0.750039
57440,1,1.000000,0.750044
57450,1,1.000000,0.750049
57460,1,1.000000,0.750054
57470,1,1.000000,0.750059
57480,1,1.000000,0.750064
57490,1,1.000000,0.750069
57500,1,1.000000,0.750074
57510,1,1.000000,0.750079
57520,1,1.000000,0.750084
57530,1,1.000000,0.750089
57540,1,1.000000,0.750093
57550,1,1.000000,0.750098
57560,1,1.000000,0.750103
57570,1,1.000000,0.750108
57580,1,1.000000,0.750113
57590,1,1.000000,0.750118
57600,1,1.000000,0.750122
57610,1,1.000000,0.750127
57620,1,1.000000,0.750132
57630,1,1.000000,0.750137
57640,1,1.000000,0.750142
57650,1,1.000000,0.750146
57660,1,1.000000,0.750151
57670,1,1.000000,0.750156
57680,1,1.000000,0.750161
57690,1,1.000000,0.750166
57700,1,1.000000,0.750171
57710,1,1.000000,0.750176
57720,1,1.000000,0.750180
57730,1,1.000000,0.750185
57740,1,1.000000,0.750190
57750,1,1.000000,0.750195
57760,1,1.000000,0.750199
57770,1,1.000000,0.750204
57780,1,1.000000,0.750209
57790,1,1.000000,0.750214
57800,1,1.000000,0.750219
57810,1,1.000000,0.750223
57820,1,1.000000,0.750228
57830,1,1.000000,0.750233
57840,1,1.000000,0.750237
57850,1,1.000000,0.750242
57860,1,1.000000,0.750247
57870,1,1.000000,0.750252
57880,1,1.000000,0.750257
57890,1,0.999991,0.690589
57900,1,0.999991,0.690767
57910,1,0.999992,0.690945
57920,1,0.999992,0.691121
57930,1,0.999992,0.691296
57940,1,1.000000,0.750263
57950,1,1.000000,0.750268
57960,1,1.000000,0.750272
57970,1,1.000000,0.750277
57980,1,1.000000,0.750282
57990,1,1.000000,0.750287
58000,1,1.000000,0.750291
58010,1,1.000000,0.750296
58020,1,1.000000,0.750301
58030,1,1.000000,0.750306
58040,1,1.000000,0.750310
58050,1,1.000000,0.750315
58060,1,1.000000,0.750320
58070,1,1.000000,0.750325
58080,1,1.000000,0.750329
58090,1,1.000000,0.750334
58100,1,1.000000,0.750339
58110,1,1.000000,0.750344
58120,1,1.000000,0.750348
58130,1,1.000000,0.750353
58140,1,1.000000,0.750358
58150,1,1.000000,0.750362
58160,1,1.000000,0.750367
58170,1,0.999992,0.691401
58180,1,0.999993,0.691575
58190,1,1.000000,0.750372
58200,1,1.000000,0.750377
58210,1,1.000000,0.750382
58220,1,1.000000,0.750386
58230,1,1.000000,0.750391
58240,1,1.000000,0.750396
58250,1,1.000000,0.750400
58260,1,1.000000,0.750405
58270,1,1.000000,0.750410
58280,1,1.000000,0.750414
58290,1,1.000000,0.750419
58300,1,1.000000,0.750424
58310,1,1.000000,0.750428
58320,1,1.000000,0.750433
58330,1,1.000000,0.750437
58340,1,0.999993,0.691783
58350,1,1.000000,0.750439
58360,1,1.000000,0.750444
58370,1,1.000000,0.750449
58380,1,1.000000,0.750453
58390,1,1.000000,0.750458
58400,1,1.000000,0.750462
58410,1,1.000000,0.750467
58420,1,0.999993,0.691989
58430,1,1.000000,0.750473
58440,1,1.000000,0.750478
58450,1,1.000000,0.750482
58460,1,1.000000,0.750487
58470,1,1.000000,0.750491
58480,1,1.000000,0.750496
58490,1,1.000000,0.750501
58500,1,1.000000,0.750505
58510,1,1.000000,0.750510
58520,1,1.000000,0.750514
58530,1,1.000000,0.750519
58540,1,1.000000,0.750523
58550,1,1.000000,0.750528
58560,1,1.000000,0.750533
58570,1,1.000000,0.750537
58580,1,1.000000,0.750542
58590,1,1.000000,0.750546
58600,1,1.000000,0.750551
58610,1,0.999993,0.692229
58620,1,0.999994,0.692399
58630,1,1.000000,0.750553
58640,1,1.000000,0.750558
58650,1,1.000000,0.750562
58660,1,1.000000,0.750567
58670,1,1.000000,0.750571
58680,1,1.000000,0.750576
58690,1,1.000000,0.750580
58700,1,1.000000,0.750585
58710,1,1.000000,0.750589
58720,1,1.000000,0.750594
58730,1,1.000000,0.750598
58740,1,1.000000,0.750603
58750,1,1.000000,0.750607
58760,1,1.000000,0.750612
58770,1,1.000000,0.750616
58780,1,1.000000,0.750621
58790,1,1.000000,0.750625
58800,1,1.000000,0.750630
58810,1,1.000000,0.750634
58820,1,1.000000,0.750639
58830,1,1.000000,0.750643
58840,1,1.000000,0.750648
58850,1,1.000000,0.750652
58860,1,1.000000,0.750656
58870,1,1.000000,0.750661
58880,1,1.000000,0.750665
58890,1,1.000000,0.750670
58900,1,1.000000,0.750674
58910,1,1.000000,0.750679
58920,1,1.000000,0.750683
58930,1,1.000000,0.750688
58940,1,0.999994,0.692635
58950,1,0.999994,0.692803
58960,1,0.999994,0.692970
58970,1,0.999994,0.693087
58980,1,0.999995,0.693253
58990,1,0.999995,0.693418
59000,1,0.999995,0.693566
59010,1,0.999995,0.693729
59020,1,0.999995,0.693892
59030,1,0.999995,0.694054
59040,1,0.999996,0.694215
59050,1,1.000000,0.750689
59060,1,1.000000,0.750694
59070,1,1.000000,0.750698
59080,1,1.000000,0.750703
59090,1,1.000000,0.750707
59100,1,1.000000,0.750711
59110,1,0.999996,0.694439
59120,1,0.999996,0.694503
59130,1,0.999996,0.694630
59140,1,0.999996,0.694789
59150,1,1.000000,0.750719
59160,1,0.999996,0.694978
59170,1,1.000000,0.750724
59180,1,1.000000,0.750728
59190,1,1.000000,0.750733
59200,1,1.000000,0.750737
59210,1,1.000000,0.750741
59220,1,1.000000,0.750746
59230,1,1.000000,0.750750
59240,1,1.000000,0.750754
59250,1,1.000000,0.750759
59260,1,1.000000,0.750763
59270,1,1.000000,0.750768
59280,1,1.000000,0.750772
59290,1,1.000000,0.750776
59300,1,1.000000,0.750781
59310,1,1.000000,0.750785
59320,1,1.000000,0.750789
59330,1,1.000000,0.750793
59340,1,1.000000,0.750798
59350,1,1.000000,0.750802
59360,1,1.000000,0.750806
59370,1,1.000000,0.750810
59380,1,1.000000,0.750815
59390,1,1.000000,0.750819
59400,1,1.000000,0.750823
59410,1,1.000000,0.750827
59420,1,1.000000,0.750832
59430,1,1.000000,0.750836
59440,1,1.000000,0.750840
59450,1,0.025206,0.011843
59460,1,1.000000,0.750849
59470,1,1.000000,0.750853
59480,1,1.000000,0.750857
59490,1,1.000000,0.750861
59500,1,1.000000,0.750866
59510,1,1.000000,0.750870
59520,1,1.000000,0.750874
59530,1,1.000000,0.750879
59540,1,1.000000,0.750882
59550,1,1.000000,0.750887
59560,1,1.000000,0.750891
59570,1,1.000000,0.750895
59580,1,1.000000,0.750900
59590,1,1.000000,0.750904
59600,1,1.000000,0.750908
59610,1,1.000000,0.750912
59620,1,1.000000,0.750917
59630,1,1.000000,0.750921
59640,1,1.000000,0.750925
59650,1,1.000000,0.750929
59660,1,1.000000,0.750933
59670,1,1.000000,0.750938
59680,1,1.000000,0.750942
59690,1,1.000000,0.750946
59700,1,1.000000,0.750950
59710,1,1.000000,0.750955
59720,1,1.000000,0.750959
59730,1,1.000000,0.750963
59740,1,1.000000,0.750967
59750,1,1.000000,0.750971
59760,1,1.000000,0.750976
59770,1,1.000000,0.750980
59780,1,1.000000,0.750984
59790,1,1.000000,0.750988
59800,1,1.000000,0.750992
59810,1,1.000000,0.750997
59820,1,1.000000,0.751001
59830,1,1.000000,0.751005
59840,1,1.000000,0.751009
59850,1,0.999996,0.695103
59860,1,1.000000,0.751011
59870,1,0.999996,0.695291
59880,1,0.999996,0.695446
59890,1,0.999997,0.695600
59900,1,1.000000,0.751018
59910,1,1.000000,0.751022
59920,1,1.000000,0.751026
59930,1,1.000000,0.751030
59940,1,1.000000,0.751035
59950,1,1.000000,0.751039
59960,1,1.000000,0.751043
59970,1,1.000000,0.751047
59980,1,1.000000,0.751051
59990,1,1.000000,0.751055
60000,1,1.000000,0.751059
60010,1,1.000000,0.751063
60020,1,1.000000,0.751067
60030,1,1.000000,0.751071
60040,1,1.000000,0.751075
60050,1,1.000000,0.751080
60060,1,0.999997,0.695739
60070,1,1.000000,0.751084
60080,1,1.000000,0.751088
60090,1,1.000000,0.751092
60100,1,1.000000,0.751096
60110,1,1.000000,0.751101
60120,1,1.000000,0.751105
60130,1,1.000000,0.751109
60140,1,1.000000,0.751113
60150,1,1.000000,0.751117
60160,1,1.000000,0.751121
60170,1,0.999997,0.695877
60180,1,0.999997,0.696030
60190,1,0.999997,0.696181
60200,1,0.999997,0.696333
60210,1,0.999997,0.696483
60220,1,1.000000,0.751124
60230,1,1.000000,0.751128
60240,1,1.000000,0.751132
60250,1,1.000000,0.751136
60260,1,1.000000,0.751140
60270,1,1.000000,0.751144
60280,1,1.000000,0.751148
60290,1,1.000000,0.751152
60300,1,1.000000,0.751156
60310,1,1.000000,0.751160
60320,1,1.000000,0.751164
60330,1,1.000000,0.751168
60340,1,1.000000,0.751172
60350,1,1.000000,0.751176
60360,1,1.000000,0.751179
60370,1,1.000000,0.751183
60380,1,1.000000,0.751187
60390,1,1.000000,0.751191
60400,1,1.000000,0.751195
60410,1,1.000000,0.751199
60420,1,1.000000,0.751203
60430,1,1.000000,0.751207
60440,1,1.000000,0.751211
60450,1,1.000000,0.751215
60460,1,1.000000,0.751219
60470,1,1.000000,0.751223
60480,1,1.000000,0.751227
60490,1,1.000000,0.751231
60500,1,1.000000,0.751235
60510,1,1.000000,0.751239
60520,1,1.000000,0.751243
60530,1,1.000000,0.751247
60540,1,1.000000,0.751251
60550,1,1.000000,0.751255
60560,1,1.000000,0.751259
60570,1,1.000000,0.751263
60580,1,1.000000,0.751267
60590,1,1.000000,0.751271
60600,1,0.999997,0.696618
60610,1,0.999997,0.696767
60620,1,0.999997,0.696915
60630,1,0.999997,0.697063
60640,1,0.999997,0.697210
60650,1,0.999997,0.697357
60660,1,1.000000,0.751273
60670,1,1.000000,0.751277
60680,1,1.000000,0.751281
60690,1,1.000000,0.751285
60700,1,1.000000,0.751289
60710,1,1.000000,0.751293
60720,1,1.000000,0.751297
60730,1,1.000000,0.751301
60740,1,1.000000,0.751305
60750,1,1.000000,0.751309
60760,1,1.000000,0.751313
60770,1,1.000000,0.751317
60780,1,1.000000,0.751321
60790,1,1.000000,0.751324
60800,1,1.000000,0.751328
60810,1,1.000000,0.751332
60820,1,1.000000,0.751336
60830,1,1.000000,0.751340
60840,1,1.000000,0.751344
60850,1,1.000000,0.751348
60860,1,1.000000,0.751352
60870,1,0.999997,0.697532
60880,1,1.000000,0.751357
60890,1,1.000000,0.751360
60900,1,1.000000,0.751364
60910,1,1.000000,0.751368
60920,1,1.000000,0.751372
60930,1,1.000000,0.751376
60940,1,1.000000,0.751380
60950,1,1.000000,0.751384
60960,1,1.000000,0.751388
60970,1,1.000000,0.751392
60980,1,1.000000,0.751395
60990,1,1.000000,0.751399
61000,1,1.000000,0.751403
61010,1,1.000000,0.751407
61020,1,1.000000,0.751411
61030,1,1.000000,0.751415
61040,1,1.000000,0.751419
61050,1,1.000000,0.751422
61060,1,0.999997,0.697619
61070,1,0.999998,0.697763
61080,1,0.999998,0.697907
61090,1,0.999998,0.698051
61100,1,0.999998,0.698193
61110,1,1.000000,0.751427
61120,1,1.000000,0.751430
61130,1,1.000000,0.751434
61140,1,1.000000,0.751436
61150,1,1.000000,0.751440
61160,1,1.000000,0.751444
61170,1,1.000000,0.751447
61180,1,1.000000,0.751451
61190,1,1.000000,0.751455
61200,1,1.000000,0.751459
61210,1,1.000000,0.751463
61220,1,1.000000,0.751467
61230,1,1.000000,0.751470
61240,1,1.000000,0.751474
61250,1,1.000000,0.751478
61260,1,1.000000,0.751482
61270,1,1.000000,0.751486
61280,1,1.000000,0.751489
61290,1,1.000000,0.751493
61300,1,1.000000,0.751497
61310,1,1.000000,0.751501
61320,1,1.000000,0.751505
61330,1,1.000000,0.751508
61340,1,1.000000,0.751512
61350,1,1.000000,0.751516
61360,1,1.000000,0.751520
61370,1,1.000000,0.751524
61380,1,0.999998,0.698420
61390,1,1.000000,0.751528
61400,1,1.000000,0.751529
61410,1,1.000000,0.751533
61420,1,1.000000,0.751536
61430,1,1.000000,0.751540
61440,1,1.000000,0.751544
61450,1,1.000000,0.751548
61460,1,0.999998,0.698702
61470,1,0.999998,0.698841
61480,1,1.000000,0.751553
61490,1,1.000000,0.751556
61500,1,1.000000,0.751560
61510,1,1.000000,0.751564
61520,1,1.000000,0.751568
61530,1,1.000000,0.751571
61540,1,0.999998,0.698939
61550,1,0.999998,0.699078
61560,1,1.000000,0.751577
61570,1,1.000000,0.751580
61580,1,1.000000,0.751584
61590,1,1.000000,0.751588
61600,1,1.000000,0.751591
61610,1,1.000000,0.751595
61620,1,1.000000,0.751599
61630,1,0.999998,0.699202
61640,1,1.000000,0.751600
61650,1,1.000000,0.751604
61660,1,1.000000,0.751607
61670,1,1.000000,0.751611
61680,1,1.000000,0.751615
61690,1,1.000000,0.751619
61700,1,1.000000,0.751622
61710,1,1.000000,0.751626
61720,1,0.999998,0.699339
61730,1,0.999998,0.699476
61740,1,1.000000,0.751631
61750,1,1.000000,0.751633
61760,1,1.000000,0.751637
61770,1,1.000000,0.751640
61780,1,1.000000,0.751644
61790,1,1.000000,0.751648
61800,1,1.000000,0.751651
61810,1,1.000000,0.751655
61820,1,0.999999,0.699721
61830,1,1.000000,0.751658
61840,1,1.000000,0.751662
61850,1,1.000000,0.751665
61860,1,1.000000,0.751669
61870,1,1.000000,0.751673
61880,1,1.000000,0.751676
61890,1,1.000000,0.751680
61900,1,1.000000,0.751684
61910,1,1.000000,0.751687
61920,1,1.000000,0.751691
61930,1,1.000000,0.751695
61940,1,1.000000,0.751698
61950,1,1.000000,0.751702
61960,1,1.000000,0.751706
61970,1,1.000000,0.751709
61980,1,1.000000,0.751713
61990,1,1.000000,0.751717
62000,1,1.000000,0.751720
62010,1,1.000000,0.751724
62020,1,1.000000,0.751727
62030,1,1.000000,0.751731
62040,1,1.000000,0.751735
62050,1,1.000000,0.751738
62060,1,1.000000,0.751742
62070,1,1.000000,0.751746
62080,1,1.000000,0.751749
62090,1,1.000000,0.751753
62100,1,1.000000,0.751756
62110,1,1.000000,0.751760
62120,1,1.000000,0.751763
62130,1,1.000000,0.751767
62140,1,1.000000,0.751770
62150,1,1.000000,0.751774
62160,1,1.000000,0.751777
62170,1,1.000000,0.751781
62180,1,1.000000,0.751784
62190,1,1.000000,0.751788
62200,1,1.000000,0.751792
62210,1,1.000000,0.751795
62220,1,1.000000,0.751799
62230,1,1.000000,0.751802
62240,1,1.000000,0.751806
62250,1,1.000000,0.751809
62260,1,1.000000,0.751813
62270,1,1.000000,0.751817
62280,1,1.000000,0.751820
62290,1,1.000000,0.751823
62300,1,1.000000,0.751827
62310,1,1.000000,0.751830
62320,1,1.000000,0.751834
62330,1,1.000000,0.751837
62340,1,1.000000,0.751841
62350,1,1.000000,0.751845
62360,1,1.000000,0.751848
62370,1,1.000000,0.751852
62380,1,1.000000,0.751855
62390,1,1.000000,0.751858
62400,1,1.000000,0.751862
62410,1,1.000000,0.751865
62420,1,1.000000,0.751869
62430,1,1.000000,0.751872
62440,1,1.000000,0.751876
62450,1,1.000000,0.751879
62460,1,1.000000,0.751883
62470,1,1.000000,0.751886
62480,1,1.000000,0.751890
62490,1,1.000000,0.751894
62500,1,1.000000,0.751897
62510,1,1.000000,0.751901
62520,1,1.000000,0.751904
62530,1,1.000000,0.751907
62540,1,1.000000,0.751910
62550,1,1.000000,0.751914
62560,1,1.000000,0.751917
62570,1,1.000000,0.751921
62580,1,1.000000,0.751924
62590,1,1.000000,0.751928
62600,1,1.000000,0.751931
62610,1,1.000000,0.751935
62620,1,1.000000,0.751938
62630,1,1.000000,0.751942
62640,1,1.000000,0.751945
62650,1,1.000000,0.751949
62660,1,1.000000,0.751952
62670,1,1.000000,0.751955
62680,1,1.000000,0.751959
62690,1,1.000000,0.751962
62700,1,1.000000,0.751966
62710,1,1.000000,0.751969
62720,1,1.000000,0.751973
62730,1,1.000000,0.751976
62740,1,1.000000,0.751980
62750,1,1.000000,0.751983
62760,1,1.000000,0.751987
62770,1,1.000000,0.751990
62780,1,1.000000,0.751993
62790,1,1.000000,0.751997
62800,1,1.000000,0.752000
62810,1,1.000000,0.752004
62820,1,1.000000,0.752007
62830,1,1.000000,0.752011
62840,1,1.000000,0.752014
62850,1,1.000000,0.752017
62860,1,0.999998,0.699789
62870,1,0.999998,0.699924
62880,1,0.999998,0.700058
62890,1,0.999998,0.700085
62900,1,0.999998,0.700219
62910,1,0.999999,0.700352
62920,1,0.999999,0.700485
62930,1,1.000000,0.752023
62940,1,1.000000,0.752026
62950,1,1.000000,0.752030
62960,1,1.000000,0.752033
62970,1,1.000000,0.752036
62980,1,1.000000,0.752040
62990,1,1.000000,0.752043
63000,1,1.000000,0.752047
63010,1,1.000000,0.752050
63020,1,1.000000,0.752053
63030,1,1.000000,0.752057
63040,1,1.000000,0.752060
63050,1,1.000000,0.752064
63060,1,1.000000,0.752067
63070,1,1.000000,0.752070
63080,1,1.000000,0.752074
63090,1,1.000000,0.752077
63100,1,1.000000,0.752080
63110,1,1.000000,0.752084
63120,1,1.000000,0.752087
63130,1,0.999999,0.700722
63140,1,0.999999,0.700853
63150,1,0.999999,0.700983
63160,1,0.999999,0.701113
63170,1,0.999999,0.701242
63180,1,0.999999,0.701371
63190,1,1.000000,0.752089
63200,1,1.000000,0.752092
63210,1,1.000000,0.752095
63220,1,1.000000,0.752099
63230,1,1.000000,0.752102
63240,1,1.000000,0.752105
63250,1,1.000000,0.752109
63260,1,1.000000,0.752112
63270,1,1.000000,0.752115
63280,1,1.000000,0.752119
63290,1,1.000000,0.752122
63300,1,1.000000,0.752125
63310,1,0.999999,0.701537
63320,1,0.999999,0.701665
63330,1,0.999999,0.701792
63340,1,0.999999,0.701918
63350,1,0.999999,0.702044
63360,1,0.999999,0.702169
63370,1,0.999999,0.702194
63380,1,1.000000,0.752131
63390,1,1.000000,0.752134
63400,1,1.000000,0.752137
63410,1,1.000000,0.752141
63420,1,1.000000,0.752144
63430,1,1.000000,0.752147
63440,1,1.000000,0.752151
63450,1,1.000000,0.752154
63460,1,1.000000,0.752157
63470,1,1.000000,0.752160
63480,1,1.000000,0.752164
63490,1,1.000000,0.752167
63500,1,1.000000,0.752170
63510,1,1.000000,0.752174
63520,1,1.000000,0.752177
63530,1,1.000000,0.752180
63540,1,1.000000,0.752183
63550,1,0.999999,0.702369
63560,1,1.000000,0.752185
63570,1,1.000000,0.752188
63580,1,1.000000,0.752191
63590,1,1.000000,0.752195
63600,1,1.000000,0.752197
63610,1,1.000000,0.752201
63620,1,1.000000,0.752204
63630,1,1.000000,0.752207
63640,1,1.000000,0.752210
63650,1,1.000000,0.752214
63660,1,0.999999,0.702530
63670,1,1.000000,0.752215
63680,1,1.000000,0.752218
63690,1,1.000000,0.752222
63700,1,1.000000,0.752225
63710,1,1.000000,0.752228
63720,1,1.000000,0.752231
63730,1,1.000000,0.752235
63740,1,1.000000,0.752238
63750,1,1.000000,0.752241
63760,1,1.000000,0.752244
63770,1,1.000000,0.752248
63780,1,1.000000,0.752251
63790,1,1.000000,0.752254
63800,1,1.000000,0.752257
63810,1,1.000000,0.752261
63820,1,1.000000,0.752264
63830,1,1.000000,0.752267
63840,1,1.000000,0.752270
63850,1,1.000000,0.752274
63860,1,1.000000,0.752277
63870,1,1.000000,0.752280
63880,1,1.000000,0.752283
63890,1,1.000000,0.752287
63900,1,1.000000,0.752290
63910,1,1.000000,0.752293
63920,1,1.000000,0.752296
63930,1,1.000000,0.752299
63940,1,1.000000,0.752303
63950,1,1.000000,0.752306
63960,1,1.000000,0.752309
63970,1,1.000000,0.752312
63980,1,1.000000,0.752315
63990,1,1.000000,0.752319
64000,1,1.000000,0.752322
64010,1,1.000000,0.752325
64020,1,1.000000,0.752328
64030,1,1.000000,0.752331
64040,1,1.000000,0.752335
64050,1,1.000000,0.752338
64060,1,1.000000,0.752341
64070,1,1.000000,0.752344
64080,1,1.000000,0.752347
64090,1,0.999999,0.702678
64100,1,0.999999,0.702800
64110,1,1.000000,0.752352
64120,1,1.000000,0.752355
64130,1,1.000000,0.752358
64140,1,1.000000,0.752361
64150,1,1.000000,0.752365
64160,1,1.000000,0.752368
64170,1,1.000000,0.752371
64180,1,1.000000,0.752374
64190,1,1.000000,0.752377
64200,1,1.000000,0.752380
64210,1,1.000000,0.752384
64220,1,1.000000,0.752387
64230,1,1.000000,0.752390
64240,1,1.000000,0.752393
64250,1,1.000000,0.752396
64260,1,1.000000,0.752399
64270,1,1.000000,0.752402
64280,1,1.000000,0.752406
64290,1,1.000000,0.752409
64300,1,1.000000,0.752412
64310,1,1.000000,0.752415
64320,1,1.000000,0.752418
64330,1,1.000000,0.752421
64340,1,1.000000,0.752424
64350,1,0.999999,0.702837
64360,1,0.999999,0.702959
64370,1,0.999999,0.703080
64380,1,0.999999,0.703201
64390,1,0.999999,0.703322
64400,1,0.040821,0.003435
64410,1,0.999999,0.703514
64420,1,0.999999,0.703633
64430,1,0.999999,0.703752
64440,1,0.999999,0.703870
64450,1,1.000000,0.752428
64460,1,1.000000,0.752431
64470,1,1.000000,0.752434
64480,1,1.000000,0.752437
64490,1,0.999999,0.703988
64500,1,0.999999,0.704105
64510,1,1.000000,0.752441
64520,1,1.000000,0.752444
64530,1,1.000000,0.752448
64540,1,1.000000,0.752451
64550,1,1.000000,0.752454
64560,1,1.000000,0.752457
64570,1,1.000000,0.752460
64580,1,1.000000,0.752463
64590,1,1.000000,0.752466
64600,1,1.000000,0.752469
64610,1,1.000000,0.752472
64620,1,1.000000,0.752475
64630,1,1.000000,0.752478
64640,1,1.000000,0.752481
64650,1,1.000000,0.752484
64660,1,1.000000,0.752487
64670,1,1.000000,0.752490
64680,1,1.000000,0.752493
64690,1,1.000000,0.752497
64700,1,1.000000,0.752500
64710,1,1.000000,0.752503
64720,1,1.000000,0.752506
64730,1,1.000000,0.752509
64740,1,1.000000,0.752512
64750,1,1.000000,0.752515
64760,1,1.000000,0.752518
64770,1,1.000000,0.752521
64780,1,1.000000,0.752524
64790,1,1.000000,0.752527
64800,1,1.000000,0.752530
64810,1,1.000000,0.752533
64820,1,1.000000,0.752536
64830,1,1.000000,0.752539
64840,1,1.000000,0.752543
64850,1,1.000000,0.752546
64860,1,1.000000,0.752549
64870,1,1.000000,0.752552
64880,1,1.000000,0.752555
64890,1,1.000000,0.752558
64900,1,1.000000,0.752561
64910,1,1.000000,0.752564
64920,1,1.000000,0.752567
64930,1,1.000000,0.752570
64940,1,1.000000,0.752573
64950,1,1.000000,0.752576
64960,1,1.000000,0.752579
64970,1,1.000000,0.752582
64980,1,1.000000,0.752585
64990,1,1.000000,0.752588
65000,1,1.000000,0.752591
65010,1,1.000000,0.752594
65020,1,1.000000,0.752597
65030,1,1.000000,0.752600
65040,1,1.000000,0.752603
65050,1,1.000000,0.752606
65060,1,1.000000,0.752609
65070,1,1.000000,0.752612
65080,1,1.000000,0.752615
65090,1,1.000000,0.752618
65100,1,1.000000,0.752621
65110,1,1.000000,0.752624
65120,1,1.000000,0.752627
65130,1,1.000000,0.752630
65140,1,1.000000,0.752633
65150,1,1.000000,0.752636
65160,1,1.000000,0.752639
65170,1,0.003243,0.003243
65180,1,1.000000,0.752644
65190,1,1.000000,0.752647
65200,1,1.000000,0.752650
65210,1,1.000000,0.752653
65220,1,1.000000,0.752656
65230,1,1.000000,0.752659
65240,1,1.000000,0.752662
65250,1,1.000000,0.752665
65260,1,1.000000,0.752668
65270,1,1.000000,0.752671
65280,1,1.000000,0.752674
65290,1,1.000000,0.752677
65300,1,1.000000,0.752680
65310,1,1.000000,0.752683
65320,1,1.000000,0.752686
65330,1,1.000000,0.752689
65340,1,1.000000,0.752692
65350,1,1.000000,0.752695
65360,1,1.000000,0.752698
65370,1,1.000000,0.752701
65380,1,1.000000,0.752704
65390,1,1.000000,0.752707
65400,1,1.000000,0.752710
65410,1,1.000000,0.752713
65420,1,1.000000,0.752715
65430,1,1.000000,0.752718
65440,1,1.000000,0.752721
65450,1,1.000000,0.752724
65460,1,1.000000,0.752727
65470,1,1.000000,0.752730
65480,1,1.000000,0.752733
65490,1,1.000000,0.752736
65500,1,1.000000,0.752739
65510,1,1.000000,0.752742
65520,1,1.000000,0.752745
65530,1,1.000000,0.752748
65540,1,1.000000,0.752751
65550,1,1.000000,0.752753
65560,1,1.000000,0.752756
65570,1,1.000000,0.752759
65580,1,1.000000,0.752762
65590,1,1.000000,0.752765
65600,1,1.000000,0.752768
65610,1,1.000000,0.752771
65620,1,1.000000,0.752774
65630,1,1.000000,0.752777
65640,1,1.000000,0.752780
65650,1,1.000000,0.752782
65660,1,1.000000,0.752785
65670,1,1.000000,0.752788
65680,1,1.000000,0.752791
65690,1,0.999999,0.704187
65700,1,0.999999,0.704303
65710,1,0.999999,0.704419
65720,1,0.999999,0.704535
65730,1,0.999999,0.704650
65740,1,0.999999,0.704764
65750,1,1.000000,0.704878
65760,1,1.000000,0.752796
65770,1,1.000000,0.752799
65780,1,1.000000,0.752802
65790,1,1.000000,0.752804
65800,1,1.000000,0.752807
65810,1,1.000000,0.752810
65820,1,1.000000,0.752813
65830,1,1.000000,0.752816
65840,1,1.000000,0.752819
65850,1,1.000000,0.752822
65860,1,1.000000,0.752825
65870,1,1.000000,0.752827
65880,1,1.000000,0.752830
65890,1,1.000000,0.752833
65900,1,1.000000,0.752836
65910,1,1.000000,0.752839
65920,1,1.000000,0.752842
65930,1,1.000000,0.752845
65940,1,1.000000,0.752847
65950,1,1.000000,0.752850
65960,1,1.000000,0.752853
65970,1,1.000000,0.752856
65980,1,1.000000,0.752859
65990,1,1.000000,0.752862
66000,1,1.000000,0.752864
66010,1,1.000000,0.752867
66020,1,1.000000,0.752870
66030,1,1.000000,0.752873
66040,1,1.000000,0.752876
66050,1,1.000000,0.752879
66060,1,1.000000,0.752881
66070,1,1.000000,0.752884
66080,1,1.000000,0.752887
66090,1,1.000000,0.752890
66100,1,1.000000,0.752893
66110,1,1.000000,0.704947
66120,1,1.000000,0.705060
66130,1,1.000000,0.705173
66140,1,1.000000,0.705286
66150,1,1.000000,0.705398
66160,1,1.000000,0.705509
66170,1,1.000000,0.752895
66180,1,1.000000,0.752897
66190,1,1.000000,0.752900
66200,1,1.000000,0.752903
66210,1,1.000000,0.752906
66220,1,1.000000,0.752909
66230,1,1.000000,0.752912
66240,1,1.000000,0.752914
66250,1,1.000000,0.752917
66260,1,1.000000,0.752920
66270,1,1.000000,0.752923
66280,1,1.000000,0.752926
66290,1,1.000000,0.752928
66300,1,1.000000,0.752931
66310,1,1.000000,0.752934
66320,1,1.000000,0.752937
66330,1,1.000000,0.752940
66340,1,1.000000,0.752942
66350,1,1.000000,0.752945
66360,1,1.000000,0.752948
66370,1,0.042626,0.003441
66380,1,1.000000,0.752953
66390,1,1.000000,0.752956
66400,1,1.000000,0.752959
66410,1,1.000000,0.752962
66420,1,1.000000,0.752964
66430,1,1.000000,0.752967
66440,1,1.000000,0.752970
66450,1,1.000000,0.752973
66460,1,1.000000,0.752975
66470,1,1.000000,0.752978
66480,1,1.000000,0.752981
66490,1,1.000000,0.752984
66500,1,1.000000,0.752986
66510,1,1.000000,0.752989
66520,1,1.000000,0.752992
66530,1,1.000000,0.752995
66540,1,1.000000,0.752997
66550,1,1.000000,0.753000
66560,1,1.000000,0.753003
66570,1,1.000000,0.753006
66580,1,1.000000,0.753008
66590,1,1.000000,0.753011
66600,1,1.000000,0.753014
66610,1,1.000000,0.753017
66620,1,1.000000,0.753019
66630,1,1.000000,0.753022
66640,1,1.000000,0.753025
66650,1,1.000000,0.753028
66660,1,1.000000,0.753030
66670,1,1.000000,0.753033
66680,1,1.000000,0.753036
66690,1,1.000000,0.753039
66700,1,1.000000,0.753041
66710,1,1.000000,0.753044
66720,1,1.000000,0.753047
66730,1,1.000000,0.753049
66740,1,1.000000,0.753052
66750,1,1.000000,0.753055
66760,1,1.000000,0.753057
66770,1,1.000000,0.753060
66780,1,1.000000,0.705709
66790,1,1.000000,0.705819
66800,1,1.000000,0.753061
66810,1,1.000000,0.753064
66820,1,1.000000,0.753067
66830,1,1.000000,0.753069
66840,1,1.000000,0.753072
66850,1,1.000000,0.753075
66860,1,1.000000,0.753078
66870,1,1.000000,0.753080
66880,1,1.000000,0.753083
66890,1,1.000000,0.753086
66900,1,1.000000,0.753088
66910,1,1.000000,0.753091
66920,1,1.000000,0.753094
66930,1,1.000000,0.753096
66940,1,1.000000,0.753099
66950,1,1.000000,0.705907
66960,1,1.000000,0.753103
66970,1,1.000000,0.753105
66980,1,1.000000,0.753108
66990,1,1.000000,0.753111
67000,1,1.000000,0.753113
67010,1,1.000000,0.753116
67020,1,1.000000,0.753118
67030,1,1.000000,0.753121
67040,1,1.000000,0.753124
67050,1,1.000000,0.753126
67060,1,1.000000,0.753129
67070,1,1.000000,0.753132
67080,1,1.000000,0.753134
67090,1,1.000000,0.753137
67100,1,1.000000,0.753140
67110,1,1.000000,0.753142
67120,1,1.000000,0.753145
67130,1,1.000000,0.753148
67140,1,1.000000,0.753150
67150,1,1.000000,0.753153
67160,1,1.000000,0.753156
67170,1,1.000000,0.753158
67180,1,1.000000,0.753161
67190,1,1.000000,0.753164
67200,1,1.000000,0.753166
67210,1,1.000000,0.753169
67220,1,1.000000,0.753172
67230,1,1.000000,0.753174
67240,1,1.000000,0.753177
67250,1,1.000000,0.753180
67260,1,1.000000,0.753182
67270,1,1.000000,0.753185
67280,1,1.000000,0.753187
67290,1,1.000000,0.753190
67300,1,1.000000,0.753193
67310,1,1.000000,0.753195
67320,1,1.000000,0.753198
67330,1,1.000000,0.753201
67340,1,1.000000,0.753203
67350,1,1.000000,0.753206
67360,1,1.000000,0.753208
67370,1,1.000000,0.753211
67380,1,1.000000,0.753214
67390,1,1.000000,0.753216
67400,1,1.000000,0.753219
67410,1,1.000000,0.753222
67420,1,1.000000,0.753224
67430,1,1.000000,0.753227
67440,1,1.000000,0.753229
67450,1,1.000000,0.753232
67460,1,1.000000,0.753235
67470,1,1.000000,0.753237
67480,1,1.000000,0.753240
67490,1,1.000000,0.753242
67500,1,1.000000,0.753245
67510,1,1.000000,0.753248
67520,1,1.000000,0.753250
67530,1,1.000000,0.753253
67540,1,1.000000,0.753255
67550,1,1.000000,0.753258
67560,1,1.000000,0.753260
67570,1,1.000000,0.753263
67580,1,1.000000,0.705995
67590,1,1.000000,0.706104
67600,1,1.000000,0.706213
67610,1,1.000000,0.706322
67620,1,1.000000,0.706430
67630,1,1.000000,0.706537
67640,1,1.000000,0.706644
67650,1,1.000000,0.706751
67660,1,1.000000,0.753266
67670,1,1.000000,0.753268
67680,1,1.000000,0.753271
67690,1,1.000000,0.753273
67700,1,1.000000,0.753276
67710,1,1.000000,0.753279
67720,1,1.000000,0.753281
67730,1,1.000000,0.753284
67740,1,1.000000,0.753286
67750,1,1.000000,0.753289
67760,1,1.000000,0.753291
67770,1,1.000000,0.753294
67780,1,1.000000,0.753297
67790,1,1.000000,0.753299
67800,1,1.000000,0.753302
67810,1,1.000000,0.753304
67820,1,1.000000,0.753307
67830,1,1.000000,0.753309
67840,1,1.000000,0.753312
67850,1,1.000000,0.753314
67860,1,1.000000,0.753317
67870,1,1.000000,0.753320
67880,1,1.000000,0.706900
67890,1,1.000000,0.753321
67900,1,1.000000,0.753323
67910,1,1.000000,0.753326
67920,1,1.000000,0.753328
67930,1,1.000000,0.753331
67940,1,1.000000,0.753333
67950,1,1.000000,0.753336
67960,1,1.000000,0.753338
67970,1,1.000000,0.753341
67980,1,1.000000,0.753343
67990,1,1.000000,0.753346
68000,1,1.000000,0.753348
68010,1,1.000000,0.753351
68020,1,1.000000,0.753353
68030,1,1.000000,0.753356
68040,1,1.000000,0.753358
68050,1,1.000000,0.753361
68060,1,1.000000,0.753363
68070,1,1.000000,0.753366
68080,1,1.000000,0.753368
68090,1,1.000000,0.753371
68100,1,1.000000,0.753373
68110,1,1.000000,0.753376
68120,1,1.000000,0.753379
68130,1,1.000000,0.753381
68140,1,1.000000,0.753384
68150,1,1.000000,0.753386
68160,1,1.000000,0.753389
68170,1,1.000000,0.753391
68180,1,1.000000,0.753394
68190,1,1.000000,0.753396
68200,1,1.000000,0.753399
68210,1,1.000000,0.753401
68220,1,1.000000,0.753404
68230,1,1.000000,0.753406
68240,1,1.000000,0.753409
68250,1,1.000000,0.753411
68260,1,1.000000,0.753414
68270,1,1.000000,0.753416
68280,1,1.000000,0.753419
68290,1,1.000000,0.753421
68300,1,1.000000,0.753424
68310,1,1.000000,0.753426
68320,1,1.000000,0.753428
68330,1,1.000000,0.753431
68340,1,1.000000,0.753433
68350,1,1.000000,0.753436
68360,1,1.000000,0.753438
68370,1,1.000000,0.753441
68380,1,1.000000,0.753443
68390,1,1.000000,0.753446
68400,1,1.000000,0.753448
68410,1,1.000000,0.707058
68420,1,1.000000,0.707163
68430,1,1.000000,0.707268
68440,1,1.000000,0.753450
68450,1,1.000000,0.753452
68460,1,1.000000,0.753455
68470,1,1.000000,0.753457
68480,1,1.000000,0.753460
68490,1,1.000000,0.753462
68500,1,1.000000,0.753465
68510,1,1.000000,0.753467
68520,1,1.000000,0.753469
68530,1,1.000000,0.753472
68540,1,1.000000,0.753474
68550,1,1.000000,0.753477
68560,1,1.000000,0.753479
68570,1,1.000000,0.753482
68580,1,1.000000,0.753484
68590,1,1.000000,0.753487
68600,1,1.000000,0.707435
68610,1,1.000000,0.753487
68620,1,1.000000,0.753490
68630,1,1.000000,0.753492
68640,1,1.000000,0.753495
68650,1,1.000000,0.753497
68660,1,1.000000,0.753500
68670,1,1.000000,0.707569
68680,1,1.000000,0.753503
68690,1,1.000000,0.753505
68700,1,1.000000,0.753507
68710,1,1.000000,0.753510
68720,1,1.000000,0.753512
68730,1,1.000000,0.753515
68740,1,1.000000,0.753517
68750,1,1.000000,0.753520
68760,1,1.000000,0.753522
68770,1,1.000000,0.753524
68780,1,1.000000,0.753527
68790,1,1.000000,0.753529
68800,1,1.000000,0.753532
68810,1,1.000000,0.753534
68820,1,1.000000,0.753537
68830,1,1.000000,0.753539
68840,1,1.000000,0.753541
68850,1,1.000000,0.753544
68860,1,1.000000,0.753546
68870,1,1.000000,0.753549
68880,1,1.000000,0.753551
68890,1,1.000000,0.753553
68900,1,1.000000,0.753556
68910,1,1.000000,0.753558
68920,1,1.000000,0.707693
68930,1,1.000000,0.707796
68940,1,1.000000,0.707888
68950,1,1.000000,0.707990
68960,1,1.000000,0.708091
68970,1,1.000000,0.708193
68980,1,1.000000,0.753561
68990,1,1.000000,0.753563
69000,1,1.000000,0.753566
69010,1,1.000000,0.753568
69020,1,1.000000,0.753570
69030,1,1.000000,0.753573
69040,1,1.000000,0.753575
69050,1,1.000000,0.753578
69060,1,1.000000,0.753580
69070,1,1.000000,0.753582
69080,1,1.000000,0.753585
69090,1,1.000000,0.753587
69100,1,1.000000,0.753590
69110,1,1.000000,0.753592
69120,1,1.000000,0.708253
69130,1,1.000000,0.708354
69140,1,1.000000,0.753595
69150,1,1.000000,0.753597
69160,1,1.000000,0.753600
69170,1,1.000000,0.753602
69180,1,1.000000,0.753605
69190,1,1.000000,0.753607
69200,1,1.000000,0.753609
69210,1,1.000000,0.753612
69220,1,1.000000,0.753614
69230,1,1.000000,0.753616
69240,1,1.000000,0.753619
69250,1,1.000000,0.753621
69260,1,1.000000,0.753624
69270,1,1.000000,0.753626
69280,1,1.000000,0.753628
69290,1,1.000000,0.753631
69300,1,1.000000,0.753633
69310,1,1.000000,0.753635
69320,1,1.000000,0.753638
69330,1,1.000000,0.753640
69340,1,1.000000,0.753642
69350,1,1.000000,0.753645
69360,1,1.000000,0.753647
69370,1,1.000000,0.753650
69380,1,1.000000,0.753652
69390,1,1.000000,0.753654
69400,1,1.000000,0.753657
69410,1,1.000000,0.753659
69420,1,1.000000,0.753661
69430,1,1.000000,0.753664
69440,1,1.000000,0.753666
69450,1,1.000000,0.753668
69460,1,1.000000,0.753671
69470,1,1.000000,0.753673
69480,1,1.000000,0.753675
69490,1,1.000000,0.753678
69500,1,1.000000,0.753680
69510,1,1.000000,0.753682
69520,1,1.000000,0.753685
69530,1,1.000000,0.753687
69540,1,1.000000,0.753689
69550,1,1.000000,0.753692
69560,1,1.000000,0.753694
69570,1,1.000000,0.753696
69580,1,1.000000,0.753699
69590,1,1.000000,0.753701
69600,1,1.000000,0.753703
69610,1,1.000000,0.753706
69620,1,1.000000,0.753708
69630,1,1.000000,0.753710
69640,1,1.000000,0.753712
69650,1,1.000000,0.753715
69660,1,1.000000,0.753717
69670,1,1.000000,0.753719
69680,1,1.000000,0.753722
69690,1,1.000000,0.753724
69700,1,1.000000,0.753726
69710,1,1.000000,0.708394
69720,1,1.000000,0.708494
69730,1,1.000000,0.708594
69740,1,1.000000,0.708693
69750,1,1.000000,0.708792
69760,1,1.000000,0.753728
69770,1,1.000000,0.753730
69780,1,1.000000,0.753733
69790,1,1.000000,0.753735
69800,1,1.000000,0.753737
69810,1,1.000000,0.753739
69820,1,1.000000,0.753742
69830,1,1.000000,0.753744
69840,1,1.000000,0.753746
69850,1,1.000000,0.753749
69860,1,1.000000,0.753751
69870,1,1.000000,0.753753
69880,1,1.000000,0.753755
69890,1,1.000000,0.753758
69900,1,1.000000,0.753760
69910,1,1.000000,0.753762
69920,1,1.000000,0.753765
69930,1,1.000000,0.753767
69940,1,1.000000,0.753769
69950,1,1.000000,0.753771
69960,1,1.000000,0.753774
69970,1,1.000000,0.753776
69980,1,1.000000,0.753778
69990,1,1.000000,0.753781
70000,1,1.000000,0.753783
70010,1,1.000000,0.753785
70020,1,1.000000,0.753787
70030,1,1.000000,0.708930
70040,1,1.000000,0.709028
70050,1,1.000000,0.709125
70060,1,1.000000,0.709223
70070,1,1.000000,0.753789
70080,1,1.000000,0.753791
70090,1,1.000000,0.753793
70100,1,1.000000,0.753796
70110,1,1.000000,0.753798
70120,1,1.000000,0.753800
70130,1,1.000000,0.709387
70140,1,1.000000,0.709484
70150,1,1.000000,0.709580
70160,1,1.000000,0.753801
70170,1,1.000000,0.753804
70180,1,1.000000,0.753806
70190,1,1.000000,0.753808
70200,1,1.000000,0.753810
70210,1,1.000000,0.753813
70220,1,1.000000,0.753815
70230,1,1.000000,0.753817
70240,1,1.000000,0.753819
70250,1,1.000000,0.753822
70260,1,1.000000,0.753824
70270,1,1.000000,0.709656
70280,1,1.000000,0.709751
70290,1,1.000000,0.709846
70300,1,1.000000,0.709941
70310,1,1.000000,0.710035
70320,1,1.000000,0.753827
70330,1,1.000000,0.753829
70340,1,1.000000,0.753831
70350,1,1.000000,0.753834
70360,1,1.000000,0.710092
70370,1,1.000000,0.753836
70380,1,1.000000,0.753838
70390,1,1.000000,0.753841
70400,1,1.000000,0.753843
70410,1,1.000000,0.753845
70420,1,1.000000,0.753847
70430,1,1.000000,0.753850
70440,1,1.000000,0.753852
70450,1,1.000000,0.753854
70460,1,1.000000,0.710195
70470,1,1.000000,0.753857
70480,1,1.000000,0.753860
70490,1,1.000000,0.753862
70500,1,1.000000,0.753864
70510,1,1.000000,0.753866
70520,1,1.000000,0.753868
70530,1,1.000000,0.753871
70540,1,1.000000,0.710242
70550,1,1.000000,0.710335
70560,1,1.000000,0.753874
70570,1,1.000000,0.753876
70580,1,1.000000,0.753878
70590,1,1.000000,0.710409
70600,1,1.000000,0.710502
70610,1,1.000000,0.710594
70620,1,1.000000,0.710686
70630,1,1.000000,0.710778
70640,1,1.000000,0.710860
70650,1,1.000000,0.710951
70660,1,1.000000,0.711041
70670,1,1.000000,0.711132
70680,1,1.000000,0.711222
70690,1,1.000000,0.711311
70700,1,1.000000,0.711401
70710,1,1.000000,0.711490
70720,1,1.000000,0.711579
70730,1,1.000000,0.711667
70740,1,1.000000,0.711755
70750,1,1.000000,0.711843
70760,1,1.000000,0.711931
70770,1,1.000000,0.712018
70780,1,1.000000,0.712105
70790,1,1.000000,0.712191
70800,1,1.000000,0.712277
70810,1,1.000000,0.712363
70820,1,1.000000,0.712441
70830,1,1.000000,0.712526
70840,1,1.000000,0.712611
70850,1,1.000000,0.712696
70860,1,1.000000,0.712772
70870,1,1.000000,0.712831
70880,1,1.000000,0.712915
70890,1,1.000000,0.712999
70900,1,1.000000,0.713082
70910,1,1.000000,0.713166
70920,1,1.000000,0.713248
70930,1,1.000000,0.713331
70940,1,1.000000,0.713413
70950,1,1.000000,0.713495
70960,1,1.000000,0.713577
70970,1,1.000000,0.713659
70980,1,1.000000,0.713740
70990,1,1.000000,0.713821
71000,1,0.004257,0.004187
71010,1,1.000000,0.713966
71020,1,1.000000,0.714046
71030,1,1.000000,0.714126
71040,1,1.000000,0.714198
71050,1,1.000000,0.714277
71060,1,1.000000,0.714356
71070,1,1.000000,0.714435
71080,1,1.000000,0.714514
71090,1,1.000000,0.714577
71100,1,1.000000,0.714655
71110,1,1.000000,0.714733
71120,1,1.000000,0.714803
71130,1,1.000000,0.714880
71140,1,1.000000,0.714957
71150,1,1.000000,0.715034
71160,1,1.000000,0.715111
71170,1,1.000000,0.715179
71180,1,1.000000,0.715256
71190,1,1.000000,0.753880
71200,1,1.000000,0.753883
71210,1,1.000000,0.753885
71220,1,1.000000,0.753887
71230,1,1.000000,0.753889
71240,1,1.000000,0.753892
71250,1,1.000000,0.753894
71260,1,1.000000,0.753896
71270,1,1.000000,0.753898
71280,1,1.000000,0.753900
71290,1,1.000000,0.753903
71300,1,1.000000,0.753905
71310,1,1.000000,0.753907
71320,1,1.000000,0.753909
71330,1,1.000000,0.753911
71340,1,1.000000,0.753914
71350,1,1.000000,0.753916
71360,1,1.000000,0.753918
71370,1,1.000000,0.715301
71380,1,1.000000,0.715377
71390,1,1.000000,0.753920
71400,1,1.000000,0.753922
71410,1,1.000000,0.753925
71420,1,1.000000,0.753927
71430,1,1.000000,0.753929
71440,1,1.000000,0.753931
71450,1,1.000000,0.753933
71460,1,1.000000,0.753935
71470,1,1.000000,0.753938
71480,1,1.000000,0.753940
71490,1,1.000000,0.753942
71500,1,1.000000,0.753944
71510,1,1.000000,0.753946
71520,1,1.000000,0.753949
71530,1,1.000000,0.753951
71540,1,1.000000,0.753952
71550,1,1.000000,0.753954
71560,1,1.000000,0.753956
71570,1,1.000000,0.753958
71580,1,1.000000,0.753960
71590,1,1.000000,0.753962
71600,1,1.000000,0.753965
71610,1,1.000000,0.753967
71620,1,1.000000,0.753969
71630,1,1.000000,0.753971
71640,1,1.000000,0.753973
71650,1,1.000000,0.753975
71660,1,1.000000,0.753978
71670,1,1.000000,0.753980
71680,1,1.000000,0.753982
71690,1,1.000000,0.753984
71700,1,1.000000,0.753986
71710,1,1.000000,0.753988
71720,1,1.000000,0.753991
71730,1,1.000000,0.753993
71740,1,1.000000,0.753995
71750,1,1.000000,0.753997
71760,1,1.000000,0.753999
71770,1,1.000000,0.754001
71780,1,1.000000,0.754003
71790,1,1.000000,0.754005
71800,1,1.000000,0.754007
71810,1,1.000000,0.754009
71820,1,1.000000,0.754012
71830,1,1.000000,0.754014
71840,1,1.000000,0.754016
71850,1,1.000000,0.754018
71860,1,1.000000,0.754020
71870,1,1.000000,0.754022
71880,1,1.000000,0.754024
71890,1,1.000000,0.754026
71900,1,1.000000,0.754028
71910,1,1.000000,0.754031
71920,1,1.000000,0.754033
71930,1,1.000000,0.754035
71940,1,1.000000,0.754037
71950,1,1.000000,0.754039
71960,1,1.000000,0.754041
71970,1,1.000000,0.754043
71980,1,1.000000,0.754045
71990,1,1.000000,0.754048
72000,1,1.000000,0.754050
72010,1,1.000000,0.754052
72020,1,1.000000,0.754054
72030,1,1.000000,0.754056
72040,1,1.000000,0.754058
72050,1,1.000000,0.754060
72060,1,1.000000,0.754062
72070,1,1.000000,0.754064
72080,1,1.000000,0.754067
72090,1,1.000000,0.754069
72100,1,1.000000,0.754071
72110,1,1.000000,0.754073
72120,1,1.000000,0.754075
72130,1,1.000000,0.754077
72140,1,1.000000,0.754079
72150,1,1.000000,0.754081
72160,1,1.000000,0.754083
72170,1,1.000000,0.754086
72180,1,1.000000,0.715513
72190,1,1.000000,0.715588
72200,1,1.000000,0.715663
72210,1,1.000000,0.715737
72220,1,1.000000,0.754086
72230,1,1.000000,0.754088
72240,1,1.000000,0.754090
72250,1,1.000000,0.754092
72260,1,1.000000,0.754094
72270,1,1.000000,0.754096
72280,1,1.000000,0.754099
72290,1,1.000000,0.754101
72300,1,0.003577,0.003577
72310,1,1.000000,0.715878
72320,1,1.000000,0.754103
72330,1,1.000000,0.754105
72340,1,1.000000,0.754108
72350,1,1.000000,0.754110
72360,1,1.000000,0.754112
72370,1,1.000000,0.754114
72380,1,1.000000,0.715982
72390,1,1.000000,0.716055
72400,1,1.000000,0.716128
72410,1,1.000000,0.754115
72420,1,1.000000,0.754117
72430,1,1.000000,0.754119
72440,1,1.000000,0.754121
72450,1,1.000000,0.754124
72460,1,1.000000,0.754126
72470,1,1.000000,0.754128
72480,1,1.000000,0.754130
72490,1,1.000000,0.754132
72500,1,1.000000,0.754134
72510,1,1.000000,0.754136
72520,1,1.000000,0.754138
72530,1,1.000000,0.754140
72540,1,1.000000,0.754142
72550,1,1.000000,0.754144
72560,1,1.000000,0.754146
72570,1,1.000000,0.754148
72580,1,1.000000,0.754150
72590,1,1.000000,0.754152
72600,1,1.000000,0.754154
72610,1,1.000000,0.754156
72620,1,1.000000,0.754158
72630,1,1.000000,0.754160
72640,1,1.000000,0.754162
72650,1,1.000000,0.754164
72660,1,1.000000,0.754166
72670,1,1.000000,0.754168
72680,1,1.000000,0.754170
72690,1,1.000000,0.754172
72700,1,1.000000,0.754175
72710,1,1.000000,0.754177
72720,1,1.000000,0.754179
72730,1,1.000000,0.754181
72740,1,1.000000,0.716209
72750,1,1.000000,0.716282
72760,1,1.000000,0.716354
72770,1,1.000000,0.716427
72780,1,1.000000,0.754182
72790,1,1.000000,0.754184
72800,1,1.000000,0.754186
72810,1,1.000000,0.754188
72820,1,1.000000,0.754190
72830,1,1.000000,0.754192
72840,1,1.000000,0.754194
72850,1,1.000000,0.754196
72860,1,1.000000,0.754198
72870,1,1.000000,0.754200
72880,1,1.000000,0.754203
72890,1,1.000000,0.754205
72900,1,1.000000,0.754207
72910,1,1.000000,0.754209
72920,1,1.000000,0.754211
72930,1,1.000000,0.754213
72940,1,1.000000,0.754215
72950,1,1.000000,0.754217
72960,1,1.000000,0.754219
72970,1,1.000000,0.754221
72980,1,1.000000,0.754223
72990,1,1.000000,0.754225
73000,1,1.000000,0.754227
73010,1,1.000000,0.754229
73020,1,1.000000,0.754231
73030,1,1.000000,0.754233
73040,1,1.000000,0.754235
73050,1,1.000000,0.754237
73060,1,1.000000,0.754239
73070,1,1.000000,0.754241
73080,1,1.000000,0.754243
73090,1,1.000000,0.754245
73100,1,1.000000,0.754247
73110,1,1.000000,0.754249
73120,1,1.000000,0.754251
73130,1,1.000000,0.754253
73140,1,1.000000,0.716528
73150,1,1.000000,0.716599
73160,1,1.000000,0.716671
73170,1,1.000000,0.716742
73180,1,1.000000,0.754255
73190,1,1.000000,0.754257
73200,1,1.000000,0.716771
73210,1,1.000000,0.716842
73220,1,1.000000,0.754260
73230,1,1.000000,0.754262
73240,1,1.000000,0.754264
73250,1,1.000000,0.754266
73260,1,1.000000,0.754268
73270,1,1.000000,0.754270
73280,1,1.000000,0.754272
73290,1,1.000000,0.754274
73300,1,1.000000,0.754276
73310,1,1.000000,0.754278
73320,1,1.000000,0.754280
73330,1,1.000000,0.754282
73340,1,1.000000,0.754284
73350,1,1.000000,0.754286
73360,1,1.000000,0.754286
73370,1,1.000000,0.754288
73380,1,1.000000,0.754290
73390,1,1.000000,0.754292
73400,1,1.000000,0.754294
73410,1,1.000000,0.754296
73420,1,1.000000,0.754298
73430,1,1.000000,0.754300
73440,1,1.000000,0.754302
73450,1,1.000000,0.754304
73460,1,1.000000,0.754306
73470,1,1.000000,0.754308
73480,1,1.000000,0.754310
73490,1,1.000000,0.754312
73500,1,1.000000,0.754314
73510,1,1.000000,0.754316
73520,1,1.000000,0.754318
73530,1,1.000000,0.754320
73540,1,1.000000,0.754322
73550,1,1.000000,0.754324
73560,1,0.007552,0.007552
73570,1,1.000000,0.716997
73580,1,1.000000,0.717068
73590,1,1.000000,0.717138
73600,1,1.000000,0.717208
73610,1,1.000000,0.717277
73620,1,1.000000,0.754326
73630,1,1.000000,0.754328
73640,1,1.000000,0.754330
73650,1,1.000000,0.754332
73660,1,1.000000,0.754334
73670,1,1.000000,0.754336
73680,1,1.000000,0.754338
73690,1,1.000000,0.717326
73700,1,1.000000,0.717395
73710,1,1.000000,0.717464
73720,1,1.000000,0.717533
73730,1,1.000000,0.717602
73740,1,1.000000,0.717670
73750,1,1.000000,0.717738
73760,1,1.000000,0.754341
73770,1,1.000000,0.754343
73780,1,1.000000,0.754345
73790,1,1.000000,0.754347
73800,1,1.000000,0.754349
73810,1,1.000000,0.717786
73820,1,1.000000,0.717854
73830,1,1.000000,0.754351
73840,1,1.000000,0.754353
73850,1,1.000000,0.754355
73860,1,1.000000,0.754357
73870,1,1.000000,0.754358
73880,1,1.000000,0.754360
73890,1,1.000000,0.754362
73900,1,1.000000,0.754364
73910,1,1.000000,0.754366
73920,1,1.000000,0.754368
73930,1,1.000000,0.754370
73940,1,1.000000,0.754372
73950,1,1.000000,0.754374
73960,1,1.000000,0.754376
73970,1,1.000000,0.754378
73980,1,1.000000,0.754379
73990,1,1.000000,0.754381
74000,1,1.000000,0.754383
74010,1,1.000000,0.754385
74020,1,1.000000,0.754387
74030,1,1.000000,0.754389
74040,1,1.000000,0.754391
74050,1,1.000000,0.754393
74060,1,1.000000,0.754395
74070,1,1.000000,0.754397
74080,1,1.000000,0.754399
74090,1,1.000000,0.754401
74100,1,1.000000,0.754402
74110,1,1.000000,0.754404
74120,1,1.000000,0.754406
74130,1,1.000000,0.754408
74140,1,1.000000,0.754410
74150,1,1.000000,0.754412
74160,1,1.000000,0.754414
74170,1,1.000000,0.754416
74180,1,1.000000,0.754418
74190,1,1.000000,0.754420
74200,1,1.000000,0.754421
74210,1,1.000000,0.754423
74220,1,1.000000,0.754425
74230,1,1.000000,0.754427
74240,1,1.000000,0.754429
74250,1,1.000000,0.754431
74260,1,1.000000,0.717908
74270,1,1.000000,0.754432
74280,1,1.000000,0.754434
74290,1,1.000000,0.754436
74300,1,1.000000,0.754438
74310,1,1.000000,0.754440
74320,1,1.000000,0.754442
74330,1,1.000000,0.754444
74340,1,1.000000,0.754446
74350,1,1.000000,0.754447
74360,1,1.000000,0.754449
74370,1,1.000000,0.754451
74380,1,1.000000,0.754453
74390,1,1.000000,0.754455
74400,1,1.000000,0.754457
74410,1,1.000000,0.754459
74420,1,1.000000,0.754461
74430,1,1.000000,0.718009
74440,1,1.000000,0.754462
74450,1,1.000000,0.754464
74460,1,1.000000,0.718049
74470,1,1.000000,0.754467
74480,1,1.000000,0.754469
74490,1,1.000000,0.754471
74500,1,1.000000,0.754473
74510,1,1.000000,0.754475
74520,1,1.000000,0.754476
74530,1,1.000000,0.754478
74540,1,1.000000,0.754480
74550,1,1.000000,0.754482
74560,1,1.000000,0.754484
74570,1,1.000000,0.754486
74580,1,1.000000,0.754488
74590,1,1.000000,0.754490
74600,1,1.000000,0.754491
74610,1,1.000000,0.754493
74620,1,1.000000,0.754495
74630,1,1.000000,0.754497
74640,1,1.000000,0.754499
74650,1,1.000000,0.754501
74660,1,1.000000,0.754503
74670,1,1.000000,0.754505
74680,1,1.000000,0.718130
74690,1,1.000000,0.718197
74700,1,1.000000,0.718263
74710,1,1.000000,0.718330
74720,1,1.000000,0.718396
74730,1,1.000000,0.754506
74740,1,1.000000,0.718475
74750,1,1.000000,0.754508
74760,1,1.000000,0.754510
74770,1,1.000000,0.754512
74780,1,1.000000,0.754514
74790,1,1.000000,0.754516
74800,1,1.000000,0.754518
74810,1,1.000000,0.754520
74820,1,1.000000,0.754521
74830,1,1.000000,0.754523
74840,1,1.000000,0.754525
74850,1,1.000000,0.718534
74860,1,1.000000,0.718600
74870,1,1.000000,0.718665
74880,1,1.000000,0.718730
74890,1,1.000000,0.718795
74900,1,1.000000,0.718860
74910,1,1.000000,0.718925
74920,1,1.000000,0.754527
74930,1,1.000000,0.754529
74940,1,1.000000,0.754531
74950,1,1.000000,0.754533
74960,1,1.000000,0.754535
74970,1,1.000000,0.754537
74980,1,1.000000,0.754538
74990,1,1.000000,0.754540
75000,1,1.000000,0.754542
75010,1,1.000000,0.754544
75020,1,1.000000,0.754546
75030,1,1.000000,0.754548
75040,1,1.000000,0.754550
75050,1,1.000000,0.754551
75060,1,1.000000,0.754553
75070,1,1.000000,0.754555
75080,1,1.000000,0.754557
75090,1,1.000000,0.754559
75100,1,1.000000,0.754561
75110,1,1.000000,0.754563
75120,1,1.000000,0.754564
75130,1,1.000000,0.754566
75140,1,1.000000,0.754568
75150,1,1.000000,0.754570
75160,1,1.000000,0.754572
75170,1,1.000000,0.754574
75180,1,1.000000,0.754575
75190,1,1.000000,0.754577
75200,1,1.000000,0.754579
75210,1,1.000000,0.754581
75220,1,1.000000,0.754583
75230,1,1.000000,0.754585
75240,1,1.000000,0.754586
75250,1,1.000000,0.754588
75260,1,1.000000,0.754590
75270,1,1.000000,0.754592
75280,1,1.000000,0.754594
75290,1,1.000000,0.754595
75300,1,1.000000,0.754597
75310,1,1.000000,0.754599
75320,1,1.000000,0.754601
75330,1,1.000000,0.754603
75340,1,1.000000,0.754605
75350,1,1.000000,0.754606
75360,1,1.000000,0.754608
75370,1,1.000000,0.754610
75380,1,1.000000,0.754612
75390,1,1.000000,0.754614
75400,1,1.000000,0.754615
75410,1,1.000000,0.754617
75420,1,1.000000,0.754619
75430,1,1.000000,0.754621
75440,1,1.000000,0.754623
75450,1,1.000000,0.754625
75460,1,1.000000,0.754626
75470,1,1.000000,0.754628
75480,1,1.000000,0.754630
75490,1,1.000000,0.754632
75500,1,1.000000,0.754634
75510,1,1.000000,0.754635
75520,1,1.000000,0.754637
75530,1,1.000000,0.754639
75540,1,1.000000,0.754641
75550,1,1.000000,0.754643
75560,1,1.000000,0.754644
75570,1,1.000000,0.718950
75580,1,1.000000,0.719015
75590,1,1.000000,0.719079
75600,1,1.000000,0.719143
75610,1,1.000000,0.754646
75620,1,1.000000,0.754648
75630,1,1.000000,0.754650
75640,1,1.000000,0.754652
75650,1,1.000000,0.754654
75660,1,1.000000,0.754655
75670,1,1.000000,0.754657
75680,1,1.000000,0.754659
75690,1,1.000000,0.754661
75700,1,1.000000,0.754663
75710,1,1.000000,0.754664
75720,1,1.000000,0.754666
75730,1,1.000000,0.754668
75740,1,1.000000,0.754669
75750,1,1.000000,0.754671
75760,1,1.000000,0.754673
75770,1,1.000000,0.754675
75780,1,1.000000,0.754676
75790,1,1.000000,0.754678
75800,1,1.000000,0.754680
75810,1,1.000000,0.754682
75820,1,1.000000,0.754684
75830,1,1.000000,0.754685
75840,1,1.000000,0.754687
75850,1,1.000000,0.754689
75860,1,1.000000,0.754691
75870,1,1.000000,0.754692
75880,1,1.000000,0.754694
75890,1,1.000000,0.754696
75900,1,1.000000,0.719238
75910,1,1.000000,0.719302
75920,1,1.000000,0.719365
75930,1,1.000000,0.754698
75940,1,1.000000,0.754700
75950,1,1.000000,0.754701
75960,1,1.000000,0.754703
75970,1,1.000000,0.754705
75980,1,1.000000,0.754707
75990,1,1.000000,0.754708
76000,1,1.000000,0.754710
76010,1,1.000000,0.754712
76020,1,1.000000,0.754714
76030,1,1.000000,0.754715
76040,1,1.000000,0.754717
76050,1,1.000000,0.754719
76060,1,1.000000,0.754721
76070,1,1.000000,0.754722
76080,1,1.000000,0.754724
76090,1,1.000000,0.754726
76100,1,1.000000,0.754728
76110,1,1.000000,0.754729
76120,1,1.000000,0.754731
76130,1,1.000000,0.754733
76140,1,1.000000,0.754735
76150,1,1.000000,0.754736
76160,1,1.000000,0.754738
76170,1,1.000000,0.754740
76180,1,1.000000,0.754742
76190,1,1.000000,0.754743
76200,1,1.000000,0.754745
76210,1,1.000000,0.754747
76220,1,1.000000,0.754749
76230,1,1.000000,0.719415
76240,1,1.000000,0.719478
76250,1,1.000000,0.719522
76260,1,1.000000,0.719585
76270,1,1.000000,0.719647
76280,1,1.000000,0.754750
76290,1,1.000000,0.719722
76300,1,1.000000,0.754752
76310,1,1.000000,0.719784
76320,1,1.000000,0.754755
76330,1,1.000000,0.754756
76340,1,1.000000,0.754758
76350,1,1.000000,0.754760
76360,1,1.000000,0.754762
76370,1,1.000000,0.754763
76380,1,1.000000,0.754765
76390,1,1.000000,0.754767
76400,1,1.000000,0.754769
76410,1,1.000000,0.754770
76420,1,1.000000,0.754772
76430,1,1.000000,0.754774
76440,1,1.000000,0.754775
76450,1,1.000000,0.754777
76460,1,1.000000,0.754779
76470,1,1.000000,0.754781
76480,1,0.003006,0.003006
76490,1,1.000000,0.754784
76500,1,1.000000,0.754786
76510,1,1.000000,0.754787
76520,1,1.000000,0.754789
76530,1,1.000000,0.754791
76540,1,1.000000,0.754793
76550,1,1.000000,0.754794
76560,1,1.000000,0.754796
76570,1,1.000000,0.754798
76580,1,1.000000,0.754799
76590,1,1.000000,0.754801
76600,1,1.000000,0.754803
76610,1,1.000000,0.754805
76620,1,1.000000,0.754806
76630,1,1.000000,0.754808
76640,1,1.000000,0.754810
76650,1,1.000000,0.754811
76660,1,1.000000,0.754813
76670,1,1.000000,0.754815
76680,1,1.000000,0.754817
76690,1,1.000000,0.754818
76700,1,1.000000,0.754820
76710,1,1.000000,0.754822
76720,1,1.000000,0.754823
76730,1,1.000000,0.754825
76740,1,1.000000,0.754827
76750,1,1.000000,0.754829
76760,1,1.000000,0.754830
76770,1,1.000000,0.754832
76780,1,1.000000,0.754834
76790,1,1.000000,0.754835
76800,1,1.000000,0.754837
76810,1,1.000000,0.754838
76820,1,1.000000,0.754840
76830,1,1.000000,0.754842
76840,1,1.000000,0.754844
76850,1,1.000000,0.719827
76860,1,1.000000,0.719889
76870,1,1.000000,0.754846
76880,1,1.000000,0.754848
76890,1,1.000000,0.754849
76900,1,1.000000,0.719938
76910,1,1.000000,0.754851
76920,1,1.000000,0.754853
76930,1,1.000000,0.754854
76940,1,1.000000,0.754856
76950,1,1.000000,0.754858
76960,1,1.000000,0.754859
76970,1,1.000000,0.754861
76980,1,1.000000,0.754863
76990,1,1.000000,0.754864
77000,1,0.035884,0.015522
77010,1,1.000000,0.754868
77020,1,1.000000,0.754869
77030,1,1.000000,0.754871
77040,1,1.000000,0.754873
77050,1,1.000000,0.754874
77060,1,1.000000,0.754876
77070,1,1.000000,0.754878
77080,1,1.000000,0.754879
77090,1,1.000000,0.754881
77100,1,1.000000,0.754883
77110,1,1.000000,0.754884
77120,1,1.000000,0.754886
77130,1,1.000000,0.754888
77140,1,1.000000,0.754889
77150,1,1.000000,0.754891
77160,1,1.000000,0.754893
77170,1,1.000000,0.754894
77180,1,1.000000,0.754896
77190,1,1.000000,0.754898
77200,1,1.000000,0.754899
77210,1,1.000000,0.754901
77220,1,1.000000,0.754903
77230,1,1.000000,0.754904
77240,1,1.000000,0.754906
77250,1,1.000000,0.754908
77260,1,1.000000,0.754909
77270,1,1.000000,0.754911
77280,1,1.000000,0.754913
77290,1,1.000000,0.754914
77300,1,1.000000,0.754916
77310,1,1.000000,0.754918
77320,1,1.000000,0.754919
77330,1,1.000000,0.754921
77340,1,1.000000,0.754923
77350,1,1.000000,0.754924
77360,1,1.000000,0.754926
77370,1,1.000000,0.754928
77380,1,1.000000,0.754929
77390,1,1.000000,0.754931
77400,1,1.000000,0.754932
77410,1,1.000000,0.754934
77420,1,1.000000,0.754936
77430,1,1.000000,0.754937
77440,1,1.000000,0.754939
77450,1,1.000000,0.754941
77460,1,1.000000,0.754942
77470,1,1.000000,0.754944
77480,1,1.000000,0.754946
77490,1,1.000000,0.754947
77500,1,1.000000,0.754949
77510,1,1.000000,0.754951
77520,1,1.000000,0.754952
77530,1,1.000000,0.754954
77540,1,1.000000,0.754956
77550,1,1.000000,0.754957
77560,1,1.000000,0.754959
77570,1,1.000000,0.754960
77580,1,1.000000,0.754962
77590,1,1.000000,0.754964
77600,1,1.000000,0.754965
77610,1,1.000000,0.754967
77620,1,1.000000,0.754969
77630,1,1.000000,0.754970
77640,1,1.000000,0.754972
77650,1,1.000000,0.754974
77660,1,1.000000,0.754975
77670,1,1.000000,0.754977
77680,1,1.000000,0.754978
77690,1,1.000000,0.754980
77700,1,1.000000,0.754982
77710,1,1.000000,0.754983
77720,1,1.000000,0.754985
77730,1,1.000000,0.754987
77740,1,1.000000,0.754988
77750,1,1.000000,0.754990
77760,1,1.000000,0.754991
77770,1,1.000000,0.754993
77780,1,1.000000,0.754995
77790,1,1.000000,0.754996
77800,1,1.000000,0.754998
77810,1,1.000000,0.755000
77820,1,1.000000,0.755001
77830,1,1.000000,0.755003
77840,1,1.000000,0.755004
77850,1,1.000000,0.755006
77860,1,1.000000,0.755008
77870,1,1.000000,0.755009
77880,1,1.000000,0.755011
77890,1,1.000000,0.755012
77900,1,1.000000,0.755014
77910,1,1.000000,0.755016
77920,1,1.000000,0.755017
77930,1,1.000000,0.755019
77940,1,1.000000,0.755021
77950,1,1.000000,0.755022
77960,1,1.000000,0.755024
77970,1,1.000000,0.719993
77980,1,1.000000,0.720054
77990,1,1.000000,0.720115
78000,1,1.000000,0.720176
78010,1,1.000000,0.755025
78020,1,1.000000,0.720243
78030,1,1.000000,0.755027
78040,1,1.000000,0.755028
78050,1,1.000000,0.755030
78060,1,1.000000,0.755032
78070,1,1.000000,0.755033
78080,1,1.000000,0.755035
78090,1,1.000000,0.755036
78100,1,1.000000,0.755038
78110,1,1.000000,0.755040
78120,1,1.000000,0.755041
78130,1,1.000000,0.755043
78140,1,1.000000,0.755044
78150,1,1.000000,0.755046
78160,1,1.000000,0.755048
78170,1,1.000000,0.755049
78180,1,1.000000,0.755051
78190,1,1.000000,0.755052
78200,1,1.000000,0.755054
78210,1,1.000000,0.755055
78220,1,1.000000,0.755057
78230,1,1.000000,0.755059
78240,1,1.000000,0.755060
78250,1,1.000000,0.755062
78260,1,1.000000,0.755063
78270,1,1.000000,0.755065
78280,1,1.000000,0.755066
78290,1,1.000000,0.755068
78300,1,1.000000,0.755070
78310,1,1.000000,0.755071
78320,1,1.000000,0.755073
78330,1,1.000000,0.755074
78340,1,1.000000,0.755076
78350,1,1.000000,0.755077
78360,1,1.000000,0.755079
78370,1,1.000000,0.755080
78380,1,1.000000,0.755082
78390,1,1.000000,0.755084
78400,1,1.000000,0.755085
78410,1,1.000000,0.755087
78420,1,1.000000,0.755088
78430,1,1.000000,0.755090
78440,1,1.000000,0.755091
78450,1,1.000000,0.755093
78460,1,1.000000,0.755094
78470,1,1.000000,0.755096
78480,1,1.000000,0.755098
78490,1,1.000000,0.755099
78500,1,1.000000,0.755101
78510,1,1.000000,0.755102
78520,1,1.000000,0.755104
78530,1,1.000000,0.755105
78540,1,1.000000,0.755107
78550,1,1.000000,0.755108
78560,1,1.000000,0.755110
78570,1,1.000000,0.755111
78580,1,1.000000,0.755113
78590,1,1.000000,0.755113
78600,1,1.000000,0.755115
78610,1,1.000000,0.755116
78620,1,1.000000,0.755118
78630,1,1.000000,0.755120
78640,1,1.000000,0.755121
78650,1,1.000000,0.755123
78660,1,1.000000,0.755124
78670,1,1.000000,0.755126
78680,1,1.000000,0.755127
78690,1,1.000000,0.755129
78700,1,1.000000,0.755130
78710,1,1.000000,0.755132
78720,1,1.000000,0.755133
78730,1,1.000000,0.755135
78740,1,1.000000,0.755137
78750,1,1.000000,0.755138
78760,1,1.000000,0.755140
78770,1,1.000000,0.755141
78780,1,1.000000,0.755143
78790,1,1.000000,0.755144
78800,1,1.000000,0.755146
78810,1,1.000000,0.755147
78820,1,1.000000,0.755149
78830,1,1.000000,0.755150
78840,1,1.000000,0.755152
78850,1,1.000000,0.755154
78860,1,1.000000,0.755155
78870,1,1.000000,0.755157
78880,1,1.000000,0.755158
78890,1,1.000000,0.755160
78900,1,1.000000,0.755161
78910,1,1.000000,0.755163
78920,1,1.000000,0.755164
78930,1,1.000000,0.755166
78940,1,1.000000,0.755167
78950,1,1.000000,0.755169
78960,1,1.000000,0.755171
78970,1,1.000000,0.755172
78980,1,1.000000,0.755174
78990,1,1.000000,0.755175
79000,1,1.000000,0.755177
79010,1,1.000000,0.755178
79020,1,1.000000,0.755180
79030,1,1.000000,0.755181
79040,1,1.000000,0.755183
79050,1,1.000000,0.755184
79060,1,1.000000,0.755186
79070,1,1.000000,0.755187
79080,1,1.000000,0.755189
79090,1,1.000000,0.755190
79100,1,1.000000,0.755192
79110,1,1.000000,0.755193
79120,1,1.000000,0.755195
79130,1,1.000000,0.755196
79140,1,1.000000,0.755198
79150,1,1.000000,0.755199
79160,1,1.000000,0.755201
79170,1,1.000000,0.755202
79180,1,1.000000,0.755204
79190,1,1.000000,0.755206
79200,1,1.000000,0.755207
79210,1,1.000000,0.755209
79220,1,1.000000,0.755210
79230,1,1.000000,0.755212
79240,1,1.000000,0.755213
79250,1,1.000000,0.755215
79260,1,1.000000,0.755216
79270,1,1.000000,0.755218
79280,1,0.003311,0.003311
79290,1,1.000000,0.755221
79300,1,1.000000,0.755222
79310,1,1.000000,0.755224
79320,1,1.000000,0.755225
79330,1,1.000000,0.755227
79340,1,1.000000,0.755228
79350,1,1.000000,0.755230
79360,1,1.000000,0.755231
79370,1,1.000000,0.755233
79380,1,1.000000,0.755234
79390,1,1.000000,0.755235
79400,1,1.000000,0.755237
79410,1,1.000000,0.755238
79420,1,1.000000,0.755240
79430,1,1.000000,0.755241
79440,1,1.000000,0.755243
79450,1,1.000000,0.755244
79460,1,1.000000,0.755246
79470,1,1.000000,0.755247
79480,1,1.000000,0.755249
79490,1,1.000000,0.755250
79500,1,1.000000,0.755252
79510,1,1.000000,0.755253
79520,1,1.000000,0.755255
79530,1,1.000000,0.755256
79540,1,1.000000,0.755258
79550,1,1.000000,0.755259
79560,1,1.000000,0.755261
79570,1,1.000000,0.755262
79580,1,1.000000,0.755264
79590,1,1.000000,0.755265
79600,1,1.000000,0.755267
79610,1,1.000000,0.755268
79620,1,1.000000,0.755270
79630,1,1.000000,0.755271
79640,1,1.000000,0.755273
79650,1,1.000000,0.720370
79660,1,1.000000,0.720430
79670,1,1.000000,0.720490
79680,1,1.000000,0.720549
79690,1,1.000000,0.720609
79700,1,1.000000,0.720668
79710,1,1.000000,0.720728
79720,1,1.000000,0.720787
79730,1,1.000000,0.720846
79740,1,1.000000,0.720904
79750,1,1.000000,0.720963
79760,1,1.000000,0.721021
79770,1,1.000000,0.755274
79780,1,1.000000,0.755275
79790,1,1.000000,0.755277
79800,1,1.000000,0.755278
79810,1,1.000000,0.755280
79820,1,1.000000,0.755281
79830,1,1.000000,0.721056
79840,1,1.000000,0.721114
79850,1,1.000000,0.755283
79860,1,1.000000,0.755285
79870,1,1.000000,0.755286
79880,1,1.000000,0.755288
79890,1,1.000000,0.755289
79900,1,1.000000,0.755291
79910,1,1.000000,0.755292
79920,1,1.000000,0.755294
79930,1,1.000000,0.755295
79940,1,1.000000,0.755297
79950,1,1.000000,0.755298
79960,1,1.000000,0.755300
79970,1,1.000000,0.755301
79980,1,1.000000,0.755303
79990,1,1.000000,0.755304
