packet_index,label,kitsune_tanh_rmse,tenko_node_score
0,0,0.005913,0.006838
10,0,0.003469,0.003469
20,0,0.003179,0.005228
30,0,0.040446,0.044443
40,0,0.002961,0.003471
50,0,0.036960,0.044435
60,0,0.029120,0.014662
70,0,0.027305,0.014678
80,0,0.032839,0.044418
90,0,0.031509,0.044408
100,0,0.004246,0.002123
110,0,0.003989,0.003026
120,0,0.003703,0.005488
130,0,0.003622,0.003471
140,0,0.005155,0.006573
150,0,0.003558,0.003471
160,0,0.005579,0.006834
170,0,0.003510,0.005225
180,0,0.003073,0.003073
190,0,0.003557,0.003471
200,0,0.003438,0.003438
210,0,0.002961,0.003470
220,0,0.004086,0.004078
230,0,0.003490,0.001745
240,0,0.003422,0.003422
250,0,0.003632,0.003470
260,0,0.004667,0.006671
270,0,0.002866,0.005222
280,0,0.005740,0.006830
290,0,0.003412,0.003493
300,0,0.004065,0.004076
310,0,0.004715,0.002839
320,0,0.005056,0.004157
330,0,0.003542,0.003470
340,0,0.036804,0.036787
350,0,0.004292,0.004292
360,0,0.003306,0.005471
370,0,0.004034,0.004052
380,0,0.003264,0.003734
390,0,0.007715,0.025076
400,0,0.008610,0.005242
410,0,0.018575,0.014731
420,0,0.006122,0.005243
430,0,0.003602,0.005469
440,0,0.002431,0.002962
450,0,0.005615,0.006825
460,0,0.002596,0.003490
470,0,0.004339,0.011077
480,0,0.004006,0.005242
490,0,0.005004,0.005471
500,0,0.003615,0.003468
510,0,0.004262,0.004262
520,0,0.003554,0.003468
530,0,0.004795,0.006820
540,0,0.003698,0.005240
550,0,0.006255,0.006819
560,0,0.004581,0.004581
570,0,0.004597,0.004644
580,0,0.005532,0.006816
590,0,0.005379,0.006813
600,0,0.002785,0.003620
610,0,0.004057,0.004024
620,0,0.044162,0.005249
630,0,0.004242,0.005248
640,0,0.003355,0.005248
650,0,0.003825,0.005248
660,0,0.002931,0.005247
670,0,0.003126,0.003467
680,0,0.005060,0.006809
690,0,0.004105,0.004105
700,0,0.004054,0.004074
710,0,0.003232,0.005246
720,0,0.005523,0.006804
730,0,0.003356,0.005246
740,0,0.004060,0.004058
750,0,0.003939,0.003939
760,0,0.020980,0.044347
770,0,0.017991,0.044326
780,0,0.016422,0.044308
790,0,0.013222,0.014730
800,0,0.002361,0.003368
810,0,0.003625,0.005454
820,0,0.006470,0.005245
830,0,0.003561,0.003467
840,0,0.016231,0.014724
850,0,0.003091,0.003466
860,0,0.004048,0.003488
870,0,0.003036,0.003000
880,0,0.003948,0.003947
890,0,0.003530,0.005449
900,0,0.006515,0.006799
910,0,0.002548,0.003466
920,0,0.003253,0.003466
930,0,0.003046,0.003046
940,0,0.005778,0.006798
950,0,0.002632,0.002960
960,0,0.003853,0.005243
970,0,0.003314,0.005443
980,0,0.008478,0.008887
990,0,0.010074,0.014436
1000,0,0.002885,0.002885
1010,0,0.003034,0.003038
1020,0,0.004064,0.004060
1030,0,0.006419,0.006796
1040,0,0.003164,0.003103
1050,0,0.003170,0.003170
1060,0,0.003082,0.003082
1070,0,0.005003,0.004411
1080,0,0.007209,0.006796
1090,0,0.009381,0.006804
1100,0,0.004223,0.005438
1110,0,0.003774,0.005239
1120,0,0.003244,0.005238
1130,0,0.003773,0.005238
1140,0,0.007767,0.006806
1150,0,0.003262,0.003262
1160,0,0.004283,0.004254
1170,0,0.004047,0.004104
1180,0,0.003431,0.003838
1190,0,0.002746,0.002746
1200,0,0.004729,0.005431
1210,0,0.003845,0.001922
1220,0,0.003332,0.023116
1230,0,0.003697,0.003697
1240,0,0.007431,0.006813
1250,0,0.002608,0.002818
1260,0,0.003685,0.005236
1270,0,0.006594,0.005235
1280,0,0.002544,0.003464
1290,0,0.701931,0.044316
1300,0,0.003284,0.003463
1310,0,0.004162,0.004108
1320,0,0.003894,0.005425
1330,0,0.004141,0.005420
1340,0,0.023150,0.009621
1350,0,0.003396,0.005234
1360,0,0.017555,0.024789
1370,0,0.015258,0.024774
1380,0,0.005048,0.014711
1390,0,0.003981,0.005233
1400,0,0.003023,0.022991
1410,0,0.007024,0.006817
1420,0,0.002928,0.003070
1430,0,0.002147,0.002962
1440,0,0.005997,0.005414
1450,0,0.007944,0.007795
1460,0,0.008244,0.006820
1470,0,0.005038,0.004515
1480,0,0.003212,0.005231
1490,0,0.005217,0.005231
1500,0,0.002544,0.003462
1510,0,0.011883,0.044227
1520,0,0.010908,0.014694
1530,0,0.003286,0.003462
1540,0,0.012829,0.044180
1550,0,0.013525,0.044160
1560,0,0.002707,0.002949
1570,0,0.016541,0.044118
1580,0,0.003306,0.003306
1590,0,0.007006,0.006821
1600,0,0.003213,0.005229
1610,0,0.003570,0.003462
1620,0,0.004085,0.003832
1630,0,0.002978,0.003461
1640,0,0.007795,0.006821
1650,0,0.007143,0.009530
1660,0,0.004162,0.004243
1670,0,0.002545,0.003461
1680,0,0.007339,0.006823
1690,0,0.002964,0.003461
1700,0,0.003838,0.004032
1710,0,0.004769,0.018797
1720,0,0.003220,0.005406
1730,0,0.005858,0.005227
1740,0,0.008458,0.006826
1750,0,0.003358,0.003461
1760,0,0.002980,0.003678
1770,0,0.008759,0.006828
1780,0,0.004466,0.004340
1790,0,0.004911,0.004911
1800,0,0.008018,0.006830
1810,0,0.003963,0.005402
1820,0,0.004029,0.004031
1830,0,0.004323,0.005225
1840,0,0.002910,0.005224
1850,0,0.003094,0.003460
1860,0,0.002774,0.002774
1870,0,0.008585,0.006836
1880,0,0.003573,0.005224
1890,0,0.004300,0.004169
1900,0,0.002544,0.003460
1910,0,0.003400,0.005223
1920,0,0.004744,0.004645
1930,0,0.003944,0.005395
1940,0,0.003002,0.002998
1950,0,0.010757,0.044092
1960,0,0.008506,0.006845
1970,0,0.003629,0.003460
1980,0,0.004181,0.005391
1990,0,0.008650,0.006848
2000,0,0.012700,0.012699
2010,0,0.003224,0.003074
2020,0,0.008710,0.006853
2030,0,0.005222,0.005220
2040,0,0.004061,0.005389
2050,0,0.008981,0.006856
2060,0,0.003446,0.005387
2070,0,0.002730,0.050946
2080,0,0.004508,0.002254
2090,0,0.017314,0.049468
2100,0,0.020633,0.048462
2110,0,0.008825,0.006860
2120,0,0.009814,0.006866
2130,0,0.011744,0.044072
2140,0,0.002744,0.002568
2150,0,0.002963,0.003459
2160,0,0.004351,0.004351
2170,0,0.003077,0.050657
2180,0,0.003581,0.003458
2190,0,0.003574,0.003574
2200,0,0.003140,0.003978
2210,0,0.005550,0.005382
2220,0,0.002051,0.005386
2230,0,0.003122,0.005217
2240,0,0.004324,0.005217
2250,0,0.003250,0.003458
2260,0,0.005105,0.004934
2270,0,0.006120,0.006050
2280,0,0.004363,0.004155
2290,0,0.002888,0.002642
2300,0,0.011345,0.014663
2310,0,0.011367,0.014659
2320,0,0.003918,0.003888
2330,0,0.014415,0.043952
2340,0,0.015434,0.043934
2350,0,0.012739,0.014648
2360,0,0.013445,0.014647
2370,0,0.013885,0.014647
2380,0,0.008277,0.005386
2390,0,0.003350,0.003458
2400,0,0.003284,0.003458
2410,0,0.005388,0.006148
2420,0,0.014576,0.012553
2430,0,0.017167,0.013796
2440,0,0.016087,0.016085
2450,0,0.020121,0.020119
2460,0,0.003555,0.005215
2470,0,0.008577,0.006561
2480,0,0.003630,0.003458
2490,0,0.002543,0.003457
2500,0,0.004542,0.005380
2510,0,0.003349,0.003457
2520,0,0.003098,0.003457
2530,0,0.066640,0.066542
2540,0,0.004285,0.004285
2550,0,0.065585,0.065492
2560,0,0.003541,0.005213
2570,0,0.059043,0.058974
2580,0,0.008663,0.006899
2590,0,0.004263,0.005212
2600,0,0.005918,0.006485
2610,0,0.003119,0.003457
2620,0,0.007556,0.005383
2630,0,0.004239,0.004167
2640,0,0.004787,0.006318
2650,0,0.005225,0.005211
2660,0,0.003652,0.003652
2670,0,0.008309,0.006902
2680,0,0.004048,0.004052
2690,0,0.026175,0.043830
2700,0,0.054117,0.054065
2710,0,0.020345,0.010171
2720,0,0.002448,0.005387
2730,0,0.019092,0.005211
2740,0,0.004371,0.005384
2750,0,0.003487,0.049812
2760,0,0.003874,0.005211
2770,0,0.005076,0.006176
2780,0,0.013641,0.006820
2790,0,0.003217,0.022650
2800,0,0.004276,0.004348
2810,0,0.005556,0.003569
2820,0,0.004241,0.004241
2830,0,0.005749,0.005503
2840,0,0.006340,0.005211
2850,0,0.002959,0.003456
2860,0,0.003187,0.003187
2870,0,0.005765,0.006068
2880,0,0.004306,0.004114
2890,0,0.007423,0.006909
2900,0,0.003635,0.005211
2910,0,0.003638,0.003455
2920,0,0.004237,0.005377
2930,0,0.002983,0.003455
2940,0,0.003649,0.013282
2950,0,0.002952,0.002952
2960,0,0.005682,0.006043
2970,0,0.018264,0.043819
2980,0,0.041838,0.041814
2990,0,0.002790,0.022619
3000,0,0.003266,0.022558
3010,0,0.003128,0.003128
3020,0,0.003140,0.003140
3030,0,0.014539,0.024229
3040,0,0.002419,0.002419
3050,0,0.004399,0.003854
3060,0,0.006325,0.003279
3070,0,0.003322,0.005208
3080,0,0.003646,0.003455
3090,0,0.003342,0.005207
3100,0,0.004409,0.004351
3110,0,0.017403,0.005211
3120,0,0.020572,0.005215
3130,0,0.002606,0.003667
3140,0,0.003262,0.003262
3150,0,0.003146,0.003146
3160,0,0.012332,0.043788
3170,0,0.013839,0.043775
3180,0,0.011296,0.014629
3190,0,0.003514,0.003454
3200,0,0.004629,0.007967
3210,0,0.003287,0.003454
3220,0,0.003054,0.003454
3230,0,0.003557,0.003454
3240,0,0.004375,0.004367
3250,0,0.013284,0.014606
3260,0,0.004447,0.047687
3270,0,0.004585,0.004585
3280,0,0.003316,0.005218
3290,0,0.002602,0.005369
3300,0,0.008014,0.006112
3310,0,0.007569,0.006918
3320,0,0.002949,0.003453
3330,0,0.003998,0.002680
3340,0,0.003816,0.004173
3350,0,0.003406,0.005217
3360,0,0.003202,0.005217
3370,0,0.003584,0.003453
3380,0,0.002889,0.005216
3390,0,0.003282,0.003845
3400,0,0.002164,0.005361
3410,0,0.003601,0.005216
3420,0,0.003641,0.003453
3430,0,0.003732,0.003857
3440,0,0.002462,0.002789
3450,0,0.002877,0.007477
3460,0,0.006932,0.006919
3470,0,0.005785,0.005293
3480,0,0.004946,0.005294
3490,0,0.034823,0.034809
3500,0,0.003276,0.003452
3510,0,0.002831,0.003452
3520,0,0.003832,0.003832
3530,0,0.032022,0.005318
3540,0,0.030541,0.005333
3550,0,0.014427,0.043630
3560,0,0.013750,0.013749
3570,0,0.018850,0.005343
3580,0,0.012551,0.012550
3590,0,0.004101,0.005742
3600,0,0.006949,0.005347
3610,0,0.003541,0.003541
3620,0,0.003012,0.022284
3630,0,0.002498,0.005739
3640,0,0.005079,0.005347
3650,0,0.003156,0.005346
3660,0,0.002982,0.003451
3670,0,0.003273,0.003451
3680,0,0.003605,0.003451
3690,0,0.003150,0.003150
3700,0,0.004469,0.005743
3710,0,0.062357,0.043640
3720,0,0.034474,0.043641
3730,0,0.004155,0.003641
3740,0,0.031111,0.140797
3750,0,0.034764,0.043632
3760,0,0.034829,0.043622
3770,0,0.035621,0.135588
3780,0,0.064009,0.133942
3790,0,0.004236,0.004236
3800,0,0.014109,0.005345
3810,0,0.025719,0.043572
3820,0,0.004509,0.091206
3830,0,0.024824,0.043531
3840,0,0.036134,0.043507
3850,0,0.041686,0.043497
3860,0,0.040773,0.043492
3870,0,0.042079,0.043489
3880,0,0.050328,0.043494
3890,0,0.053976,0.043510
3900,0,0.066263,0.043544
3910,0,0.013856,0.005346
3920,0,0.011786,0.011785
3930,0,0.079097,0.043645
3940,0,0.104328,0.043730
3950,0,0.080674,0.043812
3960,0,0.111510,0.043911
3970,0,0.095870,0.044013
3980,0,0.103231,0.044125
3990,0,0.139211,0.044273
4000,0,0.008785,0.008785
4010,0,0.145902,0.044395
4020,0,0.124468,0.044567
4030,0,0.156601,0.044754
4040,0,0.173428,0.044986
4050,0,0.186071,0.045234
4060,0,0.187391,0.045501
4070,0,0.190734,0.045785
4080,0,0.201597,0.046090
4090,0,0.023215,0.023211
4100,0,0.035545,0.035530
4110,0,0.042841,0.042815
4120,0,0.043729,0.043701
4130,0,0.042618,0.042592
4140,0,0.042261,0.042236
4150,0,0.199876,0.046517
4160,0,0.210328,0.046827
4170,0,0.248657,0.047163
4180,0,0.260198,0.047526
4190,0,0.245356,0.047908
4200,0,0.264923,0.048332
4210,0,0.043049,0.043022
4220,0,0.269445,0.048736
4230,0,0.281780,0.049131
4240,0,0.331393,0.049625
4250,0,0.346846,0.050160
4260,0,0.012000,0.011999
4270,0,0.047235,0.047200
4280,0,0.272505,0.050595
4290,0,0.289847,0.051044
4300,0,0.324848,0.051529
4310,0,0.347803,0.052038
4320,0,0.341543,0.052567
4330,0,0.353126,0.052955
4340,0,0.049003,0.048963
4350,0,0.376843,0.053762
4360,0,0.367612,0.053880
4370,0,0.380959,0.054468
4380,0,0.415469,0.055097
4390,0,0.433164,0.055755
4400,0,0.453290,0.056439
4410,0,0.461456,0.057144
4420,0,0.499567,0.057857
4430,0,0.513367,0.058605
4440,0,0.525241,0.059388
4450,0,0.501927,0.060185
4460,0,0.514996,0.060974
4470,0,0.561006,0.061789
4480,0,0.574592,0.062537
4490,0,0.059724,0.059653
4500,0,0.032291,0.032280
4510,0,0.032666,0.032655
4520,0,0.076228,0.076081
4530,0,0.083347,0.083154
4540,0,0.089215,0.088979
4550,0,0.095353,0.095065
4560,0,0.055643,0.055585
4570,0,0.105801,0.105408
4580,0,0.109526,0.109091
4590,0,0.120081,0.119507
4600,0,0.133766,0.132973
4610,0,0.146187,0.145154
4620,0,0.064911,0.064820
4630,0,0.171356,0.169698
4640,0,0.057570,0.057507
4650,0,0.196624,0.194128
4660,0,0.207367,0.204445
4670,0,0.212874,0.209716
4680,0,0.520778,0.063919
4690,0,0.496180,0.064697
4700,0,0.543799,0.065495
4710,0,0.568057,0.066313
4720,0,0.583798,0.067150
4730,0,0.600977,0.068007
4740,0,0.004079,0.005765
4750,0,0.613701,0.069224
4760,0,0.571473,0.069921
4770,0,0.620645,0.070783
4780,0,0.629322,0.071654
4790,0,0.641736,0.072525
4800,0,0.608068,0.073415
4810,0,0.671764,0.074317
4820,0,0.683301,0.075237
4830,0,0.642168,0.076161
4840,0,0.707289,0.077106
4850,0,0.719136,0.078069
4860,0,0.728855,0.079035
4870,0,0.739806,0.080000
4880,0,0.745882,0.080986
4890,0,0.758709,0.081979
4900,0,0.759943,0.082977
4910,0,0.775812,0.083979
4920,0,0.785064,0.084989
4930,0,0.790633,0.086004
4940,0,0.802154,0.087024
4950,0,0.808405,0.088049
4960,0,0.816757,0.089078
4970,0,0.823694,0.090112
4980,0,0.830945,0.091149
4990,0,0.839583,0.092190
5000,0,0.846311,0.093233
5010,0,0.193292,0.190920
5020,0,0.057396,0.057333
5030,0,0.230257,0.226272
5040,0,0.249541,0.244488
5050,0,0.273671,0.267037
5060,0,0.286733,0.279125
5070,0,0.304458,0.295387
5080,0,0.328267,0.316962
5090,0,0.345137,0.332056
5100,0,0.835729,0.094891
5110,0,0.841498,0.095921
5120,0,0.371221,0.355059
5130,0,0.379746,0.362487
5140,0,0.374288,0.357736
5150,0,0.364492,0.349165
5160,0,0.808471,0.096921
5170,0,0.813946,0.097918
5180,0,0.823901,0.098919
5190,0,0.828383,0.099923
5200,0,0.372522,0.356196
5210,0,0.055556,0.055499
5220,0,0.054332,0.054278
5230,0,0.827111,0.101328
5240,0,0.834349,0.102329
5250,0,0.841781,0.103333
5260,0,0.848459,0.104340
5270,0,0.398193,0.378402
5280,0,0.055436,0.055379
5290,0,0.855344,0.105954
5300,0,0.418469,0.395640
5310,0,0.435946,0.410278
5320,0,0.454793,0.425831
5330,0,0.473259,0.440828
5340,0,0.492260,0.456008
5350,0,0.511067,0.470776
5360,0,0.529607,0.485081
5370,0,0.547477,0.498627
5380,0,0.563321,0.510437
5390,0,0.573012,0.517568
5400,0,0.575707,0.519538
5410,0,0.569658,0.515108
5420,0,0.830949,0.108042
5430,0,0.838056,0.109023
5440,0,0.846490,0.110008
5450,0,0.850597,0.110995
5460,0,0.857863,0.111985
5470,0,0.863100,0.112976
5480,0,0.562473,0.509810
5490,0,0.861959,0.114063
5500,0,0.867839,0.115050
5510,0,0.871841,0.116038
5520,0,0.877377,0.117028
5530,0,0.883673,0.118019
5540,0,0.889483,0.119011
5550,0,0.565295,0.511896
5560,0,0.888798,0.120201
5570,0,0.893123,0.121189
5580,0,0.577958,0.521180
5590,0,0.590995,0.530611
5600,0,0.609024,0.543440
5610,0,0.621197,0.551961
5620,0,0.631475,0.559067
5630,0,0.645381,0.568552
5640,0,0.655218,0.575172
5650,0,0.669028,0.584340
5660,0,0.681009,0.592175
5670,0,0.693358,0.600135
5680,0,0.705487,0.607839
5690,0,0.716919,0.614997
5700,0,0.726481,0.620908
5710,0,0.736270,0.626886
5720,0,0.872141,0.121774
5730,0,0.878270,0.122744
5740,0,0.882658,0.123716
5750,0,0.884974,0.124201
5760,0,0.889956,0.125174
5770,0,0.894718,0.126147
5780,0,0.899883,0.127121
5790,0,0.904327,0.128095
5800,0,0.907681,0.129070
5810,0,0.752044,0.636367
5820,0,0.761523,0.641973
5830,0,0.908539,0.129751
5840,0,0.912398,0.130724
5850,0,0.917028,0.131697
5860,0,0.920621,0.132669
5870,0,0.924206,0.133641
5880,0,0.927864,0.134613
5890,0,0.774528,0.649554
5900,0,0.783761,0.654860
5910,0,0.929117,0.135583
5920,0,0.932196,0.136552
5930,0,0.790764,0.658842
5940,0,0.799384,0.663692
5950,0,0.806902,0.667878
5960,0,0.812440,0.670934
5970,0,0.819143,0.674603
5980,0,0.826207,0.678434
5990,0,0.833563,0.682384
6000,0,0.928986,0.137711
6010,0,0.932172,0.138673
6020,0,0.935304,0.139539
6030,0,0.937643,0.140499
6040,0,0.838734,0.685138
6050,0,0.840697,0.686178
6060,0,0.839876,0.685743
6070,0,0.834037,0.682638
6080,0,0.835529,0.683434
6090,0,0.837675,0.684576
6100,0,0.839495,0.685541
6110,0,0.002973,0.003450
6120,0,0.846961,0.689479
6130,0,0.898722,0.141069
6140,0,0.899790,0.141997
6150,0,0.903920,0.142923
6160,0,0.908034,0.143849
6170,0,0.911316,0.144776
6180,0,0.915354,0.145702
6190,0,0.823257,0.676839
6200,0,0.816063,0.672921
6210,0,0.823089,0.676747
6220,0,0.830250,0.680610
6230,0,0.834237,0.682744
6240,0,0.841502,0.686604
6250,0,0.847621,0.689825
6260,0,0.853675,0.692985
6270,0,0.901329,0.146809
6280,0,0.905491,0.147722
6290,0,0.858887,0.695684
6300,0,0.860814,0.696677
6310,0,0.902987,0.148718
6320,0,0.905769,0.149535
6330,0,0.843643,0.687734
6340,0,0.849929,0.691033
6350,0,0.855981,0.694181
6360,0,0.860826,0.696683
6370,0,0.866697,0.699692
6380,0,0.893904,0.150438
6390,0,0.870885,0.701823
6400,0,0.875576,0.704196
6410,0,0.879898,0.706368
6420,0,0.882251,0.707545
6430,0,0.889560,0.151242
6440,0,0.894467,0.152132
6450,0,0.898864,0.153021
6460,0,0.903413,0.153912
6470,0,0.906913,0.154802
6480,0,0.911057,0.155693
6490,0,0.884270,0.708552
6500,0,0.003404,0.005399
6510,0,0.917252,0.157563
6520,0,0.886379,0.709601
6530,0,0.922331,0.158987
6540,0,0.926259,0.159876
6550,0,0.887743,0.710277
6560,0,0.889446,0.711120
6570,0,0.003429,0.003429
6580,0,0.905595,0.160924
6590,0,0.909530,0.161795
6600,0,0.913707,0.162666
6610,0,0.917085,0.163537
6620,0,0.920919,0.164408
6630,0,0.923993,0.165279
6640,0,0.927386,0.166149
6650,0,0.929636,0.167019
6660,0,0.932659,0.167889
6670,0,0.849084,0.690591
6680,0,0.923345,0.168754
6690,0,0.926561,0.169614
6700,0,0.843955,0.687898
6710,0,0.925667,0.170984
6720,0,0.926986,0.171838
6730,0,0.930085,0.172691
6740,0,0.933096,0.173543
6750,0,0.934024,0.174393
6760,0,0.830609,0.680803
6770,0,0.057441,0.057378
6780,0,0.926600,0.175072
6790,0,0.929860,0.175914
6800,0,0.057959,0.057895
6810,0,0.057039,0.056977
6820,0,0.056594,0.056534
6830,0,0.003219,0.003259
6840,0,0.925514,0.177339
6850,0,0.928533,0.178173
6860,0,0.928241,0.179006
6870,0,0.876306,0.179831
6880,0,0.879670,0.180622
6890,0,0.793174,0.660203
6900,0,0.801712,0.664993
6910,0,0.808240,0.668618
6920,0,0.875846,0.181330
6930,0,0.879627,0.182134
6940,0,0.815257,0.672480
6950,0,0.927730,0.183025
6960,0,0.800907,0.664544
6970,0,0.808233,0.668614
6980,0,0.814757,0.672206
6990,0,0.820930,0.675576
7000,0,0.826778,0.678742
7010,0,0.828271,0.679546
7020,0,0.830152,0.680558
7030,0,0.835714,0.683532
7040,0,0.851884,0.183786
7050,0,0.908587,0.184586
7060,0,0.832767,0.681959
7070,0,0.835153,0.683233
7080,0,0.899306,0.185144
7090,0,0.903066,0.185936
7100,0,0.903477,0.186648
7110,0,0.907290,0.187439
7120,0,0.057826,0.057761
7130,0,0.802923,0.665668
7140,0,0.058702,0.058635
7150,0,0.887361,0.188450
7160,0,0.891679,0.189225
7170,0,0.058512,0.058445
7180,0,0.893725,0.190154
7190,0,0.897709,0.190928
7200,0,0.793265,0.660255
7210,0,0.878310,0.191462
7220,0,0.883222,0.192221
7230,0,0.003102,0.004342
7240,0,0.062684,0.062602
7250,0,0.759720,0.640912
7260,0,0.759817,0.640969
7270,0,0.876215,0.193655
7280,0,0.881295,0.194406
7290,0,0.885569,0.195158
7300,0,0.889649,0.195912
7310,0,0.762916,0.642791
7320,0,0.768516,0.646066
7330,0,0.886103,0.196585
7340,0,0.890172,0.197335
7350,0,0.894254,0.198085
7360,0,0.768508,0.646061
7370,0,0.888423,0.198833
7380,0,0.892871,0.199578
7390,0,0.896427,0.200323
7400,0,0.900658,0.201069
7410,0,0.904121,0.201811
7420,0,0.748322,0.634147
7430,0,0.752760,0.636792
7440,0,0.757359,0.639519
7450,0,0.759609,0.640846
7460,0,0.762368,0.642469
7470,0,0.002464,0.004213
7480,0,0.754666,0.637924
7490,0,0.751119,0.635816
7500,0,0.871490,0.203410
7510,0,0.803133,0.203810
7520,0,0.871128,0.204486
7530,0,0.749072,0.634595
7540,0,0.871392,0.205033
7550,0,0.755568,0.638459
7560,0,0.758603,0.640254
7570,0,0.861502,0.205454
7580,0,0.863184,0.206143
7590,0,0.799428,0.206761
7600,0,0.003002,0.003002
7610,0,0.733734,0.625345
7620,0,0.845101,0.207462
7630,0,0.790528,0.208145
7640,0,0.854056,0.208829
7650,0,0.852685,0.209311
7660,0,0.849457,0.209448
7670,0,0.725707,0.620432
7680,0,0.063282,0.063197
7690,0,0.063591,0.063506
7700,0,0.840799,0.209857
7710,0,0.844820,0.210534
7720,0,0.830534,0.210601
7730,0,0.836292,0.211270
7740,0,0.708510,0.609742
7750,0,0.834548,0.211938
7760,0,0.705817,0.608047
7770,0,0.829212,0.212601
7780,0,0.827150,0.213192
7790,0,0.069594,0.069481
7800,0,0.829633,0.213850
7810,0,0.698949,0.603700
7820,0,0.830360,0.214310
7830,0,0.706183,0.608278
7840,0,0.709901,0.610615
7850,0,0.714711,0.613623
7860,0,0.719193,0.616409
7870,0,0.721518,0.617849
7880,0,0.817509,0.214958
7890,0,0.003774,0.005398
7900,0,0.807323,0.215473
7910,0,0.707326,0.608997
7920,0,0.801070,0.215851
7930,0,0.805892,0.216482
7940,0,0.699671,0.604159
7950,0,0.802006,0.217363
7960,0,0.701264,0.605169
7970,0,0.806159,0.217990
7980,0,0.701521,0.605332
7990,0,0.004200,0.006038
8000,0,0.795045,0.218800
8010,0,0.800580,0.219418
8020,0,0.804975,0.220038
8030,0,0.809761,0.220661
8040,0,0.815056,0.221285
8050,0,0.820673,0.221912
8060,0,0.825780,0.222542
8070,0,0.830903,0.223173
8080,0,0.685917,0.595352
8090,0,0.837136,0.224123
8100,0,0.841915,0.224758
8110,0,0.847362,0.225395
8120,0,0.843314,0.225650
8130,0,0.843693,0.226284
8140,0,0.847767,0.226906
8150,0,0.666463,0.582649
8160,0,0.003266,0.003244
8170,0,0.834659,0.227624
8180,0,0.774005,0.228209
8190,0,0.844505,0.228829
8200,0,0.849887,0.229451
8210,0,0.851875,0.230017
8220,0,0.856042,0.230646
8230,0,0.665477,0.581997
8240,0,0.671371,0.585881
8250,0,0.842718,0.231143
8260,0,0.847317,0.231758
8270,0,0.852026,0.232379
8280,0,0.856683,0.233002
8290,0,0.856706,0.233501
8300,0,0.858920,0.234123
8310,0,0.863005,0.234746
8320,0,0.659456,0.578001
8330,0,0.666108,0.582414
8340,0,0.673810,0.587481
8350,0,0.678479,0.590530
8360,0,0.683737,0.593943
8370,0,0.854728,0.235300
8380,0,0.859326,0.235917
8390,0,0.863804,0.236536
8400,0,0.690026,0.597999
8410,0,0.862557,0.236844
8420,0,0.693163,0.600010
8430,0,0.863888,0.237708
8440,0,0.860398,0.238076
8450,0,0.859109,0.238500
8460,0,0.680025,0.591535
8470,0,0.686022,0.595420
8480,0,0.686814,0.595931
8490,0,0.692021,0.599279
8500,0,0.860611,0.239598
8510,0,0.692206,0.599398
8520,0,0.864060,0.240450
8530,0,0.076735,0.076584
8540,0,0.867369,0.241303
8550,0,0.004359,0.005398
8560,0,0.866368,0.242213
8570,0,0.865413,0.242515
8580,0,0.673967,0.587583
8590,0,0.681743,0.592651
8600,0,0.688151,0.596793
8610,0,0.693281,0.600086
8620,0,0.696107,0.601891
8630,0,0.703305,0.606461
8640,0,0.708905,0.609990
8650,0,0.712545,0.612270
8660,0,0.840899,0.242995
8670,0,0.838642,0.243229
8680,0,0.843135,0.243814
8690,0,0.848350,0.244396
8700,0,0.708563,0.609775
8710,0,0.848124,0.245194
8720,0,0.852407,0.245780
8730,0,0.856640,0.246357
8740,0,0.854181,0.246533
8750,0,0.858706,0.247109
8760,0,0.704602,0.607281
8770,0,0.705070,0.607576
8780,0,0.772421,0.247272
8790,0,0.851550,0.247820
8800,0,0.857467,0.248402
8810,0,0.860920,0.248985
8820,0,0.707687,0.609224
8830,0,0.865925,0.249921
8840,0,0.864761,0.250446
8850,0,0.867035,0.251029
8860,0,0.870679,0.251612
8870,0,0.697311,0.602658
8880,0,0.863378,0.251670
8890,0,0.706472,0.608460
8900,0,0.864541,0.252307
8910,0,0.865564,0.252711
8920,0,0.869620,0.253290
8930,0,0.865483,0.253521
8940,0,0.869705,0.254097
8950,0,0.002377,0.006030
8960,0,0.697073,0.602506
8970,0,0.876009,0.255597
8980,0,0.696842,0.602360
8990,0,0.701746,0.605475
9000,0,0.872618,0.256230
9010,0,0.876531,0.256746
9020,0,0.703202,0.606396
9030,0,0.869952,0.257431
9040,0,0.874590,0.258000
9050,0,0.878625,0.258570
9060,0,0.694831,0.601077
9070,0,0.702866,0.606184
9080,0,0.879925,0.259359
9090,0,0.704262,0.607066
9100,0,0.875171,0.259644
9110,0,0.706317,0.608362
9120,0,0.873812,0.260262
9130,0,0.870278,0.260430
9140,0,0.704340,0.607116
9150,0,0.706598,0.608539
9160,0,0.003239,0.003243
9170,0,0.003376,0.003244
9180,0,0.790667,0.261539
9190,0,0.702336,0.605848
9200,0,0.701229,0.605147
9210,0,0.784295,0.262192
9220,0,0.704000,0.606901
9230,0,0.854314,0.262574
9240,0,0.004708,0.012080
9250,0,0.696676,0.602253
9260,0,0.701501,0.605319
9270,0,0.847143,0.263596
9280,0,0.770212,0.263806
9290,0,0.841425,0.264072
9300,0,0.694097,0.600607
9310,0,0.002932,0.002852
9320,0,0.689720,0.597802
9330,0,0.008638,0.014590
9340,0,0.688937,0.597298
9350,0,0.008550,0.014587
9360,0,0.684111,0.594186
9370,0,0.004031,0.004872
9380,0,0.669662,0.264736
9390,0,0.003990,0.005397
9400,0,0.003445,0.005397
9410,0,0.003223,0.005396
9420,0,0.006623,0.006915
9430,0,0.003806,0.002561
9440,0,0.003301,0.003450
9450,0,0.004029,0.004029
9460,0,0.003290,0.005395
9470,0,0.003666,0.003450
9480,0,0.002598,0.003449
9490,0,0.004998,0.003913
9500,0,0.004229,0.004229
9510,0,0.006458,0.003580
9520,0,0.004832,0.003930
9530,0,0.004947,0.012146
9540,0,0.006715,0.006913
9550,0,0.004200,0.005393
9560,0,0.003352,0.003449
9570,0,0.002968,0.003449
9580,0,0.006636,0.006913
9590,0,0.004096,0.005239
9600,0,0.003420,0.003070
9610,0,0.002846,0.003857
9620,0,0.003621,0.006012
9630,0,0.003370,0.003449
9640,0,0.003096,0.003448
9650,0,0.003052,0.003401
9660,0,0.003017,0.003339
9670,0,0.006602,0.006912
9680,0,0.003363,0.005389
9690,0,0.002985,0.003448
9700,0,0.006890,0.006912
9710,0,0.002913,0.021960
9720,0,0.285322,0.265233
9730,0,0.014422,0.014589
9740,0,0.982128,0.055363
9750,0,0.007928,0.006009
9760,0,0.992599,0.758468
9770,0,0.004234,0.004234
9780,0,0.003338,0.005388
9790,0,0.003699,0.003448
9800,0,0.242169,0.078126
9810,0,0.003386,0.003448
9820,0,0.002843,0.002853
9830,0,0.096013,0.095719
9840,0,0.003869,0.003666
9850,0,0.004256,0.004250
9860,0,0.003077,0.003272
9870,0,0.004702,0.023900
9880,0,0.003708,0.003448
9890,0,0.003959,0.005386
9900,0,0.002974,0.005386
9910,0,0.003095,0.003447
9920,0,0.004647,0.004698
9930,0,0.007246,0.006913
9940,0,0.004623,0.004671
9950,0,0.003065,0.002798
9960,0,0.003977,0.006002
9970,0,0.002379,0.002742
9980,0,0.003426,0.004231
9990,0,0.003295,0.003447
10000,0,0.003985,0.004363
10010,0,0.010542,0.014534
10020,0,0.003505,0.003505
10030,0,0.004479,0.004362
10040,0,0.003308,0.005383
10050,0,0.002513,0.003463
10060,0,0.003444,0.005383
10070,0,0.009034,0.005997
10080,0,0.003932,0.004410
10090,0,0.003922,0.004300
10100,0,0.003363,0.005382
10110,0,0.003386,0.005382
10120,0,0.004245,0.005382
10130,0,0.129923,0.265045
10140,0,0.128997,0.265011
10150,0,0.003077,0.003446
10160,0,0.009259,0.014500
10170,0,0.125839,0.264836
10180,0,0.006423,0.005998
10190,0,0.012696,0.014489
10200,0,0.003603,0.005381
10210,0,0.004240,0.004246
10220,0,0.003538,0.003538
10230,0,0.001881,0.005992
10240,0,0.064705,0.064615
10250,0,0.003048,0.003261
10260,0,0.051181,0.051136
10270,0,0.003613,0.005379
10280,0,0.003729,0.003446
10290,0,0.003370,0.045709
10300,0,0.003365,0.003446
10310,0,0.002967,0.003446
10320,0,0.003680,0.003446
10330,0,0.004155,0.004155
10340,0,0.003611,0.005377
10350,0,0.005276,0.005377
10360,0,0.002934,0.003446
10370,0,0.003416,0.005376
10380,0,0.003665,0.003445
10390,0,0.003961,0.004252
10400,0,0.004316,0.004172
10410,0,0.003814,0.001907
10420,0,0.003757,0.005982
10430,0,0.006064,0.006064
10440,0,0.003363,0.005375
10450,0,0.002810,0.002998
10460,0,0.003466,0.005982
10470,0,0.006297,0.006297
10480,0,0.008299,0.005981
10490,0,0.002897,0.002897
10500,0,0.192256,0.024184
10510,0,0.003724,0.005375
10520,0,0.010324,0.014495
10530,0,0.035664,0.035649
10540,0,0.005259,0.005374
10550,0,0.091915,0.091657
10560,0,0.003277,0.003494
10570,0,0.003107,0.003559
10580,0,0.012997,0.021705
10590,0,0.004195,0.003922
10600,0,0.003891,0.001945
10610,0,0.003236,0.003916
10620,0,0.004192,0.017082
10630,0,0.003726,0.003445
10640,0,0.002562,0.003445
10650,0,0.003372,0.003444
10660,0,0.014123,0.004552
10670,0,0.004104,0.004115
10680,0,0.374630,0.051538
10690,0,0.055437,0.053479
10700,0,0.031023,0.052470
10710,0,0.067836,0.067732
10720,0,0.003551,0.005371
10730,0,0.005424,0.006906
10740,0,0.003027,0.003437
10750,0,0.004190,0.004190
10760,0,0.002883,0.003444
10770,0,0.007697,0.007697
10780,0,0.015547,0.007773
10790,0,0.006094,0.006906
10800,0,0.007913,0.005981
10810,0,0.023057,0.023053
10820,0,0.013990,0.006748
10830,0,0.004256,0.004254
10840,0,0.003253,0.005369
10850,0,0.002826,0.021586
10860,0,0.007112,0.006906
10870,0,0.004050,0.004050
10880,0,0.004276,0.004010
10890,0,0.005439,0.006904
10900,0,0.003174,0.005367
10910,0,0.003005,0.003410
10920,0,0.002546,0.003443
10930,0,0.003212,0.003443
10940,0,0.004462,0.004462
10950,0,0.003723,0.003723
10960,0,0.031819,0.264391
10970,0,0.032259,0.264246
10980,0,0.032617,0.264130
10990,0,0.033057,0.264043
11000,0,0.003424,0.005972
11010,0,0.006733,0.005365
11020,0,0.034667,0.263843
11030,0,0.002856,0.003443
11040,0,0.003800,0.003764
11050,0,0.002967,0.003443
11060,0,0.004289,0.004205
11070,0,0.012353,0.014227
11080,0,0.024084,0.024080
11090,0,0.003968,0.003978
11100,0,0.002146,0.005968
11110,0,0.003231,0.005364
11120,0,0.002864,0.003738
11130,0,0.003531,0.003443
11140,0,0.011392,0.014437
11150,0,0.003057,0.003170
11160,0,0.007378,0.006969
11170,0,0.003472,0.005362
11180,0,0.007066,0.006902
11190,0,0.003698,0.003442
11200,0,0.003865,0.004103
11210,0,0.007299,0.003649
11220,0,0.004144,0.015435
11230,0,0.003872,0.005963
11240,0,0.007226,0.005913
11250,0,0.003148,0.005360
11260,0,0.010926,0.010926
11270,0,0.003795,0.005960
11280,0,0.005908,0.006900
11290,0,0.020578,0.020575
11300,0,0.007209,0.006900
11310,0,0.004100,0.002050
11320,0,0.004608,0.004608
11330,0,0.003863,0.004072
11340,0,0.002375,0.005959
11350,0,0.005589,0.005958
11360,0,0.004984,0.002492
11370,0,0.003242,0.005359
11380,0,0.005547,0.007211
11390,0,0.026707,0.026701
11400,0,0.004231,0.004231
11410,0,0.004047,0.004047
11420,0,0.002754,0.002867
11430,0,0.003325,0.003325
11440,0,0.014223,0.050978
11450,0,0.006695,0.004384
11460,0,0.004891,0.003004
11470,0,0.006296,0.006296
11480,0,0.004059,0.004107
11490,0,0.017663,0.005362
11500,0,0.004586,0.005365
11510,0,0.019153,0.005368
11520,0,0.003728,0.005948
11530,0,0.018213,0.018211
11540,0,0.004287,0.004235
11550,0,0.006799,0.006894
11560,0,0.004266,0.004226
11570,0,0.002434,0.002434
11580,0,0.002204,0.005943
11590,0,0.005674,0.006892
11600,0,0.002227,0.003200
11610,0,0.016956,0.024028
11620,0,0.004855,0.014430
11630,0,0.004029,0.005941
11640,0,0.004275,0.004275
11650,0,0.002902,0.005368
11660,0,0.003517,0.003439
11670,0,0.006483,0.003242
11680,0,0.005956,0.006888
11690,0,0.002964,0.003070
11700,0,0.003492,0.003492
11710,0,0.002899,0.005936
11720,0,0.004284,0.005819
11730,0,0.002884,0.005366
11740,0,0.005965,0.006886
11750,0,0.019803,0.263373
11760,0,0.004268,0.004085
11770,0,0.019061,0.263252
11780,0,0.002962,0.003438
11790,0,0.008684,0.014398
11800,0,0.019055,0.262949
11810,0,0.019346,0.262858
11820,0,0.012736,0.014381
11830,0,0.003740,0.005365
11840,0,0.002887,0.003926
11850,0,0.002880,0.002880
11860,0,0.006548,0.005932
11870,0,0.003044,0.005688
11880,0,0.003353,0.003437
11890,0,0.003242,0.004617
11900,0,0.005265,0.006558
11910,0,0.002981,0.005362
11920,0,0.002508,0.002668
11930,0,0.003141,0.003119
11940,0,0.003110,0.003437
11950,0,0.006752,0.005928
11960,0,0.007499,0.049555
11970,0,0.003035,0.003304
11980,0,0.010344,0.049069
11990,0,0.005024,0.005360
12000,0,0.002485,0.003437
12010,0,0.003406,0.003436
12020,0,0.004250,0.003747
12030,0,0.005073,0.005461
12040,0,0.009375,0.009375
12050,0,0.018337,0.018335
12060,0,0.003801,0.002869
12070,0,0.003210,0.005921
12080,0,0.013917,0.013916
12090,0,0.014859,0.005361
12100,0,0.003653,0.005361
12110,0,0.031673,0.005370
12120,0,0.007951,0.009221
12130,0,0.002969,0.003436
12140,0,0.003294,0.003435
12150,0,0.004497,0.075508
12160,0,0.003101,0.003196
12170,0,0.016035,0.023884
12180,0,0.010375,0.014376
12190,0,0.002797,0.005377
12200,0,0.004056,0.005377
12210,0,0.002933,0.003435
12220,0,0.002980,0.003435
12230,0,0.006108,0.023784
12240,0,0.004119,0.005376
12250,0,0.004535,0.005912
12260,0,0.007235,0.005375
12270,0,0.002473,0.003435
12280,0,0.004993,0.005718
12290,0,0.003129,0.005374
12300,0,0.005987,0.006877
12310,0,0.004234,0.004251
12320,0,0.003669,0.003434
12330,0,0.003837,0.005911
12340,0,0.017412,0.016475
12350,0,0.002319,0.002953
12360,0,0.007556,0.008920
12370,0,0.001674,0.003435
12380,0,0.005090,0.008625
12390,0,0.004073,0.004163
12400,0,0.007076,0.007075
12410,0,0.004336,0.007752
12420,0,0.003551,0.003434
12430,0,0.002956,0.021103
12440,0,0.003289,0.003433
12450,0,0.007102,0.048351
12460,0,0.003061,0.002913
12470,0,0.003635,0.003635
12480,0,0.003602,0.003433
12490,0,0.006471,0.048168
12500,0,0.003031,0.003433
12510,0,0.002829,0.021024
12520,0,0.004258,0.004246
12530,0,0.008370,0.014363
12540,0,0.008241,0.014356
12550,0,0.002829,0.002774
12560,0,0.005119,0.046659
12570,0,0.008421,0.014338
12580,0,0.003671,0.005899
12590,0,0.004477,0.004477
12600,0,0.018355,0.261874
12610,0,0.002446,0.003432
12620,0,0.003013,0.005369
12630,0,0.003004,0.003004
12640,0,0.003042,0.003432
12650,0,0.005025,0.046485
12660,0,0.018394,0.010605
12670,0,0.020361,0.014322
12680,0,0.014509,0.014322
12690,0,0.013508,0.012421
12700,0,0.002446,0.003432
12710,0,0.002893,0.005368
12720,0,0.002891,0.003431
12730,0,0.006021,0.006870
12740,0,0.004345,0.004345
12750,0,0.004728,0.004728
12760,0,0.006381,0.005366
12770,0,0.003673,0.005889
12780,0,0.003464,0.003431
12790,0,0.004499,0.011321
12800,0,0.003243,0.003294
12810,0,0.018736,0.012140
12820,0,0.004919,0.002460
12830,0,0.003206,0.005365
12840,0,0.004338,0.005884
12850,0,0.004411,0.045458
12860,0,0.002455,0.003430
12870,0,0.007062,0.044166
12880,0,0.008902,0.008902
12890,0,0.004233,0.004252
12900,0,0.003043,0.003043
12910,0,0.014067,0.012487
12920,0,0.003422,0.003781
12930,0,0.004076,0.004057
12940,0,0.002780,0.005362
12950,0,0.004940,0.005362
12960,0,0.003439,0.004560
12970,0,0.003313,0.003601
12980,0,0.003008,0.005361
12990,0,0.003310,0.003310
13000,0,0.007321,0.006867
13010,0,0.004036,0.005879
13020,0,0.002889,0.005360
13030,0,0.003059,0.003059
13040,0,0.004043,0.004043
13050,0,0.006588,0.006868
13060,0,0.003839,0.003839
13070,0,0.003818,0.005359
13080,0,0.003718,0.005871
13090,0,0.003055,0.003099
13100,0,0.004052,0.004052
13110,0,0.003036,0.003428
13120,0,0.003838,0.003741
13130,0,0.003213,0.007922
13140,0,0.004965,0.023640
13150,0,0.059139,0.023765
13160,0,0.055020,0.023810
13170,0,0.058664,0.024206
13180,0,0.002580,0.003428
13190,0,0.033008,0.032996
13200,0,0.002829,0.005356
13210,0,0.003050,0.003427
13220,0,0.026920,0.261560
13230,0,0.003896,0.005356
13240,0,0.032886,0.032875
13250,0,0.003511,0.003427
13260,0,0.002573,0.003427
13270,0,0.003037,0.003037
13280,0,0.003530,0.003530
13290,0,0.037185,0.037168
13300,0,0.003180,0.003427
13310,0,0.022105,0.022102
13320,0,0.006530,0.006867
13330,0,0.019349,0.013220
13340,0,0.014333,0.014332
13350,0,0.003918,0.002646
13360,0,0.004388,0.005839
13370,0,0.005032,0.005354
13380,0,0.002759,0.005353
13390,0,0.021599,0.261442
13400,0,0.002560,0.003426
13410,0,0.018909,0.261353
13420,0,0.002752,0.003426
13430,0,0.005403,0.003608
13440,0,0.002857,0.003426
13450,0,0.016579,0.261082
13460,0,0.017000,0.260932
13470,0,0.018309,0.260812
13480,0,0.005933,0.006865
13490,0,0.004034,0.004035
13500,0,0.003005,0.004548
13510,0,0.002829,0.005350
13520,0,0.003042,0.003425
13530,0,0.004145,0.005880
13540,0,0.004069,0.004069
13550,0,0.002687,0.005349
13560,0,0.005724,0.010147
13570,0,0.004241,0.004241
13580,0,0.003140,0.006028
13590,0,0.003110,0.003110
13600,0,0.003626,0.004224
13610,0,0.003055,0.005347
13620,0,0.002714,0.005346
13630,0,0.003461,0.003425
13640,0,0.004254,0.004254
13650,0,0.013291,0.013291
13660,0,0.006111,0.006863
13670,0,0.004877,0.003021
13680,0,0.004318,0.004318
13690,0,0.010581,0.010580
13700,0,0.009255,0.009255
13710,0,0.004528,0.003530
13720,0,0.003701,0.005872
13730,0,0.002859,0.003159
13740,0,0.004134,0.004151
13750,0,0.002386,0.002386
13760,0,0.003248,0.003741
13770,0,0.003125,0.003132
13780,0,0.008861,0.024175
13790,0,0.009975,0.014268
13800,0,0.003308,0.005342
13810,0,0.007268,0.006861
13820,0,0.004195,0.003999
13830,0,0.003557,0.007567
13840,0,0.002980,0.002980
13850,0,0.007004,0.003502
13860,0,0.005983,0.006861
13870,0,0.006346,0.006120
13880,0,0.003450,0.003422
13890,0,0.003448,0.003422
13900,0,0.006203,0.006203
13910,0,0.002631,0.005863
13920,0,0.004239,0.004247
13930,0,0.003397,0.009729
13940,0,0.004359,0.004359
13950,0,0.003349,0.008992
13960,0,0.003770,0.005860
13970,0,0.007037,0.007037
13980,0,0.011029,0.014260
13990,0,0.003717,0.005338
14000,0,0.010430,0.005215
14010,0,0.004840,0.004840
14020,0,0.004638,0.004645
14030,0,0.004150,0.004151
14040,0,0.004670,0.069414
14050,0,0.003594,0.005337
14060,0,0.002687,0.005336
14070,0,0.003434,0.003421
14080,0,0.002511,0.003421
14090,0,0.004058,0.004063
14100,0,0.003668,0.070118
14110,0,0.007071,0.005857
14120,0,0.032585,0.032574
14130,0,0.003336,0.003336
14140,0,0.004254,0.004237
14150,0,0.002868,0.005072
14160,0,0.004735,0.004678
14170,0,0.004232,0.004232
14180,0,0.003061,0.001531
14190,0,0.004135,0.003967
14200,0,0.004250,0.014240
14210,0,0.002807,0.005851
14220,0,0.003582,0.003971
14230,0,0.005527,0.005472
14240,0,0.002912,0.002948
14250,0,0.002733,0.002733
14260,0,0.013673,0.260134
14270,0,0.013341,0.260043
14280,0,0.004240,0.002719
14290,0,0.009129,0.014227
14300,0,0.009693,0.014223
14310,0,0.010557,0.014220
14320,0,0.004165,0.004155
14330,0,0.003413,0.006076
14340,0,0.003391,0.003391
14350,0,0.003198,0.005773
14360,0,0.004197,0.005216
14370,0,0.003362,0.003148
14380,0,0.013497,0.015197
14390,0,0.005521,0.006452
14400,0,0.002929,0.005848
14410,0,0.024826,0.259656
14420,0,0.004803,0.005846
14430,0,0.016764,0.024083
14440,0,0.003525,0.003418
14450,0,0.010695,0.014208
14460,0,0.005889,0.013648
14470,0,0.005440,0.006779
14480,0,0.003390,0.005442
14490,0,0.003424,0.003418
14500,0,0.003526,0.003418
14510,0,0.002815,0.003417
14520,0,0.004202,0.003907
14530,0,0.003756,0.023978
14540,0,0.003635,0.005846
14550,0,0.002655,0.005326
14560,0,0.004837,0.005325
14570,0,0.004156,0.005844
14580,0,0.005077,0.006527
14590,0,0.003052,0.003417
14600,0,0.006322,0.006694
14610,0,0.002779,0.002779
14620,0,0.003848,0.005843
14630,0,0.004126,0.004162
14640,0,0.004143,0.005324
14650,0,0.004030,0.004034
14660,0,0.003568,0.003416
14670,0,0.002840,0.003416
14680,0,0.004309,0.004308
14690,0,0.003296,0.020591
14700,0,0.003959,0.007933
14710,0,0.002863,0.020463
14720,0,0.004197,0.004782
14730,0,0.009157,0.007796
14740,0,0.010696,0.007703
14750,0,0.006590,0.006858
14760,0,0.002860,0.005836
14770,0,0.004020,0.006893
14780,0,0.003273,0.003273
14790,0,0.004161,0.006621
14800,0,0.025459,0.025417
14810,0,0.006338,0.004100
14820,0,0.007766,0.006119
14830,0,0.008407,0.065915
14840,0,0.003256,0.003256
14850,0,0.003390,0.003583
14860,0,0.003001,0.004413
14870,0,0.009222,0.063845
14880,0,0.010769,0.010675
14890,0,0.006461,0.006461
14900,0,0.004143,0.004143
14910,0,0.020389,0.010193
14920,0,0.002659,0.005331
14930,0,0.003378,0.003414
14940,0,0.002764,0.020412
14950,0,0.003080,0.003413
14960,0,0.016873,0.063292
14970,0,0.003983,0.005824
14980,0,0.003703,0.005329
14990,0,0.003400,0.023740
15000,0,0.004228,0.004228
15010,0,0.003184,0.005818
15020,0,0.008223,0.014186
15030,0,0.012942,0.259133
15040,0,0.004232,0.004219
15050,0,0.005530,0.006393
15060,0,0.012008,0.258922
15070,0,0.009126,0.014158
15080,0,0.014038,0.258682
15090,0,0.013879,0.014148
15100,0,0.004035,0.004047
15110,0,0.002451,0.003412
15120,0,0.003118,0.003412
15130,0,0.006538,0.006858
15140,0,0.002944,0.002930
15150,0,0.004217,0.004235
15160,0,0.019707,0.258594
15170,0,0.018987,0.258506
15180,0,0.006698,0.006815
15190,0,0.016369,0.061632
15200,0,0.013497,0.009601
15210,0,0.004796,0.005324
15220,0,0.003206,0.005323
15230,0,0.002117,0.005323
15240,0,0.002981,0.002729
15250,0,0.002483,0.003864
15260,0,0.003531,0.004287
15270,0,0.003630,0.005322
15280,0,0.005549,0.003675
15290,0,0.003168,0.003083
15300,0,0.002789,0.005817
15310,0,0.004026,0.002354
15320,0,0.007198,0.006858
15330,0,0.003361,0.007042
15340,0,0.003339,0.003339
15350,0,0.004341,0.004341
15360,0,0.006419,0.006394
15370,0,0.004742,0.005319
15380,0,0.006836,0.004269
15390,0,0.003340,0.005320
15400,0,0.002696,0.005319
15410,0,0.002838,0.003409
15420,0,0.003058,0.005812
15430,0,0.052282,0.052234
15440,0,0.017251,0.023731
15450,0,0.017706,0.017704
15460,0,0.004609,0.005345
15470,0,0.002438,0.003409
15480,0,0.002936,0.003409
15490,0,0.004290,0.004269
15500,0,0.002783,0.002783
15510,0,0.004154,0.002077
15520,0,0.003509,0.005807
15530,0,0.007954,0.005809
15540,0,0.003401,0.003409
15550,0,0.004999,0.002499
15560,0,0.003558,0.023655
15570,0,0.004366,0.004376
15580,0,0.003540,0.007654
15590,0,0.002415,0.005342
15600,0,0.003461,0.003408
15610,0,0.003567,0.003407
15620,0,0.002291,0.002291
15630,0,0.002581,0.002581
15640,0,0.002806,0.005804
15650,0,0.002776,0.002665
15660,0,0.003992,0.005854
15670,0,0.005941,0.005345
15680,0,0.004463,0.004353
15690,0,0.004289,0.004289
15700,0,0.003015,0.003406
15710,0,0.004231,0.004231
15720,0,0.004414,0.004409
15730,0,0.004481,0.004367
15740,0,0.001851,0.003691
15750,0,0.006460,0.005800
15760,0,0.003434,0.003406
15770,0,0.003621,0.003406
15780,0,0.005894,0.006856
15790,0,0.004033,0.002507
15800,0,0.008092,0.014122
15810,0,0.003033,0.005342
15820,0,0.011725,0.257596
15830,0,0.008459,0.014107
15840,0,0.004793,0.005341
15850,0,0.005904,0.006855
15860,0,0.010203,0.014095
15870,0,0.011718,0.014091
15880,0,0.003185,0.003405
15890,0,0.004959,0.004016
15900,0,0.003571,0.003296
15910,0,0.002649,0.005339
15920,0,0.006303,0.005339
15930,0,0.002472,0.003405
15940,0,0.003625,0.003405
15950,0,0.003009,0.003404
15960,0,0.002551,0.002637
15970,0,0.004958,0.060974
15980,0,0.015888,0.015886
15990,0,0.004459,0.004397
16000,0,0.032070,0.028694
16010,0,0.004641,0.006240
16020,0,0.004018,0.004018
16030,0,0.005446,0.006326
16040,0,0.005958,0.006850
16050,0,0.004059,0.004059
16060,0,0.003120,0.003258
16070,0,0.002617,0.005334
16080,0,0.003382,0.008121
16090,0,0.005525,0.005525
16100,0,0.009741,0.012773
16110,0,0.003462,0.003270
16120,0,0.002912,0.005333
16130,0,0.003390,0.005780
16140,0,0.002928,0.003249
16150,0,0.003604,0.005332
16160,0,0.003025,0.005776
16170,0,0.003637,0.003403
16180,0,0.002780,0.002638
16190,0,0.005890,0.005890
16200,0,0.094574,0.133478
16210,0,0.003800,0.001900
16220,0,0.002478,0.005330
16230,0,0.002450,0.003402
16240,0,0.005499,0.006844
16250,0,0.002997,0.003402
16260,0,0.005733,0.005772
16270,0,0.003157,0.003157
16280,0,0.003061,0.005771
16290,0,0.003647,0.017181
16300,0,0.003343,0.003402
16310,0,0.003592,0.005791
16320,0,0.004218,0.004218
16330,0,0.002991,0.003401
16340,0,0.003270,0.023459
16350,0,0.003343,0.003343
16360,0,0.005679,0.005679
16370,0,0.003134,0.005327
16380,0,0.004256,0.004256
16390,0,0.006594,0.004544
16400,0,0.003492,0.003401
16410,0,0.004615,0.004215
16420,0,0.027041,0.027035
16430,0,0.004323,0.007996
16440,0,0.054058,0.054006
16450,0,0.015339,0.023448
16460,0,0.009962,0.014076
16470,0,0.006698,0.006698
16480,0,0.002719,0.005324
16490,0,0.003837,0.005324
16500,0,0.002604,0.005324
16510,0,0.006262,0.006841
16520,0,0.003016,0.019869
16530,0,0.002941,0.007589
16540,0,0.008000,0.005791
16550,0,0.002421,0.005322
16560,0,0.003151,0.005322
16570,0,0.002049,0.005321
16580,0,0.013906,0.256694
16590,0,0.006660,0.003994
16600,0,0.003834,0.023344
16610,0,0.004276,0.004145
16620,0,0.012946,0.256370
16630,0,0.015585,0.006842
16640,0,0.010677,0.014036
16650,0,0.004655,0.004655
16660,0,0.003174,0.006817
16670,0,0.002362,0.005320
16680,0,0.004670,0.004663
16690,0,0.004239,0.004239
16700,0,0.002607,0.005319
16710,0,0.006623,0.006840
16720,0,0.004053,0.005785
16730,0,0.003018,0.005784
16740,0,0.005862,0.006839
16750,0,0.002700,0.003826
16760,0,0.003392,0.003398
16770,0,0.003061,0.019760
16780,0,0.004233,0.004233
16790,0,0.003420,0.003477
16800,0,0.003298,0.003146
16810,0,0.004495,0.004495
16820,0,0.004060,0.004060
16830,0,0.002335,0.005316
16840,0,0.002964,0.002964
16850,0,0.002615,0.005315
16860,0,0.004254,0.004248
16870,0,0.004178,0.002089
16880,0,0.005796,0.006834
16890,0,0.002520,0.005314
16900,0,0.005975,0.005313
16910,0,0.002516,0.003397
16920,0,0.003676,0.003396
16930,0,0.004958,0.039472
16940,0,0.004163,0.002082
16950,0,0.002808,0.004045
16960,0,0.003691,0.003645
16970,0,0.002528,0.005312
16980,0,0.010938,0.014030
16990,0,0.021399,0.009457
17000,0,0.004417,0.005767
17010,0,0.004307,0.004307
17020,0,0.003265,0.002828
17030,0,0.003236,0.003937
17040,0,0.006748,0.006748
17050,0,0.004725,0.004563
17060,0,0.002044,0.005308
17070,0,0.005891,0.006828
17080,0,0.004270,0.004875
17090,0,0.003009,0.005308
17100,0,0.002516,0.005307
17110,0,0.003149,0.005307
17120,0,0.002593,0.005307
17130,0,0.004652,0.004587
17140,0,0.004335,0.004335
17150,0,0.003964,0.023163
17160,0,0.003768,0.008050
17170,0,0.003188,0.002988
17180,0,0.004388,0.054493
17190,0,0.002452,0.003394
17200,0,0.002605,0.005304
17210,0,0.020414,0.065377
17220,0,0.026554,0.026548
17230,0,0.019316,0.063849
17240,0,0.002997,0.003394
17250,0,0.003239,0.019621
17260,0,0.002893,0.005304
17270,0,0.003398,0.005755
17280,0,0.004276,0.053984
17290,0,0.003359,0.005753
17300,0,0.003712,0.003393
17310,0,0.003572,0.003572
17320,0,0.002949,0.005751
17330,0,0.002931,0.002931
17340,0,0.014920,0.255790
17350,0,0.014378,0.255703
17360,0,0.002402,0.005301
17370,0,0.008760,0.014000
17380,0,0.009093,0.013997
17390,0,0.009564,0.013993
17400,0,0.005664,0.006820
17410,0,0.011147,0.013988
17420,0,0.003673,0.002222
17430,0,0.004652,0.004652
17440,0,0.831731,0.062769
17450,0,0.072266,0.041693
17460,0,0.878377,0.705605
17470,0,0.004257,0.004296
17480,0,0.022746,0.022742
17490,0,0.004080,0.004083
17500,0,0.002494,0.005298
17510,0,0.004716,0.004633
17520,0,0.003577,0.003619
17530,0,0.018269,0.023124
17540,0,0.003693,0.003199
17550,0,0.006148,0.006818
17560,0,0.003288,0.003018
17570,0,0.433982,0.075887
17580,0,0.065504,0.081220
17590,0,0.002852,0.003491
17600,0,0.005965,0.006817
17610,0,0.002448,0.003391
17620,0,0.036166,0.079596
17630,0,0.003664,0.006411
17640,0,0.004132,0.003984
17650,0,0.004856,0.002428
17660,0,0.005120,0.005750
17670,0,0.004007,0.005748
17680,0,0.066024,0.077686
17690,0,0.002044,0.005293
17700,0,0.005762,0.006817
17710,0,0.003235,0.003235
17720,0,0.003485,0.003366
17730,0,0.002803,0.002803
17740,0,0.006106,0.006817
17750,0,0.004030,0.002015
17760,0,0.003393,0.003390
17770,0,0.003015,0.005745
17780,0,0.003980,0.003388
17790,0,0.535647,0.030908
17800,0,0.931177,0.731142
17810,0,0.006714,0.006816
17820,0,0.004277,0.005742
17830,0,0.011420,0.007473
17840,0,0.004228,0.004228
17850,0,0.004916,0.004916
17860,0,0.003843,0.001922
17870,0,0.002982,0.003389
17880,0,0.004681,0.004661
17890,0,0.003390,0.003396
17900,0,0.002538,0.005291
17910,0,0.003302,0.002872
17920,0,0.003731,0.005292
17930,0,0.017843,0.005294
17940,0,0.018445,0.005296
17950,0,0.007576,0.007576
17960,0,0.019804,0.005299
17970,0,0.044606,0.044576
17980,0,0.043901,0.043872
17990,0,0.038786,0.131729
18000,0,0.028333,0.028326
18010,0,0.015903,0.129105
18020,0,0.016878,0.127778
18030,0,0.004652,0.004652
18040,0,0.002432,0.005300
18050,0,0.006040,0.006814
18060,0,0.002273,0.005299
18070,0,0.004849,0.038826
18080,0,0.013019,0.031957
18090,0,0.009924,0.013970
18100,0,0.003593,0.003881
18110,0,0.006477,0.005298
18120,0,0.003643,0.005298
18130,0,0.006078,0.063287
18140,0,0.006166,0.006812
18150,0,0.004459,0.004459
18160,0,0.006763,0.006763
18170,0,0.003965,0.004713
18180,0,0.003146,0.005297
18190,0,0.005480,0.006810
18200,0,0.002760,0.018136
18210,0,0.004044,0.004048
18220,0,0.008182,0.013968
18230,0,0.002837,0.003387
18240,0,0.004232,0.004224
18250,0,0.013578,0.254613
18260,0,0.003818,0.062879
18270,0,0.004241,0.004236
18280,0,0.015411,0.254354
18290,0,0.004227,0.004310
18300,0,0.012695,0.004742
18310,0,0.002456,0.005294
18320,0,0.003382,0.003386
18330,0,0.003718,0.003386
18340,0,0.004051,0.004068
18350,0,0.008687,0.007505
18360,0,0.002894,0.005293
18370,0,0.002475,0.005292
18380,0,0.002555,0.003386
18390,0,0.004231,0.004231
18400,0,0.002968,0.003385
18410,0,0.002763,0.002939
18420,0,0.003490,0.005291
18430,0,0.002318,0.005290
18440,0,0.003135,0.005289
18450,0,0.002033,0.005289
18460,0,0.003274,0.006974
18470,0,0.002454,0.002695
18480,0,0.003934,0.003742
18490,0,0.003808,0.005650
18500,0,0.005925,0.005925
18510,0,0.004284,0.004284
18520,0,0.002659,0.005288
18530,0,0.002468,0.005288
18540,0,0.012860,0.006240
18550,0,0.002994,0.003379
18560,0,0.004898,0.005002
18570,0,0.003999,0.003763
18580,0,0.005524,0.006807
18590,0,0.003006,0.003006
18600,0,0.004746,0.004746
18610,0,0.004607,0.005290
18620,0,0.003849,0.001924
18630,0,0.032383,0.005295
18640,0,0.007224,0.006807
18650,0,0.012190,0.012190
18660,0,0.003970,0.005709
18670,0,0.003738,0.003384
18680,0,0.006431,0.005532
18690,0,0.005937,0.006807
18700,0,0.002579,0.014995
18710,0,0.005703,0.005298
18720,0,0.065276,0.065184
18730,0,0.003023,0.005298
18740,0,0.013825,0.013824
18750,0,0.003291,0.003291
18760,0,0.003021,0.005297
18770,0,0.004202,0.074815
18780,0,0.003300,0.003383
18790,0,0.029377,0.029369
18800,0,0.002598,0.005296
18810,0,0.003598,0.005295
18820,0,0.003869,0.004859
18830,0,0.002969,0.003382
18840,0,0.004291,0.004291
18850,0,0.002783,0.014066
18860,0,0.004649,0.003560
18870,0,0.013609,0.005296
18880,0,0.004115,0.004417
18890,0,0.003800,0.005705
18900,0,0.002905,0.003382
18910,0,0.029585,0.029576
18920,0,0.006936,0.006803
18930,0,0.002677,0.005294
18940,0,0.003572,0.005294
18950,0,0.003773,0.003381
18960,0,0.004822,0.005009
18970,0,0.004258,0.004252
18980,0,0.012090,0.253452
18990,0,0.011589,0.253337
19000,0,0.002571,0.005292
19010,0,0.008671,0.013902
19020,0,0.003393,0.003393
19030,0,0.003061,0.002763
19040,0,0.009715,0.013894
19050,0,0.005960,0.005698
19060,0,0.002494,0.003381
19070,0,0.012110,0.013888
19080,0,0.004054,0.004053
19090,0,0.004852,0.004980
19100,0,0.002353,0.005290
19110,0,0.002477,0.003380
19120,0,0.004410,0.004642
19130,0,0.002881,0.003380
19140,0,0.004862,0.004970
19150,0,0.004066,0.004544
19160,0,0.006081,0.005287
19170,0,0.002478,0.003380
19180,0,0.002997,0.003380
19190,0,0.007222,0.004443
19200,0,0.004240,0.004249
19210,0,0.003235,0.005687
19220,0,0.003381,0.003379
19230,0,0.002994,0.004214
19240,0,0.004461,0.004243
19250,0,0.004663,0.004663
19260,0,0.003199,0.003960
19270,0,0.002912,0.005284
19280,0,0.002893,0.002893
19290,0,0.002341,0.005284
19300,0,0.003574,0.005283
19310,0,0.003955,0.003955
19320,0,0.002889,0.003378
19330,0,0.006929,0.006794
19340,0,0.003736,0.005282
19350,0,0.004234,0.004253
19360,0,0.003569,0.005281
19370,0,0.002591,0.005281
19380,0,0.003845,0.001922
19390,0,0.002964,0.002883
19400,0,0.004721,0.004721
19410,0,0.005496,0.006791
19420,0,0.003044,0.003167
19430,0,0.003302,0.003378
19440,0,0.002594,0.005280
19450,0,0.002895,0.003377
19460,0,0.006081,0.006791
19470,0,0.004853,0.004934
19480,0,0.003047,0.002842
19490,0,0.004065,0.004143
19500,0,0.003970,0.005279
19510,0,0.004256,0.004256
19520,0,0.003824,0.004411
19530,0,0.004220,0.004394
19540,0,0.003334,0.003334
19550,0,0.003177,0.003177
19560,0,0.003128,0.005677
19570,0,0.008104,0.031502
19580,0,0.006111,0.013874
19590,0,0.002558,0.005277
19600,0,0.038811,0.009832
19610,0,0.003233,0.003233
19620,0,0.007775,0.007775
19630,0,0.006457,0.003813
19640,0,0.004001,0.005689
19650,0,0.006826,0.005276
19660,0,0.001913,0.001924
19670,0,0.007582,0.005693
19680,0,0.015806,0.252357
19690,0,0.003305,0.003376
19700,0,0.004533,0.005701
19710,0,0.003832,0.003376
19720,0,0.010981,0.252214
19730,0,0.019043,0.005188
19740,0,0.010108,0.251963
19750,0,0.008783,0.013850
19760,0,0.005529,0.006787
19770,0,0.014048,0.251650
19780,0,0.014133,0.013838
19790,0,0.007945,0.005463
19800,0,0.003104,0.004335
19810,0,0.002669,0.005209
19820,0,0.002908,0.019011
19830,0,0.002629,0.002991
19840,0,0.004000,0.004253
19850,0,0.005661,0.006785
19860,0,0.011995,0.251565
19870,0,0.002563,0.005273
19880,0,0.003194,0.005272
19890,0,0.003057,0.003375
19900,0,0.004238,0.004354
19910,0,0.005604,0.006784
19920,0,0.002576,0.005271
19930,0,0.004600,0.072098
19940,0,0.012761,0.251509
19950,0,0.003041,0.003374
19960,0,0.004044,0.003981
19970,0,0.011884,0.251231
19980,0,0.040684,0.251016
19990,0,0.036148,0.250763
20000,0,0.036456,0.036440
20010,0,0.042783,0.250613
20020,0,0.060356,0.250381
20030,0,0.077776,0.250169
20040,0,0.036990,0.036973
20050,0,0.037470,0.037453
20060,0,0.044364,0.044335
20070,0,0.047531,0.047495
20080,0,0.052621,0.052572
20090,0,0.052864,0.052815
20100,0,0.005813,0.006783
20110,0,0.069053,0.068943
20120,0,0.003814,0.002776
20130,0,0.003427,0.005714
20140,0,0.002091,0.005267
20150,0,0.003414,0.003374
20160,0,0.006155,0.006783
20170,0,0.002898,0.002957
20180,0,0.008279,0.005295
20190,0,0.006857,0.006783
20200,0,0.002448,0.005267
20210,0,0.099647,0.249813
20220,0,0.053951,0.013852
20230,0,0.002608,0.005266
20240,0,0.004091,0.037813
20250,0,0.015901,0.011037
20260,0,0.019821,0.012698
20270,0,0.015235,0.015234
20280,0,0.002447,0.005264
20290,0,0.004377,0.004025
20300,0,0.004038,0.004038
20310,0,0.003420,0.003373
20320,0,0.002954,0.002984
20330,0,0.006492,0.006782
20340,0,0.002485,0.005263
20350,0,0.002363,0.005263
20360,0,0.003914,0.005711
20370,0,0.002543,0.003372
20380,0,0.012765,0.013105
20390,0,0.006061,0.006782
20400,0,0.005344,0.005711
20410,0,0.005343,0.005964
20420,0,0.002354,0.005260
20430,0,0.006177,0.005710
20440,0,0.004083,0.004099
20450,0,0.004231,0.004331
20460,0,0.003054,0.003372
20470,0,0.004351,0.004351
20480,0,0.031355,0.031344
20490,0,0.015280,0.060346
20500,0,0.015641,0.059317
20510,0,0.018193,0.018191
20520,0,0.003269,0.018838
20530,0,0.002559,0.005259
20540,0,0.004941,0.003418
20550,0,0.002685,0.003372
20560,0,0.005758,0.004908
20570,0,0.002999,0.003371
20580,0,0.002819,0.006572
20590,0,0.035098,0.249592
20600,0,0.033773,0.249516
20610,0,0.046299,0.013912
20620,0,0.032912,0.249339
20630,0,0.003310,0.003371
20640,0,0.021124,0.006294
20650,0,0.002806,0.006357
20660,0,0.002098,0.005255
20670,0,0.041146,0.014034
20680,0,0.002789,0.002965
20690,0,0.040473,0.014080
20700,0,0.002562,0.002562
20710,0,0.004237,0.006183
20720,0,0.003166,0.002894
20730,0,0.022294,0.019368
20740,0,0.004540,0.004604
20750,0,0.018023,0.018979
20760,0,0.004422,0.005707
20770,0,0.023498,0.023493
20780,0,0.016835,0.016833
20790,0,0.003284,0.003284
20800,0,0.002876,0.002876
20810,0,0.003888,0.003370
20820,0,0.003065,0.003370
20830,0,0.003009,0.003370
20840,0,0.006638,0.006777
20850,0,0.004002,0.003950
20860,0,0.007035,0.006777
20870,0,0.005407,0.006647
20880,0,0.003313,0.003370
20890,0,0.003397,0.003370
20900,0,0.003311,0.002920
20910,0,0.003898,0.003370
20920,0,0.004712,0.004668
20930,0,0.004266,0.070517
20940,0,0.002534,0.002534
20950,0,0.002316,0.018773
20960,0,0.002747,0.002965
20970,0,0.004865,0.012096
20980,0,0.003319,0.003370
20990,0,0.003496,0.003370
21000,0,0.003108,0.007433
21010,0,0.002753,0.002753
21020,0,0.007175,0.011329
21030,0,0.018154,0.008523
21040,0,0.031381,0.014813
21050,0,0.004283,0.005759
21060,0,0.004276,0.004229
21070,0,0.004040,0.004049
21080,0,0.004021,0.014127
21090,0,0.002605,0.005248
21100,0,0.004913,0.030999
21110,0,0.003401,0.008824
21120,0,0.004384,0.005708
21130,0,0.006677,0.006779
21140,0,0.003420,0.005472
21150,0,0.020001,0.005257
21160,0,0.007109,0.008606
21170,0,0.015456,0.021192
21180,0,0.004030,0.005259
21190,0,0.004229,0.004228
21200,0,0.004862,0.004983
21210,0,0.005242,0.005705
21220,0,0.006502,0.010689
21230,0,0.005023,0.005023
21240,0,0.005715,0.006455
21250,0,0.003397,0.003459
21260,0,0.003846,0.003846
21270,0,0.004289,0.009447
21280,0,0.003306,0.003368
21290,0,0.003397,0.003368
21300,0,0.005135,0.030838
21310,0,0.004592,0.004592
21320,0,0.003099,0.003444
21330,0,0.003170,0.003169
21340,0,0.005070,0.036865
21350,0,0.006996,0.006780
21360,0,0.003313,0.003368
21370,0,0.004195,0.004195
21380,0,0.003893,0.003368
21390,0,0.003022,0.003022
21400,0,0.003417,0.005700
21410,0,0.008582,0.030794
21420,0,0.005488,0.014097
21430,0,0.002598,0.005253
21440,0,0.003130,0.005252
21450,0,0.004380,0.004380
21460,0,0.007138,0.006781
21470,0,0.002957,0.027023
21480,0,0.002508,0.023521
21490,0,0.003364,0.007214
21500,0,0.004067,0.003757
21510,0,0.002568,0.005251
21520,0,0.007101,0.005251
21530,0,0.002711,0.003367
21540,0,0.033288,0.248576
21550,0,0.032330,0.248500
21560,0,0.004074,0.002037
21570,0,0.006741,0.006498
21580,0,0.027099,0.014157
21590,0,0.029162,0.248221
21600,0,0.028449,0.248145
21610,0,0.004090,0.005612
21620,0,0.024656,0.014202
21630,0,0.003321,0.003367
21640,0,0.002559,0.003367
21650,0,0.003923,0.003366
21660,0,0.014713,0.014712
21670,0,0.004559,0.030726
21680,0,0.004163,0.004163
21690,0,0.002485,0.005248
21700,0,0.003299,0.007170
21710,0,0.003621,0.005247
21720,0,0.003463,0.003366
21730,0,0.006456,0.006783
21740,0,0.002677,0.007068
21750,0,0.002437,0.005246
21760,0,0.004744,0.005245
21770,0,0.002544,0.003366
21780,0,0.007368,0.007368
21790,0,0.014523,0.014522
21800,0,0.002954,0.003201
21810,0,0.017954,0.017952
21820,0,0.004936,0.004967
21830,0,0.014023,0.014022
21840,0,0.003420,0.003365
21850,0,0.002053,0.005243
21860,0,0.006965,0.006784
21870,0,0.003177,0.003365
21880,0,0.006477,0.006784
21890,0,0.002977,0.003365
21900,0,0.002764,0.003113
21910,0,0.004243,0.004249
21920,0,0.002471,0.002834
21930,0,0.004257,0.006923
21940,0,0.003275,0.005678
21950,0,0.006610,0.006785
21960,0,0.002888,0.002888
21970,0,0.005437,0.014196
21980,0,0.002525,0.003365
21990,0,0.003427,0.003365
22000,0,0.006919,0.006785
22010,0,0.007687,0.005677
22020,0,0.004291,0.004291
22030,0,0.002624,0.005259
22040,0,0.003610,0.005259
22050,0,0.008258,0.006786
22060,0,0.002554,0.003364
22070,0,0.004682,0.005676
22080,0,0.002942,0.003364
22090,0,0.003639,0.004417
22100,0,0.004631,0.004631
22110,0,0.009063,0.004317
22120,0,0.003008,0.003094
22130,0,0.019652,0.010451
22140,0,0.002524,0.005257
22150,0,0.003961,0.008699
22160,0,0.012140,0.015346
22170,0,0.002773,0.004488
22180,0,0.011572,0.011572
22190,0,0.003240,0.003125
22200,0,0.013067,0.005257
22210,0,0.002469,0.005256
22220,0,0.039226,0.022473
22230,0,0.004113,0.004414
22240,0,0.007599,0.030500
22250,0,0.003446,0.010515
22260,0,0.011346,0.030440
22270,0,0.087709,0.247826
22280,0,0.088708,0.247789
22290,0,0.204302,0.201506
22300,0,0.087559,0.247733
22310,0,0.202069,0.199363
22320,0,0.002779,0.006108
22330,0,0.004718,0.004660
22340,0,0.002974,0.003363
22350,0,0.003634,0.003479
22360,0,0.004769,0.004919
22370,0,0.019444,0.247582
22380,0,0.004123,0.002945
22390,0,0.007427,0.006795
22400,0,0.006121,0.005255
22410,0,0.003280,0.004252
22420,0,0.003397,0.003363
22430,0,0.003625,0.003625
22440,0,0.004426,0.005017
22450,0,0.017783,0.018226
22460,0,0.003205,0.018188
22470,0,0.017893,0.010519
22480,0,0.003410,0.003410
22490,0,0.003314,0.003397
22500,0,0.003621,0.005254
22510,0,0.002545,0.005253
22520,0,0.003483,0.006351
22530,0,0.003892,0.003362
22540,0,0.004058,0.004178
22550,0,0.007811,0.006797
22560,0,0.005134,0.014186
22570,0,0.028320,0.018055
22580,0,0.003516,0.005252
22590,0,0.002557,0.005252
22600,0,0.004111,0.004111
22610,0,0.006308,0.018053
22620,0,0.004984,0.004900
22630,0,0.003012,0.003361
22640,0,0.008245,0.006800
22650,0,0.004202,0.036033
22660,0,0.021853,0.016397
22670,0,0.022892,0.019623
22680,0,0.023890,0.007944
22690,0,0.018264,0.018262
22700,0,0.004244,0.004244
22710,0,0.007526,0.006803
22720,0,0.002963,0.003361
22730,0,0.007397,0.006803
22740,0,0.004240,0.004240
22750,0,0.002893,0.002893
22760,0,0.004054,0.007773
22770,0,0.003518,0.003286
22780,0,0.002970,0.003361
22790,0,0.007860,0.006805
22800,0,0.006414,0.006013
22810,0,0.004287,0.004287
22820,0,0.002583,0.005246
22830,0,0.004234,0.004234
22840,0,0.003143,0.003171
22850,0,0.009356,0.017862
22860,0,0.003251,0.003251
22870,0,0.007520,0.006808
22880,0,0.003063,0.003440
22890,0,0.003497,0.005823
22900,0,0.002548,0.003360
22910,0,0.005043,0.004940
22920,0,0.007488,0.006809
22930,0,0.003880,0.004002
22940,0,0.002517,0.002517
22950,0,0.005053,0.004950
22960,0,0.006628,0.006809
22970,0,0.004996,0.005242
22980,0,0.002665,0.005241
22990,0,0.003036,0.003359
23000,0,0.003073,0.003073
23010,0,0.007593,0.030030
23020,0,0.011154,0.014174
23030,0,0.002577,0.005240
23040,0,0.003321,0.003359
23050,0,0.004284,0.004284
23060,0,0.002659,0.008255
23070,0,0.004071,0.002629
23080,0,0.003329,0.003075
23090,0,0.007331,0.005649
23100,0,0.002666,0.002666
23110,0,0.005893,0.002946
23120,0,0.013713,0.246676
23130,0,0.010899,0.014168
23140,0,0.003025,0.003359
23150,0,0.011971,0.246486
23160,0,0.011812,0.246405
23170,0,0.012004,0.246324
23180,0,0.012624,0.246243
23190,0,0.012316,0.014147
23200,0,0.002704,0.005237
23210,0,0.006905,0.006810
23220,0,0.004078,0.004078
23230,0,0.003062,0.003332
23240,0,0.003007,0.003358
23250,0,0.005102,0.005098
23260,0,0.003294,0.005421
23270,0,0.002399,0.005235
23280,0,0.002707,0.003358
23290,0,0.032516,0.026336
23300,0,0.030786,0.027382
23310,0,0.004233,0.004258
23320,0,0.054022,0.030159
23330,0,0.002536,0.002680
23340,0,0.004038,0.004040
23350,0,0.003321,0.003358
23360,0,0.003267,0.005640
23370,0,0.004072,0.004072
23380,0,0.004955,0.003402
23390,0,0.004533,0.011846
23400,0,0.003559,0.003559
23410,0,0.004579,0.002289
23420,0,0.002560,0.003357
23430,0,0.007048,0.006811
23440,0,0.008676,0.006812
23450,0,0.003338,0.003338
23460,0,0.003488,0.003488
23470,0,0.004016,0.005188
23480,0,0.002569,0.005230
23490,0,0.012466,0.246002
23500,0,0.027257,0.014155
23510,0,0.004299,0.004116
23520,0,0.003781,0.002968
23530,0,0.004407,0.004407
23540,0,0.004048,0.004055
23550,0,0.004206,0.004206
23560,0,0.002645,0.005227
23570,0,0.003535,0.005227
23580,0,0.003471,0.003471
23590,0,0.003702,0.003702
23600,0,0.006728,0.004471
23610,0,0.007163,0.005226
23620,0,0.004233,0.004231
23630,0,0.002531,0.005226
23640,0,0.003629,0.005225
23650,0,0.002578,0.003356
23660,0,0.003029,0.003356
23670,0,0.004210,0.017621
23680,0,0.004037,0.004040
23690,0,0.002487,0.005224
23700,0,0.007910,0.006814
23710,0,0.003586,0.005620
23720,0,0.002582,0.003356
23730,0,0.008216,0.005621
23740,0,0.019911,0.057048
23750,0,0.016410,0.056274
23760,0,0.016503,0.055538
23770,0,0.016152,0.016151
23780,0,0.003682,0.005222
23790,0,0.003391,0.005620
23800,0,0.003477,0.017549
23810,0,0.045076,0.045046
23820,0,0.002934,0.002738
23830,0,0.014907,0.014906
23840,0,0.003952,0.003355
23850,0,0.003034,0.003355
23860,0,0.004028,0.002616
23870,0,0.010400,0.245339
23880,0,0.009781,0.014143
23890,0,0.010172,0.245231
23900,0,0.004034,0.004041
23910,0,0.010223,0.014135
23920,0,0.005164,0.005124
23930,0,0.003957,0.003355
23940,0,0.003530,0.003355
23950,0,0.014328,0.014126
23960,0,0.003883,0.012491
23970,0,0.013393,0.244857
23980,0,0.003104,0.002856
23990,0,0.023199,0.015676
24000,0,0.021682,0.017412
24010,0,0.014340,0.023474
24020,0,0.016905,0.021327
24030,0,0.004212,0.006544
24040,0,0.004070,0.004070
24050,0,0.003311,0.003060
24060,0,0.021523,0.014129
24070,0,0.002300,0.002447
24080,0,0.006441,0.006813
24090,0,0.002753,0.002811
24100,0,0.003179,0.005215
24110,0,0.002591,0.003354
24120,0,0.009419,0.009419
24130,0,0.002982,0.002982
24140,0,0.005925,0.004996
24150,0,0.003983,0.003483
24160,0,0.007309,0.005214
24170,0,0.004879,0.004879
24180,0,0.003422,0.003354
24190,0,0.004786,0.002393
24200,0,0.005387,0.004071
24210,0,0.005390,0.007274
24220,0,0.029892,0.244675
24230,0,0.002515,0.005212
24240,0,0.004791,0.005212
24250,0,0.003521,0.003307
24260,0,0.003981,0.003354
24270,0,0.019020,0.005214
24280,0,0.004148,0.004148
24290,0,0.020226,0.005218
24300,0,0.040439,0.244651
24310,0,0.007350,0.003675
24320,0,0.002397,0.005222
24330,0,0.004139,0.005222
24340,0,0.001866,0.005222
24350,0,0.002992,0.003422
24360,0,0.006553,0.006812
24370,0,0.024717,0.062196
24380,0,0.003180,0.005221
24390,0,0.006754,0.005221
24400,0,0.003422,0.003353
24410,0,0.013196,0.244625
24420,0,0.040957,0.029140
24430,0,0.004287,0.004260
24440,0,0.003782,0.005220
24450,0,0.006297,0.005219
24460,0,0.003661,0.005602
24470,0,0.003122,0.003353
24480,0,0.002788,0.017365
24490,0,0.002753,0.002867
24500,0,0.003259,0.005600
24510,0,0.010950,0.014129
24520,0,0.002495,0.005217
24530,0,0.003606,0.005217
24540,0,0.004299,0.004299
24550,0,0.003347,0.003505
24560,0,0.003169,0.003169
24570,0,0.006122,0.006810
24580,0,0.003624,0.005216
24590,0,0.002560,0.005215
24600,0,0.005156,0.005242
24610,0,0.002120,0.005214
24620,0,0.003375,0.003129
24630,0,0.003214,0.005596
24640,0,0.010381,0.244225
24650,0,0.003872,0.034859
24660,0,0.003845,0.005594
24670,0,0.012041,0.243958
24680,0,0.004329,0.003908
24690,0,0.003848,0.005214
24700,0,0.002706,0.005214
24710,0,0.004801,0.005213
24720,0,0.002620,0.003352
24730,0,0.002622,0.005213
24740,0,0.003570,0.003352
24750,0,0.002376,0.017308
24760,0,0.004146,0.004395
24770,0,0.003232,0.005589
24780,0,0.009671,0.005591
24790,0,0.005509,0.006368
24800,0,0.003043,0.003351
24810,0,0.003753,0.005589
24820,0,0.011137,0.016310
24830,0,0.005618,0.006238
24840,0,0.007605,0.006811
24850,0,0.003579,0.005588
24860,0,0.003437,0.001719
24870,0,0.004116,0.003832
24880,0,0.005164,0.005227
24890,0,0.004026,0.003583
24900,0,0.003046,0.002920
24910,0,0.005802,0.005584
24920,0,0.004611,0.004015
24930,0,0.005645,0.005954
24940,0,0.007593,0.004476
24950,0,0.003327,0.003327
24960,0,0.032598,0.032586
24970,0,0.005048,0.005580
24980,0,0.004269,0.004115
24990,0,0.005645,0.006132
25000,0,0.013873,0.005235
25010,0,0.002940,0.002940
25020,0,0.020748,0.020745
25030,0,0.012925,0.005239
25040,0,0.022028,0.022024
25050,0,0.009484,0.014100
25060,0,0.002594,0.003350
25070,0,0.003038,0.003136
25080,0,0.004270,0.004251
25090,0,0.005853,0.006062
25100,0,0.002610,0.002746
25110,0,0.002094,0.002826
25120,0,0.003966,0.003433
25130,0,0.003635,0.003583
25140,0,0.003019,0.003350
25150,0,0.003243,0.003656
25160,0,0.005256,0.005205
25170,0,0.005068,0.005238
25180,0,0.004530,0.005576
25190,0,0.003349,0.003350
25200,0,0.002553,0.005237
25210,0,0.005525,0.015793
25220,0,0.036746,0.243619
25230,0,0.003132,0.003007
25240,0,0.003938,0.005430
25250,0,0.002667,0.005236
25260,0,0.004832,0.003704
25270,0,0.004567,0.004288
25280,0,0.079863,0.005242
25290,0,0.003051,0.003350
25300,0,0.003881,0.003715
25310,0,0.006521,0.006809
25320,0,0.002806,0.003299
25330,0,0.003908,0.005573
25340,0,0.011092,0.029894
25350,0,0.014956,0.243570
25360,0,0.004010,0.003349
25370,0,0.004498,0.060372
25380,0,0.003127,0.003127
25390,0,0.091308,0.243438
25400,0,0.010068,0.243306
25410,0,0.004152,0.003144
25420,0,0.006778,0.006808
25430,0,0.003223,0.005571
25440,0,0.004224,0.005569
25450,0,0.010672,0.243014
25460,0,0.012174,0.242935
25470,0,0.011872,0.014072
25480,0,0.003189,0.003025
25490,0,0.003765,0.003605
25500,0,0.004146,0.004191
25510,0,0.022129,0.022126
25520,0,0.003744,0.005567
25530,0,0.005848,0.006807
25540,0,0.003117,0.003117
25550,0,0.011500,0.242701
25560,0,0.004233,0.004233
25570,0,0.004284,0.004261
25580,0,0.004394,0.015283
25590,0,0.003624,0.005240
25600,0,0.002705,0.002705
25610,0,0.003590,0.003349
25620,0,0.005007,0.014585
25630,0,0.002235,0.002917
25640,0,0.005032,0.002516
25650,0,0.002635,0.005239
25660,0,0.005125,0.005238
25670,0,0.003480,0.005561
25680,0,0.010112,0.005238
25690,0,0.003183,0.034511
25700,0,0.003199,0.003941
25710,0,0.002639,0.005237
25720,0,0.004814,0.005237
25730,0,0.003444,0.003348
25740,0,0.002624,0.003348
25750,0,0.003633,0.003910
25760,0,0.035030,0.242677
25770,0,0.002667,0.005235
25780,0,0.003919,0.003921
25790,0,0.003445,0.003348
25800,0,0.003263,0.003962
25810,0,0.002863,0.002750
25820,0,0.005712,0.004606
25830,0,0.004225,0.004225
25840,0,0.003095,0.003477
25850,0,0.004847,0.005233
25860,0,0.003403,0.005551
25870,0,0.003079,0.003347
25880,0,0.005967,0.006805
25890,0,0.004282,0.004096
25900,0,0.004484,0.004358
25910,0,0.002595,0.005231
25920,0,0.003369,0.003347
25930,0,0.004653,0.004656
25940,0,0.003624,0.003347
25950,0,0.009138,0.029641
25960,0,0.035306,0.035291
25970,0,0.004064,0.002032
25980,0,0.009917,0.029428
25990,0,0.010931,0.014060
26000,0,0.002919,0.005551
26010,0,0.006177,0.005229
26020,0,0.003449,0.003347
26030,0,0.002634,0.003347
26040,0,0.003177,0.003347
26050,0,0.002764,0.003647
26060,0,0.004705,0.004673
26070,0,0.006539,0.006804
26080,0,0.003397,0.003406
26090,0,0.004672,0.003722
26100,0,0.002874,0.003347
26110,0,0.006541,0.005551
26120,0,0.010982,0.242471
26130,0,0.003086,0.016983
26140,0,0.009744,0.242313
26150,0,0.004343,0.004343
26160,0,0.009661,0.014045
26170,0,0.003257,0.005552
26180,0,0.004179,0.003976
26190,0,0.011991,0.241971
26200,0,0.003456,0.005227
26210,0,0.003756,0.005551
26220,0,0.003367,0.003347
26230,0,0.002656,0.003347
26240,0,0.004055,0.003347
26250,0,0.002784,0.002911
26260,0,0.019724,0.019722
26270,0,0.003977,0.001988
26280,0,0.003142,0.003262
26290,0,0.004798,0.005224
26300,0,0.002659,0.003346
26310,0,0.002844,0.003510
26320,0,0.003184,0.003485
26330,0,0.003840,0.004209
26340,0,0.003339,0.002793
26350,0,0.002610,0.005222
26360,0,0.003218,0.005222
26370,0,0.005457,0.009868
26380,0,0.003834,0.005542
26390,0,0.004254,0.004249
26400,0,0.003163,0.003684
26410,0,0.006389,0.006803
26420,0,0.002550,0.005221
26430,0,0.003210,0.004048
26440,0,0.003593,0.005538
26450,0,0.012147,0.029329
26460,0,0.008576,0.029253
26470,0,0.003330,0.003577
26480,0,0.004392,0.004392
26490,0,0.038644,0.029070
26500,0,0.030767,0.029081
26510,0,0.027156,0.027149
26520,0,0.023986,0.023981
26530,0,0.016502,0.016501
26540,0,0.002983,0.005220
26550,0,0.002898,0.002898
26560,0,0.018900,0.241842
26570,0,0.003643,0.005219
26580,0,0.006794,0.006794
26590,0,0.003222,0.005541
26600,0,0.003268,0.003790
26610,0,0.004920,0.004920
26620,0,0.003659,0.003659
26630,0,0.004794,0.005217
26640,0,0.002886,0.003346
26650,0,0.002655,0.003346
26660,0,0.003355,0.003240
26670,0,0.004276,0.004072
26680,0,0.004194,0.003980
26690,0,0.004109,0.004293
26700,0,0.003589,0.005538
26710,0,0.008710,0.028939
26720,0,0.004045,0.004045
26730,0,0.005980,0.006608
26740,0,0.007820,0.005215
26750,0,0.006838,0.006805
26760,0,0.004255,0.005215
26770,0,0.003378,0.005535
26780,0,0.003972,0.003647
26790,0,0.006994,0.006804
26800,0,0.004271,0.004091
26810,0,0.002684,0.005532
26820,0,0.021900,0.053682
26830,0,0.003261,0.003701
26840,0,0.033235,0.033223
26850,0,0.018772,0.018770
26860,0,0.006670,0.006804
26870,0,0.005356,0.006092
26880,0,0.003375,0.003345
26890,0,0.002660,0.003345
26900,0,0.003166,0.002934
26910,0,0.003191,0.003345
26920,0,0.007967,0.028773
26930,0,0.004363,0.004363
26940,0,0.003011,0.005211
26950,0,0.009755,0.014023
26960,0,0.004794,0.002397
26970,0,0.002468,0.005211
26980,0,0.009318,0.241216
26990,0,0.003235,0.005529
27000,0,0.010213,0.014007
27010,0,0.010712,0.014004
27020,0,0.013228,0.240958
27030,0,0.013268,0.014000
27040,0,0.003800,0.002543
27050,0,0.006648,0.006804
27060,0,0.011866,0.016645
27070,0,0.002849,0.005209
27080,0,0.005794,0.006565
27090,0,0.015665,0.017682
27100,0,0.003714,0.005209
27110,0,0.004034,0.004043
27120,0,0.025508,0.025503
27130,0,0.022358,0.022355
27140,0,0.003113,0.003345
27150,0,0.007932,0.028612
27160,0,0.018912,0.028574
27170,0,0.020115,0.020113
27180,0,0.009679,0.240752
27190,0,0.002616,0.005207
27200,0,0.004788,0.005207
27210,0,0.003231,0.005207
27220,0,0.002662,0.003344
27230,0,0.003369,0.003641
27240,0,0.003843,0.001921
27250,0,0.004042,0.003666
27260,0,0.003002,0.005206
27270,0,0.002633,0.005205
27280,0,0.004369,0.005535
27290,0,0.003213,0.003631
27300,0,0.004237,0.005536
27310,0,0.018098,0.006545
27320,0,0.004348,0.004328
27330,0,0.003904,0.005205
27340,0,0.020130,0.020128
27350,0,0.005704,0.006804
27360,0,0.004249,0.004178
27370,0,0.003471,0.003344
27380,0,0.002908,0.005205
27390,0,0.003153,0.003344
27400,0,0.003792,0.005534
27410,0,0.006009,0.006689
27420,0,0.019265,0.005209
27430,0,0.024691,0.122787
27440,0,0.019834,0.005212
27450,0,0.020030,0.005214
27460,0,0.005105,0.005317
27470,0,0.006480,0.006804
27480,0,0.005044,0.005223
27490,0,0.003378,0.007062
27500,0,0.005803,0.006517
27510,0,0.004711,0.004672
27520,0,0.006427,0.003213
27530,0,0.002448,0.005215
27540,0,0.003689,0.005214
27550,0,0.018296,0.018294
27560,0,0.018026,0.007325
27570,0,0.006403,0.006803
27580,0,0.003803,0.006759
27590,0,0.003550,0.005524
27600,0,0.003124,0.005212
27610,0,0.002681,0.003343
27620,0,0.003749,0.016714
27630,0,0.003896,0.001948
27640,0,0.004758,0.004568
27650,0,0.006878,0.005021
27660,0,0.002916,0.005522
27670,0,0.002705,0.003343
27680,0,0.003207,0.003343
27690,0,0.003978,0.003978
27700,0,0.004098,0.004917
27710,0,0.002690,0.005210
27720,0,0.003384,0.003343
27730,0,0.002183,0.005208
27740,0,0.005130,0.005063
27750,0,0.008617,0.240366
27760,0,0.004075,0.007177
27770,0,0.003291,0.003675
27780,0,0.003068,0.005518
27790,0,0.003410,0.003018
27800,0,0.006254,0.005518
27810,0,0.003270,0.003289
27820,0,0.012672,0.013962
27830,0,0.004245,0.053174
27840,0,0.003275,0.003293
27850,0,0.003650,0.003321
27860,0,0.018431,0.011438
27870,0,0.002203,0.005207
27880,0,0.004250,0.003966
27890,0,0.003095,0.003095
27900,0,0.003168,0.003168
27910,0,0.018962,0.239850
27920,0,0.017555,0.239751
27930,0,0.017244,0.239626
27940,0,0.011827,0.239576
27950,0,0.003036,0.003415
27960,0,0.003496,0.005518
27970,0,0.003197,0.005205
27980,0,0.002168,0.005205
27990,0,0.003221,0.003343
28000,0,0.003987,0.008247
28010,0,0.003036,0.005205
28020,0,0.005227,0.005212
28030,0,0.008531,0.005515
28040,0,0.002699,0.005204
28050,0,0.003118,0.003343
28060,0,0.007322,0.028380
28070,0,0.004179,0.005516
28080,0,0.281892,0.005657
28090,0,0.003422,0.003422
28100,0,0.045160,0.005726
28110,0,0.003523,0.005515
28120,0,0.002926,0.002983
28130,0,0.010598,0.005742
28140,0,0.004284,0.004271
28150,0,0.003260,0.003343
28160,0,0.004602,0.002301
28170,0,0.004506,0.004506
28180,0,0.017120,0.005758
28190,0,0.032649,0.005765
28200,0,0.023370,0.023366
28210,0,0.004119,0.004039
28220,0,0.003219,0.003219
28230,0,0.005108,0.005774
28240,0,0.004381,0.003948
28250,0,0.004154,0.005773
28260,0,0.003148,0.005773
28270,0,0.002924,0.003342
28280,0,0.002966,0.002966
28290,0,0.004074,0.003952
28300,0,0.002535,0.005772
28310,0,0.003295,0.003295
28320,0,0.015601,0.007321
28330,0,0.003126,0.003126
28340,0,0.003431,0.004440
28350,0,0.008920,0.005563
28360,0,0.003993,0.003993
28370,0,0.004346,0.004047
28380,0,0.002882,0.005770
28390,0,0.005035,0.005770
28400,0,0.002826,0.003342
28410,0,0.003675,0.003608
28420,0,0.003036,0.003341
28430,0,0.014495,0.049283
28440,0,0.003508,0.003759
28450,0,0.007382,0.006803
28460,0,0.006176,0.005767
28470,0,0.004079,0.005562
28480,0,0.003992,0.004855
28490,0,0.006592,0.006592
28500,0,0.003848,0.003848
28510,0,0.004290,0.004272
28520,0,0.022639,0.005770
28530,0,0.003640,0.005770
28540,0,0.005234,0.005769
28550,0,0.011079,0.011078
28560,0,0.011086,0.011086
28570,0,0.003299,0.016701
28580,0,0.003891,0.003891
28590,0,0.006550,0.006803
28600,0,0.006089,0.006062
28610,0,0.009222,0.239319
28620,0,0.008408,0.239216
28630,0,0.009341,0.013949
28640,0,0.004226,0.003815
28650,0,0.008574,0.239061
28660,0,0.002660,0.003341
28670,0,0.009317,0.238958
28680,0,0.002791,0.005555
28690,0,0.003621,0.003341
28700,0,0.011958,0.013931
28710,0,0.014321,0.013930
28720,0,0.003447,0.003334
28730,0,0.007792,0.006804
28740,0,0.003875,0.051093
28750,0,0.004675,0.004675
28760,0,0.006389,0.006804
28770,0,0.004140,0.002070
28780,0,0.004104,0.004104
28790,0,0.009085,0.238629
28800,0,0.004233,0.004262
28810,0,0.004057,0.004057
28820,0,0.002565,0.005762
28830,0,0.003174,0.005550
28840,0,0.003273,0.003572
28850,0,0.004048,0.004048
28860,0,0.004704,0.004704
28870,0,0.004038,0.002019
28880,0,0.002865,0.003340
28890,0,0.003503,0.003564
28900,0,0.004233,0.004233
28910,0,0.003369,0.005759
28920,0,0.002601,0.005758
28930,0,0.005930,0.005757
28940,0,0.002633,0.003069
28950,0,0.003377,0.003710
28960,0,0.003626,0.003626
28970,0,0.006215,0.003807
28980,0,0.008194,0.015706
28990,0,0.003670,0.005756
29000,0,0.004228,0.002114
29010,0,0.004073,0.004073
29020,0,0.004234,0.004234
29030,0,0.003612,0.003340
29040,0,0.003415,0.003415
29050,0,0.004216,0.004058
29060,0,0.007085,0.006804
29070,0,0.003614,0.005753
29080,0,0.002650,0.005752
29090,0,0.004164,0.002966
29100,0,0.003881,0.001940
29110,0,0.005612,0.014297
29120,0,0.002639,0.005751
29130,0,0.002883,0.002883
29140,0,0.004255,0.004255
29150,0,0.003645,0.003339
29160,0,0.006815,0.006804
29170,0,0.008964,0.028127
29180,0,0.005796,0.013919
29190,0,0.006490,0.006490
29200,0,0.003618,0.005748
29210,0,0.022006,0.011766
29220,0,0.004903,0.010044
29230,0,0.005075,0.005197
29240,0,0.004597,0.004597
29250,0,0.003685,0.003910
29260,0,0.003085,0.129647
29270,0,0.002551,0.005747
29280,0,0.004776,0.005746
29290,0,0.004221,0.004000
29300,0,0.002673,0.003339
29310,0,0.008914,0.005537
29320,0,0.004865,0.032214
29330,0,0.003191,0.003339
29340,0,0.646540,0.194570
29350,0,0.013361,0.163755
29360,0,0.007618,0.005540
29370,0,0.008135,0.238275
29380,0,0.066907,0.025357
29390,0,0.041560,0.041390
29400,0,0.009181,0.013908
29410,0,0.004234,0.004234
29420,0,0.009280,0.013905
29430,0,0.008571,0.238044
29440,0,0.009978,0.013896
29450,0,0.006633,0.006803
29460,0,0.004262,0.004081
29470,0,0.003977,0.003977
29480,0,0.005951,0.005744
29490,0,0.003457,0.003339
29500,0,0.002656,0.003339
29510,0,0.003646,0.003339
29520,0,0.008790,0.006064
29530,0,0.008224,0.005567
29540,0,0.003169,0.004758
29550,0,0.004054,0.097532
29560,0,0.007810,0.030267
29570,0,0.002939,0.005743
29580,0,0.003420,0.003420
29590,0,0.004590,0.029942
29600,0,0.002815,0.003339
29610,0,0.002638,0.003338
29620,0,0.003254,0.002985
29630,0,0.004233,0.004258
29640,0,0.003892,0.004467
29650,0,0.007515,0.007515
29660,0,0.004063,0.004063
29670,0,0.003370,0.003339
29680,0,0.003188,0.005740
29690,0,0.999959,0.060551
29700,0,0.002647,0.003338
29710,0,0.003668,0.003721
29720,0,0.006496,0.006802
29730,0,0.005704,0.006801
29740,0,0.003880,0.057334
29750,0,0.011872,0.005580
29760,0,0.006057,0.028075
29770,0,0.003210,0.003210
29780,0,0.004700,0.005578
29790,0,0.002906,0.002838
29800,0,0.004281,0.004281
29810,0,0.003722,0.003612
29820,0,0.006605,0.006800
29830,0,0.003822,0.043954
29840,0,0.016419,0.028035
29850,0,0.008481,0.028011
29860,0,0.005257,0.005249
29870,0,0.003104,0.003338
29880,0,0.014410,0.153642
29890,0,0.004367,0.042213
29900,0,0.002973,0.005734
29910,0,0.002620,0.005733
29920,0,0.003220,0.005733
29930,0,0.002658,0.003338
29940,0,0.003103,0.003338
29950,0,0.005086,0.005575
29960,0,0.004233,0.004228
29970,0,0.004886,0.005731
29980,0,0.005283,0.005260
29990,0,0.005354,0.005307
30000,1,0.003540,0.003540
30010,1,0.003426,0.003226
30020,1,0.017159,0.007588
30030,1,0.031007,0.014317
30040,1,0.042408,0.021101
30050,1,0.044884,0.026252
30060,1,0.044022,0.029557
30070,1,0.044132,0.031760
30080,1,0.046448,0.033554
30090,1,0.047784,0.035065
30100,1,0.050229,0.036560
30110,1,0.011835,0.005726
30120,1,0.052928,0.039488
30130,1,0.056709,0.040720
30140,1,0.203590,0.200823
30150,1,0.114578,0.046461
30160,1,0.117590,0.051330
30170,1,0.121876,0.055802
30180,1,0.126214,0.059993
30190,1,0.128985,0.063901
30200,1,0.129916,0.067472
30210,1,0.128852,0.070669
30220,1,0.032472,0.068601
30230,1,0.038506,0.047780
30240,1,0.003825,0.031928
30250,1,0.136174,0.073244
30260,1,0.152066,0.089725
30270,1,0.003150,0.003150
30280,1,0.115212,0.072618
30290,1,0.115668,0.074654
30300,1,0.113319,0.076455
30310,1,0.108776,0.077942
30320,1,0.103476,0.079093
30330,1,0.099190,0.079958
30340,1,0.158780,0.102121
30350,1,0.094118,0.080723
30360,1,0.090434,0.081122
30370,1,0.141054,0.105185
30380,1,0.007002,0.004516
30390,1,0.108706,0.107550
30400,1,0.006401,0.015865
30410,1,0.130692,0.109873
30420,1,0.138170,0.111538
30430,1,0.133917,0.113502
30440,1,0.141940,0.115146
30450,1,0.142606,0.117239
30460,1,0.101336,0.081508
30470,1,0.097667,0.082039
30480,1,0.093532,0.082468
30490,1,0.089871,0.082746
30500,1,0.087865,0.082919
30510,1,0.087786,0.083052
30520,1,0.003217,0.003121
30530,1,0.122923,0.118485
30540,1,0.085295,0.083198
30550,1,0.084984,0.083237
30560,1,0.089710,0.083338
30570,1,0.135985,0.119553
30580,1,0.002372,0.002372
30590,1,0.153706,0.122565
30600,1,0.163147,0.124505
30610,1,0.003373,0.001687
30620,1,0.094233,0.083670
30630,1,0.093233,0.083922
30640,1,0.093276,0.084147
30650,1,0.095931,0.084394
30660,1,0.102457,0.084741
30670,1,0.113399,0.085280
30680,1,0.128764,0.086097
30690,1,0.003370,0.002799
30700,1,0.168770,0.127398
30710,1,0.165876,0.128242
30720,1,0.150241,0.088942
30730,1,0.149953,0.089469
30740,1,0.166428,0.131674
30750,1,0.152307,0.090600
30760,1,0.170254,0.132884
30770,1,0.170148,0.134414
30780,1,0.172315,0.135689
30790,1,0.171938,0.137069
30800,1,1.000000,0.185074
30810,1,0.172834,0.139387
30820,1,0.114602,0.091097
30830,1,0.120334,0.091627
30840,1,0.126442,0.092254
30850,1,0.135186,0.092999
30860,1,0.146543,0.093906
30870,1,0.160794,0.095018
30880,1,0.177721,0.096372
30890,1,0.197334,0.098001
30900,1,0.218927,0.099927
30910,1,0.169552,0.140828
30920,1,0.169445,0.141831
30930,1,0.169088,0.142754
30940,1,0.164343,0.143488
30950,1,0.161539,0.144053
30960,1,0.152627,0.101158
30970,1,0.160117,0.102085
30980,1,0.170551,0.103135
30990,1,0.183116,0.104338
31000,1,0.197943,0.105721
31010,1,0.215245,0.107309
31020,1,0.232906,0.109105
31030,1,0.253724,0.111139
31040,1,0.003735,0.003735
31050,1,0.279849,0.115075
31060,1,0.287312,0.116538
31070,1,0.165199,0.145016
31080,1,0.164372,0.145579
31090,1,1.000000,0.761594
31100,1,0.161784,0.146332
31110,1,0.003861,0.003843
31120,1,0.158613,0.146817
31130,1,0.210546,0.117090
31140,1,0.223765,0.118526
31150,1,0.238968,0.120118
31160,1,0.256126,0.121885
31170,1,0.274983,0.123842
31180,1,0.295216,0.125998
31190,1,0.159778,0.147078
31200,1,0.158486,0.147332
31210,1,0.161134,0.147564
31220,1,0.159880,0.147805
31230,1,0.003230,0.003230
31240,1,0.212650,0.128018
31250,1,0.222475,0.129189
31260,1,0.233309,0.130459
31270,1,0.245412,0.131840
31280,1,0.259119,0.133342
31290,1,0.274576,0.134982
31300,1,0.291373,0.136772
31310,1,0.309871,0.138720
31320,1,0.329483,0.140835
31330,1,0.161857,0.147967
31340,1,0.316539,0.142719
31350,1,0.160618,0.148166
31360,1,0.160742,0.148275
31370,1,0.334943,0.146715
31380,1,0.335285,0.147548
31390,1,0.161971,0.148608
31400,1,0.161175,0.148775
31410,1,0.162675,0.148913
31420,1,0.331967,0.150954
31430,1,0.334390,0.151746
31440,1,0.166048,0.149291
31450,1,0.003115,0.003099
31460,1,0.330983,0.153681
31470,1,0.170374,0.149955
31480,1,0.006903,0.005178
31490,1,0.176825,0.150653
31500,1,0.180020,0.151141
31510,1,0.180303,0.151538
31520,1,0.181343,0.152081
31530,1,0.292353,0.154793
31540,1,0.184323,0.152421
31550,1,0.295633,0.156153
31560,1,0.190404,0.153187
31570,1,0.008639,0.005603
31580,1,0.306689,0.158550
31590,1,0.312949,0.159484
31600,1,0.327302,0.161120
31610,1,0.193740,0.154079
31620,1,0.355616,0.164342
31630,1,0.373151,0.166296
31640,1,0.391437,0.168372
31650,1,0.410235,0.170571
31660,1,0.429285,0.172889
31670,1,0.194126,0.154690
31680,1,0.194855,0.155189
31690,1,0.002779,0.002779
31700,1,0.208222,0.156430
31710,1,0.213881,0.157155
31720,1,0.220060,0.158033
31730,1,0.354461,0.173889
31740,1,0.369788,0.175635
31750,1,0.212556,0.158681
31760,1,0.368355,0.177691
31770,1,0.380991,0.179289
31780,1,0.397526,0.181161
31790,1,0.414769,0.183137
31800,1,0.432521,0.185217
31810,1,0.450524,0.187399
31820,1,0.468784,0.189680
31830,1,0.486968,0.192055
31840,1,0.215810,0.159124
31850,1,0.220721,0.159963
31860,1,0.228080,0.160863
31870,1,0.236388,0.161952
31880,1,0.244716,0.163132
31890,1,0.447001,0.195341
31900,1,0.252302,0.164269
31910,1,0.258886,0.165468
31920,1,0.429687,0.196510
31930,1,0.446146,0.198462
31940,1,0.463017,0.200502
31950,1,0.480148,0.202628
31960,1,0.008039,0.008039
31970,1,0.004789,0.088644
31980,1,0.461906,0.204693
31990,1,0.459964,0.205492
32000,1,0.476456,0.207506
32010,1,0.475470,0.208330
32020,1,0.492100,0.210403
32030,1,0.268887,0.169798
32040,1,0.275205,0.171051
32050,1,0.482709,0.212502
32060,1,0.499090,0.214553
32070,1,0.515614,0.216678
32080,1,0.532165,0.218874
32090,1,0.547034,0.220909
32100,1,0.563443,0.223230
32110,1,0.574405,0.225123
32120,1,0.590461,0.227538
32130,1,0.606240,0.230005
32140,1,0.621728,0.232521
32150,1,0.636888,0.235080
32160,1,0.282182,0.172637
32170,1,0.285121,0.173517
32180,1,0.289193,0.174698
32190,1,0.294485,0.176204
32200,1,0.298787,0.177580
32210,1,0.304431,0.179134
32220,1,0.309406,0.180706
32230,1,0.543151,0.238971
32240,1,0.558203,0.240994
32250,1,0.573273,0.243072
32260,1,0.588276,0.245202
32270,1,0.314402,0.182298
32280,1,0.317269,0.183885
32290,1,0.322809,0.185494
32300,1,0.556914,0.247470
32310,1,0.571513,0.249443
32320,1,0.586110,0.251466
32330,1,0.326866,0.186951
32340,1,0.571561,0.252690
32350,1,0.585950,0.254665
32360,1,0.600312,0.256687
32370,1,0.332051,0.189376
32380,1,0.337968,0.191009
32390,1,0.344592,0.192673
32400,1,0.578712,0.259011
32410,1,0.592731,0.260932
32420,1,0.606751,0.262897
32430,1,0.620693,0.264903
32440,1,0.633961,0.266949
32450,1,0.647601,0.269029
32460,1,0.661033,0.271144
32470,1,0.674229,0.273290
32480,1,0.687142,0.275466
32490,1,0.699065,0.277667
32500,1,0.710183,0.279666
32510,1,0.708126,0.281890
32520,1,0.708062,0.283631
32530,1,0.337482,0.194116
32540,1,0.703053,0.285567
32550,1,0.701505,0.286624
32560,1,0.345869,0.197111
32570,1,0.349224,0.198381
32580,1,0.354241,0.199977
32590,1,0.357805,0.201422
32600,1,0.003280,0.003219
32610,1,0.003579,0.005809
32620,1,0.629883,0.288409
32630,1,0.642318,0.290193
32640,1,0.654710,0.292007
32650,1,0.367980,0.205288
32660,1,0.660535,0.294186
32670,1,0.672732,0.296026
32680,1,0.369840,0.206098
32690,1,0.003217,0.003621
32700,1,0.374191,0.207561
32710,1,0.066119,0.012854
32720,1,0.076301,0.029999
32730,1,0.167866,0.102682
32740,1,0.186690,0.127821
32750,1,0.378404,0.209515
32760,1,0.664308,0.300078
32770,1,0.378623,0.209677
32780,1,0.379980,0.210328
32790,1,0.196257,0.156595
32800,1,0.097397,0.047726
32810,1,0.099321,0.059781
32820,1,0.200411,0.161822
32830,1,0.384442,0.211953
32840,1,0.190670,0.166505
32850,1,0.387006,0.212934
32860,1,0.387493,0.213097
32870,1,0.185304,0.170406
32880,1,0.095807,0.071925
32890,1,0.095747,0.075144
32900,1,0.631354,0.301643
32910,1,0.643026,0.303267
32920,1,0.654733,0.304920
32930,1,0.666427,0.306600
32940,1,0.678058,0.308306
32950,1,0.689602,0.310038
32960,1,0.701011,0.311793
32970,1,0.709172,0.313211
32980,1,0.720269,0.315002
32990,1,0.731150,0.316811
33000,1,0.741823,0.318638
33010,1,0.752253,0.320480
33020,1,0.191985,0.173328
33030,1,0.372636,0.214482
33040,1,0.378717,0.215965
33050,1,0.380579,0.217309
33060,1,0.380753,0.218778
33070,1,0.381884,0.220226
33080,1,0.382388,0.221509
33090,1,0.384152,0.222778
33100,1,0.651654,0.322553
33110,1,0.655930,0.324007
33120,1,0.666539,0.325473
33130,1,0.676818,0.326961
33140,1,1.000000,0.761594
33150,1,0.005714,0.007251
33160,1,0.384071,0.225597
33170,1,0.387317,0.226814
33180,1,0.655168,0.329560
33190,1,0.665526,0.330960
33200,1,0.657910,0.331781
33210,1,0.377535,0.227823
33220,1,0.638121,0.332983
33230,1,0.647986,0.334280
33240,1,0.658039,0.335600
33250,1,0.668223,0.336943
33260,1,0.678502,0.338308
33270,1,0.688821,0.339694
33280,1,0.699141,0.341101
33290,1,0.707409,0.342382
33300,1,0.717632,0.343823
33310,1,0.727758,0.345282
33320,1,0.370932,0.229262
33330,1,0.369928,0.230296
33340,1,0.373432,0.231444
33350,1,0.376623,0.232484
33360,1,0.380415,0.233647
33370,1,0.384456,0.234820
33380,1,0.675398,0.346885
33390,1,0.388682,0.236120
33400,1,0.670232,0.347756
33410,1,0.679902,0.349014
33420,1,0.689659,0.350292
33430,1,0.699474,0.351590
33440,1,0.709291,0.352906
33450,1,0.719043,0.354240
33460,1,0.728771,0.355591
33470,1,0.738421,0.356959
33480,1,0.747871,0.358341
33490,1,0.757261,0.359739
33500,1,0.755473,0.360297
33510,1,0.758351,0.361271
33520,1,0.394361,0.238265
33530,1,0.748364,0.362372
33540,1,0.757571,0.363731
33550,1,0.764981,0.364964
33560,1,0.399761,0.239822
33570,1,0.403950,0.240672
33580,1,0.407082,0.241409
33590,1,0.759731,0.367396
33600,1,0.002895,0.055400
33610,1,0.412731,0.243258
33620,1,0.416838,0.244364
33630,1,0.420975,0.245359
33640,1,0.417996,0.245984
33650,1,0.426066,0.246990
33660,1,0.429382,0.248135
33670,1,0.429554,0.249247
33680,1,0.705280,0.368306
33690,1,0.704724,0.368884
33700,1,0.713486,0.370050
33710,1,0.722308,0.371231
33720,1,0.439706,0.251054
33730,1,0.737816,0.373511
33740,1,0.440767,0.251572
33750,1,0.003346,0.073630
33760,1,0.649332,0.374613
33770,1,0.656608,0.375552
33780,1,0.664076,0.376506
33790,1,0.671774,0.377475
33800,1,0.679720,0.378458
33810,1,0.045525,0.072492
33820,1,1.000000,0.409817
33830,1,0.004090,0.004052
33840,1,0.004571,0.447483
33850,1,0.036202,0.071677
33860,1,0.313806,0.252568
33870,1,0.002719,0.008465
33880,1,0.565264,0.380466
33890,1,0.296650,0.252920
33900,1,0.002656,0.002914
33910,1,0.530706,0.380697
33920,1,0.537469,0.381190
33930,1,0.539551,0.381643
33940,1,0.288784,0.253265
33950,1,0.290269,0.253439
33960,1,0.541026,0.382244
33970,1,0.542598,0.382498
33980,1,0.293286,0.253670
33990,1,0.296490,0.253919
34000,1,0.300290,0.254189
34010,1,0.303644,0.254451
34020,1,0.306947,0.254699
34030,1,0.003662,0.003662
34040,1,0.530704,0.383185
34050,1,0.310161,0.255097
34060,1,0.315043,0.255446
34070,1,0.537892,0.383938
34080,1,0.544555,0.384427
34090,1,0.551286,0.384933
34100,1,0.558011,0.385457
34110,1,0.003131,0.003316
34120,1,0.563451,0.386049
34130,1,0.003662,0.003662
34140,1,0.322045,0.256306
34150,1,0.560200,0.386427
34160,1,0.328283,0.256881
34170,1,0.562162,0.386904
34180,1,0.568806,0.387446
34190,1,0.575611,0.388005
34200,1,0.582677,0.388580
34210,1,0.590189,0.389173
34220,1,0.598212,0.389785
34230,1,0.606730,0.390416
34240,1,0.615444,0.391068
34250,1,0.624778,0.391741
34260,1,0.634443,0.392436
34270,1,0.632036,0.392787
34280,1,0.331950,0.257533
34290,1,0.336049,0.257984
34300,1,0.339256,0.258358
34310,1,0.342979,0.258793
34320,1,0.347166,0.259295
34330,1,0.350561,0.259709
34340,1,0.599912,0.392917
34350,1,0.607197,0.393526
34360,1,0.614928,0.394153
34370,1,0.623105,0.394797
34380,1,0.356935,0.260518
34390,1,0.353719,0.261012
34400,1,0.003165,0.003165
34410,1,0.571232,0.395190
34420,1,0.577324,0.395695
34430,1,0.583423,0.396213
34440,1,0.589500,0.396745
34450,1,0.594965,0.397290
34460,1,0.601283,0.397847
34470,1,0.330216,0.261165
34480,1,0.603736,0.398579
34490,1,0.331931,0.261398
34500,1,0.608816,0.399320
34510,1,0.615650,0.399901
34520,1,0.617487,0.400253
34530,1,0.011699,0.005930
34540,1,0.337562,0.262124
34550,1,0.619875,0.401019
34560,1,0.342800,0.262722
34570,1,0.615944,0.401308
34580,1,0.003349,0.003349
34590,1,0.621104,0.402008
34600,1,0.625678,0.402480
34610,1,0.350730,0.263678
34620,1,0.353806,0.264060
34630,1,0.357620,0.264552
34640,1,0.361501,0.265059
34650,1,0.365288,0.265580
34660,1,0.368393,0.266008
34670,1,0.371706,0.266501
34680,1,0.601543,0.402927
34690,1,0.607292,0.403458
34700,1,0.613080,0.404001
34710,1,0.618808,0.404556
34720,1,0.369800,0.266990
34730,1,0.373632,0.267533
34740,1,0.004285,0.384714
34750,1,0.612615,0.405313
34760,1,0.618347,0.405856
34770,1,0.624305,0.406410
34780,1,0.630594,0.406976
34790,1,0.637280,0.407555
34800,1,0.644390,0.408147
34810,1,0.651741,0.408753
34820,1,0.659613,0.409374
34830,1,0.667794,0.410009
34840,1,0.676245,0.410661
34850,1,0.371786,0.268086
34860,1,0.675702,0.411507
34870,1,0.377563,0.268902
34880,1,0.004207,0.367377
34890,1,0.666312,0.411821
34900,1,0.385554,0.269983
34910,1,0.389432,0.270513
34920,1,0.391332,0.270813
34930,1,0.664241,0.412750
34940,1,0.393989,0.271358
34950,1,0.397254,0.271911
34960,1,0.401110,0.272537
34970,1,0.663035,0.413720
34980,1,0.669995,0.414331
34990,1,0.677289,0.414954
35000,1,0.684877,0.415590
35010,1,0.689337,0.416108
35020,1,0.404191,0.273045
35030,1,0.689092,0.416690
35040,1,0.690600,0.417077
35050,1,0.411672,0.274284
35060,1,0.415705,0.274953
35070,1,0.419502,0.275634
35080,1,0.423610,0.276326
35090,1,0.676949,0.417682
35100,1,0.683706,0.418297
35110,1,0.690769,0.418923
35120,1,0.424381,0.276465
35130,1,0.426713,0.276887
35140,1,0.693775,0.419812
35150,1,0.429902,0.277455
35160,1,0.431097,0.277953
35170,1,0.437872,0.278681
35180,1,0.441849,0.279275
35190,1,0.443967,0.279950
35200,1,0.447701,0.280705
35210,1,0.674584,0.420307
35220,1,0.680409,0.420898
35230,1,0.686550,0.421498
35240,1,0.693008,0.422107
35250,1,0.699580,0.422728
35260,1,0.706583,0.423358
35270,1,0.713811,0.424000
35280,1,0.721222,0.424653
35290,1,0.728644,0.425317
35300,1,0.736310,0.425992
35310,1,0.451872,0.281546
35320,1,0.452528,0.281700
35330,1,0.742510,0.427226
35340,1,0.747488,0.427777
35350,1,0.748172,0.428123
35360,1,0.459220,0.283023
35370,1,0.462072,0.283575
35380,1,0.464186,0.284052
35390,1,0.467563,0.284851
35400,1,0.471306,0.285658
35410,1,0.474357,0.286389
35420,1,0.477591,0.287125
35430,1,0.480226,0.287784
35440,1,0.715357,0.429116
35450,1,0.721602,0.429737
35460,1,0.720571,0.430175
35470,1,0.726907,0.430800
35480,1,0.730791,0.431243
35490,1,0.737432,0.431882
35500,1,0.744233,0.432530
35510,1,0.751161,0.433187
35520,1,0.758178,0.433854
35530,1,0.765265,0.434529
35540,1,0.481576,0.289011
35550,1,0.481567,0.289742
35560,1,0.489854,0.290566
35570,1,0.495938,0.291412
35580,1,0.500154,0.292183
35590,1,0.750782,0.435317
35600,1,0.757430,0.435969
35610,1,0.504439,0.293048
35620,1,0.504970,0.293824
35630,1,0.505988,0.294599
35640,1,0.744457,0.436661
35650,1,0.750654,0.437292
35660,1,0.757003,0.437930
35670,1,0.763475,0.438577
35680,1,0.770037,0.439231
35690,1,0.776670,0.439893
35700,1,0.783085,0.440564
35710,1,0.789771,0.441241
35720,1,0.796448,0.441926
35730,1,0.803105,0.442619
35740,1,0.801939,0.443317
35750,1,0.806669,0.443941
35760,1,0.805538,0.444287
35770,1,0.501070,0.295592
35780,1,0.503162,0.296091
35790,1,0.506253,0.296926
35800,1,0.795023,0.445165
35810,1,0.508409,0.297513
35820,1,0.512106,0.298356
35830,1,1.000000,0.761594
35840,1,0.517202,0.299797
35850,1,0.520404,0.300650
35860,1,0.774274,0.445883
35870,1,0.779955,0.446512
35880,1,0.785774,0.447147
35890,1,0.791670,0.447788
35900,1,0.797584,0.448435
35910,1,0.803566,0.449089
35920,1,0.809535,0.449749
35930,1,0.815531,0.450415
35940,1,0.821456,0.451086
35950,1,0.827380,0.451763
35960,1,0.829349,0.452240
35970,1,0.831566,0.452716
35980,1,0.830581,0.453055
35990,1,0.525869,0.302277
36000,1,0.833091,0.453801
36010,1,0.009918,0.077061
36020,1,0.832896,0.454471
36030,1,0.533646,0.304008
36040,1,0.536263,0.304532
36050,1,0.539629,0.305322
36060,1,0.542837,0.306115
36070,1,0.546571,0.307002
36080,1,0.550050,0.307892
36090,1,0.553039,0.308607
36100,1,0.556425,0.309505
36110,1,0.804157,0.455432
36120,1,0.809422,0.456055
36130,1,0.814746,0.456683
36140,1,0.820105,0.457316
36150,1,0.825482,0.457954
36160,1,0.830813,0.458596
36170,1,0.836173,0.459243
36180,1,0.841453,0.459894
36190,1,0.844514,0.460418
36200,1,0.849759,0.461075
36210,1,0.854944,0.461737
36220,1,0.860059,0.462402
36230,1,0.558447,0.310045
36240,1,0.861956,0.463467
36250,1,0.559054,0.310850
36260,1,0.860337,0.463930
36270,1,0.860979,0.464325
36280,1,0.563665,0.312460
36290,1,0.855036,0.464520
36300,1,0.859959,0.465169
36310,1,0.571517,0.313459
36320,1,0.861719,0.465950
36330,1,0.860990,0.466273
36340,1,0.576188,0.314742
36350,1,0.859880,0.466852
36360,1,1.000000,0.761594
36370,1,0.002763,0.002718
36380,1,0.858504,0.467681
36390,1,0.003446,0.003446
36400,1,0.856595,0.468125
36410,1,0.590505,0.318259
36420,1,0.594657,0.319194
36430,1,0.598161,0.319945
36440,1,0.601812,0.320795
36450,1,0.605806,0.321743
36460,1,0.609987,0.322695
36470,1,0.613844,0.323651
36480,1,0.834381,0.468555
36490,1,0.838845,0.469152
36500,1,0.843347,0.469752
36510,1,0.847865,0.470355
36520,1,0.852394,0.470961
36530,1,0.856916,0.471570
36540,1,0.619428,0.324996
36550,1,0.859364,0.472302
36560,1,0.863829,0.472914
36570,1,0.868262,0.473528
36580,1,0.872652,0.474146
36590,1,0.876987,0.474766
36600,1,0.620154,0.325189
36610,1,0.621870,0.325863
36620,1,0.625739,0.326732
36630,1,0.629631,0.327700
36640,1,0.872007,0.475750
36650,1,0.876251,0.476361
36660,1,0.632501,0.328477
36670,1,0.874703,0.476787
36680,1,0.878885,0.477396
36690,1,0.883015,0.478007
36700,1,0.636284,0.329450
36710,1,0.639725,0.330426
36720,1,0.879625,0.478615
36730,1,0.883685,0.479220
36740,1,0.887691,0.479828
36750,1,0.891632,0.480437
36760,1,0.895511,0.481048
36770,1,0.898941,0.481600
36780,1,0.902680,0.482215
36790,1,0.906113,0.482830
36800,1,0.909689,0.483447
36810,1,0.913180,0.484065
36820,1,0.916580,0.484685
36830,1,0.917933,0.485118
36840,1,0.918295,0.485427
36850,1,0.648242,0.332189
36860,1,0.917772,0.485982
36870,1,0.916021,0.486165
36880,1,0.919295,0.486777
36890,1,0.657975,0.334564
36900,1,0.913406,0.486838
36910,1,0.916707,0.487443
36920,1,0.003563,0.003219
36930,1,0.665048,0.336551
36940,1,0.668686,0.337548
36950,1,0.672334,0.338546
36960,1,0.905865,0.487924
36970,1,0.909242,0.488515
36980,1,0.678411,0.340048
36990,1,0.681841,0.341051
37000,1,0.900688,0.488866
37010,1,0.904081,0.489445
37020,1,0.907420,0.490026
37030,1,0.910699,0.490607
37040,1,0.679949,0.342150
37050,1,0.906517,0.490956
37060,1,0.909774,0.491532
37070,1,0.909909,0.491763
37080,1,0.913101,0.492338
37090,1,0.916233,0.492915
37100,1,0.919302,0.493493
37110,1,0.922300,0.494071
37120,1,0.925233,0.494650
37130,1,0.928094,0.495229
37140,1,0.930315,0.495751
37150,1,0.683712,0.344213
37160,1,0.687540,0.345196
37170,1,0.691425,0.346183
37180,1,0.694697,0.347171
37190,1,0.697945,0.348159
37200,1,0.701116,0.349147
37210,1,0.917784,0.496488
37220,1,0.917870,0.496768
37230,1,0.920785,0.497329
37240,1,0.923643,0.497890
37250,1,0.926442,0.498451
37260,1,0.929176,0.499013
37270,1,0.931849,0.499576
37280,1,0.930715,0.499744
37290,1,0.933338,0.500304
37300,1,0.935897,0.500865
37310,1,0.938385,0.501426
37320,1,0.940809,0.501987
37330,1,0.943161,0.502547
37340,1,0.945431,0.503108
37350,1,0.947645,0.503668
37360,1,0.705790,0.351122
37370,1,0.709335,0.351910
37380,1,0.944784,0.504225
37390,1,0.712243,0.353193
37400,1,0.939801,0.504334
37410,1,0.942125,0.504883
37420,1,1.000000,0.347409
37430,1,0.942883,0.505484
37440,1,0.716781,0.355058
37450,1,0.719078,0.355842
37460,1,0.721905,0.356725
37470,1,0.724414,0.357606
37480,1,0.727430,0.358585
37490,1,0.729852,0.359466
37500,1,0.932128,0.506074
37510,1,0.934548,0.506606
37520,1,0.936922,0.507138
37530,1,0.939243,0.507670
37540,1,0.731638,0.360150
37550,1,0.941285,0.508414
37560,1,0.943497,0.508945
37570,1,0.945653,0.509475
37580,1,0.947753,0.510006
37590,1,0.949792,0.510536
37600,1,0.951776,0.511066
37610,1,0.953702,0.511595
37620,1,0.955568,0.512124
37630,1,0.732771,0.360541
37640,1,0.730243,0.361507
37650,1,0.737651,0.362476
37660,1,0.744324,0.363454
37670,1,0.747478,0.364434
37680,1,0.749765,0.365413
37690,1,0.752015,0.366391
37700,1,0.754261,0.367366
37710,1,0.756732,0.368338
37720,1,0.757158,0.368533
37730,1,0.942687,0.513308
37740,1,0.944764,0.513818
37750,1,0.946794,0.514327
37760,1,0.948777,0.514837
37770,1,0.950707,0.515346
37780,1,0.952589,0.515854
37790,1,0.954422,0.516363
37800,1,0.956203,0.516871
37810,1,0.957915,0.517378
37820,1,0.959594,0.517885
37830,1,0.961222,0.518391
37840,1,0.962800,0.518896
37850,1,0.964305,0.519401
37860,1,0.964576,0.519804
37870,1,0.966040,0.520306
37880,1,0.963594,0.520755
37890,1,0.746699,0.368817
37900,1,0.753779,0.369769
37910,1,0.755962,0.370628
37920,1,0.961860,0.521251
37930,1,0.962901,0.521695
37940,1,0.755402,0.371768
37950,1,0.762265,0.372718
37960,1,0.961497,0.522186
37970,1,0.765002,0.373385
37980,1,0.765419,0.373576
37990,1,0.766732,0.374052
38000,1,0.769269,0.374719
38010,1,0.772093,0.375672
38020,1,0.772613,0.376431
38030,1,0.774193,0.377283
38040,1,0.774386,0.378131
38050,1,0.774967,0.379067
38060,1,0.949962,0.523014
38070,1,0.775474,0.380184
38080,1,0.948575,0.523440
38090,1,0.950330,0.523911
38100,1,0.952053,0.524381
38110,1,0.953739,0.524851
38120,1,0.955392,0.525321
38130,1,0.957007,0.525791
38140,1,0.958585,0.526259
38150,1,0.956970,0.526493
38160,1,0.958250,0.526958
38170,1,0.959785,0.527423
38180,1,0.770390,0.381470
38190,1,0.960586,0.528072
38200,1,0.960361,0.528534
38210,1,0.961832,0.528994
38220,1,0.963263,0.529454
38230,1,0.767747,0.382188
38240,1,0.773971,0.383090
38250,1,0.779751,0.383998
38260,1,0.963077,0.529912
38270,1,0.962921,0.530140
38280,1,0.783794,0.385633
38290,1,0.009463,0.009490
38300,1,0.787115,0.387080
38310,1,0.788813,0.387892
38320,1,0.956811,0.530275
38330,1,0.958323,0.530725
38340,1,0.791267,0.388972
38350,1,0.956659,0.530949
38360,1,0.793103,0.389869
38370,1,0.795123,0.390763
38380,1,0.796331,0.391388
38390,1,0.797576,0.392012
38400,1,0.799626,0.392900
38410,1,0.802226,0.393788
38420,1,0.953552,0.531924
38430,1,0.953409,0.532188
38440,1,0.954948,0.532626
38450,1,0.796615,0.394750
38460,1,0.797048,0.395618
38470,1,0.945600,0.532756
38480,1,0.947205,0.533185
38490,1,0.948797,0.533613
38500,1,0.947703,0.533997
38510,1,0.781884,0.396392
38520,1,0.950693,0.534805
38530,1,0.952241,0.535230
38540,1,0.006106,0.363646
38550,1,0.785189,0.397225
38560,1,0.785667,0.397973
38570,1,0.789024,0.398803
38580,1,0.791266,0.399632
38590,1,0.945839,0.535735
38600,1,0.947412,0.536151
38610,1,0.947551,0.536525
38620,1,0.949086,0.536940
38630,1,0.779615,0.400122
38640,1,0.782591,0.400847
38650,1,0.784884,0.401572
38660,1,1.000000,0.013392
38670,1,0.943614,0.537596
38680,1,0.945104,0.538002
38690,1,0.946245,0.538395
38700,1,0.947487,0.538801
38710,1,0.002716,0.003041
38720,1,0.772982,0.402598
38730,1,0.776367,0.403376
38740,1,0.778234,0.403920
38750,1,0.947001,0.539648
38760,1,0.778699,0.404076
38770,1,0.781373,0.404854
38780,1,0.947680,0.540249
38790,1,0.949207,0.540649
38800,1,0.950721,0.541049
38810,1,0.783149,0.405476
38820,1,0.786577,0.406254
38830,1,0.788471,0.406877
38840,1,0.791516,0.407577
38850,1,0.949475,0.541592
38860,1,0.950982,0.541988
38870,1,0.952476,0.542383
38880,1,0.953952,0.542779
38890,1,0.793371,0.408200
38900,1,0.795572,0.408900
38910,1,0.798102,0.409678
38920,1,0.800824,0.410455
38930,1,0.803633,0.411232
38940,1,0.947290,0.543206
38950,1,0.005985,0.006049
38960,1,0.945970,0.543632
38970,1,0.947459,0.544017
38980,1,0.948944,0.544401
38990,1,0.950419,0.544786
39000,1,0.951807,0.545157
39010,1,0.953260,0.545541
39020,1,0.954698,0.545925
39030,1,0.792210,0.412435
39040,1,0.953658,0.546193
39050,1,0.793449,0.413110
39060,1,0.954066,0.546612
39070,1,0.796240,0.414008
39080,1,0.954580,0.547029
39090,1,0.955985,0.547408
39100,1,0.797156,0.414307
39110,1,0.799013,0.414979
39120,1,0.801297,0.415651
39130,1,0.955195,0.547936
39140,1,0.802120,0.415950
39150,1,0.804140,0.416546
39160,1,0.804213,0.417215
39170,1,0.809004,0.417959
39180,1,0.811565,0.418704
39190,1,0.951489,0.548274
39200,1,0.952888,0.548646
39210,1,0.954277,0.549017
39220,1,0.955654,0.549389
39230,1,0.808412,0.419522
39240,1,0.810729,0.420258
39250,1,0.812599,0.420992
39260,1,0.949946,0.549939
39270,1,0.951321,0.550303
39280,1,0.952693,0.550667
39290,1,0.954057,0.551030
39300,1,0.955410,0.551393
39310,1,0.956750,0.551756
39320,1,0.957750,0.552047
39330,1,0.956379,0.552263
39340,1,0.956902,0.552480
39350,1,0.956189,0.552515
39360,1,0.957506,0.552875
39370,1,0.958809,0.553234
39380,1,0.960096,0.553593
39390,1,0.961364,0.553951
39400,1,0.804039,0.422626
39410,1,0.806425,0.423265
39420,1,0.808823,0.423904
39430,1,0.811083,0.424543
39440,1,0.813925,0.425254
39450,1,0.816368,0.425964
39460,1,0.819186,0.426675
39470,1,0.956250,0.554340
39480,1,0.957535,0.554693
39490,1,0.958808,0.555045
39500,1,0.960067,0.555397
39510,1,0.961310,0.555749
39520,1,0.814035,0.427235
39530,1,0.958371,0.555923
39540,1,0.814603,0.427654
39550,1,0.959892,0.556480
39560,1,0.961118,0.556828
39570,1,0.962331,0.557175
39580,1,0.963527,0.557522
39590,1,0.964705,0.557869
39600,1,0.965863,0.558216
39610,1,0.815159,0.428072
39620,1,0.966943,0.558769
39630,1,0.968057,0.559113
39640,1,0.815359,0.428211
39650,1,0.816514,0.428767
39660,1,0.818517,0.429461
39670,1,0.966046,0.559458
39680,1,0.967159,0.559799
39690,1,0.968145,0.560107
39700,1,0.969221,0.560448
39710,1,0.821019,0.430362
39720,1,0.822827,0.431054
39730,1,0.968168,0.560788
39740,1,0.825175,0.431814
39750,1,1.000000,0.339853
39760,1,0.006181,0.006151
39770,1,0.960413,0.561221
39780,1,0.961540,0.561552
39790,1,0.962658,0.561882
39800,1,0.963767,0.562213
39810,1,0.964862,0.562543
39820,1,1.000000,0.761594
39830,1,0.807354,0.433303
39840,1,0.809170,0.433892
39850,1,0.810871,0.434481
39860,1,0.003610,0.003610
39870,1,0.956467,0.562838
39880,1,0.957569,0.563160
39890,1,0.958672,0.563482
39900,1,0.959775,0.563803
39910,1,0.960873,0.564125
39920,1,0.961968,0.564445
39930,1,0.963055,0.564766
39940,1,0.964133,0.565086
39950,1,0.965201,0.565406
39960,1,0.966250,0.565726
39970,1,0.967293,0.566045
39980,1,0.968321,0.566365
39990,1,0.969323,0.566683
40000,1,0.967231,0.566874
40010,1,0.800702,0.436022
40020,1,0.801554,0.436586
40030,1,0.805154,0.437216
40040,1,0.807132,0.437846
40050,1,0.809464,0.438475
40060,1,0.811885,0.439105
40070,1,0.814237,0.439736
40080,1,0.961020,0.567092
40090,1,0.961869,0.567372
40100,1,0.962857,0.567682
40110,1,0.963889,0.567992
40120,1,0.964915,0.568301
40130,1,0.807772,0.440543
40140,1,0.961564,0.568332
40150,1,0.808317,0.441525
40160,1,0.811547,0.442077
40170,1,0.002781,0.002781
40180,1,0.960319,0.568668
40190,1,0.961238,0.568942
40200,1,0.962259,0.569246
40210,1,0.963278,0.569550
40220,1,0.964292,0.569854
40230,1,0.965299,0.570157
40240,1,0.965711,0.570370
40250,1,0.966607,0.570642
40260,1,0.967533,0.570945
40270,1,0.967260,0.571066
40280,1,0.968236,0.571367
40290,1,0.969201,0.571668
40300,1,0.970154,0.571969
40310,1,0.971091,0.572270
40320,1,0.972016,0.572570
40330,1,0.972925,0.572870
40340,1,0.973782,0.573170
40350,1,0.974658,0.573469
40360,1,0.814690,0.443607
40370,1,0.973510,0.573619
40380,1,1.000000,0.357975
40390,1,0.818519,0.444826
40400,1,0.819752,0.445191
40410,1,0.821345,0.445800
40420,1,0.822729,0.446407
40430,1,0.824259,0.447013
40440,1,0.970494,0.574181
40450,1,0.003143,0.003155
40460,1,0.827092,0.448222
40470,1,0.828424,0.448825
40480,1,0.962914,0.574324
40490,1,0.963825,0.574612
40500,1,0.964738,0.574899
40510,1,0.965652,0.575186
40520,1,0.966564,0.575472
40530,1,0.967473,0.575758
40540,1,1.000000,0.015714
40550,1,0.813469,0.449295
40560,1,0.815526,0.449873
40570,1,0.817376,0.450451
40580,1,0.819324,0.451029
40590,1,0.963718,0.576271
40600,1,0.964526,0.576553
40610,1,0.965421,0.576834
40620,1,0.966315,0.577115
40630,1,0.967209,0.577395
40640,1,0.968099,0.577675
40650,1,0.968984,0.577955
40660,1,1.000000,0.367333
40670,1,0.970274,0.578487
40680,1,0.971140,0.578765
40690,1,0.971997,0.579044
40700,1,0.814528,0.451658
40710,1,0.815685,0.452225
40720,1,0.816636,0.452734
40730,1,0.817545,0.453298
40740,1,0.818332,0.453861
40750,1,0.819252,0.454422
40760,1,0.819868,0.454869
40770,1,0.963519,0.579290
40780,1,0.964362,0.579561
40790,1,0.965212,0.579833
40800,1,0.966066,0.580104
40810,1,0.966922,0.580374
40820,1,0.967776,0.580645
40830,1,0.967773,0.580915
40840,1,0.968623,0.581184
40850,1,0.969470,0.581453
40860,1,0.970130,0.581721
40870,1,0.970967,0.581990
40880,1,0.971769,0.582258
40890,1,0.972591,0.582525
40900,1,0.814471,0.455311
40910,1,0.815440,0.455586
40920,1,0.817050,0.456135
40930,1,0.818342,0.456628
40940,1,0.819590,0.457066
40950,1,0.821048,0.457613
40960,1,0.822499,0.458159
40970,1,0.824037,0.458704
40980,1,0.967005,0.582819
40990,1,0.967816,0.583082
41000,1,0.968628,0.583344
41010,1,0.969440,0.583606
41020,1,0.821242,0.459248
41030,1,0.969260,0.583972
41040,1,0.970065,0.584233
41050,1,0.970866,0.584493
41060,1,0.971664,0.584753
41070,1,0.823161,0.459787
41080,1,0.824467,0.460218
41090,1,0.826187,0.460756
41100,1,0.827557,0.461239
41110,1,0.968778,0.584882
41120,1,0.969409,0.585088
41130,1,0.970197,0.585345
41140,1,0.970983,0.585602
41150,1,0.971766,0.585859
41160,1,0.826000,0.461881
41170,1,0.828285,0.462413
41180,1,0.829687,0.462945
41190,1,0.970685,0.586293
41200,1,0.971457,0.586547
41210,1,0.972227,0.586801
41220,1,0.972992,0.587055
41230,1,0.973751,0.587308
41240,1,0.974504,0.587561
41250,1,0.975249,0.587814
41260,1,0.975987,0.588067
41270,1,0.830527,0.463264
41280,1,0.830966,0.463793
41290,1,0.832350,0.464322
41300,1,0.833829,0.464850
41310,1,0.972623,0.588218
41320,1,0.973362,0.588467
41330,1,0.974095,0.588717
41340,1,0.974824,0.588966
41350,1,0.975546,0.589214
41360,1,0.836261,0.465746
41370,1,0.837791,0.466273
41380,1,0.839663,0.466799
41390,1,0.841486,0.467324
41400,1,0.843032,0.467797
41410,1,0.972313,0.589338
41420,1,0.973032,0.589584
41430,1,0.973527,0.589829
41440,1,0.840568,0.468373
41450,1,0.841148,0.468736
41460,1,0.003301,0.003309
41470,1,0.970537,0.590195
41480,1,0.971238,0.590437
41490,1,0.971942,0.590679
41500,1,0.972646,0.590920
41510,1,0.973349,0.591162
41520,1,0.974051,0.591403
41530,1,0.974748,0.591643
41540,1,0.975443,0.591884
41550,1,0.976131,0.592124
41560,1,0.975635,0.592316
41570,1,0.836492,0.469710
41580,1,0.975422,0.592435
41590,1,0.976102,0.592674
41600,1,0.838160,0.470167
41610,1,0.838561,0.470319
41620,1,0.839738,0.470776
41630,1,0.975372,0.593007
41640,1,0.002559,0.002599
41650,1,0.975015,0.593173
41660,1,0.975684,0.593409
41670,1,0.842013,0.471939
41680,1,0.844653,0.472444
41690,1,0.845921,0.472949
41700,1,0.974514,0.593550
41710,1,0.975177,0.593785
41720,1,0.847272,0.473453
41730,1,0.848224,0.473956
41740,1,0.849155,0.474408
41750,1,0.850237,0.474809
41760,1,0.969706,0.593994
41770,1,0.970328,0.594224
41780,1,0.970637,0.594431
41790,1,0.971272,0.594661
41800,1,0.971914,0.594890
41810,1,0.972561,0.595119
41820,1,0.973211,0.595348
41830,1,0.973863,0.595576
41840,1,0.974423,0.595782
41850,1,0.975076,0.596010
41860,1,0.005378,0.016646
41870,1,0.839157,0.475445
41880,1,0.840772,0.475929
41890,1,0.003028,0.003215
41900,1,0.841620,0.476654
41910,1,0.973516,0.596372
41920,1,0.974154,0.596598
41930,1,0.974795,0.596824
41940,1,0.975434,0.597049
41950,1,0.976073,0.597274
41960,1,0.976709,0.597498
41970,1,0.842009,0.477040
41980,1,0.976919,0.597790
41990,1,0.842840,0.477568
42000,1,0.843684,0.477951
42010,1,0.844628,0.478381
42020,1,0.975482,0.597990
42030,1,0.845250,0.478620
42040,1,0.845940,0.478859
42050,1,0.846358,0.479050
42060,1,0.189840,0.173198
42070,1,0.191997,0.174579
42080,1,0.846413,0.479478
42090,1,0.846861,0.479668
42100,1,0.190997,0.176294
42110,1,0.189125,0.176934
42120,1,0.838965,0.480047
42130,1,0.088636,0.076129
42140,1,0.089892,0.077466
42150,1,0.093220,0.078779
42160,1,0.970074,0.598165
42170,1,0.970643,0.598383
42180,1,0.971223,0.598601
42190,1,0.971814,0.598819
42200,1,0.972412,0.599036
42210,1,0.973017,0.599253
42220,1,0.973628,0.599470
42230,1,0.974242,0.599687
42240,1,0.837188,0.480415
42250,1,0.838526,0.480874
42260,1,0.839589,0.481333
42270,1,0.840789,0.481791
42280,1,0.092919,0.080072
42290,1,0.092866,0.080972
42300,1,0.841320,0.482020
42310,1,0.179814,0.177188
42320,1,0.969111,0.599772
42330,1,0.969659,0.599985
42340,1,0.970217,0.600198
42350,1,0.970786,0.600410
42360,1,0.971367,0.600623
42370,1,0.971957,0.600835
42380,1,0.972555,0.601047
42390,1,0.973146,0.601258
42400,1,0.973365,0.601469
42410,1,0.833818,0.482380
42420,1,0.972837,0.601575
42430,1,0.973437,0.601785
42440,1,0.835523,0.483005
42450,1,0.972901,0.601869
42460,1,0.973497,0.602078
42470,1,0.974098,0.602287
42480,1,0.836528,0.483407
42490,1,0.837399,0.483674
42500,1,0.974065,0.602496
42510,1,0.974423,0.602642
42520,1,0.838947,0.484253
42530,1,0.004592,0.004592
42540,1,0.839074,0.484475
42550,1,0.839259,0.484608
42560,1,0.840043,0.485007
42570,1,0.840675,0.485361
42580,1,0.841462,0.485758
42590,1,0.841936,0.486023
42600,1,0.178461,0.177114
42610,1,0.183917,0.177307
42620,1,0.970905,0.603180
42630,1,0.971444,0.603385
42640,1,0.971995,0.603589
42650,1,0.972556,0.603793
42660,1,0.973125,0.603997
42670,1,0.973701,0.604200
42680,1,0.973994,0.604363
42690,1,0.974577,0.604566
42700,1,0.975164,0.604769
42710,1,0.975753,0.604972
42720,1,0.975433,0.605093
42730,1,0.838060,0.486721
42740,1,0.092366,0.083021
42750,1,0.092337,0.083572
42760,1,0.093092,0.084082
42770,1,0.838963,0.487196
42780,1,0.974956,0.605355
42790,1,0.974668,0.605415
42800,1,0.975238,0.605616
42810,1,0.975812,0.605816
42820,1,0.975774,0.605916
42830,1,1.000000,0.017604
42840,1,0.841683,0.488488
42850,1,0.842731,0.488874
42860,1,0.843760,0.489303
42870,1,0.843936,0.489560
42880,1,0.007187,0.007147
42890,1,0.845057,0.490327
42900,1,0.007253,0.004821
42910,1,0.842736,0.490538
42920,1,0.970346,0.606351
42930,1,0.970811,0.606547
42940,1,0.971302,0.606742
42950,1,0.971804,0.606937
42960,1,0.972317,0.607132
42970,1,0.972842,0.607326
42980,1,0.973377,0.607520
42990,1,0.973533,0.607695
43000,1,0.974076,0.607889
43010,1,0.974627,0.608082
43020,1,0.975182,0.608275
43030,1,0.838592,0.491082
43040,1,0.839512,0.491496
43050,1,0.840360,0.491910
43060,1,0.841112,0.492282
43070,1,0.841861,0.492653
43080,1,0.842497,0.492941
43090,1,0.842886,0.493228
43100,1,0.972654,0.608582
43110,1,0.972551,0.608753
43120,1,0.973058,0.608944
43130,1,0.973328,0.609096
43140,1,0.973849,0.609285
43150,1,0.974379,0.609475
43160,1,0.974915,0.609664
43170,1,0.975458,0.609853
43180,1,0.841926,0.493433
43190,1,0.011481,0.340580
43200,1,0.843113,0.494166
43210,1,0.843852,0.494532
43220,1,0.973863,0.610042
43230,1,0.974355,0.610230
43240,1,0.974876,0.610417
43250,1,0.975404,0.610604
43260,1,0.975938,0.610791
43270,1,0.976476,0.610978
43280,1,0.977017,0.611164
43290,1,0.845140,0.495140
43300,1,0.845711,0.495464
43310,1,0.846624,0.495868
43320,1,0.847453,0.496271
43330,1,0.975448,0.611368
43340,1,0.975964,0.611553
43350,1,0.976486,0.611738
43360,1,0.977012,0.611923
43370,1,0.977542,0.612107
43380,1,0.978072,0.612291
43390,1,0.978471,0.612457
43400,1,0.979002,0.612641
43410,1,0.979533,0.612824
43420,1,0.980062,0.613008
43430,1,0.847940,0.496512
43440,1,0.847679,0.496633
43450,1,0.848767,0.497034
43460,1,0.978953,0.613246
43470,1,0.979468,0.613428
43480,1,0.979982,0.613610
43490,1,0.849568,0.497435
43500,1,0.850427,0.497834
43510,1,0.851089,0.498194
43520,1,0.851802,0.498592
43530,1,0.852575,0.498989
43540,1,0.853207,0.499346
43550,1,0.976784,0.613791
43560,1,0.977256,0.613970
43570,1,0.003066,0.002752
43580,1,0.852632,0.499938
43590,1,0.977181,0.614274
43600,1,0.977347,0.614399
43610,1,0.977820,0.614577
43620,1,0.978299,0.614755
43630,1,0.978782,0.614933
43640,1,0.975539,0.615091
43650,1,0.975963,0.615267
43660,1,0.976391,0.615442
43670,1,0.976766,0.615599
43680,1,0.977205,0.615774
43690,1,0.976448,0.615861
43700,1,0.976085,0.615948
43710,1,0.840368,0.500550
43720,1,0.003983,0.004258
43730,1,0.975002,0.616207
43740,1,0.837932,0.501188
43750,1,0.838624,0.501522
43760,1,0.002282,0.002562
43770,1,0.840040,0.502153
43780,1,0.840871,0.502487
43790,1,0.841648,0.502820
43800,1,0.972324,0.616310
43810,1,0.841405,0.503225
43820,1,0.006601,0.006205
43830,1,0.969218,0.616479
43840,1,0.969638,0.616647
43850,1,0.970025,0.616815
43860,1,0.970444,0.616983
43870,1,0.970861,0.617151
43880,1,0.971272,0.617318
43890,1,0.971681,0.617485
43900,1,0.972093,0.617652
43910,1,0.972514,0.617819
43920,1,0.832886,0.503442
43930,1,0.972616,0.618036
43940,1,0.833170,0.503657
43950,1,0.972302,0.618168
43960,1,0.833131,0.504049
43970,1,0.972196,0.618334
43980,1,0.833692,0.504369
43990,1,0.972003,0.618433
44000,1,0.834221,0.504652
44010,1,0.834782,0.504971
44020,1,0.835459,0.505325
44030,1,0.836291,0.505677
44040,1,0.836900,0.505994
44050,1,0.837583,0.506346
44060,1,0.969676,0.618629
44070,1,0.970087,0.618793
44080,1,0.970493,0.618955
44090,1,0.970896,0.619118
44100,1,0.971300,0.619281
44110,1,0.971713,0.619443
44120,1,0.972131,0.619605
44130,1,0.972570,0.619767
44140,1,1.000000,0.761594
44150,1,0.836733,0.506973
44160,1,0.837528,0.507251
44170,1,0.971842,0.619912
44180,1,0.972265,0.620073
44190,1,0.838387,0.507599
44200,1,0.839134,0.507946
44210,1,0.840039,0.508292
44220,1,0.840614,0.508604
44230,1,0.007435,0.006235
44240,1,0.967957,0.620168
44250,1,0.968344,0.620327
44260,1,0.968750,0.620485
44270,1,0.969153,0.620643
44280,1,0.969552,0.620800
44290,1,0.969949,0.620958
44300,1,0.970351,0.621116
44310,1,0.970408,0.621257
44320,1,0.003268,0.003928
44330,1,0.834123,0.509520
44340,1,0.003855,0.004216
44350,1,0.835289,0.509989
44360,1,0.836066,0.510290
44370,1,0.003599,0.003452
44380,1,0.968332,0.621413
44390,1,0.968733,0.621568
44400,1,0.969131,0.621723
44410,1,0.969527,0.621878
44420,1,0.969928,0.622033
44430,1,0.970040,0.622173
44440,1,0.832660,0.510555
44450,1,0.833250,0.510819
44460,1,0.833825,0.511115
44470,1,0.004124,0.003809
44480,1,0.004422,0.003865
44490,1,0.835287,0.511837
44500,1,0.004674,0.003933
44510,1,0.967831,0.622311
44520,1,0.968231,0.622464
44530,1,0.968628,0.622617
44540,1,0.969022,0.622769
44550,1,0.969420,0.622922
44560,1,0.969828,0.623074
44570,1,0.970247,0.623226
44580,1,0.970679,0.623378
44590,1,0.970421,0.623439
44600,1,0.834248,0.512424
44610,1,0.970550,0.623606
44620,1,0.834693,0.512619
44630,1,0.833837,0.339335
44640,1,0.835629,0.513072
44650,1,0.836242,0.513363
44660,1,0.836647,0.513556
44670,1,0.837246,0.513846
44680,1,0.006482,0.004573
44690,1,0.968530,0.623817
44700,1,0.968922,0.623966
44710,1,0.969314,0.624116
44720,1,0.969710,0.624265
44730,1,0.970119,0.624414
44740,1,0.970543,0.624564
44750,1,0.970982,0.624713
44760,1,0.971428,0.624861
44770,1,0.971897,0.625010
44780,1,0.971624,0.625070
44790,1,0.971909,0.625173
44800,1,0.972020,0.625262
44810,1,0.971975,0.625322
44820,1,0.003027,0.050296
44830,1,0.971822,0.625410
44840,1,0.971651,0.625440
44850,1,0.838330,0.515282
44860,1,0.839084,0.515536
44870,1,0.839894,0.515821
44880,1,0.840613,0.516075
44890,1,0.841446,0.516360
44900,1,0.842260,0.516645
44910,1,0.970771,0.625660
44920,1,0.971182,0.625807
44930,1,0.971608,0.625953
44940,1,0.008744,0.005342
44950,1,0.009598,0.005727
44960,1,0.843869,0.517214
44970,1,0.844777,0.517530
44980,1,0.971103,0.626157
44990,1,0.971516,0.626303
45000,1,0.971944,0.626448
45010,1,0.972387,0.626593
45020,1,0.972844,0.626739
45030,1,0.973313,0.626884
45040,1,0.973793,0.627029
45050,1,0.844350,0.517782
45060,1,0.845325,0.518065
45070,1,0.846396,0.518379
45080,1,0.847469,0.518693
45090,1,0.972398,0.627158
45100,1,0.972516,0.627302
45110,1,0.972950,0.627446
45120,1,0.973398,0.627589
45130,1,0.973858,0.627732
45140,1,0.974328,0.627875
45150,1,0.974808,0.628019
45160,1,0.846387,0.518850
45170,1,0.847102,0.519162
45180,1,0.847809,0.519412
45190,1,0.848520,0.519661
45200,1,0.003665,0.003665
45210,1,0.973846,0.628233
45220,1,0.850147,0.520221
45230,1,0.851004,0.520501
45240,1,0.973396,0.628332
45250,1,0.973824,0.628473
45260,1,0.974264,0.628615
45270,1,0.974716,0.628756
45280,1,0.975177,0.628897
45290,1,0.975648,0.629039
45300,1,0.850246,0.520687
45310,1,0.851189,0.520996
45320,1,0.852069,0.521305
45330,1,0.852984,0.521614
45340,1,0.973925,0.629207
45350,1,0.974340,0.629347
45360,1,0.974766,0.629487
45370,1,0.975204,0.629626
45380,1,0.975652,0.629766
45390,1,0.976109,0.629905
45400,1,0.976513,0.630045
45410,1,0.976983,0.630184
45420,1,0.977459,0.630323
45430,1,0.977941,0.630462
45440,1,0.978425,0.630601
45450,1,0.978458,0.630712
45460,1,0.851335,0.521952
45470,1,0.852953,0.522258
45480,1,0.977806,0.630795
45490,1,0.978275,0.630933
45500,1,0.853843,0.522533
45510,1,0.854448,0.522748
45520,1,0.855264,0.523023
45530,1,0.855947,0.523237
45540,1,1.000000,0.761594
45550,1,0.857751,0.523726
45560,1,0.858341,0.523970
45570,1,0.976671,0.631119
45580,1,0.977097,0.631256
45590,1,0.003644,0.003614
45600,1,0.858499,0.524305
45610,1,0.003643,0.003643
45620,1,0.976232,0.631474
45630,1,0.976626,0.631610
45640,1,0.857389,0.524819
45650,1,0.975759,0.631678
45660,1,0.976141,0.631813
45670,1,0.976533,0.631948
45680,1,0.856209,0.525060
45690,1,0.857137,0.525359
45700,1,1.000000,0.326255
45710,1,0.975428,0.632183
45720,1,0.854956,0.525746
45730,1,0.010027,0.314012
45740,1,0.973406,0.632329
45750,1,0.973759,0.632462
45760,1,0.974107,0.632594
45770,1,0.974455,0.632726
45780,1,0.974807,0.632858
45790,1,0.975168,0.632990
45800,1,0.848696,0.633115
45810,1,0.975514,0.633234
45820,1,0.849153,0.526009
45830,1,0.975662,0.633352
45840,1,0.850132,0.526327
45850,1,0.851091,0.526616
45860,1,0.852163,0.526906
45870,1,0.853051,0.527166
45880,1,0.853938,0.527426
45890,1,0.855013,0.527715
45900,1,0.974525,0.633444
45910,1,0.974873,0.633574
45920,1,0.975229,0.633705
45930,1,0.975597,0.633835
45940,1,0.975970,0.633965
45950,1,0.976361,0.634095
45960,1,0.976763,0.634225
45970,1,1.000000,0.761594
45980,1,0.855316,0.528205
45990,1,0.855863,0.528463
46000,1,0.975826,0.634355
46010,1,0.856462,0.528779
46020,1,0.976093,0.634536
46030,1,0.975914,0.634561
46040,1,0.976287,0.634690
46050,1,0.976671,0.634819
46060,1,0.977066,0.634947
46070,1,0.977470,0.635076
46080,1,0.977883,0.635204
46090,1,0.978064,0.635294
46100,1,0.978486,0.635422
46110,1,0.978913,0.635550
46120,1,0.979345,0.635678
46130,1,0.857746,0.529208
46140,1,0.979545,0.635832
46150,1,0.858679,0.529523
46160,1,0.003706,0.003649
46170,1,0.979326,0.635972
46180,1,0.979441,0.636048
46190,1,0.979583,0.636137
46200,1,0.860561,0.530180
46210,1,0.861418,0.530465
46220,1,0.978868,0.636201
46230,1,0.979267,0.636327
46240,1,0.862408,0.530807
46250,1,0.862892,0.530978
46260,1,0.863517,0.531177
46270,1,0.864258,0.531433
46280,1,0.865036,0.531689
46290,1,0.978082,0.636441
46300,1,0.976900,0.636504
46310,1,0.977234,0.636629
46320,1,0.977578,0.636753
46330,1,0.977933,0.636878
46340,1,0.978298,0.637003
46350,1,0.978672,0.637127
46360,1,0.979028,0.637252
46370,1,0.979417,0.637376
46380,1,0.979813,0.637500
46390,1,0.980214,0.637625
46400,1,0.861290,0.532112
46410,1,0.007090,0.322756
46420,1,0.862537,0.532587
46430,1,0.863319,0.532866
46440,1,0.864064,0.533144
46450,1,0.864699,0.533395
46460,1,0.978136,0.637748
46470,1,0.863140,0.533588
46480,1,0.977789,0.637858
46490,1,0.863274,0.533864
46500,1,0.977321,0.637932
46510,1,0.977641,0.638054
46520,1,0.977970,0.638176
46530,1,0.863133,0.534193
46540,1,0.977827,0.638291
46550,1,0.978160,0.638413
46560,1,0.863474,0.534330
46570,1,0.864165,0.534604
46580,1,0.978020,0.638558
46590,1,0.978356,0.638679
46600,1,0.978703,0.638800
46610,1,0.979059,0.638921
46620,1,0.979424,0.639042
46630,1,0.864901,0.534877
46640,1,0.003245,0.003116
46650,1,0.866040,0.535287
46660,1,0.978874,0.639126
46670,1,0.978963,0.639199
46680,1,0.867141,0.535723
46690,1,0.868088,0.535995
46700,1,0.978765,0.639355
46710,1,0.978796,0.639474
46720,1,0.979132,0.639594
46730,1,0.867070,0.536185
46740,1,0.022054,0.007312
46750,1,0.978807,0.639689
46760,1,0.979146,0.639808
46770,1,0.868046,0.536753
46780,1,0.979159,0.639951
46790,1,0.979505,0.640069
46800,1,0.979848,0.640188
46810,1,0.980210,0.640306
46820,1,0.980579,0.640425
46830,1,0.980725,0.640508
46840,1,0.981101,0.640626
46850,1,0.981460,0.640738
46860,1,0.981720,0.640833
46870,1,0.982107,0.640951
46880,1,0.982391,0.641057
46890,1,0.868788,0.537049
46900,1,0.869463,0.537318
46910,1,0.869978,0.537506
46920,1,0.870179,0.537587
46930,1,0.870857,0.537856
46940,1,0.981681,0.641327
46950,1,0.871338,0.538097
46960,1,0.872136,0.538365
46970,1,0.873002,0.538633
46980,1,0.873917,0.538901
46990,1,0.980062,0.641420
47000,1,0.980291,0.641524
47010,1,0.980608,0.641640
47020,1,0.871834,0.539113
47030,1,0.872703,0.539352
47040,1,0.004319,0.005031
47050,1,0.003807,0.003193
47060,1,0.977989,0.641766
47070,1,0.978284,0.641881
47080,1,0.978576,0.641995
47090,1,0.978868,0.642109
47100,1,0.979165,0.642223
47110,1,0.979450,0.642331
47120,1,0.979763,0.642445
47130,1,0.980085,0.642559
47140,1,0.980108,0.642661
47150,1,0.865066,0.539640
47160,1,0.980260,0.642786
47170,1,0.980308,0.642842
47180,1,0.866060,0.539949
47190,1,0.980245,0.642910
47200,1,0.980138,0.642944
47210,1,0.867422,0.540464
47220,1,0.979893,0.643001
47230,1,0.868243,0.540747
47240,1,0.003677,0.003563
47250,1,0.869197,0.541081
47260,1,0.869693,0.541312
47270,1,0.870503,0.541542
47280,1,0.979334,0.643169
47290,1,0.871907,0.541952
47300,1,0.979258,0.643237
47310,1,0.979365,0.643292
47320,1,0.979661,0.643404
47330,1,0.979964,0.643516
47340,1,0.980268,0.643628
47350,1,0.980589,0.643739
47360,1,0.980919,0.643851
47370,1,0.981256,0.643962
47380,1,0.981599,0.644073
47390,1,0.981949,0.644185
47400,1,0.982075,0.644262
47410,1,0.982429,0.644373
47420,1,0.872189,0.542208
47430,1,0.873110,0.542438
47440,1,0.982275,0.644506
47450,1,0.982274,0.644562
47460,1,0.874323,0.542846
47470,1,0.982577,0.644716
47480,1,0.003132,0.002972
47490,1,0.875399,0.543203
47500,1,0.876069,0.543433
47510,1,0.876849,0.543687
47520,1,0.004700,0.005347
47530,1,0.878039,0.544094
47540,1,0.878748,0.544297
47550,1,0.980705,0.644804
47560,1,0.981000,0.644913
47570,1,0.981303,0.645023
47580,1,0.876450,0.544449
47590,1,0.876807,0.544676
47600,1,0.878210,0.544927
47610,1,0.879413,0.545154
47620,1,0.980009,0.645077
47630,1,0.877493,0.545404
47640,1,0.979945,0.645207
47650,1,0.980220,0.645315
47660,1,0.980502,0.645423
47670,1,0.980791,0.645531
47680,1,0.981089,0.645639
47690,1,0.876813,0.545553
47700,1,0.877433,0.545802
47710,1,0.877260,0.546025
47720,1,0.980334,0.645757
47730,1,0.980558,0.645843
47740,1,0.980846,0.645950
47750,1,0.981143,0.646057
47760,1,0.981266,0.646122
47770,1,0.878163,0.546421
47780,1,0.878843,0.546668
47790,1,0.980398,0.646132
47800,1,0.980676,0.646239
47810,1,0.980499,0.646297
47820,1,0.878567,0.547012
47830,1,0.980486,0.646382
47840,1,0.980766,0.646488
47850,1,0.981055,0.646594
47860,1,0.981352,0.646700
47870,1,0.879176,0.547233
47880,1,0.879744,0.547478
47890,1,0.880426,0.547723
47900,1,0.981183,0.646859
47910,1,0.981479,0.646964
47920,1,0.981783,0.647070
47930,1,0.982095,0.647175
47940,1,0.982413,0.647280
47950,1,0.982737,0.647385
47960,1,0.983053,0.647490
47970,1,0.983376,0.647595
47980,1,0.881043,0.547943
47990,1,0.002980,0.002980
48000,1,0.882376,0.548407
48010,1,0.883033,0.548627
48020,1,0.883721,0.548870
48030,1,0.982146,0.647669
48040,1,0.982387,0.647762
48050,1,0.982693,0.647867
48060,1,0.983006,0.647971
48070,1,0.884090,0.549235
48080,1,0.982563,0.648012
48090,1,0.004100,0.307962
48100,1,0.885087,0.549575
48110,1,0.885780,0.549769
48120,1,0.884934,0.549866
48130,1,0.982145,0.648209
48140,1,0.982289,0.648281
48150,1,0.982579,0.648385
48160,1,0.885057,0.550131
48170,1,0.885387,0.550204
48180,1,0.982879,0.648590
48190,1,0.885623,0.550276
48200,1,0.983272,0.648755
48210,1,0.983580,0.648857
48220,1,0.983892,0.648960
48230,1,0.984209,0.649062
48240,1,0.984529,0.649165
48250,1,0.984852,0.649267
48260,1,0.886027,0.550396
48270,1,0.985277,0.649431
48280,1,0.985604,0.649533
48290,1,0.003052,0.003052
48300,1,0.887162,0.550781
48310,1,0.003162,0.003162
48320,1,0.887783,0.551214
48330,1,0.889241,0.551453
48340,1,0.889926,0.551645
48350,1,0.983983,0.649574
48360,1,0.984278,0.649675
48370,1,0.890841,0.551981
48380,1,0.891258,0.552149
48390,1,0.891372,0.552173
48400,1,0.891750,0.552412
48410,1,0.984153,0.649887
48420,1,0.984444,0.649988
48430,1,0.984740,0.650089
48440,1,0.985040,0.650189
48450,1,0.890571,0.552531
48460,1,0.891474,0.552769
48470,1,0.892107,0.553007
48480,1,0.003094,0.004507
48490,1,0.983688,0.650340
48500,1,0.983954,0.650439
48510,1,0.983916,0.650509
48520,1,0.890320,0.553314
48530,1,0.983992,0.650599
48540,1,0.984263,0.650698
48550,1,0.984540,0.650797
48560,1,0.984822,0.650897
48570,1,0.985109,0.650996
48580,1,0.985399,0.651095
48590,1,0.891088,0.553549
48600,1,0.891899,0.553784
48610,1,0.892602,0.554019
48620,1,0.893156,0.554231
48630,1,0.893710,0.554442
48640,1,0.984372,0.651203
48650,1,0.984639,0.651302
48660,1,0.984911,0.651400
48670,1,0.985188,0.651498
48680,1,0.892863,0.554675
48690,1,0.984867,0.651567
48700,1,0.985139,0.651665
48710,1,0.985388,0.651753
48720,1,0.985668,0.651851
48730,1,0.985952,0.651948
48740,1,0.986239,0.652046
48750,1,0.986528,0.652143
48760,1,0.986504,0.652173
48770,1,0.986668,0.652251
48780,1,0.986941,0.652348
48790,1,0.987232,0.652445
48800,1,0.987474,0.652533
48810,1,0.987766,0.652630
48820,1,0.893808,0.555024
48830,1,0.987918,0.652756
48840,1,0.987913,0.652814
48850,1,0.894619,0.555396
48860,1,0.894964,0.555582
48870,1,0.895456,0.555814
48880,1,0.987049,0.652882
48890,1,0.987319,0.652978
48900,1,0.987438,0.653045
48910,1,0.896041,0.556068
48920,1,0.987180,0.653113
48930,1,0.987452,0.653208
48940,1,0.896722,0.556392
48950,1,0.005879,0.024035
48960,1,0.986991,0.653266
48970,1,0.987255,0.653362
48980,1,0.897892,0.556807
48990,1,0.898032,0.556853
49000,1,0.898620,0.557037
49010,1,0.987154,0.653524
49020,1,0.005896,0.024022
49030,1,0.002087,0.002087
49040,1,0.899784,0.557520
49050,1,0.900015,0.557612
49060,1,0.900556,0.557796
49070,1,0.901012,0.557979
49080,1,0.901637,0.558186
49090,1,0.902202,0.558414
49100,1,0.902787,0.558620
49110,1,1.000000,0.720190
49120,1,0.985955,0.653742
49130,1,0.902829,0.558894
49140,1,0.902569,0.559076
49150,1,1.000000,0.761594
49160,1,0.148002,0.177235
49170,1,0.983714,0.653892
49180,1,0.983913,0.653976
49190,1,0.984132,0.654069
49200,1,0.159018,0.174868
49210,1,0.984302,0.654181
49220,1,0.984517,0.654273
49230,1,0.082918,0.082698
49240,1,0.083423,0.082708
49250,1,0.158095,0.173961
49260,1,0.984703,0.654375
49270,1,0.984922,0.654468
49280,1,0.985148,0.654560
49290,1,0.985379,0.654653
49300,1,0.893378,0.559233
49310,1,0.173788,0.173403
49320,1,0.178570,0.173455
49330,1,0.181535,0.173616
49340,1,0.985175,0.654699
49350,1,0.894590,0.559607
49360,1,0.031108,0.017013
49370,1,0.985237,0.654782
49380,1,0.985468,0.654874
49390,1,0.985460,0.654892
49400,1,0.985697,0.654984
49410,1,0.895350,0.559871
49420,1,0.181666,0.174653
49430,1,0.896100,0.560135
49440,1,0.896701,0.560355
49450,1,0.897268,0.560574
49460,1,0.897749,0.560749
49470,1,0.898204,0.560902
49480,1,0.090744,0.083049
49490,1,0.092873,0.083496
49500,1,0.092905,0.083938
49510,1,0.092776,0.084332
49520,1,0.092850,0.084443
49530,1,0.984706,0.655049
49540,1,0.003906,0.004326
49550,1,0.984683,0.655103
49560,1,0.984483,0.655176
49570,1,0.984695,0.655267
49580,1,0.896698,0.561230
49590,1,0.984639,0.655304
49600,1,0.897517,0.561533
49610,1,0.019884,0.025953
49620,1,0.898250,0.561858
49630,1,0.017697,0.024773
49640,1,0.983995,0.655412
49650,1,0.896103,0.562030
49660,1,1.000000,0.761594
49670,1,0.983685,0.655539
49680,1,0.983898,0.655629
49690,1,0.984109,0.655719
49700,1,0.984321,0.655809
49710,1,0.984537,0.655899
49720,1,0.984759,0.655988
49730,1,0.984987,0.656078
49740,1,0.985221,0.656168
49750,1,0.985462,0.656257
49760,1,1.000000,0.721665
49770,1,0.985258,0.656400
49780,1,0.894779,0.562371
49790,1,0.894836,0.562392
49800,1,0.985174,0.656454
49810,1,0.895510,0.562647
49820,1,0.896081,0.562859
49830,1,0.015434,0.019438
49840,1,0.896823,0.563134
49850,1,0.897364,0.563303
49860,1,0.897648,0.563409
49870,1,0.984426,0.656507
49880,1,0.984637,0.656596
49890,1,0.984852,0.656684
49900,1,0.030942,0.016893
49910,1,0.898610,0.563853
49920,1,0.899301,0.564064
49930,1,0.899946,0.564253
49940,1,0.984334,0.656790
49950,1,0.984542,0.656878
49960,1,0.984755,0.656966
49970,1,0.984974,0.657054
49980,1,0.985199,0.657142
49990,1,0.985431,0.657230
50000,1,0.985668,0.657317
50010,1,0.014152,0.018634
50020,1,0.899027,0.564337
50030,1,0.899578,0.564547
50040,1,0.899745,0.564652
50050,1,0.899947,0.564777
50060,1,0.900288,0.564966
50070,1,0.900617,0.565174
50080,1,0.004048,0.004088
50090,1,0.984666,0.657475
50100,1,0.984876,0.657562
50110,1,0.898434,0.565360
50120,1,0.984341,0.657588
50130,1,0.984545,0.657674
50140,1,0.984752,0.657761
50150,1,0.984964,0.657847
50160,1,0.985182,0.657934
50170,1,0.898110,0.565505
50180,1,0.898928,0.565690
50190,1,0.899416,0.565876
50200,1,0.899908,0.566061
50210,1,0.984677,0.658020
50220,1,0.984885,0.658106
50230,1,0.985099,0.658192
50240,1,0.021943,0.018527
50250,1,0.898884,0.566143
50260,1,0.899773,0.566307
50270,1,0.900327,0.566471
50280,1,0.900637,0.566655
50290,1,0.984727,0.658329
50300,1,0.984934,0.658415
50310,1,0.985148,0.658500
50320,1,0.985367,0.658585
50330,1,0.985593,0.658671
50340,1,0.985825,0.658756
50350,1,0.986062,0.658841
50360,1,0.986304,0.658926
50370,1,0.986550,0.659011
50380,1,0.986800,0.659096
50390,1,0.900080,0.566757
50400,1,0.900681,0.566940
50410,1,0.901213,0.567144
50420,1,0.901695,0.567327
50430,1,0.902179,0.567510
50440,1,0.902806,0.567713
50450,1,0.985360,0.659122
50460,1,0.985534,0.659206
50470,1,0.985748,0.659290
50480,1,0.985968,0.659374
50490,1,0.986194,0.659459
50500,1,0.902267,0.567997
50510,1,0.902773,0.568179
50520,1,0.985940,0.659534
50530,1,0.902933,0.568239
50540,1,0.903272,0.568421
50550,1,0.985628,0.659626
50560,1,0.985837,0.659710
50570,1,0.986052,0.659793
50580,1,0.986273,0.659877
50590,1,0.986499,0.659960
50600,1,0.986730,0.660043
50610,1,0.986965,0.660127
50620,1,0.987198,0.660210
50630,1,0.987440,0.660293
50640,1,0.987686,0.660376
50650,1,0.902413,0.568602
50660,1,0.903032,0.568782
50670,1,0.903632,0.568983
50680,1,0.904093,0.569143
50690,1,0.904697,0.569343
50700,1,0.986872,0.660476
50710,1,0.987096,0.660558
50720,1,0.987325,0.660641
50730,1,0.003323,0.003323
50740,1,0.986926,0.660674
50750,1,0.987146,0.660756
50760,1,0.905189,0.569762
50770,1,0.905466,0.569941
50780,1,0.016807,0.018522
50790,1,0.016147,0.012665
50800,1,0.003295,0.319907
50810,1,0.984606,0.660838
50820,1,0.984799,0.660919
50830,1,0.984991,0.661000
50840,1,0.985181,0.661081
50850,1,0.985370,0.661162
50860,1,0.985560,0.661242
50870,1,0.985753,0.661323
50880,1,0.985947,0.661404
50890,1,0.986151,0.661484
50900,1,0.986090,0.661541
50910,1,0.985864,0.661557
50920,1,0.896281,0.570352
50930,1,1.000000,0.027096
50940,1,0.003629,0.003702
50950,1,0.983720,0.661629
50960,1,0.889883,0.570521
50970,1,0.890219,0.570708
50980,1,0.890550,0.570858
50990,1,0.890858,0.570989
51000,1,0.891333,0.571175
51010,1,0.891795,0.571361
51020,1,0.983203,0.661771
51030,1,0.983394,0.661850
51040,1,0.983544,0.661914
51050,1,0.983737,0.661992
51060,1,0.983928,0.662071
51070,1,0.984118,0.662150
51080,1,0.984308,0.662229
51090,1,0.891726,0.571436
51100,1,0.984476,0.662315
51110,1,0.984673,0.662394
51120,1,0.984876,0.662472
51130,1,0.892188,0.571696
51140,1,0.892835,0.571844
51150,1,0.984800,0.662574
51160,1,0.893187,0.571993
51170,1,0.984625,0.662605
51180,1,0.893625,0.572160
51190,1,0.893478,0.572326
51200,1,0.894274,0.572511
51210,1,0.894685,0.572696
51220,1,0.895067,0.572880
51230,1,0.004133,0.003793
51240,1,0.982973,0.662745
51250,1,0.983160,0.662822
51260,1,0.983333,0.662899
51270,1,0.983525,0.662977
51280,1,0.983714,0.663054
51290,1,0.983904,0.663131
51300,1,0.984097,0.663208
51310,1,0.984295,0.663285
51320,1,0.003390,0.003138
51330,1,0.890917,0.573062
51340,1,0.891260,0.573225
51350,1,0.891511,0.573351
51360,1,0.891811,0.573496
51370,1,0.892143,0.573640
51380,1,0.892524,0.573821
51390,1,0.983217,0.663392
51400,1,0.002914,0.002914
51410,1,0.983472,0.663521
51420,1,0.983662,0.663597
51430,1,0.983852,0.663674
51440,1,0.984047,0.663750
51450,1,0.984247,0.663826
51460,1,0.891224,0.573946
51470,1,0.984223,0.663894
51480,1,0.984428,0.663970
51490,1,0.891723,0.574143
51500,1,0.892130,0.574322
51510,1,0.892517,0.574501
51520,1,0.892904,0.574679
51530,1,0.893329,0.574857
51540,1,0.983166,0.664015
51550,1,0.983357,0.664090
51560,1,0.983547,0.664165
51570,1,0.983737,0.664240
51580,1,0.983929,0.664315
51590,1,0.984128,0.664390
51600,1,0.984330,0.664465
51610,1,0.984542,0.664540
51620,1,0.984503,0.664600
51630,1,0.891314,0.574946
51640,1,0.891660,0.575052
51650,1,0.984765,0.664742
51660,1,0.892308,0.575263
51670,1,0.892722,0.575422
51680,1,0.984404,0.664772
51690,1,0.984609,0.664846
51700,1,0.984653,0.664883
51710,1,0.984824,0.664950
51720,1,0.984767,0.664972
51730,1,0.014214,0.006736
51740,1,0.894102,0.575985
51750,1,0.894977,0.576143
51760,1,0.895524,0.576302
51770,1,0.896054,0.576477
51780,1,0.896604,0.576653
51790,1,0.897138,0.576828
51800,1,0.983802,0.665054
51810,1,0.983990,0.665127
51820,1,0.984180,0.665201
51830,1,0.984374,0.665275
51840,1,0.003065,0.003065
51850,1,0.896533,0.577073
51860,1,0.896999,0.577230
51870,1,0.983962,0.665355
51880,1,0.984134,0.665429
51890,1,0.984325,0.665502
51900,1,0.984523,0.665575
51910,1,0.984727,0.665648
51920,1,0.984938,0.665721
51930,1,0.985157,0.665794
51940,1,0.985377,0.665867
51950,1,0.985607,0.665940
51960,1,0.985844,0.666013
51970,1,0.896322,0.577352
51980,1,0.897033,0.577525
51990,1,0.897524,0.577682
52000,1,0.003777,0.003777
52010,1,0.002498,0.002720
52020,1,0.898954,0.578150
52030,1,0.984941,0.666057
52040,1,0.985145,0.666129
52050,1,0.985356,0.666202
52060,1,0.985574,0.666274
52070,1,0.985797,0.666346
52080,1,0.986027,0.666419
52090,1,0.986261,0.666491
52100,1,0.986499,0.666563
52110,1,0.986743,0.666635
52120,1,0.986990,0.666708
52130,1,0.899320,0.578271
52140,1,0.899434,0.578323
52150,1,0.014994,0.084684
52160,1,0.987110,0.666859
52170,1,0.987344,0.666931
52180,1,0.900446,0.578634
52190,1,0.900768,0.578720
52200,1,0.901234,0.578876
52210,1,0.900556,0.578945
52220,1,0.901378,0.579083
52230,1,0.902320,0.579255
52240,1,0.902787,0.579427
52250,1,0.903085,0.579600
52260,1,0.985954,0.666995
52270,1,0.986157,0.667067
52280,1,0.015608,0.007062
52290,1,0.903029,0.579789
52300,1,0.986297,0.667188
52310,1,0.986507,0.667259
52320,1,0.986721,0.667330
52330,1,0.986850,0.667380
52340,1,0.987073,0.667451
52350,1,0.987301,0.667522
52360,1,0.987532,0.667593
52370,1,0.987767,0.667664
52380,1,0.987963,0.667727
52390,1,0.988202,0.667798
52400,1,0.013449,0.016484
52410,1,0.988282,0.667869
52420,1,0.903750,0.580012
52430,1,0.904271,0.580166
52440,1,0.904714,0.580303
52450,1,0.905126,0.580440
52460,1,0.905434,0.580543
52470,1,0.905927,0.580697
52480,1,0.906438,0.580868
52490,1,0.987145,0.667925
52500,1,0.906847,0.581004
52510,1,0.907051,0.581175
52520,1,0.987170,0.668059
52530,1,0.906331,0.581226
52540,1,0.986937,0.668115
52550,1,0.987130,0.668185
52560,1,0.986904,0.668199
52570,1,0.003289,0.003067
52580,1,0.004353,0.004353
52590,1,0.985042,0.668247
52600,1,0.985221,0.668316
52610,1,0.985400,0.668385
52620,1,0.985577,0.668454
52630,1,0.985754,0.668523
52640,1,0.985930,0.668592
52650,1,0.986109,0.668660
52660,1,0.986293,0.668729
52670,1,0.898636,0.581565
52680,1,0.899281,0.581729
52690,1,0.986194,0.668818
52700,1,0.899675,0.581861
52710,1,0.900182,0.582026
52720,1,1.000000,0.727253
52730,1,1.000000,0.028623
52740,1,0.901500,0.582436
52750,1,0.901908,0.582567
52760,1,0.985696,0.668893
52770,1,0.985499,0.668914
52780,1,0.985675,0.668982
52790,1,0.985850,0.669050
52800,1,0.986027,0.669118
52810,1,0.986208,0.669186
52820,1,0.986396,0.669254
52830,1,0.986588,0.669322
52840,1,0.901849,0.582895
52850,1,0.009047,0.310036
52860,1,0.902506,0.583107
52870,1,0.902858,0.583221
52880,1,0.985948,0.669363
52890,1,0.986123,0.669430
52900,1,0.986295,0.669498
52910,1,0.986482,0.669565
52920,1,0.986674,0.669632
52930,1,0.986873,0.669700
52940,1,0.987076,0.669767
52950,1,0.987270,0.669835
52960,1,0.987483,0.669902
52970,1,0.987700,0.669969
52980,1,0.003388,0.003981
52990,1,0.011190,0.011189
53000,1,0.902321,0.583465
53010,1,0.903302,0.583627
53020,1,0.987592,0.670097
53030,1,0.987804,0.670163
53040,1,0.904420,0.583887
53050,1,0.987609,0.670197
53060,1,0.904993,0.584098
53070,1,0.003599,0.003599
53080,1,0.905779,0.584357
53090,1,0.002361,0.002187
53100,1,0.906596,0.584616
53110,1,0.986778,0.670230
53120,1,0.905844,0.584746
53130,1,0.986803,0.670317
53140,1,0.986974,0.670383
53150,1,0.987158,0.670449
53160,1,0.987348,0.670516
53170,1,0.987542,0.670582
53180,1,0.987742,0.670648
53190,1,0.987947,0.670714
53200,1,0.988155,0.670780
53210,1,0.906230,0.584842
53220,1,0.988555,0.670906
53230,1,0.988583,0.670959
53240,1,0.988573,0.670992
53250,1,0.906301,0.584971
53260,1,0.906641,0.585100
53270,1,0.907022,0.585244
53280,1,0.988481,0.671110
53290,1,0.907346,0.585357
53300,1,0.907808,0.585517
53310,1,0.908137,0.585613
53320,1,0.908600,0.585742
53330,1,0.909044,0.585870
53340,1,0.987925,0.671163
53350,1,0.988095,0.671221
53360,1,0.909598,0.586030
53370,1,0.987923,0.671261
53380,1,0.988109,0.671326
53390,1,0.909713,0.586174
53400,1,0.909843,0.586302
53410,1,0.879917,0.671381
53420,1,0.003474,0.003057
53430,1,0.986447,0.671439
53440,1,0.986607,0.671503
53450,1,0.986771,0.671568
53460,1,0.003893,0.284259
53470,1,0.001981,0.278271
53480,1,0.904203,0.586662
53490,1,0.986474,0.671609
53500,1,0.986600,0.671673
53510,1,0.986763,0.671737
53520,1,0.986926,0.671801
53530,1,0.987092,0.671866
53540,1,0.987262,0.671930
53550,1,0.987417,0.671986
53560,1,0.987586,0.672046
53570,1,0.987770,0.672110
53580,1,0.987836,0.672174
53590,1,0.904360,0.586849
53600,1,0.904704,0.586973
53610,1,0.904734,0.586988
53620,1,0.904904,0.587066
53630,1,0.905340,0.587190
53640,1,0.905685,0.587345
53650,1,0.906038,0.587500
53660,1,0.906387,0.587639
53670,1,0.004054,0.276309
53680,1,0.907081,0.587901
53690,1,0.986797,0.672358
53700,1,0.986958,0.672421
53710,1,0.987119,0.672485
53720,1,0.987283,0.672548
53730,1,0.987451,0.672611
53740,1,0.987622,0.672674
53750,1,0.987800,0.672737
53760,1,0.987981,0.672800
53770,1,0.988170,0.672863
53780,1,0.988187,0.672919
53790,1,0.905609,0.588009
53800,1,0.905969,0.588101
53810,1,0.988178,0.672995
53820,1,0.906447,0.588254
53830,1,0.906654,0.588331
53840,1,0.906868,0.588453
53850,1,0.988156,0.673108
53860,1,0.907154,0.588545
53870,1,0.907628,0.588698
53880,1,0.908081,0.588835
53890,1,0.908509,0.588972
53900,1,0.908862,0.589079
53910,1,0.909332,0.589217
53920,1,0.909807,0.589369
53930,1,0.987581,0.673201
53940,1,0.910067,0.589445
53950,1,0.002393,0.002393
53960,1,0.987522,0.673282
53970,1,0.987683,0.673344
53980,1,0.909615,0.589613
53990,1,0.987605,0.673381
54000,1,0.987768,0.673443
54010,1,0.987935,0.673505
54020,1,0.988108,0.673567
54030,1,0.988286,0.673629
54040,1,0.988468,0.673691
54050,1,0.988647,0.673752
54060,1,0.988837,0.673814
54070,1,0.989030,0.673876
54080,1,0.989227,0.673938
54090,1,0.910078,0.589734
54100,1,0.910260,0.589780
54110,1,0.910435,0.589871
54120,1,0.025610,0.020467
54130,1,0.911336,0.590113
54140,1,0.911951,0.590265
54150,1,0.912554,0.590416
54160,1,0.913085,0.590553
54170,1,0.913582,0.590674
54180,1,0.988442,0.674061
54190,1,0.988368,0.674085
54200,1,0.988532,0.674146
54210,1,0.988697,0.674207
54220,1,0.988874,0.674268
54230,1,0.913189,0.590825
54240,1,0.913320,0.590946
54250,1,0.913907,0.591097
54260,1,0.914271,0.591217
54270,1,0.004449,0.004335
54280,1,0.987254,0.674360
54290,1,0.987408,0.674420
54300,1,0.987561,0.674480
54310,1,0.987713,0.674541
54320,1,0.987865,0.674601
54330,1,0.988020,0.674661
54340,1,0.988148,0.674721
54350,1,0.988305,0.674781
54360,1,0.988383,0.674842
54370,1,0.908267,0.591306
54380,1,0.988470,0.674908
54390,1,0.988532,0.674944
54400,1,0.988531,0.674967
54410,1,0.909422,0.591615
54420,1,0.909685,0.591703
54430,1,0.909969,0.591791
54440,1,0.910007,0.591938
54450,1,0.910920,0.592085
54460,1,0.911736,0.592217
54470,1,0.912480,0.592364
54480,1,0.912636,0.592481
54490,1,0.004508,0.004374
54500,1,0.987712,0.675015
54510,1,0.987861,0.675075
54520,1,0.988013,0.675134
54530,1,0.988167,0.675194
54540,1,0.003578,0.010998
54550,1,0.912084,0.592731
54560,1,0.006305,0.007179
54570,1,0.912857,0.592950
54580,1,0.005063,0.003813
54590,1,0.004921,0.004128
54600,1,1.000000,0.731516
54610,1,0.986363,0.675277
54620,1,0.986513,0.675335
54630,1,0.986623,0.675382
54640,1,0.986775,0.675441
54650,1,0.986926,0.675500
54660,1,0.987077,0.675558
54670,1,0.987227,0.675617
54680,1,0.006092,0.007241
54690,1,0.987186,0.675670
54700,1,0.907100,0.593235
54710,1,0.987241,0.675722
54720,1,0.987393,0.675781
54730,1,0.004945,0.004512
54740,1,0.907736,0.593434
54750,1,0.908199,0.593576
54760,1,0.908577,0.593689
54770,1,0.909027,0.593817
54780,1,0.909461,0.593945
54790,1,0.909956,0.594087
54800,1,0.986814,0.675845
54810,1,0.986964,0.675903
54820,1,0.987113,0.675961
54830,1,0.987264,0.676019
54840,1,0.987418,0.676077
54850,1,0.909275,0.594129
54860,1,0.909832,0.594270
54870,1,0.987441,0.676169
54880,1,0.987595,0.676227
54890,1,0.987759,0.676285
54900,1,0.987928,0.676343
54910,1,0.988102,0.676400
54920,1,0.909977,0.594313
54930,1,0.910457,0.594454
54940,1,0.910837,0.594567
54950,1,0.910982,0.594609
54960,1,0.988107,0.676521
54970,1,0.988282,0.676579
54980,1,0.911409,0.594737
54990,1,0.911900,0.594878
55000,1,0.005178,0.004684
55010,1,0.008487,0.007316
55020,1,0.007176,0.031772
55030,1,0.986051,0.676602
55040,1,0.986199,0.676658
55050,1,0.986348,0.676715
55060,1,0.986497,0.676772
55070,1,0.986647,0.676828
55080,1,0.986795,0.676885
55090,1,0.986943,0.676942
55100,1,0.987072,0.676998
55110,1,0.987226,0.677055
55120,1,0.905254,0.595171
55130,1,0.905732,0.595294
55140,1,0.906245,0.595431
55150,1,0.906725,0.595554
55160,1,0.907282,0.595691
55170,1,0.005870,0.005870
55180,1,0.986394,0.677100
55190,1,0.986544,0.677156
55200,1,0.986692,0.677212
55210,1,0.986840,0.677268
55220,1,0.986990,0.677324
55230,1,0.987144,0.677380
55240,1,0.987300,0.677436
55250,1,0.009598,0.084014
55260,1,0.905510,0.595800
55270,1,0.905691,0.595854
55280,1,0.906144,0.595976
55290,1,0.987253,0.677542
55300,1,0.987412,0.677598
55310,1,0.906477,0.596071
55320,1,0.906752,0.596152
55330,1,0.906938,0.596207
55340,1,0.907267,0.596301
55350,1,0.003737,0.003737
55360,1,0.987571,0.677760
55370,1,0.907946,0.596491
55380,1,1.000000,0.761594
55390,1,0.987512,0.677815
55400,1,0.987452,0.677826
55410,1,0.909101,0.596816
55420,1,0.909575,0.596951
55430,1,0.909956,0.597086
55440,1,0.910349,0.597154
55450,1,0.911105,0.597289
55460,1,0.911686,0.597425
55470,1,0.986825,0.677871
55480,1,0.986972,0.677926
55490,1,0.020940,0.011232
55500,1,0.910463,0.597559
55510,1,0.910694,0.597653
55520,1,0.910859,0.597721
55530,1,0.085285,0.084035
55540,1,0.085735,0.084084
55550,1,0.144775,0.173426
55560,1,0.986745,0.677997
55570,1,0.086167,0.084120
55580,1,0.088193,0.084170
55590,1,0.986861,0.678058
55600,1,0.090224,0.084382
55610,1,0.161161,0.172624
55620,1,0.152246,0.171757
55630,1,0.158745,0.171294
55640,1,0.910215,0.597788
55650,1,0.986753,0.678080
55660,1,0.151236,0.170654
55670,1,0.148687,0.170567
55680,1,0.986995,0.678173
55690,1,0.149400,0.170483
55700,1,0.154233,0.169983
55710,1,0.160329,0.169547
55720,1,0.088323,0.084722
55730,1,0.161731,0.169365
55740,1,0.910594,0.598001
55750,1,0.088147,0.084818
55760,1,0.088491,0.084863
55770,1,0.986770,0.678244
55780,1,0.986917,0.678299
55790,1,0.016703,0.016443
55800,1,0.910716,0.598255
55810,1,0.986883,0.678375
55820,1,0.017509,0.015605
55830,1,0.986867,0.678413
55840,1,0.986873,0.678441
55850,1,0.910809,0.598494
55860,1,0.023892,0.017531
55870,1,0.018514,0.017005
55880,1,0.041209,0.021458
55890,1,0.003316,0.003316
55900,1,0.052755,0.028729
55910,1,0.003362,0.003097
55920,1,0.033561,0.033531
55930,1,0.057089,0.036239
55940,1,0.039556,0.039535
55950,1,0.114426,0.047078
55960,1,0.985521,0.678484
55970,1,0.985634,0.678527
55980,1,0.985781,0.678581
55990,1,0.985929,0.678635
56000,1,0.986077,0.678689
56010,1,0.986225,0.678743
56020,1,0.986325,0.678780
56030,1,0.986474,0.678834
56040,1,0.986625,0.678888
56050,1,0.056369,0.038716
56060,1,0.986604,0.678909
56070,1,0.905235,0.598507
56080,1,0.043828,0.040888
56090,1,0.905914,0.598636
56100,1,0.986718,0.678979
56110,1,0.906190,0.598688
56120,1,0.906515,0.598779
56130,1,0.906972,0.598909
56140,1,0.986831,0.679081
56150,1,0.986850,0.679102
56160,1,0.041581,0.025675
56170,1,0.046282,0.029328
56180,1,0.986915,0.679150
56190,1,0.067409,0.052011
56200,1,0.987027,0.679209
56210,1,0.043817,0.041811
56220,1,0.987027,0.679225
56230,1,0.044351,0.053384
56240,1,0.063007,0.034708
56250,1,0.987020,0.679252
56260,1,0.063038,0.036052
56270,1,0.986970,0.679273
56280,1,0.909691,0.599570
56290,1,0.150765,0.073264
56300,1,0.987115,0.679342
56310,1,0.146930,0.044052
56320,1,0.135107,0.047145
56330,1,0.911339,0.599959
56340,1,0.911840,0.600076
56350,1,0.062783,0.036871
56360,1,0.062136,0.040259
56370,1,0.912666,0.600270
56380,1,0.913077,0.600361
56390,1,0.138978,0.046397
56400,1,0.986310,0.679363
56410,1,0.986457,0.679416
56420,1,0.986605,0.679469
56430,1,0.986753,0.679522
56440,1,0.986905,0.679575
56450,1,0.987062,0.679628
56460,1,0.987226,0.679681
56470,1,0.987392,0.679733
56480,1,0.911556,0.600451
56490,1,0.912211,0.600580
56500,1,0.912751,0.600696
56510,1,0.913367,0.600825
56520,1,1.000000,0.288458
56530,1,0.058069,0.042222
56540,1,0.986839,0.679770
56550,1,0.986977,0.679823
56560,1,0.987132,0.679875
56570,1,0.987292,0.679928
56580,1,0.987457,0.679980
56590,1,0.987629,0.680033
56600,1,0.987806,0.680085
56610,1,0.912885,0.601018
56620,1,0.913394,0.601146
56630,1,0.058377,0.042769
56640,1,0.987604,0.680143
56650,1,0.987735,0.680185
56660,1,0.008468,0.007235
56670,1,0.914974,0.601505
56680,1,0.915520,0.601633
56690,1,0.916068,0.601762
56700,1,0.109145,0.054423
56710,1,0.987372,0.680247
56720,1,0.987529,0.680299
56730,1,0.987688,0.680351
56740,1,0.915391,0.601877
56750,1,0.916050,0.602004
56760,1,0.987474,0.680377
56770,1,0.916367,0.602081
56780,1,0.916421,0.602094
56790,1,0.987882,0.680517
56800,1,0.988053,0.680569
56810,1,0.988230,0.680621
56820,1,0.988411,0.680673
56830,1,0.988596,0.680724
56840,1,0.916685,0.602158
56850,1,0.988770,0.680802
56860,1,0.988961,0.680854
56870,1,0.989155,0.680905
56880,1,0.009985,0.007987
56890,1,0.010367,0.008848
56900,1,0.917047,0.602285
56910,1,0.989064,0.680957
56920,1,0.989256,0.681009
56930,1,0.917865,0.602477
56940,1,0.918386,0.602592
56950,1,0.988963,0.681019
56960,1,0.919229,0.602758
56970,1,0.919821,0.602873
56980,1,0.988858,0.681055
56990,1,0.989037,0.681106
57000,1,0.988974,0.681117
57010,1,0.920559,0.603052
57020,1,0.989178,0.681188
57030,1,0.921145,0.603192
57040,1,0.921708,0.603320
57050,1,0.922159,0.603422
57060,1,0.009098,0.011935
57070,1,0.003163,0.003163
57080,1,0.988362,0.681245
57090,1,0.988515,0.681296
57100,1,0.192327,0.063032
57110,1,0.919959,0.603600
57120,1,0.988335,0.681321
57130,1,0.988485,0.681372
57140,1,0.988640,0.681423
57150,1,0.988800,0.681474
57160,1,0.988964,0.681524
57170,1,0.013210,0.009953
57180,1,0.020597,0.016921
57190,1,0.003200,0.290831
57200,1,0.920480,0.603878
57210,1,0.920902,0.603978
57220,1,0.009572,0.010897
57230,1,0.988626,0.681616
57240,1,0.988744,0.681656
57250,1,0.021198,0.017962
57260,1,0.920350,0.604079
57270,1,0.019611,0.018286
57280,1,0.008662,0.010535
57290,1,0.143288,0.069128
57300,1,0.003641,0.003641
57310,1,0.058216,0.048037
57320,1,0.987743,0.681737
57330,1,0.987884,0.681787
57340,1,0.988024,0.681837
57350,1,0.988164,0.681887
57360,1,0.988306,0.681937
57370,1,0.988451,0.681987
57380,1,0.988582,0.682032
57390,1,0.988737,0.682082
57400,1,0.988896,0.682132
57410,1,0.988916,0.682167
57420,1,0.989034,0.682217
57430,1,0.989018,0.682227
57440,1,0.917065,0.604414
57450,1,0.989100,0.682277
57460,1,0.917588,0.604538
57470,1,1.000000,0.734844
57480,1,0.988973,0.682311
57490,1,0.200258,0.143441
57500,1,0.918936,0.604858
57510,1,0.132041,0.048867
57520,1,0.177265,0.052041
57530,1,0.919590,0.605006
57540,1,0.015645,0.060659
57550,1,0.920525,0.605228
57560,1,1.000000,0.735491
57570,1,0.229171,0.164870
57580,1,0.257547,0.198452
57590,1,0.988355,0.682361
57600,1,0.988493,0.682410
57610,1,0.988635,0.682460
57620,1,0.988780,0.682509
57630,1,0.988930,0.682559
57640,1,0.003835,0.003745
57650,1,0.137985,0.080530
57660,1,0.141109,0.100575
57670,1,0.198680,0.080942
57680,1,0.920726,0.605634
57690,1,0.921132,0.605720
57700,1,0.988757,0.682613
57710,1,0.921426,0.605793
57720,1,0.988816,0.682672
57730,1,0.988964,0.682721
57740,1,0.921330,0.605842
57750,1,0.273364,0.209597
57760,1,0.921910,0.606038
57770,1,0.988901,0.682795
57780,1,0.989022,0.682839
57790,1,0.989174,0.682888
57800,1,0.989330,0.682937
57810,1,0.989491,0.682986
57820,1,0.989639,0.683030
57830,1,0.989807,0.683079
57840,1,0.989978,0.683128
57850,1,0.990152,0.683177
57860,1,0.286282,0.219360
57870,1,0.287235,0.233519
57880,1,0.088673,0.057676
57890,1,0.990296,0.683241
57900,1,0.990311,0.683270
57910,1,0.990488,0.683319
57920,1,0.921583,0.606099
57930,1,0.990615,0.683363
57940,1,0.149565,0.110415
57950,1,0.088191,0.060033
57960,1,0.990551,0.683378
57970,1,0.990728,0.683426
57980,1,0.922702,0.606331
57990,1,0.990693,0.683465
58000,1,0.990757,0.683499
58010,1,0.990733,0.683519
58020,1,0.923463,0.606538
58030,1,0.165559,0.095512
58040,1,0.151079,0.097958
58050,1,0.924050,0.606673
58060,1,0.924523,0.606770
58070,1,0.925043,0.606892
58080,1,0.925494,0.607002
58090,1,0.926017,0.607124
58100,1,0.926468,0.607234
58110,1,0.071669,0.060673
58120,1,0.990104,0.683587
58130,1,0.990258,0.683635
58140,1,0.990415,0.683683
58150,1,0.139628,0.102293
58160,1,0.065252,0.061116
58170,1,0.118358,0.104115
58180,1,0.926473,0.607393
58190,1,0.927174,0.607515
58200,1,0.003428,0.003693
58210,1,0.990149,0.683746
58220,1,0.990299,0.683794
58230,1,0.990452,0.683842
58240,1,0.990609,0.683891
58250,1,0.990769,0.683939
58260,1,0.990932,0.683987
58270,1,0.991096,0.684035
58280,1,0.991263,0.684083
58290,1,0.991432,0.684131
58300,1,0.991601,0.684179
58310,1,0.004533,0.004533
58320,1,0.926624,0.607648
58330,1,0.062172,0.061224
58340,1,0.062317,0.061282
58350,1,0.991485,0.684256
58360,1,0.991651,0.684304
58370,1,0.063761,0.061411
58380,1,0.991661,0.684328
58390,1,0.928001,0.607952
58400,1,0.928489,0.608061
58410,1,0.991596,0.684380
58420,1,0.928748,0.608158
58430,1,0.928991,0.608243
58440,1,0.929144,0.608352
58450,1,0.929574,0.608461
58460,1,0.930072,0.608582
58470,1,0.990990,0.684418
58480,1,0.991136,0.684466
58490,1,0.930500,0.608691
58500,1,0.991279,0.684532
58510,1,0.931088,0.608836
58520,1,0.022760,0.022756
58530,1,0.991287,0.684584
58540,1,0.931563,0.608933
58550,1,0.932053,0.609054
58560,1,0.991322,0.684646
58570,1,0.991471,0.684693
58580,1,0.991621,0.684741
58590,1,0.991774,0.684788
58600,1,0.932421,0.609127
58610,1,1.000000,0.283349
58620,1,0.933084,0.609332
58630,1,0.933403,0.609417
58640,1,0.003637,0.003636
58650,1,0.991472,0.684868
58660,1,0.991616,0.684915
58670,1,0.991763,0.684962
58680,1,0.991912,0.685009
58690,1,0.992063,0.685056
58700,1,0.992215,0.685103
58710,1,0.992346,0.685146
58720,1,0.992501,0.685193
58730,1,0.992656,0.685240
58740,1,0.992812,0.685287
58750,1,0.992969,0.685333
58760,1,1.000000,0.736113
58770,1,0.993036,0.685408
58780,1,0.933150,0.609634
58790,1,0.933689,0.609755
58800,1,0.002936,0.287183
58810,1,0.934433,0.609911
58820,1,0.934871,0.610020
58830,1,0.934655,0.610116
58840,1,0.064272,0.061507
58850,1,0.935724,0.610308
58860,1,0.935994,0.610404
58870,1,0.936161,0.610489
58880,1,0.992108,0.685478
58890,1,0.991909,0.685483
58900,1,0.992041,0.685529
58910,1,0.992175,0.685576
58920,1,0.935582,0.610596
58930,1,0.020887,0.115420
58940,1,0.992135,0.685641
58950,1,0.935921,0.610787
58960,1,0.935871,0.610847
58970,1,0.935935,0.610930
58980,1,0.147867,0.111757
58990,1,0.991268,0.685710
59000,1,0.991382,0.685756
59010,1,0.991497,0.685802
59020,1,0.991611,0.685847
59030,1,0.991732,0.685893
59040,1,0.991855,0.685939
59050,1,0.991967,0.685985
59060,1,0.992095,0.686031
59070,1,0.992227,0.686077
59080,1,0.992233,0.686104
59090,1,0.932354,0.611036
59100,1,0.932868,0.611142
59110,1,0.992121,0.686122
59120,1,0.933106,0.611200
59130,1,0.992260,0.686186
59140,1,0.992392,0.686232
59150,1,0.933761,0.611353
59160,1,0.934152,0.611435
59170,1,0.136514,0.112187
59180,1,0.934494,0.611564
59190,1,0.934805,0.611670
59200,1,0.935227,0.611787
59210,1,0.992017,0.686277
59220,1,0.935799,0.611951
59230,1,0.991986,0.686309
59240,1,0.992107,0.686354
59250,1,0.936146,0.612044
59260,1,0.936404,0.612161
59270,1,0.250079,0.243197
59280,1,0.007206,0.035925
59290,1,0.247038,0.243176
59300,1,0.009645,0.009370
59310,1,0.991120,0.686422
59320,1,0.991231,0.686467
59330,1,0.991341,0.686512
59340,1,0.991450,0.686557
59350,1,0.991561,0.686602
59360,1,0.991674,0.686647
59370,1,0.991743,0.686683
59380,1,0.991860,0.686728
59390,1,0.991981,0.686773
59400,1,0.252880,0.243589
59410,1,0.128343,0.117278
59420,1,0.992037,0.686817
59430,1,0.992100,0.686844
59440,1,0.932056,0.612312
59450,1,0.992101,0.686871
59460,1,0.002582,0.003937
59470,1,0.932988,0.612542
59480,1,0.178715,0.118444
59490,1,0.933740,0.612748
59500,1,0.934232,0.612863
59510,1,0.934603,0.612954
59520,1,0.252995,0.240935
59530,1,0.266323,0.242709
59540,1,0.935274,0.613103
59550,1,0.935761,0.613218
59560,1,0.157345,0.120071
59570,1,0.991606,0.686916
59580,1,0.991715,0.686960
59590,1,0.266849,0.242928
59600,1,0.935270,0.613298
59610,1,0.935567,0.613401
59620,1,0.991621,0.687027
59630,1,0.991731,0.687071
59640,1,0.991759,0.687098
59650,1,0.934948,0.613424
59660,1,0.935426,0.613538
59670,1,0.991801,0.687169
59680,1,0.991914,0.687213
59690,1,0.992031,0.687257
59700,1,0.992150,0.687301
59710,1,0.992272,0.687346
59720,1,0.992396,0.687390
59730,1,0.992507,0.687430
59740,1,0.992629,0.687471
59750,1,0.899443,0.687512
59760,1,0.992884,0.687557
59770,1,0.935503,0.613629
59780,1,0.935895,0.613720
59790,1,0.992705,0.687585
59800,1,1.000000,0.737276
59810,1,0.992824,0.687644
59820,1,0.936381,0.613856
59830,1,0.993003,0.687716
59840,1,0.936579,0.613913
59850,1,0.936620,0.613924
59860,1,0.936977,0.614027
59870,1,0.937336,0.614129
59880,1,0.937635,0.614209
59890,1,0.938048,0.614322
59900,1,0.899638,0.687814
59910,1,0.992960,0.687858
59920,1,0.993086,0.687901
59930,1,0.938401,0.614424
59940,1,0.938819,0.614538
59950,1,0.938549,0.614572
59960,1,0.939314,0.614685
59970,1,0.939838,0.614787
59980,1,0.940206,0.614901
59990,1,0.992722,0.687954
60000,1,0.992838,0.687997
60010,1,0.992760,0.688006
60020,1,0.992876,0.688049
60030,1,0.940654,0.615161
60040,1,0.941465,0.615274
60050,1,0.941742,0.615365
60060,1,0.992484,0.688075
60070,1,0.992591,0.688119
60080,1,0.940594,0.615478
60090,1,0.992477,0.688149
60100,1,0.992513,0.688192
60110,1,0.992498,0.688209
60120,1,0.992604,0.688253
60130,1,0.992713,0.688296
60140,1,0.992824,0.688339
60150,1,0.992927,0.688377
60160,1,0.993042,0.688421
60170,1,0.993160,0.688464
60180,1,0.993277,0.688507
60190,1,0.993398,0.688550
60200,1,0.993520,0.688593
60210,1,0.940772,0.615736
60220,1,0.941111,0.615848
60230,1,0.941419,0.615949
60240,1,0.941783,0.616060
60250,1,0.942128,0.616172
60260,1,0.942424,0.616262
60270,1,0.992798,0.688601
60280,1,0.992903,0.688644
60290,1,0.003832,0.003832
60300,1,0.992943,0.688704
60310,1,0.993050,0.688746
60320,1,0.942276,0.616440
60330,1,0.942511,0.616552
60340,1,0.992877,0.688759
60350,1,0.992981,0.688802
60360,1,0.993089,0.688844
60370,1,0.993198,0.688887
60380,1,0.993310,0.688929
60390,1,0.993423,0.688972
60400,1,0.993539,0.689014
60410,1,0.993631,0.689056
60420,1,0.993748,0.689099
60430,1,0.993866,0.689141
60440,1,0.993986,0.689184
60450,1,0.942374,0.616652
60460,1,0.024941,0.076732
60470,1,0.942737,0.616807
60480,1,0.943010,0.616918
60490,1,0.943304,0.617029
60500,1,0.943548,0.617128
60510,1,0.943815,0.617228
60520,1,0.993243,0.689243
60530,1,0.993345,0.689285
60540,1,0.993449,0.689327
60550,1,0.993555,0.689369
60560,1,0.993664,0.689411
60570,1,0.943106,0.617360
60580,1,0.943345,0.617459
60590,1,0.943533,0.617536
60600,1,0.993411,0.689461
60610,1,0.993514,0.689503
60620,1,0.993618,0.689545
60630,1,0.993668,0.689570
60640,1,0.993775,0.689612
60650,1,0.993883,0.689654
60660,1,0.993987,0.689695
60670,1,0.994098,0.689737
60680,1,0.994210,0.689779
60690,1,0.994323,0.689820
60700,1,0.018323,0.122691
60710,1,0.943391,0.617624
60720,1,0.943565,0.617679
60730,1,0.943776,0.617766
60740,1,0.944062,0.617876
60750,1,0.944326,0.617985
60760,1,0.944559,0.618073
60770,1,0.944744,0.618149
60780,1,0.993926,0.689937
60790,1,0.994027,0.689978
60800,1,0.994131,0.690020
60810,1,0.945035,0.618270
60820,1,0.945342,0.618379
60830,1,0.993884,0.690036
60840,1,0.993971,0.690073
60850,1,0.994072,0.690115
60860,1,0.994175,0.690156
60870,1,0.994278,0.690197
60880,1,0.994384,0.690238
60890,1,0.945029,0.618477
60900,1,0.013385,0.084187
60910,1,0.945635,0.618651
60920,1,0.945953,0.618749
60930,1,0.994041,0.690294
60940,1,0.994092,0.690330
60950,1,0.945502,0.618900
60960,1,0.993911,0.690367
60970,1,0.994004,0.690408
60980,1,0.994100,0.690449
60990,1,0.994197,0.690490
61000,1,0.994295,0.690531
61010,1,0.994395,0.690571
61020,1,0.913791,0.690610
61030,1,0.994593,0.690651
61040,1,0.007403,0.020957
61050,1,0.944890,0.619030
61060,1,0.945145,0.619138
61070,1,0.945392,0.619234
61080,1,0.945544,0.619299
61090,1,0.945790,0.619406
61100,1,0.994019,0.690696
61110,1,0.994103,0.690734
61120,1,0.945061,0.619460
61130,1,0.945137,0.619556
61140,1,0.945754,0.619663
61150,1,0.994037,0.690799
61160,1,0.994126,0.690839
61170,1,0.994217,0.690879
61180,1,0.994310,0.690920
61190,1,0.994404,0.690960
61200,1,0.994500,0.691000
61210,1,0.994597,0.691041
61220,1,0.994695,0.691081
61230,1,0.994794,0.691121
61240,1,0.994894,0.691161
61250,1,0.945555,0.619749
61260,1,0.945783,0.619855
61270,1,0.946012,0.619962
61280,1,0.946261,0.620068
61290,1,0.946253,0.620175
61300,1,0.994263,0.691173
61310,1,0.994351,0.691213
61320,1,0.994440,0.691253
61330,1,0.946262,0.620260
61340,1,0.946534,0.620355
61350,1,0.016116,0.120479
61360,1,0.993776,0.691301
61370,1,0.993850,0.691341
61380,1,0.993930,0.691381
61390,1,0.994010,0.691421
61400,1,0.994091,0.691460
61410,1,0.994175,0.691500
61420,1,0.994260,0.691539
61430,1,0.994346,0.691579
61440,1,0.943602,0.620450
61450,1,0.994352,0.691630
61460,1,0.994343,0.691654
61470,1,0.002587,0.003438
61480,1,0.994292,0.691670
61490,1,0.944075,0.620649
61500,1,0.944270,0.620732
61510,1,0.944302,0.620805
61520,1,0.944519,0.620868
61530,1,0.994191,0.691741
61540,1,0.944700,0.620982
61550,1,0.944870,0.621076
61560,1,0.945036,0.621180
61570,1,0.993968,0.691772
61580,1,0.944772,0.621263
61590,1,0.944906,0.621346
61600,1,0.993536,0.691812
61610,1,0.993614,0.691851
61620,1,0.993692,0.691890
61630,1,0.993770,0.691929
61640,1,0.993847,0.691968
61650,1,0.993926,0.692007
61660,1,0.994006,0.692046
61670,1,0.942848,0.621377
61680,1,0.943070,0.621469
61690,1,0.994001,0.692116
61700,1,0.943182,0.621510
61710,1,0.994089,0.692174
61720,1,0.994066,0.692190
61730,1,0.943370,0.621644
61740,1,0.943630,0.621746
61750,1,0.943828,0.621828
61760,1,0.944124,0.621930
61770,1,0.944184,0.622032
61780,1,0.993565,0.692217
61790,1,0.993642,0.692255
61800,1,0.993718,0.692294
61810,1,0.993795,0.692333
61820,1,0.993872,0.692371
61830,1,0.993951,0.692410
61840,1,0.994032,0.692448
61850,1,0.994113,0.692487
61860,1,0.943341,0.622124
61870,1,0.003700,0.003700
61880,1,0.943751,0.622307
61890,1,0.943914,0.622398
61900,1,0.944071,0.622499
61910,1,0.003920,0.003755
61920,1,0.993595,0.692540
61930,1,0.993670,0.692579
61940,1,0.993745,0.692617
61950,1,0.993821,0.692655
61960,1,0.993899,0.692693
61970,1,0.993978,0.692732
61980,1,0.994059,0.692770
61990,1,0.994069,0.692804
62000,1,0.994045,0.692819
62010,1,0.942927,0.622670
62020,1,0.942824,0.622730
62030,1,0.003003,0.003003
62040,1,0.940499,0.622790
62050,1,0.940606,0.622869
62060,1,0.002980,0.002979
62070,1,0.993046,0.692899
62080,1,0.993121,0.692936
62090,1,0.992956,0.692963
62100,1,0.993032,0.693001
62110,1,0.938378,0.622968
62120,1,0.938880,0.623066
62130,1,0.993101,0.693042
62140,1,0.939065,0.623184
62150,1,0.003699,0.003699
62160,1,0.939358,0.623340
62170,1,0.939556,0.623409
62180,1,0.992634,0.693061
62190,1,0.992706,0.693098
62200,1,0.992782,0.693135
62210,1,0.992857,0.693173
62220,1,0.992933,0.693210
62230,1,0.938170,0.623448
62240,1,0.938264,0.623496
62250,1,0.992952,0.693281
62260,1,0.014111,0.115200
62270,1,0.938390,0.623622
62280,1,0.938446,0.623700
62290,1,0.938452,0.623777
62300,1,0.003794,0.003794
62310,1,0.992161,0.693326
62320,1,0.992235,0.693363
62330,1,0.992310,0.693400
62340,1,0.992385,0.693437
62350,1,0.992461,0.693474
62360,1,0.992468,0.693500
62370,1,0.935905,0.623902
62380,1,0.935995,0.623988
62390,1,0.935987,0.624083
62400,1,0.935991,0.624140
62410,1,0.992055,0.693525
62420,1,0.992129,0.693562
62430,1,0.992204,0.693599
62440,1,0.992280,0.693636
62450,1,0.992356,0.693672
62460,1,0.992395,0.693709
62470,1,0.992361,0.693727
62480,1,0.935324,0.624273
62490,1,0.935439,0.624358
62500,1,0.935477,0.624434
62510,1,0.935496,0.624509
62520,1,0.081041,0.083614
62530,1,0.992058,0.693789
62540,1,0.992135,0.693826
62550,1,0.992211,0.693862
62560,1,0.992288,0.693899
62570,1,0.116631,0.083946
62580,1,0.081708,0.084263
62590,1,0.080589,0.084202
62600,1,0.992302,0.693928
62610,1,0.136123,0.167403
62620,1,0.147937,0.167070
62630,1,0.158707,0.166844
62640,1,0.085701,0.084141
62650,1,0.156217,0.166760
62660,1,0.160753,0.166674
62670,1,0.165254,0.166617
62680,1,0.088423,0.084255
62690,1,0.171174,0.166637
62700,1,0.170957,0.166720
62710,1,0.167540,0.166777
62720,1,0.169227,0.166780
62730,1,0.089301,0.084371
62740,1,0.089414,0.084507
62750,1,0.173543,0.166870
62760,1,0.089198,0.084603
62770,1,0.935099,0.624809
62780,1,0.003742,0.003780
62790,1,0.935128,0.624921
62800,1,0.935169,0.624987
62810,1,0.991899,0.694015
62820,1,0.991976,0.694051
62830,1,0.992053,0.694087
62840,1,0.992130,0.694123
62850,1,0.992207,0.694160
62860,1,0.002664,0.002664
62870,1,0.934415,0.625089
62880,1,0.934438,0.625182
62890,1,0.934487,0.625274
62900,1,0.991875,0.694224
62910,1,0.991953,0.694260
62920,1,0.992031,0.694296
62930,1,0.992108,0.694332
62940,1,0.992115,0.694357
62950,1,0.933814,0.625320
62960,1,0.992174,0.694404
62970,1,0.992195,0.694425
62980,1,0.934027,0.625431
62990,1,0.992173,0.694454
63000,1,0.934186,0.625513
63010,1,0.934248,0.625541
63020,1,0.934327,0.625587
63030,1,0.934475,0.625661
63040,1,0.934427,0.625752
63050,1,0.934929,0.625844
63060,1,0.935244,0.625926
63070,1,0.935445,0.626009
63080,1,0.991775,0.694522
63090,1,0.991853,0.694557
63100,1,0.991932,0.694593
63110,1,0.992010,0.694629
63120,1,0.992088,0.694664
63130,1,0.992168,0.694700
63140,1,0.992249,0.694735
63150,1,0.992333,0.694770
63160,1,0.934857,0.626091
63170,1,0.992310,0.694809
63180,1,0.992329,0.694827
63190,1,0.992395,0.694859
63200,1,0.935323,0.626264
63210,1,0.935484,0.626328
63220,1,0.935763,0.626419
63230,1,0.935998,0.626492
63240,1,0.936280,0.626583
63250,1,0.991955,0.694877
63260,1,0.935596,0.626647
63270,1,0.992077,0.694944
63280,1,0.992156,0.694979
63290,1,0.992218,0.695010
63300,1,0.992299,0.695046
63310,1,0.992383,0.695081
63320,1,0.992467,0.695116
63330,1,0.992549,0.695151
63340,1,0.992561,0.695172
63350,1,0.935739,0.626755
63360,1,0.992564,0.695203
63370,1,0.992622,0.695231
63380,1,0.935958,0.626837
63390,1,0.004971,0.005921
63400,1,0.936304,0.626972
63410,1,0.936496,0.627053
63420,1,0.936668,0.627126
63430,1,0.936896,0.627216
63440,1,1.000000,0.042438
63450,1,0.991838,0.695277
63460,1,0.991918,0.695311
63470,1,0.991997,0.695346
63480,1,0.992077,0.695381
63490,1,0.992154,0.695416
63500,1,0.992234,0.695450
63510,1,0.992316,0.695485
63520,1,0.992400,0.695520
63530,1,0.934419,0.627252
63540,1,0.934664,0.627332
63550,1,0.934919,0.627421
63560,1,0.935194,0.627510
63570,1,0.004103,0.004103
63580,1,0.991952,0.695547
63590,1,0.992032,0.695582
63600,1,0.992112,0.695616
63610,1,0.992191,0.695651
63620,1,0.992272,0.695685
63630,1,0.992355,0.695719
63640,1,0.992441,0.695754
63650,1,0.992530,0.695788
63660,1,0.934576,0.627661
63670,1,0.992538,0.695833
63680,1,0.003003,0.002854
63690,1,0.934973,0.627820
63700,1,0.004092,0.004728
63710,1,0.935325,0.627944
63720,1,0.935467,0.628023
63730,1,0.935786,0.628102
63740,1,0.992085,0.695847
63750,1,0.992162,0.695881
63760,1,0.992241,0.695915
63770,1,0.992321,0.695949
63780,1,0.992403,0.695983
63790,1,0.992488,0.696017
63800,1,0.992575,0.696051
63810,1,0.992664,0.696086
63820,1,0.992685,0.696120
63830,1,0.935222,0.628182
63840,1,0.935373,0.628226
63850,1,0.935474,0.628261
63860,1,0.012146,0.110072
63870,1,0.992749,0.696201
63880,1,0.992737,0.696215
63890,1,0.935848,0.628410
63900,1,0.992655,0.696222
63910,1,0.936249,0.628533
63920,1,0.936488,0.628612
63930,1,0.003668,0.003668
63940,1,0.006677,0.006421
63950,1,0.936774,0.628787
63960,1,0.992319,0.696238
63970,1,0.992399,0.696272
63980,1,0.992478,0.696306
63990,1,0.992559,0.696340
64000,1,0.992643,0.696374
64010,1,0.992728,0.696407
64020,1,0.992818,0.696441
64030,1,0.992910,0.696475
64040,1,0.007743,0.006750
64050,1,0.992962,0.696525
64060,1,0.993003,0.696549
64070,1,0.936406,0.628891
64080,1,0.936202,0.628900
64090,1,0.007811,0.006795
64100,1,0.936760,0.629013
64110,1,0.936864,0.629048
64120,1,0.992980,0.696643
64130,1,0.993008,0.696660
64140,1,0.993011,0.696666
64150,1,1.000000,0.741873
64160,1,0.937513,0.629257
64170,1,0.993007,0.696707
64180,1,0.937705,0.629335
64190,1,0.937989,0.629422
64200,1,0.992939,0.696737
64210,1,0.938143,0.629465
64220,1,0.993041,0.696787
64230,1,0.993044,0.696800
64240,1,0.938721,0.629630
64250,1,0.938989,0.629708
64260,1,0.003496,0.003468
64270,1,0.939447,0.629847
64280,1,0.939717,0.629925
64290,1,0.992743,0.696810
64300,1,0.992822,0.696844
64310,1,0.992903,0.696877
64320,1,0.008645,0.007324
64330,1,0.940330,0.630116
64340,1,0.992863,0.696910
64350,1,0.992944,0.696943
64360,1,0.993028,0.696976
64370,1,0.993114,0.697010
64380,1,0.993203,0.697043
64390,1,0.993295,0.697076
64400,1,0.993387,0.697109
64410,1,0.993474,0.697139
64420,1,0.993573,0.697172
64430,1,0.993673,0.697205
64440,1,0.940505,0.630219
64450,1,0.940792,0.630306
64460,1,0.941029,0.630366
64470,1,0.941189,0.630436
64480,1,0.941565,0.630522
64490,1,0.941809,0.630591
64500,1,0.993280,0.697232
64510,1,0.993367,0.697264
64520,1,0.993456,0.697297
64530,1,0.993548,0.697330
64540,1,0.993643,0.697363
64550,1,0.993612,0.697380
64560,1,0.993700,0.697413
64570,1,0.993797,0.697446
64580,1,0.993891,0.697478
64590,1,0.941956,0.630677
64600,1,0.942256,0.630755
64610,1,0.942551,0.630841
64620,1,0.942801,0.630919
64630,1,0.003322,0.003322
64640,1,0.993615,0.697511
64650,1,0.993702,0.697544
64660,1,0.993772,0.697570
64670,1,0.993865,0.697603
64680,1,0.993956,0.697636
64690,1,0.994052,0.697668
64700,1,0.994151,0.697701
64710,1,0.994250,0.697734
64720,1,0.994351,0.697766
64730,1,0.994454,0.697799
64740,1,0.994511,0.697825
64750,1,0.994511,0.697845
64760,1,0.943339,0.631108
64770,1,0.994569,0.697884
64780,1,0.943681,0.631186
64790,1,0.994554,0.697913
64800,1,0.003733,0.003589
64810,1,0.944225,0.631332
64820,1,0.994507,0.697949
64830,1,0.994548,0.697971
64840,1,0.002540,0.003411
64850,1,0.994554,0.698001
64860,1,0.994561,0.698014
64870,1,0.994545,0.698027
64880,1,0.994563,0.698043
64890,1,0.945445,0.631633
64900,1,0.945748,0.631711
64910,1,0.946047,0.631780
64920,1,0.946388,0.631849
64930,1,0.994477,0.698091
64940,1,0.994569,0.698124
64950,1,0.946758,0.631926
64960,1,0.947086,0.631995
64970,1,0.947330,0.632064
64980,1,0.947510,0.632132
64990,1,0.947849,0.632218
65000,1,0.948042,0.632270
65010,1,0.994327,0.698162
65020,1,0.994413,0.698195
65030,1,0.994500,0.698227
65040,1,0.994589,0.698259
65050,1,0.994662,0.698288
65060,1,0.994753,0.698320
65070,1,0.994845,0.698352
65080,1,0.994939,0.698384
65090,1,0.948170,0.632304
65100,1,0.948456,0.632382
65110,1,0.948819,0.632450
65120,1,0.949101,0.632528
65130,1,0.005667,0.004302
65140,1,0.949612,0.632665
65150,1,0.994700,0.698426
65160,1,0.994787,0.698458
65170,1,0.994867,0.698487
65180,1,0.949761,0.632708
65190,1,1.000000,0.735582
65200,1,1.000000,0.044659
65210,1,0.994819,0.698525
65220,1,0.994906,0.698557
65230,1,0.994986,0.698586
65240,1,0.995075,0.698618
65250,1,0.995164,0.698650
65260,1,0.995255,0.698682
65270,1,0.995341,0.698714
65280,1,0.995433,0.698745
65290,1,0.995526,0.698777
65300,1,0.995619,0.698809
65310,1,0.950526,0.632897
65320,1,0.950818,0.632974
65330,1,0.006763,0.006763
65340,1,0.951276,0.633077
65350,1,0.951527,0.633146
65360,1,0.003501,0.005644
65370,1,0.951936,0.633258
65380,1,0.952209,0.633335
65390,1,0.952428,0.633403
65400,1,0.995274,0.698876
65410,1,0.995360,0.698907
65420,1,0.995446,0.698939
65430,1,0.995534,0.698971
65440,1,0.995621,0.699002
65450,1,0.995709,0.699034
65460,1,0.995759,0.699056
65470,1,0.995847,0.699088
65480,1,0.995936,0.699119
65490,1,0.996024,0.699151
65500,1,0.952511,0.633429
65510,1,0.996051,0.699189
65520,1,0.996117,0.699217
65530,1,0.996178,0.699245
65540,1,0.952836,0.633532
65550,1,0.953042,0.633575
65560,1,0.953210,0.633626
65570,1,0.953396,0.633669
65580,1,0.953779,0.633755
65590,1,0.953922,0.633823
65600,1,0.954079,0.633875
65610,1,0.954331,0.633943
65620,1,0.954612,0.634029
65630,1,0.995765,0.699312
65640,1,0.995840,0.699343
65650,1,0.995921,0.699374
65660,1,0.996002,0.699405
65670,1,0.996075,0.699434
65680,1,0.954790,0.634088
65690,1,0.954938,0.634140
65700,1,0.955237,0.634217
65710,1,0.955507,0.634285
65720,1,0.995923,0.699471
65730,1,0.996001,0.699502
65740,1,0.996081,0.699534
65750,1,0.955726,0.634362
65760,1,0.955943,0.634430
65770,1,0.956209,0.634498
65780,1,0.996105,0.699596
65790,1,0.956303,0.634533
65800,1,0.012644,0.006590
65810,1,0.956764,0.634661
65820,1,0.011017,0.007055
65830,1,0.011074,0.008761
65840,1,0.026307,0.008331
65850,1,0.995158,0.699627
65860,1,0.995216,0.699658
65870,1,0.995272,0.699689
65880,1,0.995335,0.699719
65890,1,0.995399,0.699750
65900,1,0.995464,0.699781
65910,1,0.995531,0.699812
65920,1,0.995599,0.699843
65930,1,0.995668,0.699873
65940,1,0.951465,0.634703
65950,1,0.951871,0.634786
65960,1,0.952140,0.634853
65970,1,0.952378,0.634920
65980,1,0.952637,0.635003
65990,1,0.952833,0.635061
66000,1,0.953014,0.635144
66010,1,0.953434,0.635219
66020,1,0.995308,0.699910
66030,1,0.995370,0.699941
66040,1,0.995433,0.699971
66050,1,0.995497,0.700002
66060,1,1.000000,0.723290
66070,1,0.952870,0.635327
66080,1,0.953130,0.635410
66090,1,0.995355,0.700023
66100,1,0.995417,0.700054
66110,1,0.995481,0.700084
66120,1,0.995536,0.700112
66130,1,0.995602,0.700142
66140,1,0.995669,0.700173
66150,1,0.995738,0.700203
66160,1,0.995808,0.700234
66170,1,0.995879,0.700264
66180,1,0.995949,0.700294
66190,1,0.953378,0.635476
66200,1,0.953506,0.635509
66210,1,0.003811,0.003811
66220,1,0.954099,0.635667
66230,1,0.954419,0.635741
66240,1,0.954743,0.635824
66250,1,0.955081,0.635907
66260,1,0.955378,0.635981
66270,1,0.995787,0.700361
66280,1,0.995854,0.700391
66290,1,0.955578,0.636031
66300,1,0.995891,0.700431
66310,1,0.995960,0.700461
66320,1,0.996029,0.700491
66330,1,0.003313,0.003313
66340,1,0.955777,0.636146
66350,1,0.955991,0.636212
66360,1,0.003695,0.003695
66370,1,0.995916,0.700527
66380,1,0.995983,0.700557
66390,1,0.996050,0.700587
66400,1,0.996119,0.700618
66410,1,0.996188,0.700648
66420,1,0.996258,0.700678
66430,1,0.956297,0.636361
66440,1,0.956573,0.636443
66450,1,0.956691,0.636526
66460,1,0.996043,0.700687
66470,1,0.957238,0.636625
66480,1,0.996070,0.700726
66490,1,0.996136,0.700756
66500,1,0.996202,0.700786
66510,1,0.996270,0.700815
66520,1,0.996338,0.700845
66530,1,0.996407,0.700875
66540,1,0.996476,0.700905
66550,1,0.996542,0.700935
66560,1,0.996612,0.700965
66570,1,0.996682,0.700995
66580,1,0.996752,0.701024
66590,1,0.957137,0.636649
66600,1,0.996820,0.701069
66610,1,0.996836,0.701090
66620,1,0.996853,0.701108
66630,1,0.996868,0.701126
66640,1,0.957724,0.636814
66650,1,0.996826,0.701146
66660,1,0.958137,0.636904
66670,1,0.958341,0.636970
66680,1,0.996823,0.701191
66690,1,0.996824,0.701203
66700,1,0.958675,0.637061
66710,1,0.958970,0.637135
66720,1,0.959165,0.637209
66730,1,0.959443,0.637282
66740,1,0.959728,0.637365
66750,1,0.960035,0.637438
66760,1,0.960261,0.637504
66770,1,0.996555,0.701247
66780,1,0.996617,0.701277
66790,1,0.996680,0.701306
66800,1,0.996743,0.701336
66810,1,0.996807,0.701365
66820,1,0.996871,0.701395
66830,1,0.960426,0.637553
66840,1,0.996989,0.701451
66850,1,0.997053,0.701480
66860,1,0.960722,0.637635
66870,1,0.960912,0.637693
66880,1,0.961229,0.637767
66890,1,0.961551,0.637849
66900,1,0.961826,0.637922
66910,1,0.996787,0.701489
66920,1,0.996848,0.701518
66930,1,0.996909,0.701548
66940,1,0.996970,0.701577
66950,1,0.997032,0.701606
66960,1,0.997094,0.701635
66970,1,0.997156,0.701665
66980,1,0.997214,0.701694
66990,1,0.997276,0.701723
67000,1,0.997331,0.701749
67010,1,0.997392,0.701779
67020,1,0.997453,0.701808
67030,1,0.962222,0.638045
67040,1,0.997434,0.701834
67050,1,0.010367,0.295426
67060,1,0.962357,0.638103
67070,1,0.962459,0.638135
67080,1,0.962561,0.638168
67090,1,0.003708,0.003708
67100,1,0.997468,0.701933
67110,1,0.997442,0.701942
67120,1,0.997454,0.701959
67130,1,0.997475,0.701979
67140,1,0.963377,0.638421
67150,1,0.997459,0.702003
67160,1,0.963741,0.638511
67170,1,0.997416,0.702020
67180,1,0.997473,0.702049
67190,1,0.997496,0.702069
67200,1,0.997510,0.702086
67210,1,0.964220,0.638650
67220,1,0.997555,0.702127
67230,1,0.964336,0.638683
67240,1,0.997624,0.702173
67250,1,0.964704,0.638773
67260,1,0.965041,0.638854
67270,1,0.965293,0.638928
67280,1,0.997468,0.702182
67290,1,0.997523,0.702211
67300,1,0.997578,0.702239
67310,1,0.965787,0.639058
67320,1,0.966030,0.639132
67330,1,0.966268,0.639205
67340,1,0.966551,0.639287
67350,1,0.966785,0.639360
67360,1,0.997441,0.702280
67370,1,0.997494,0.702308
67380,1,0.997547,0.702337
67390,1,0.997589,0.702363
67400,1,0.997642,0.702391
67410,1,0.997695,0.702420
67420,1,0.997748,0.702449
67430,1,0.997800,0.702477
67440,1,0.997852,0.702506
67450,1,0.966861,0.639384
67460,1,0.967120,0.639449
67470,1,0.997837,0.702534
67480,1,0.997888,0.702563
67490,1,0.997939,0.702591
67500,1,0.997941,0.702606
67510,1,0.997991,0.702634
67520,1,0.967522,0.639555
67530,1,0.998049,0.702677
67540,1,0.998061,0.702694
67550,1,0.967898,0.639645
67560,1,0.018159,0.015811
67570,1,0.968123,0.639726
67580,1,0.998037,0.702742
67590,1,0.998023,0.702751
67600,1,0.968586,0.639864
67610,1,0.968854,0.639946
67620,1,0.997979,0.702779
67630,1,0.969023,0.639986
67640,1,0.969277,0.640059
67650,1,0.997976,0.702816
67660,1,0.997970,0.702827
67670,1,0.969614,0.640165
67680,1,0.998021,0.702869
67690,1,0.969861,0.640238
67700,1,0.998020,0.702895
67710,1,0.005804,0.005804
67720,1,0.970264,0.640368
67730,1,0.970503,0.640441
67740,1,0.970726,0.640514
67750,1,0.997917,0.702923
67760,1,0.997964,0.702951
67770,1,0.998010,0.702979
67780,1,0.970847,0.640554
67790,1,0.998026,0.703010
67800,1,0.998036,0.703024
67810,1,0.971180,0.640659
67820,1,0.971274,0.640692
67830,1,0.971415,0.640732
67840,1,0.998067,0.703086
67850,1,0.971742,0.640813
67860,1,0.971986,0.640878
67870,1,0.998095,0.703131
67880,1,0.972294,0.640942
67890,1,0.972621,0.641023
67900,1,0.972874,0.641096
67910,1,0.973182,0.641177
67920,1,0.973242,0.641193
67930,1,0.973536,0.641274
67940,1,0.997989,0.703167
67950,1,0.974104,0.641419
67960,1,0.974360,0.641492
67970,1,0.997932,0.703176
67980,1,0.974766,0.641605
67990,1,0.975041,0.641686
68000,1,0.975355,0.641766
68010,1,0.997870,0.703203
68020,1,0.997913,0.703231
68030,1,0.997956,0.703259
68040,1,0.997999,0.703287
68050,1,0.998042,0.703315
68060,1,0.998085,0.703343
68070,1,0.998080,0.703365
68080,1,0.998122,0.703393
68090,1,0.998164,0.703420
68100,1,0.998207,0.703448
68110,1,0.998248,0.703476
68120,1,0.998290,0.703503
68130,1,0.998331,0.703531
68140,1,0.998365,0.703559
68150,1,0.998389,0.703586
68160,1,0.998411,0.703608
68170,1,0.998425,0.703622
68180,1,0.974923,0.641911
68190,1,0.998392,0.703631
68200,1,0.975352,0.642007
68210,1,0.998434,0.703669
68220,1,0.998446,0.703686
68230,1,0.998441,0.703694
68240,1,0.002937,0.002937
68250,1,0.976084,0.642184
68260,1,1.000000,0.300587
68270,1,0.976159,0.642312
68280,1,0.976673,0.642392
68290,1,0.977184,0.642473
68300,1,0.977690,0.642553
68310,1,0.977971,0.642633
68320,1,0.978247,0.642713
68330,1,0.998348,0.703746
68340,1,0.998387,0.703774
68350,1,0.978317,0.642729
68360,1,0.978589,0.642809
68370,1,0.978886,0.642890
68380,1,0.979110,0.642954
68390,1,0.998389,0.703823
68400,1,0.998427,0.703850
68410,1,0.979241,0.642994
68420,1,0.979497,0.643074
68430,1,0.998401,0.703870
68440,1,0.998439,0.703897
68450,1,0.979790,0.643162
68460,1,0.980037,0.643242
68470,1,0.998419,0.703919
68480,1,0.980321,0.643330
68490,1,0.998435,0.703946
68500,1,0.980535,0.643402
68510,1,0.018106,0.016019
68520,1,0.980996,0.643554
68530,1,0.981180,0.643617
68540,1,0.998379,0.703968
68550,1,0.998416,0.703995
68560,1,0.998453,0.704022
68570,1,0.981492,0.643713
68580,1,0.981647,0.643769
68590,1,0.981542,0.643849
68600,1,0.998416,0.704054
68610,1,0.998452,0.704081
68620,1,0.998488,0.704108
68630,1,0.998524,0.704135
68640,1,0.009355,0.104368
68650,1,0.981976,0.643968
68660,1,0.982230,0.644039
68670,1,0.981982,0.644063
68680,1,0.998492,0.704179
68690,1,0.998527,0.704206
68700,1,0.982150,0.644166
68710,1,0.998551,0.704236
68720,1,0.982319,0.644246
68730,1,0.998541,0.704252
68740,1,0.998576,0.704279
68750,1,0.982488,0.644301
68760,1,0.982722,0.644380
68770,1,0.998577,0.704309
68780,1,0.998604,0.704333
68790,1,0.982920,0.644452
68800,1,0.983123,0.644523
68810,1,0.983308,0.644594
68820,1,0.983522,0.644665
68830,1,0.983740,0.644744
68840,1,0.998535,0.704354
68850,1,0.998568,0.704381
68860,1,0.998602,0.704408
68870,1,0.983976,0.644839
68880,1,0.998629,0.704440
68890,1,0.984124,0.644902
68900,1,0.984319,0.644981
68910,1,0.998627,0.704473
68920,1,0.984321,0.645020
68930,1,0.984464,0.645083
68940,1,0.998645,0.704513
68950,1,0.984691,0.645178
68960,1,0.984890,0.645256
68970,1,0.998609,0.704521
68980,1,0.960475,0.704547
68990,1,0.985015,0.645303
69000,1,0.998663,0.704579
69010,1,0.985212,0.645390
69020,1,0.984941,0.645460
69030,1,0.985316,0.645538
69040,1,0.985224,0.645609
69050,1,0.998578,0.704603
69060,1,0.998610,0.704630
69070,1,0.998642,0.704656
69080,1,0.998674,0.704683
69090,1,0.998705,0.704710
69100,1,0.998735,0.704735
69110,1,0.998734,0.704746
69120,1,0.985460,0.645718
69130,1,0.009580,0.010052
69140,1,0.009364,0.009966
69150,1,0.985736,0.645929
69160,1,0.985972,0.646007
69170,1,0.998695,0.704789
69180,1,0.998725,0.704815
69190,1,0.998756,0.704842
69200,1,0.986196,0.646092
69210,1,0.986400,0.646162
69220,1,0.986582,0.646232
69230,1,0.998734,0.704863
69240,1,0.998764,0.704889
69250,1,0.986785,0.646310
69260,1,0.998782,0.704916
69270,1,0.986911,0.646395
69280,1,0.986976,0.646473
69290,1,0.998743,0.704929
69300,1,0.987064,0.646519
69310,1,0.987200,0.646597
69320,1,0.987335,0.646659
69330,1,0.987481,0.646736
69340,1,0.987601,0.646805
69350,1,0.987744,0.646883
69360,1,0.998576,0.704955
69370,1,0.998606,0.704982
69380,1,0.998636,0.705008
69390,1,0.998665,0.705034
69400,1,0.998694,0.705061
69410,1,0.998724,0.705087
69420,1,0.998753,0.705113
69430,1,0.998781,0.705139
69440,1,0.998810,0.705166
69450,1,0.998839,0.705192
69460,1,0.998866,0.705218
69470,1,0.998851,0.705244
69480,1,0.998879,0.705270
69490,1,0.998863,0.705273
69500,1,0.998891,0.705299
69510,1,0.998919,0.705325
69520,1,0.986331,0.647028
69530,1,0.986494,0.647097
69540,1,0.986674,0.647174
69550,1,0.986829,0.647250
69560,1,0.986994,0.647326
69570,1,0.998865,0.705354
69580,1,0.987175,0.647418
69590,1,0.987361,0.647494
69600,1,0.987419,0.647563
69610,1,0.998764,0.705359
69620,1,0.998791,0.705385
69630,1,0.998818,0.705411
69640,1,0.998845,0.705437
69650,1,0.998872,0.705463
69660,1,0.998899,0.705489
69670,1,0.998925,0.705515
69680,1,0.998952,0.705540
69690,1,0.998977,0.705566
69700,1,0.999003,0.705592
69710,1,0.999028,0.705618
69720,1,0.986451,0.647608
69730,1,0.986571,0.647654
69740,1,0.986733,0.647714
69750,1,0.986922,0.647790
69760,1,0.987133,0.647865
69770,1,0.987289,0.647926
69780,1,0.998936,0.705641
69790,1,0.998962,0.705667
69800,1,0.998952,0.705670
69810,1,0.998977,0.705695
69820,1,0.999002,0.705721
69830,1,0.999027,0.705747
69840,1,0.987664,0.648077
69850,1,0.987826,0.648145
69860,1,0.018633,0.018630
69870,1,0.988094,0.648250
69880,1,0.988174,0.648310
69890,1,0.988268,0.648386
69900,1,0.988349,0.648453
69910,1,0.988394,0.648498
69920,1,0.988467,0.648573
69930,1,0.998924,0.705778
69940,1,0.998949,0.705803
69950,1,0.998973,0.705829
69960,1,0.998998,0.705854
69970,1,0.999020,0.705878
69980,1,0.999044,0.705903
69990,1,0.988514,0.648611
70000,1,0.999086,0.705952
70010,1,0.999109,0.705977
70020,1,0.999132,0.706003
70030,1,0.999155,0.706028
70040,1,0.999178,0.706054
70050,1,0.999200,0.706079
70060,1,0.999221,0.706104
70070,1,0.999238,0.706125
70080,1,0.999259,0.706150
70090,1,0.999268,0.706168
70100,1,0.999252,0.706186
70110,1,0.988386,0.648716
70120,1,0.988506,0.648783
70130,1,0.999217,0.706196
70140,1,0.999238,0.706221
70150,1,0.999258,0.706246
70160,1,0.988633,0.648850
70170,1,0.988756,0.648925
70180,1,0.988877,0.648992
70190,1,0.989000,0.649059
70200,1,0.989099,0.649119
70210,1,0.989229,0.649193
70220,1,0.989350,0.649267
70230,1,0.989473,0.649334
70240,1,0.989594,0.649408
70250,1,0.989712,0.649482
70260,1,0.989838,0.649549
70270,1,0.989938,0.649616
70280,1,0.990058,0.649690
70290,1,0.990178,0.649764
70300,1,0.014839,0.011064
70310,1,0.999040,0.706277
70320,1,0.999062,0.706302
70330,1,0.999083,0.706327
70340,1,0.999105,0.706352
70350,1,0.999126,0.706377
70360,1,0.999147,0.706403
70370,1,0.999166,0.706428
70380,1,0.999187,0.706453
70390,1,0.999208,0.706478
70400,1,0.999228,0.706503
70410,1,0.999248,0.706528
70420,1,0.999267,0.706553
70430,1,0.999259,0.706575
70440,1,0.989471,0.649882
70450,1,0.989592,0.649948
70460,1,0.999229,0.706588
70470,1,0.999248,0.706613
70480,1,0.999268,0.706638
70490,1,0.989790,0.650065
70500,1,0.999266,0.706658
70510,1,0.989876,0.650109
70520,1,0.989989,0.650182
70530,1,0.999264,0.706688
70540,1,0.990147,0.650270
70550,1,0.990288,0.650343
70560,1,0.999254,0.706703
70570,1,0.999273,0.706727
70580,1,0.052047,0.105879
70590,1,0.999266,0.706737
70600,1,0.990604,0.650497
70610,1,0.999279,0.706767
70620,1,0.990663,0.650555
70630,1,0.999265,0.706782
70640,1,0.999282,0.706804
70650,1,0.999300,0.706829
70660,1,0.990743,0.650657
70670,1,0.990789,0.650693
70680,1,0.999309,0.706869
70690,1,0.990897,0.650766
70700,1,0.990985,0.650832
70710,1,0.999305,0.706896
70720,1,0.999323,0.706921
70730,1,0.991133,0.650926
70740,1,0.991228,0.650998
70750,1,0.991320,0.651071
70760,1,0.999294,0.706938
70770,1,0.999312,0.706963
70780,1,0.999330,0.706987
70790,1,0.991439,0.651158
70800,1,0.991528,0.651230
70810,1,0.991624,0.651302
70820,1,0.999302,0.707007
70830,1,0.999319,0.707031
70840,1,0.991725,0.651374
70850,1,0.991817,0.651446
70860,1,0.991901,0.651518
70870,1,0.991992,0.651590
70880,1,0.999293,0.707058
70890,1,0.992024,0.651619
70900,1,0.992097,0.651684
70910,1,0.992184,0.651756
70920,1,0.992262,0.651827
70930,1,0.992324,0.651885
70940,1,0.992395,0.651949
70950,1,0.992452,0.651999
70960,1,0.999239,0.707085
70970,1,0.992534,0.652078
70980,1,0.992608,0.652142
70990,1,0.992665,0.652199
71000,1,0.999221,0.707105
71010,1,0.999239,0.707130
71020,1,0.999257,0.707154
71030,1,0.999274,0.707178
71040,1,0.999292,0.707203
71050,1,0.999309,0.707227
71060,1,0.999326,0.707252
71070,1,0.999338,0.707271
71080,1,0.999355,0.707296
71090,1,0.999371,0.707320
71100,1,0.992753,0.652277
71110,1,0.015187,0.011337
71120,1,0.992949,0.652405
71130,1,0.993051,0.652469
71140,1,0.999365,0.707354
71150,1,0.999380,0.707378
71160,1,0.999396,0.707402
71170,1,0.999412,0.707426
71180,1,0.999428,0.707451
71190,1,0.999443,0.707475
71200,1,0.999454,0.707494
71210,1,0.999469,0.707518
71220,1,0.999483,0.707543
71230,1,0.999498,0.707567
71240,1,0.999511,0.707588
71250,1,0.999524,0.707612
71260,1,0.999538,0.707637
71270,1,0.993170,0.652554
71280,1,0.993207,0.652597
71290,1,0.993238,0.652647
71300,1,0.993268,0.652717
71310,1,0.009728,0.009969
71320,1,0.993360,0.652823
71330,1,0.993409,0.652873
71340,1,0.993457,0.652929
71350,1,0.999444,0.707670
71360,1,0.999459,0.707694
71370,1,0.999473,0.707718
71380,1,0.999487,0.707742
71390,1,0.999501,0.707766
71400,1,0.999515,0.707790
71410,1,0.999528,0.707814
71420,1,0.999539,0.707838
71430,1,0.999552,0.707862
71440,1,0.999559,0.707886
71450,1,0.999572,0.707910
71460,1,0.999584,0.707933
71470,1,0.999562,0.707955
71480,1,0.992581,0.652992
71490,1,0.992669,0.653063
71500,1,0.992749,0.653133
71510,1,0.992825,0.653203
71520,1,0.999516,0.707967
71530,1,0.999529,0.707991
71540,1,0.992870,0.653245
71550,1,0.992954,0.653308
71560,1,0.993020,0.653371
71570,1,0.993098,0.653440
71580,1,0.993169,0.653510
71590,1,0.993231,0.653573
71600,1,0.015440,0.011520
71610,1,0.999496,0.708033
71620,1,0.999509,0.708057
71630,1,0.993319,0.653656
71640,1,0.993379,0.653719
71650,1,0.999505,0.708081
71660,1,0.999518,0.708104
71670,1,0.993472,0.653809
71680,1,0.999516,0.708123
71690,1,0.999528,0.708147
71700,1,0.999519,0.708166
71710,1,0.999531,0.708189
71720,1,0.993275,0.653864
71730,1,0.999539,0.708215
71740,1,0.993421,0.653927
71750,1,0.993579,0.653996
71760,1,0.993738,0.654065
71770,1,0.993895,0.654134
71780,1,0.999534,0.708232
71790,1,0.993948,0.654189
71800,1,0.994013,0.654251
71810,1,0.994096,0.654320
71820,1,0.994174,0.654389
71830,1,0.994237,0.654451
71840,1,0.994259,0.654520
71850,1,0.999502,0.708265
71860,1,0.999510,0.708284
71870,1,0.999522,0.708307
71880,1,0.994290,0.654629
71890,1,0.999507,0.708314
71900,1,0.994303,0.654691
71910,1,0.999516,0.708347
71920,1,0.994330,0.654752
71930,1,0.994359,0.654780
71940,1,0.994405,0.654841
71950,1,0.999519,0.708387
71960,1,0.994446,0.654896
71970,1,0.994478,0.654930
71980,1,0.015402,0.011608
71990,1,0.999507,0.708413
72000,1,0.994578,0.655066
72010,1,0.994642,0.655134
72020,1,0.994701,0.655202
72030,1,0.994753,0.655270
72040,1,0.994800,0.655338
72050,1,0.994841,0.655399
72060,1,0.999474,0.708450
72070,1,0.999487,0.708473
72080,1,0.999487,0.708497
72090,1,0.999499,0.708520
72100,1,0.994485,0.655446
72110,1,0.994538,0.655513
72120,1,0.994595,0.655581
72130,1,0.994641,0.655641
72140,1,0.018019,0.016203
72150,1,0.013789,0.007092
72160,1,0.999384,0.708543
72170,1,0.999396,0.708566
72180,1,0.999409,0.708590
72190,1,0.999421,0.708613
72200,1,0.999433,0.708636
72210,1,0.999446,0.708659
72220,1,0.999458,0.708682
72230,1,0.999470,0.708705
72240,1,0.999482,0.708729
72250,1,0.999494,0.708752
72260,1,0.999506,0.708775
72270,1,0.999518,0.708798
72280,1,0.999529,0.708821
72290,1,0.999540,0.708844
72300,1,0.993483,0.655715
72310,1,0.999527,0.708871
72320,1,0.993522,0.655748
72330,1,0.993599,0.655815
72340,1,0.999523,0.708892
72350,1,0.993715,0.655902
72360,1,0.993801,0.655969
72370,1,0.993885,0.656035
72380,1,0.993971,0.656102
72390,1,0.994008,0.656155
72400,1,0.008462,0.098224
72410,1,0.994080,0.656261
72420,1,0.994111,0.656321
72430,1,0.994158,0.656387
72440,1,0.994214,0.656447
72450,1,0.994263,0.656500
72460,1,0.999461,0.708922
72470,1,0.999473,0.708945
72480,1,0.999484,0.708968
72490,1,0.999492,0.708986
72500,1,0.999504,0.709009
72510,1,0.999515,0.709032
72520,1,0.999526,0.709055
72530,1,0.999538,0.709077
72540,1,0.999549,0.709100
72550,1,0.999560,0.709123
72560,1,0.999570,0.709146
72570,1,0.994354,0.656585
72580,1,0.994424,0.656645
72590,1,0.994481,0.656704
72600,1,0.004075,0.003944
72610,1,0.999472,0.709159
72620,1,0.999483,0.709182
72630,1,0.999494,0.709205
72640,1,0.999505,0.709227
72650,1,0.999516,0.709250
72660,1,0.999527,0.709273
72670,1,0.999538,0.709295
72680,1,0.999547,0.709318
72690,1,0.999558,0.709341
72700,1,0.999569,0.709363
72710,1,0.999579,0.709386
72720,1,0.999589,0.709408
72730,1,0.999600,0.709431
72740,1,0.015534,0.011857
72750,1,1.000000,0.725885
72760,1,0.002487,0.508559
72770,1,0.015919,0.012024
72780,1,0.999454,0.709460
72790,1,0.999443,0.709476
72800,1,0.999454,0.709498
72810,1,0.991976,0.656802
72820,1,0.992064,0.656867
72830,1,0.999461,0.709530
72840,1,0.999468,0.709545
72850,1,0.992182,0.656952
72860,1,0.999469,0.709561
72870,1,0.992279,0.657036
72880,1,0.992243,0.657081
72890,1,0.999453,0.709572
72900,1,0.999464,0.709594
72910,1,0.992425,0.657172
72920,1,0.992559,0.657237
72930,1,0.992669,0.657295
72940,1,0.992749,0.657359
72950,1,0.999465,0.709619
72960,1,0.999476,0.709641
72970,1,0.992801,0.657398
72980,1,0.999483,0.709666
72990,1,0.992885,0.657463
73000,1,0.992960,0.657527
73010,1,0.993042,0.657592
73020,1,0.003112,0.003112
73030,1,0.999468,0.709693
73040,1,0.999479,0.709715
73050,1,0.999489,0.709737
73060,1,0.992988,0.657656
73070,1,0.993106,0.657714
73080,1,0.993243,0.657778
73090,1,0.993376,0.657842
73100,1,0.993471,0.657906
73110,1,0.993533,0.657957
73120,1,0.993606,0.658021
73130,1,0.993666,0.658072
73140,1,0.993730,0.658130
73150,1,0.993800,0.658194
73160,1,0.993832,0.658219
73170,1,0.993894,0.658277
73180,1,0.993935,0.658315
73190,1,0.994013,0.658378
73200,1,0.994088,0.658442
73210,1,0.994172,0.658506
73220,1,0.994248,0.658569
73230,1,0.994329,0.658632
73240,1,0.994410,0.658696
73250,1,0.999421,0.709801
73260,1,0.999431,0.709824
73270,1,0.999442,0.709846
73280,1,0.999452,0.709868
73290,1,0.999463,0.709890
73300,1,0.999467,0.709912
73310,1,0.999463,0.709932
73320,1,0.993865,0.658734
73330,1,0.993937,0.658797
73340,1,0.994004,0.658860
73350,1,0.994071,0.658923
73360,1,0.994134,0.658979
73370,1,0.994186,0.659030
73380,1,0.994224,0.659067
73390,1,0.999430,0.709958
73400,1,0.999441,0.709980
73410,1,0.999451,0.710002
73420,1,0.999461,0.710024
73430,1,0.999472,0.710046
73440,1,0.999482,0.710068
73450,1,0.999492,0.710090
73460,1,0.994324,0.659155
73470,1,0.994400,0.659218
73480,1,0.994437,0.659281
73490,1,0.994505,0.659343
73500,1,0.994565,0.659406
73510,1,0.994615,0.659456
73520,1,0.016542,0.016327
73530,1,0.999453,0.710112
73540,1,0.999464,0.710134
73550,1,0.999474,0.710156
73560,1,0.999484,0.710178
73570,1,0.999494,0.710200
73580,1,0.999504,0.710221
73590,1,0.999515,0.710243
73600,1,0.999525,0.710265
73610,1,0.999535,0.710287
73620,1,0.999545,0.710309
73630,1,0.999555,0.710330
73640,1,0.999564,0.710352
73650,1,0.999574,0.710374
73660,1,0.994288,0.659493
73670,1,0.994352,0.659549
73680,1,0.999557,0.710393
73690,1,0.994418,0.659611
73700,1,0.999559,0.710408
73710,1,0.994449,0.659642
73720,1,0.016596,0.012510
73730,1,0.994567,0.659760
73740,1,0.994633,0.659822
73750,1,0.994695,0.659884
73760,1,0.999539,0.710430
73770,1,0.994764,0.659959
73780,1,0.994826,0.660014
73790,1,0.994888,0.660076
73800,1,0.994932,0.660125
73810,1,0.994985,0.660181
73820,1,0.995028,0.660230
73830,1,0.999518,0.710452
73840,1,0.999528,0.710473
73850,1,0.999537,0.710495
73860,1,0.995070,0.660279
73870,1,0.999556,0.710536
73880,1,0.999565,0.710557
73890,1,0.999575,0.710579
73900,1,0.995116,0.660322
73910,1,0.995143,0.660353
73920,1,0.995207,0.660414
73930,1,0.999561,0.710588
73940,1,0.999571,0.710609
73950,1,0.999580,0.710631
73960,1,0.999589,0.710652
73970,1,0.999599,0.710673
73980,1,0.999608,0.710695
73990,1,0.999617,0.710716
74000,1,0.995301,0.660513
74010,1,0.995363,0.660568
74020,1,0.995436,0.660629
74030,1,0.995484,0.660678
74040,1,0.995507,0.660739
74050,1,0.995528,0.660794
74060,1,0.995557,0.660849
74070,1,0.999586,0.710736
74080,1,0.999595,0.710757
74090,1,0.999604,0.710778
74100,1,0.999613,0.710800
74110,1,0.999622,0.710821
74120,1,0.999631,0.710842
74130,1,0.995570,0.660885
74140,1,0.999639,0.710874
74150,1,0.999648,0.710896
74160,1,0.999656,0.710917
74170,1,0.999664,0.710938
74180,1,0.999673,0.710959
74190,1,0.995464,0.660928
74200,1,0.995511,0.660989
74210,1,0.995552,0.661037
74220,1,0.995588,0.661086
74230,1,0.008905,0.288505
74240,1,0.995668,0.661189
74250,1,0.999638,0.710976
74260,1,0.995682,0.661207
74270,1,0.121554,0.166520
74280,1,0.995748,0.661286
74290,1,0.995774,0.661322
74300,1,0.999642,0.711014
74310,1,0.999649,0.711034
74320,1,0.999650,0.711044
74330,1,0.155276,0.165172
74340,1,0.995779,0.661382
74350,1,0.999654,0.711069
74360,1,0.152304,0.164961
74370,1,0.995816,0.661430
74380,1,0.053298,0.033211
74390,1,0.054812,0.038344
74400,1,0.163823,0.164705
74410,1,0.166847,0.164700
74420,1,0.168562,0.164715
74430,1,0.170348,0.164753
74440,1,0.171775,0.164806
74450,1,0.999643,0.711105
74460,1,0.999651,0.711126
74470,1,0.999659,0.711147
74480,1,0.169143,0.164814
74490,1,0.170519,0.164852
74500,1,0.172166,0.164919
74510,1,0.999662,0.711183
74520,1,0.083430,0.084457
74530,1,0.999661,0.711192
74540,1,0.995909,0.661725
74550,1,0.085334,0.084433
74560,1,0.995962,0.661797
74570,1,0.085982,0.084440
74580,1,0.996004,0.661851
74590,1,0.996044,0.661905
74600,1,0.996082,0.661965
74610,1,0.999653,0.711232
74620,1,0.996090,0.661976
74630,1,0.996131,0.662036
74640,1,0.089733,0.084575
74650,1,0.996161,0.662072
74660,1,0.999653,0.711259
74670,1,0.996150,0.662120
74680,1,0.996202,0.662179
74690,1,0.996212,0.662233
74700,1,0.999643,0.711278
74710,1,0.999644,0.711299
74720,1,0.999639,0.711309
74730,1,0.996070,0.662280
74740,1,0.999637,0.711324
74750,1,0.090460,0.084755
74760,1,0.090240,0.084911
74770,1,0.996110,0.662351
74780,1,0.996087,0.662399
74790,1,0.996102,0.662452
74800,1,0.999613,0.711345
74810,1,0.999621,0.711366
74820,1,0.999629,0.711386
74830,1,0.173279,0.083314
74840,1,0.995824,0.662487
74850,1,0.995868,0.662546
74860,1,0.999624,0.711426
74870,1,0.999632,0.711447
74880,1,0.999639,0.711468
74890,1,0.995906,0.662593
74900,1,0.995949,0.662652
74910,1,0.999628,0.711478
74920,1,0.999635,0.711499
74930,1,0.999643,0.711520
74940,1,0.999642,0.711526
74950,1,0.996005,0.662787
74960,1,0.996037,0.662828
74970,1,0.999638,0.711542
74980,1,0.996081,0.662893
74990,1,0.999639,0.711559
75000,1,0.999647,0.711580
75010,1,0.996146,0.662975
75020,1,0.999650,0.711598
75030,1,0.996185,0.663033
75040,1,0.143437,0.093493
75050,1,0.999652,0.711621
75060,1,0.996229,0.663098
75070,1,0.996268,0.663156
75080,1,0.996310,0.663208
75090,1,0.999644,0.711635
75100,1,0.999652,0.711656
75110,1,0.996364,0.663272
75120,1,0.999645,0.711669
75130,1,0.999652,0.711689
75140,1,0.999659,0.711710
75150,1,0.996298,0.663313
75160,1,0.996317,0.663365
75170,1,0.999645,0.711730
75180,1,0.999653,0.711751
75190,1,0.999660,0.711771
75200,1,0.996242,0.663435
75210,1,0.996323,0.663493
75220,1,0.996404,0.663551
75230,1,0.996482,0.663609
75240,1,0.061992,0.048935
75250,1,0.999665,0.711804
75260,1,0.996473,0.663672
75270,1,0.996512,0.663724
75280,1,0.996542,0.663776
75290,1,0.996572,0.663828
75300,1,0.996607,0.663886
75310,1,0.999642,0.711823
75320,1,0.999649,0.711843
75330,1,0.999656,0.711864
75340,1,0.999663,0.711884
75350,1,0.999670,0.711905
75360,1,0.999664,0.711919
75370,1,0.999671,0.711939
75380,1,0.996447,0.663937
75390,1,0.999672,0.711958
75400,1,0.996489,0.663995
75410,1,0.996523,0.664052
75420,1,0.996572,0.664109
75430,1,0.996609,0.664167
75440,1,0.999668,0.711986
75450,1,0.996628,0.664201
75460,1,0.996642,0.664224
75470,1,0.996673,0.664275
75480,1,0.999668,0.712013
75490,1,0.999675,0.712033
75500,1,0.996707,0.664326
75510,1,0.999671,0.712047
75520,1,0.999678,0.712068
75530,1,0.999685,0.712088
75540,1,0.996664,0.664389
75550,1,0.996671,0.664401
75560,1,0.999684,0.712114
75570,1,0.996661,0.664435
75580,1,0.996709,0.664492
75590,1,0.996753,0.664548
75600,1,0.996795,0.664605
75610,1,0.996814,0.664662
75620,1,0.053986,0.049328
75630,1,0.999662,0.712147
75640,1,0.999669,0.712167
75650,1,0.999676,0.712187
75660,1,0.999683,0.712207
75670,1,0.999689,0.712227
75680,1,0.999696,0.712248
75690,1,0.999699,0.712268
75700,1,0.999699,0.712284
75710,1,0.999705,0.712304
75720,1,0.996543,0.664724
75730,1,0.996571,0.664769
75740,1,0.996612,0.664826
75750,1,0.098663,0.098757
75760,1,0.996659,0.664905
75770,1,0.999689,0.712324
75780,1,0.999696,0.712344
75790,1,0.999702,0.712364
75800,1,0.999703,0.712374
75810,1,0.996705,0.664972
75820,1,0.999702,0.712386
75830,1,0.996735,0.665023
75840,1,0.999707,0.712410
75850,1,0.996766,0.665073
75860,1,0.999712,0.712436
75870,1,0.996795,0.665124
75880,1,0.999716,0.712460
75890,1,0.996816,0.665163
75900,1,0.996850,0.665219
75910,1,0.999718,0.712486
75920,1,0.996859,0.665236
75930,1,0.996885,0.665275
75940,1,0.996900,0.665303
75950,1,0.999724,0.712526
75960,1,0.084317,0.097816
75970,1,0.996938,0.665370
75980,1,0.996968,0.665420
75990,1,0.999719,0.712544
76000,1,0.032320,0.095080
76010,1,0.997017,0.665510
76020,1,0.997045,0.665565
76030,1,0.997073,0.665615
76040,1,0.997097,0.665665
76050,1,0.997117,0.665704
76060,1,0.997146,0.665760
76070,1,0.997172,0.665815
76080,1,0.997200,0.665870
76090,1,0.997218,0.665909
76100,1,0.997238,0.665953
76110,1,0.997263,0.666003
76120,1,0.997283,0.666047
76130,1,0.999673,0.712554
76140,1,0.999679,0.712574
76150,1,0.999685,0.712594
76160,1,0.999691,0.712614
76170,1,0.999697,0.712634
76180,1,0.999702,0.712653
76190,1,0.999708,0.712673
76200,1,0.999715,0.712693
76210,1,0.999721,0.712713
76220,1,0.999727,0.712733
76230,1,0.999733,0.712752
76240,1,0.999738,0.712772
76250,1,0.999735,0.712782
76260,1,0.997112,0.666091
76270,1,0.999736,0.712804
76280,1,0.997164,0.666163
76290,1,0.997203,0.666218
76300,1,0.997237,0.666273
76310,1,0.997266,0.666327
76320,1,0.997287,0.666377
76330,1,0.997299,0.666426
76340,1,0.050319,0.049174
76350,1,0.997315,0.666508
76360,1,0.999705,0.712806
76370,1,0.999711,0.712825
76380,1,0.069578,0.094711
76390,1,0.068354,0.092464
76400,1,0.999713,0.712847
76410,1,0.999719,0.712867
76420,1,0.999725,0.712886
76430,1,0.999731,0.712906
76440,1,0.999737,0.712926
76450,1,0.997344,0.666633
76460,1,0.999737,0.712945
76470,1,0.999743,0.712965
76480,1,0.999749,0.712984
76490,1,0.999754,0.713004
76500,1,0.999760,0.713023
76510,1,0.999766,0.713043
76520,1,0.999771,0.713062
76530,1,0.997374,0.666699
76540,1,0.999771,0.713078
76550,1,0.999777,0.713098
76560,1,0.997395,0.666742
76570,1,0.997421,0.666797
76580,1,0.997444,0.666851
76590,1,0.999768,0.713113
76600,1,0.999770,0.713125
76610,1,0.997475,0.666921
76620,1,0.997502,0.666975
76630,1,0.997525,0.667029
76640,1,0.997543,0.667073
76650,1,0.999765,0.713152
76660,1,0.999770,0.713171
76670,1,0.997560,0.667100
76680,1,0.997579,0.667148
76690,1,0.050518,0.049232
76700,1,0.999765,0.713193
76710,1,0.997572,0.667213
76720,1,0.999770,0.713218
76730,1,0.999775,0.713237
76740,1,0.999780,0.713257
76750,1,0.997596,0.667272
76760,1,0.997615,0.667321
76770,1,0.051564,0.049325
76780,1,0.065688,0.091258
76790,1,0.017189,0.016800
76800,1,0.999772,0.713278
76810,1,0.997678,0.667476
76820,1,0.997702,0.667530
76830,1,0.997726,0.667583
76840,1,0.997747,0.667637
76850,1,0.997764,0.667685
76860,1,0.999755,0.713284
76870,1,0.999760,0.713303
76880,1,0.999765,0.713321
76890,1,0.999770,0.713340
76900,1,0.999775,0.713359
76910,1,0.999780,0.713378
76920,1,0.999785,0.713398
76930,1,0.999790,0.713417
76940,1,0.999795,0.713436
76950,1,0.999800,0.713455
76960,1,0.999804,0.713474
76970,1,0.999809,0.713494
76980,1,0.997796,0.667770
76990,1,0.997820,0.667818
77000,1,0.997843,0.667866
77010,1,0.997867,0.667919
77020,1,0.997897,0.667972
77030,1,0.999798,0.713511
77040,1,0.999801,0.713524
77050,1,0.999806,0.713543
77060,1,0.999810,0.713563
77070,1,0.999815,0.713582
77080,1,0.999819,0.713601
77090,1,0.999824,0.713620
77100,1,0.999828,0.713637
77110,1,0.997925,0.668025
77120,1,0.050644,0.049353
77130,1,0.997963,0.668105
77140,1,0.997988,0.668147
77150,1,0.999824,0.713660
77160,1,0.999828,0.713679
77170,1,0.999833,0.713698
77180,1,0.999837,0.713717
77190,1,0.017257,0.016828
77200,1,0.058552,0.088362
77210,1,0.999825,0.713749
77220,1,0.999830,0.713768
77230,1,0.999834,0.713787
77240,1,0.999838,0.713806
77250,1,0.999842,0.713825
77260,1,0.999846,0.713844
77270,1,0.999850,0.713863
77280,1,0.999854,0.713882
77290,1,0.999858,0.713900
77300,1,0.999862,0.713919
77310,1,0.999865,0.713938
77320,1,0.997762,0.668194
77330,1,0.999861,0.713961
77340,1,0.999861,0.713976
77350,1,0.017244,0.016942
77360,1,0.997748,0.668273
77370,1,0.999861,0.713993
77380,1,0.999862,0.714010
77390,1,0.997776,0.668352
77400,1,0.997826,0.668405
77410,1,0.997861,0.668458
77420,1,0.051361,0.049543
77430,1,0.997896,0.668552
77440,1,0.999855,0.714030
77450,1,0.999858,0.714049
77460,1,0.997898,0.668557
77470,1,0.997918,0.668610
77480,1,0.997938,0.668657
77490,1,0.997955,0.668698
77500,1,0.997969,0.668730
77510,1,0.997986,0.668777
77520,1,0.999851,0.714079
77530,1,0.997995,0.668803
77540,1,0.999852,0.714098
77550,1,0.998025,0.668881
77560,1,0.998038,0.668923
77570,1,0.059760,0.086133
77580,1,0.998059,0.668980
77590,1,0.998085,0.669032
77600,1,0.998110,0.669084
77610,1,0.998127,0.669135
77620,1,0.999837,0.714113
77630,1,0.999841,0.714131
77640,1,0.999845,0.714150
77650,1,0.999849,0.714169
77660,1,0.999852,0.714187
77670,1,0.999856,0.714206
77680,1,0.999860,0.714224
77690,1,0.999863,0.714243
77700,1,0.999867,0.714262
77710,1,0.999870,0.714280
77720,1,0.999874,0.714299
77730,1,0.999877,0.714317
77740,1,0.998130,0.669167
77750,1,0.999877,0.714338
77760,1,0.999880,0.714356
77770,1,0.998142,0.669244
77780,1,0.998144,0.669270
77790,1,0.998162,0.669322
77800,1,0.998180,0.669373
77810,1,0.999874,0.714378
77820,1,0.999877,0.714397
77830,1,0.998193,0.669419
77840,1,0.999880,0.714423
77850,1,0.998202,0.669445
77860,1,0.998216,0.669497
77870,1,0.998223,0.669522
77880,1,0.017479,0.017017
77890,1,0.998251,0.669620
77900,1,0.998266,0.669671
77910,1,0.999861,0.714437
77920,1,0.999864,0.714456
77930,1,0.999863,0.714474
77940,1,0.999866,0.714491
77950,1,0.999869,0.714509
77960,1,0.999872,0.714527
77970,1,0.999876,0.714546
77980,1,0.999879,0.714564
77990,1,0.999882,0.714583
78000,1,0.999883,0.714592
78010,1,0.999886,0.714610
78020,1,0.073015,0.085437
78030,1,0.998097,0.669748
78040,1,0.065368,0.084939
78050,1,0.053042,0.050014
78060,1,1.000000,0.288554
78070,1,0.999842,0.714639
78080,1,0.999845,0.714658
78090,1,0.999848,0.714676
78100,1,0.999851,0.714694
78110,1,0.999854,0.714712
78120,1,0.058069,0.083101
78130,1,0.997609,0.669784
78140,1,0.997620,0.669809
78150,1,0.997644,0.669860
78160,1,0.003143,0.003166
78170,1,0.997677,0.669936
78180,1,0.997699,0.669987
78190,1,0.997714,0.670022
78200,1,0.999841,0.714738
78210,1,0.997720,0.670038
78220,1,0.997741,0.670083
78230,1,0.997718,0.670134
78240,1,0.997762,0.670184
78250,1,0.997804,0.670235
78260,1,0.997847,0.670285
78270,1,0.997890,0.670336
78280,1,0.997930,0.670386
78290,1,0.997935,0.670396
78300,1,0.999834,0.714769
78310,1,0.999837,0.714787
78320,1,0.999840,0.714805
78330,1,0.999844,0.714823
78340,1,0.999847,0.714841
78350,1,0.999850,0.714859
78360,1,0.999854,0.714877
78370,1,0.999857,0.714895
78380,1,0.999860,0.714914
78390,1,0.999863,0.714932
78400,1,0.999866,0.714950
78410,1,0.999869,0.714968
78420,1,0.017879,0.017046
78430,1,0.999875,0.715002
78440,1,0.999875,0.715014
78450,1,0.997930,0.670482
78460,1,0.059272,0.081412
78470,1,0.997941,0.670542
78480,1,0.999869,0.715022
78490,1,0.999872,0.715040
78500,1,0.999875,0.715058
78510,1,0.999878,0.715076
78520,1,0.999881,0.715093
78530,1,0.999884,0.715111
78540,1,0.999886,0.715129
78550,1,0.997946,0.670557
78560,1,0.997954,0.670577
78570,1,0.999890,0.715167
78580,1,0.997989,0.670647
78590,1,0.017903,0.017190
78600,1,0.002617,0.287346
78610,1,0.998040,0.670782
78620,1,0.999884,0.715183
78630,1,0.999887,0.715201
78640,1,0.998050,0.670807
78650,1,0.999886,0.715211
78660,1,0.998066,0.670852
78670,1,0.999889,0.715236
78680,1,0.003214,0.003214
78690,1,0.999890,0.715256
78700,1,0.998101,0.670937
78710,1,0.998107,0.670957
78720,1,0.002532,0.002873
78730,1,0.999889,0.715281
78740,1,0.999892,0.715299
78750,1,0.998142,0.671051
78760,1,0.998153,0.671086
78770,1,0.999893,0.715324
78780,1,0.054479,0.050816
78790,1,0.999891,0.715332
78800,1,0.998181,0.671155
78810,1,0.998184,0.671165
78820,1,0.998203,0.671215
78830,1,0.998220,0.671259
78840,1,0.999891,0.715361
78850,1,0.998232,0.671294
78860,1,0.998249,0.671338
78870,1,0.063529,0.079367
78880,1,0.999890,0.715384
78890,1,0.998296,0.671427
78900,1,0.998314,0.671471
78910,1,0.998337,0.671521
78920,1,0.998352,0.671565
78930,1,0.998370,0.671609
78940,1,0.998392,0.671658
78950,1,0.998412,0.671702
78960,1,0.999882,0.715400
78970,1,0.999885,0.715417
78980,1,0.999888,0.715435
78990,1,0.999890,0.715453
79000,1,0.999893,0.715470
79010,1,0.999896,0.715488
79020,1,0.999898,0.715506
79030,1,0.998425,0.671736
79040,1,0.999900,0.715529
79050,1,0.999902,0.715546
79060,1,0.003994,0.003521
79070,1,0.998400,0.671795
79080,1,0.998437,0.671844
79090,1,0.054850,0.051009
79100,1,0.998491,0.671917
79110,1,0.998526,0.671966
79120,1,0.998555,0.672015
79130,1,0.998497,0.672029
79140,1,0.998532,0.672078
79150,1,0.998563,0.672122
79160,1,0.998597,0.672170
79170,1,0.998627,0.672214
79180,1,0.998659,0.672262
79190,1,0.999891,0.715565
79200,1,0.998690,0.672335
79210,1,0.998700,0.672379
79220,1,0.998716,0.672427
79230,1,0.018135,0.017166
79240,1,0.999883,0.715587
79250,1,0.999886,0.715604
79260,1,0.999888,0.715622
79270,1,0.999891,0.715639
79280,1,0.999891,0.715650
79290,1,0.999894,0.715667
79300,1,0.999896,0.715685
79310,1,0.999899,0.715702
79320,1,0.999901,0.715719
79330,1,0.999904,0.715737
79340,1,0.999906,0.715754
79350,1,0.999908,0.715772
79360,1,0.999910,0.715789
79370,1,0.999913,0.715807
79380,1,0.999915,0.715824
79390,1,0.999917,0.715841
79400,1,0.999919,0.715859
79410,1,0.999921,0.715876
79420,1,0.999922,0.715893
79430,1,0.999921,0.715905
79440,1,0.003715,0.003715
79450,1,0.066422,0.078181
79460,1,0.055191,0.051186
79470,1,0.999920,0.715926
79480,1,0.998605,0.672557
79490,1,0.999921,0.715945
79500,1,0.998618,0.672605
79510,1,0.998623,0.672624
79520,1,0.999920,0.715964
79530,1,0.998641,0.672691
79540,1,0.999919,0.715973
79550,1,0.999921,0.715990
79560,1,0.998664,0.672763
79570,1,0.998684,0.672811
79580,1,0.998708,0.672859
79590,1,0.998731,0.672907
79600,1,0.067732,0.077857
79610,1,0.998757,0.672983
79620,1,0.998764,0.673021
79630,1,0.998771,0.673069
79640,1,0.999913,0.716006
79650,1,0.999915,0.716023
79660,1,0.999917,0.716040
79670,1,0.998773,0.673093
79680,1,0.999919,0.716062
79690,1,0.055369,0.051397
79700,1,0.998776,0.673155
79710,1,0.998779,0.673197
79720,1,0.999917,0.716085
79730,1,0.998789,0.673240
79740,1,0.998801,0.673283
79750,1,0.998819,0.673330
79760,1,0.998837,0.673377
79770,1,0.998852,0.673425
79780,1,0.068969,0.077409
79790,1,0.998857,0.673458
79800,1,0.999910,0.716095
79810,1,0.999912,0.716112
79820,1,0.999914,0.716129
79830,1,0.999916,0.716147
79840,1,0.999918,0.716164
79850,1,0.999920,0.716181
79860,1,0.998872,0.673528
79870,1,0.998884,0.673575
79880,1,0.998899,0.673622
79890,1,0.999916,0.716188
79900,1,0.999918,0.716205
79910,1,0.999920,0.716222
79920,1,0.999922,0.716239
79930,1,0.998911,0.673669
79940,1,0.999924,0.716261
79950,1,0.999924,0.716271
79960,1,0.998926,0.673740
79970,1,0.998935,0.673768
79980,1,0.999923,0.716287
79990,1,0.018395,0.017416
