packet_index,kitsune_score,192.168.2.15,192.168.100.5,192.168.2.13,169.254.174.17,192.168.2.7,192.168.2.1
100000,0.10667089,0.10667089,,,,,
100100,0.071258078,,,0.071829017,,,
100200,0.10427918,0.10625629,,,,,
100300,0.089470034,,,0.075549772,,,
100400,0.10863826,0.10715293,,,,,
100500,0.11225382,0.10738518,,,,,
100600,0.072188782,,,0.073664007,,,
100700,0.072852082,,,0.073618596,,,
100800,0.073488041,,,0.073773222,,,
100900,0.070317086,,0.067587277,,,,
101000,0.10352556,0.11081839,,,,,
101100,0.056820285,,0.066188411,,,,
101200,0.073545338,,,0.073598124,,,
101300,0.073884405,,,0.073734987,,,
101400,0.11710932,0.11058531,,,,,
101500,0.070896996,,0.067595319,,,,
101600,0.073626916,,,0.073904589,,,
101700,0.10199352,0.11055535,,,,,
101800,0.073210912,,,0.074034062,,,
101900,0.076443457,,,0.074211718,,,
102000,0.10030465,0.109536,,,,,
102100,0.1038486,0.109195,,,,,
102200,0.10783964,0.10915654,,,,,
102300,0.075172723,,,0.075441509,,,
102400,0.074420326,,,0.075370746,,,
102500,0.075233097,,,0.075328736,,,
102600,0.10008407,0.10847685,,,,,
102700,0.042461852,,0.06134202,,,,
102800,0.075390156,,,0.0757067,,,
102900,0.10097233,0.10761691,,,,,
103000,0.10047363,0.10738735,,,,,
103100,0.10091914,0.10718322,,,,,
103200,0.075931742,,,0.075675448,,,
103300,0.076201357,,,0.075743549,,,
103400,0.10362472,0.10671001,,,,,
103500,0.075706022,,,0.075745723,,,
103600,0.076324122,,,0.075763558,,,
103700,0.10096367,0.10635671,,,,,
103800,0.081288425,,,0.075921608,,,
103900,0.041384666,,0.05585361,,,,
104000,0.076270007,,,0.075958999,,,
104100,0.046453822,,0.055196694,,,,
104200,0.10401739,0.10628616,,,,,
104300,0.09708518,,,0.076567556,,,
104400,0.041173597,,0.054681661,,,,
104500,0.077380412,,,0.076624369,,,
104600,0.046319284,,0.054136206,,,,
104700,0.042948353,,0.05379778,,,,
104800,0.10381393,0.10600809,,,,,
104900,0.079199125,,,0.076807378,,,
105000,0.041720243,,0.053213057,,,,
105100,0.10558611,0.10591473,,,,,
105200,0.10433505,0.1059392,,,,,
105300,0.10408956,0.10590764,,,,,
105400,0.041610481,,0.05239243,,,,
105500,0.10559728,0.10587195,,,,,
105600,0.10669495,0.10586443,,,,,
105700,0.1220831,0.10607262,,,,,
105800,0.12676842,,,0.07754345,,,
105900,0.043788506,,0.052875762,,,,
106000,0.079681147,,,0.07768477,,,
106100,0.079410011,,,0.077718955,,,
106200,0.10668211,0.10642123,,,,,
106300,0.043725837,,0.052550422,,,,
106400,0.081757769,,,0.07789151,,,
106500,0.079990984,,,0.07792362,,,
106600,0.047353023,,0.052228134,,,,
106700,0.063133142,,0.052118809,,,,
106800,0.056387219,,0.0522212,,,,
106900,0.080485334,,,0.078100386,,,
107000,0.10708459,0.10659244,,,,,
107100,0.11340665,0.10662709,,,,,
107200,0.10932886,0.10667331,,,,,
107300,0.046594461,,0.051929631,,,,
107400,0.10811664,0.10671303,,,,,
107500,0.081776845,,,0.078407474,,,
107600,0.10781815,0.10675707,,,,,
107700,0.10828063,0.10679009,,,,,
107800,0.11269946,0.10686465,,,,,
107900,0.081846604,,,0.078624569,,,
108000,0.04898148,,0.051756078,,,,
108100,0.10920284,0.10693214,,,,,
108200,0.10945925,0.10699465,,,,,
108300,0.11685878,0.1070307,,,,,
108400,0.082192874,,,0.078965479,,,
108500,0.10934911,0.10708186,,,,,
108600,0.082801995,,,0.079060346,,,
108700,0.10913039,0.10715491,,,,,
108800,0.045325217,,0.051355946,,,,
108900,0.091555245,,,0.079355704,,,
109000,0.048443213,,0.051279786,,,,
109100,0.10980533,0.10732421,,,,,
109200,0.11086887,0.10738085,,,,,
109300,0.047077637,,0.0511532,,,,
109400,0.089123371,,,0.079667742,,,
109500,0.083916018,,,0.079706302,,,
109600,0.11326682,0.10750868,,,,,
109700,0.11810609,0.1075771,,,,,
109800,0.092481771,,,0.079819495,,,
109900,0.11157655,0.10764941,,,,,
110000,0.084484575,,,0.079970607,,,
110100,0.11037829,0.10773039,,,,,
110200,0.11097259,0.10777232,,,,,
110300,0.11200849,0.10780369,,,,,
110400,0.091107139,,,0.080220339,,,
110500,0.084890789,,,0.080322885,,,
110600,0.11373138,0.10805778,,,,,
110700,0.11324365,0.10811311,,,,,
110800,0.11884374,0.10818772,,,,,
110900,0.064939017,,0.051187076,,,,
111000,0.056034199,,0.051258952,,,,
111100,0.086565825,,,0.080676699,,,
111200,0.052152999,,0.051259863,,,,
111300,0.046258906,,0.051235686,,,,
111400,0.08508822,,,0.081008313,,,
111500,0.049726011,,0.051180853,,,,
111600,0.11416367,0.10863857,,,,,
111700,0.11362773,0.10869639,,,,,
111800,0.1139569,0.10874561,,,,,
111900,0.11395462,0.10877746,,,,,
112000,0.11495915,0.10882236,,,,,
112100,0.11385779,0.10886366,,,,,
112200,0.11379053,0.10892213,,,,,
112300,0.11619637,0.10899124,,,,,
112400,0.11470143,0.10902475,,,,,
112500,0.11896664,0.1090764,,,,,
112600,0.1161335,0.10913165,,,,,
112700,0.047667575,,0.050966167,,,,
112800,0.087027469,,,0.081758522,,,
112900,0.11644563,0.10931431,,,,,
113000,0.051330274,,0.050922413,,,,
113100,0.087753204,,,0.081963914,,,
113200,0.11903648,0.10953782,,,,,
113300,0.11703025,0.10960004,,,,,
113400,0.087267078,,,0.082181371,,,
113500,0.11736611,0.10970734,,,,,
113600,0.088301094,,,0.082279487,,,
113700,0.12179831,0.10986165,,,,,
113800,0.1175618,0.10992768,,,,,
113900,0.093681932,,,0.082474093,,,
114000,0.12754082,0.11005251,,,,,
114100,0.12819487,0.11018652,,,,,
114200,0.12053199,0.11033207,,,,,
114300,0.11874179,0.11040108,,,,,
114400,0.088273385,,,0.082883142,,,
114500,0.089621963,,,0.082928228,,,
114600,0.064411468,,0.051443377,,,,
114700,0.12617105,0.11080489,,,,,
114800,0.13098706,0.11093963,,,,,
114900,0.12547151,0.11101952,,,,,
115000,0.12269499,0.11110799,,,,,
115100,0.12615563,0.11118955,,,,,
115200,0.12029876,0.11130483,,,,,
115300,0.12259139,0.11138608,,,,,
115400,0.089864494,,,0.083492872,,,
115500,0.12130562,0.11155511,,,,,
115600,0.062550743,,0.052325143,,,,
115700,0.12900186,0.11181828,,,,,
115800,0.14090354,,,0.083748105,,,
115900,0.12296204,0.11203377,,,,,
116000,0.091363997,,,0.083894438,,,
116100,0.062125894,,0.052890465,,,,
116200,0.12847419,0.11236309,,,,,
116300,0.10009972,,,0.084043769,,,
116400,0.065650824,,0.05307686,,,,
116500,0.091264211,,,0.084156896,,,
116600,0.14916469,0.11280161,,,,,
116700,0.05656578,,0.053309352,,,,
116800,0.064667679,,0.053371937,,,,
116900,0.096698181,,,0.084384993,,,
117000,0.065895875,,0.053491919,,,,
117100,0.12233603,0.11329572,,,,,
117200,0.058766551,,0.053577513,,,,
117300,0.058603408,,0.053604252,,,,
117400,0.092330013,,,0.084717475,,,
117500,0.12387835,0.11352892,,,,,
117600,0.06121331,,0.053731494,,,,
117700,0.07161437,,0.053813027,,,,
117800,0.064648849,,0.053901122,,,,
117900,0.092205282,,,0.085036052,,,
118000,0.066284191,,0.053983851,,,,
118100,0.12664802,0.11397077,,,,,
118200,0.064713632,,0.054130474,,,,
118300,0.12597713,0.11413494,,,,,
118400,0.092749887,,,0.085276173,,,
118500,0.093912211,,,0.085324457,,,
118600,0.12927465,0.11434783,,,,,
118700,0.13593566,0.11447662,,,,,
118800,0.13049217,0.11459396,,,,,
118900,0.072747809,,0.054791228,,,,
119000,0.08300688,,0.054932918,,,,
119100,0.13259761,0.11487892,,,,,
119200,0.075979583,,0.055194228,,,,
119300,0.079359502,,0.055327697,,,,
119400,0.093895433,,,0.085879052,,,
119500,0.13711744,0.11527698,,,,,
119600,0.14811267,0.11541657,,,,,
119700,0.13145828,0.11554259,,,,,
119800,0.11757929,,,0.086048226,,,
119900,0.099387584,,,0.086165256,,,
120000,0.14325198,0.11581007,,,,,
120100,0.15636246,0.11598274,,,,,
120200,0.14108398,0.11623104,,,,,
120300,0.13937536,0.11636351,,,,,
120400,0.095635725,,,0.086442974,,,
120500,0.095797183,,,0.086485793,,,
120600,0.14058514,0.11667699,,,,,
120700,0.13700319,0.1168081,,,,,
120800,0.15281282,,,0.086649739,,,
120900,0.078083015,,0.056996317,,,,
121000,0.096074741,,,0.086796743,,,
121100,0.096681559,,,0.08684512,,,
121200,0.14218185,0.11737311,,,,,
121300,0.12727648,,,0.08691985,,,
121400,0.079343959,,0.057558041,,,,
121500,0.13632977,0.11766012,,,,,
121600,0.13962193,0.11775618,,,,,
121700,0.13686766,0.11787928,,,,,
121800,0.16819786,0.11803315,,,,,
121900,0.10582506,,,0.087295847,,,
122000,0.14023378,0.1182567,,,,,
122100,0.14028113,0.1183549,,,,,
122200,0.13908363,0.11848185,,,,,
122300,0.088610624,,0.05864998,,,,
122400,0.09384926,,0.058770898,,,,
122500,0.097930234,,,0.087645407,,,
122600,0.14413558,0.11890369,,,,,
122700,0.10614863,,0.059252863,,,,
122800,0.10008279,,,0.087763618,,,
122900,0.15983263,0.119429,,,,,
123000,0.15795501,0.1195968,,,,,
123100,0.099324985,,,0.087951088,,,
123200,0.15108175,0.11989027,,,,,
123300,0.10058624,,,0.088044488,,,
123400,0.14843186,0.12010516,,,,,
123500,0.098698957,,,0.088232807,,,
123600,0.098276135,,0.060766396,,,,
123700,0.15217451,0.12054465,,,,,
123800,0.14947164,0.12067492,,,,,
123900,0.15360779,0.12076578,,,,,
124000,0.15313238,0.12088698,,,,,
124100,0.10028444,,,0.088551498,,,
124200,0.14825123,0.12119997,,,,,
124300,0.15202563,0.12133522,,,,,
124400,0.099550687,,,0.088723904,,,
124500,0.16173611,0.1215512,,,,,
124600,0.10117374,,,0.088828922,,,
124700,0.10131343,,0.062498304,,,,
124800,0.16067997,0.12207088,,,,,
124900,0.15343724,0.12216896,,,,,
125000,0.10248857,,,0.089061124,,,
125100,0.10249775,,,0.089116377,,,
125200,0.15598716,0.12261989,,,,,
125300,0.10076389,,,0.089205008,,,
125400,0.1020472,,0.063629313,,,,
125500,0.15653457,0.12295965,,,,,
125600,0.1011085,,,0.089432143,,,
125700,0.16990767,0.12328874,,,,,
125800,0.15756415,0.12346288,,,,,
125900,0.15638518,0.12355187,,,,,
126000,0.16953359,0.12369685,,,,,
126100,0.10185364,,,0.089712302,,,
126200,0.15782447,0.12409073,,,,,
126300,0.10098616,,,0.089776216,,,
126400,0.15582459,0.12433445,,,,,
126500,0.1018869,,,0.089922323,,,
126600,0.10182282,,,0.089970161,,,
126700,0.1618398,0.12481555,,,,,
126800,0.10191851,,,0.090039576,,,
126900,0.16436145,0.12509874,,,,,
127000,0.15841715,0.12523985,,,,,
127100,0.10270475,,,0.090276457,,,
127200,0.16333923,0.12560341,,,,,
127300,0.10221863,,,0.090345397,,,
127400,0.10735605,,0.066915206,,,,
127500,0.10234339,,,0.090486509,,,
127600,0.10327464,,,0.090530075,,,
127700,0.15826868,0.12627461,,,,,
127800,0.10241953,,,0.090603429,,,
127900,0.11138379,,0.067656233,,,,
128000,0.10300952,,,0.09075412,,,
128100,0.10324503,,,0.090802649,,,
128200,0.16361107,0.12694993,,,,,
128300,0.1029323,,,0.090867625,,,
128400,0.16275959,0.12716119,,,,,
128500,0.10324735,,,0.091046393,,,
128600,0.17228513,0.12742863,,,,,
128700,0.11401545,,0.068989655,,,,
128800,0.10418306,,,0.091148477,,,
128900,0.12154781,,0.069321345,,,,
129000,0.17332902,0.12803267,,,,,
129100,0.10414872,,,0.091345755,,,
129200,0.17226593,0.1284022,,,,,
129300,0.16464648,0.12856038,,,,,
129400,0.10686617,,,0.091510613,,,
129500,0.18195654,0.12882258,,,,,
129600,0.17995115,0.1289814,,,,,
129700,0.17975242,0.1291858,,,,,
129800,0.17387324,0.12936785,,,,,
129900,0.11534549,,0.070992202,,,,
130000,0.17468276,0.12958577,,,,,
130100,0.10733047,,,0.091874175,,,
130200,0.16872208,0.12990332,,,,,
130300,0.10544443,,,0.091935536,,,
130400,0.16495567,0.13011366,,,,,
130500,0.16426193,0.13022387,,,,,
130600,0.10582828,,,0.092113275,,,
130700,0.18553667,0.13058921,,,,,
130800,0.10535182,,,0.092179699,,,
130900,0.16667126,0.13082811,,,,,
131000,0.11192881,,,0.092328772,,,
131100,0.10587968,,,0.092369085,,,
131200,0.16627467,0.13125494,,,,,
131300,0.1703381,0.13138244,,,,,
131400,0.16764263,0.13146405,,,,,
131500,0.1070153,,,0.092631047,,,
131600,0.10864116,,,0.092681374,,,
131700,0.17087265,0.13190711,,,,,
131800,0.11824596,,0.073782299,,,,
131900,0.17171133,0.13213085,,,,,
132000,0.1861096,0.13226935,,,,,
132100,0.10788236,,,0.092949628,,,
132200,0.14036281,,0.074364588,,,,
132300,0.17325912,0.13276161,,,,,
132400,0.10723894,,,0.093108175,,,
132500,0.18131775,0.13297325,,,,,
132600,0.18070788,0.13313127,,,,,
132700,0.17491967,0.13332839,,,,,
132800,0.10700115,,,0.093259421,,,
132900,0.1777416,0.13355504,,,,,
133000,0.10927582,,,0.093406802,,,
133100,0.10881102,,,0.093457464,,,
133200,0.1747729,0.13398748,,,,,
133300,0.10826422,,,0.09352292,,,
133400,0.12320917,,0.076123722,,,,
133500,0.10775702,,,0.09367029,,,
133600,0.18041949,0.13448331,,,,,
133700,0.1753021,0.1346241,,,,,
133800,0.11039834,,,0.093776405,,,
133900,0.10784033,,,0.093891433,,,
134000,0.10856131,,,0.093936436,,,
134100,0.10872069,,,0.093977273,,,
134200,0.13261196,,0.077386649,,,,
134300,0.18250269,0.13543255,,,,,
134400,0.18224653,0.1355161,,,,,
134500,0.13331832,,0.077843914,,,,
134600,0.13318893,,0.07800708,,,,
134700,0.18983803,0.13599125,,,,,
134800,0.11033849,,,0.094278987,,,
134900,0.19122525,0.13631819,,,,,
135000,0.19252406,0.13645817,,,,,
135100,0.10978308,,,0.094481923,,,
135200,0.18486551,0.136799,,,,,
135300,0.14058986,,0.079266589,,,,
135400,0.18736173,0.13706555,,,,,
135500,0.10984068,,,0.094674892,,,
135600,0.11012578,,,0.094717386,,,
135700,0.19253187,0.1375766,,,,,
135800,0.11193941,,,0.09478505,,,
135900,0.19166673,0.13785865,,,,,
136000,0.11052272,,,0.094943352,,,
136100,0.11050269,,,0.094992027,,,
136200,0.16130768,,0.080969273,,,,
136300,0.16287105,,0.081270701,,,,
136400,0.10948736,,,0.095141624,,,
136500,0.11084436,,,0.095184895,,,
136600,0.1569417,,0.081825703,,,,
136700,0.16322525,,0.08206695,,,,
136800,0.15664616,,0.082343798,,,,
136900,0.11008718,,,0.095405031,,,
137000,0.20574406,0.13984034,,,,,
137100,0.20062077,0.14001671,,,,,
137200,0.15852127,,0.083067736,,,,
137300,0.20914078,0.1404309,,,,,
137400,0.11040009,,,0.095632609,,,
137500,0.21733266,0.14076159,,,,,
137600,0.22619948,0.1409564,,,,,
137700,0.20764242,0.14117235,,,,,
137800,0.22456169,0.14142414,,,,,
137900,0.11740247,,,0.095877664,,,
138000,0.17405944,,0.084792083,,,,
138100,0.17146635,,0.085000822,,,,
138200,0.21308221,0.14214325,,,,,
138300,0.2223998,0.14236231,,,,,
138400,0.21514478,0.14250365,,,,,
138500,0.1173296,,,0.096179449,,,
138600,0.11260781,,,0.096223432,,,
138700,0.21919869,0.14316559,,,,,
138800,0.11190004,,,0.09629046,,,
138900,0.22272739,0.14354392,,,,,
139000,0.11385326,,,0.096432075,,,
139100,0.18557024,,0.087377012,,,,
139200,0.22139159,0.14418548,,,,,
139300,0.18325783,,0.087963155,,,,
139400,0.11634172,,,0.096641888,,,
139500,0.24063123,0.14477625,,,,,
139600,0.23468133,0.14499524,,,,,
139700,0.18932273,,0.088871514,,,,
139800,0.19097932,,0.089201914,,,,
139900,0.11302735,,,0.096918425,,,
140000,0.11342884,,,0.096961961,,,
140100,0.1139449,,,0.096996503,,,
140200,0.24482555,0.14644387,,,,,
140300,0.19898294,,0.090523164,,,,
140400,0.2324515,0.14682422,,,,,
140500,0.11402221,,,0.097182863,,,
140600,0.19564159,,0.091195385,,,,
140700,0.2322984,0.14755045,,,,,
140800,0.11359788,,,0.097295296,,,
140900,0.23904757,0.14793318,,,,,
141000,0.11423507,,,0.097415153,,,
141100,0.19598612,,0.092476258,,,,
141200,0.24362231,0.14867076,,,,,
141300,0.11453875,,,0.097537487,,,
141400,0.23808443,0.14905434,,,,,
141500,0.24931797,0.14926669,,,,,
141600,0.1162185,,,0.097702514,,,
141700,0.2385046,0.14981313,,,,,
141800,0.11441927,,,0.097787581,,,
141900,0.20238135,,0.094473835,,,,
142000,0.25844954,0.15043339,,,,,
142100,0.11551669,,,0.097940826,,,
142200,0.24006442,0.15101964,,,,,
142300,0.11551344,,,0.098004637,,,
142400,0.24463441,0.15138427,,,,,
142500,0.11569738,,,0.098126467,,,
142600,0.11574213,,,0.098172324,,,
142700,0.2038219,,0.096571473,,,,
142800,0.11579636,,,0.098234231,,,
142900,0.24820589,0.15250461,,,,,
143000,0.25006092,0.15273741,,,,,
143100,0.26496861,0.15296864,,,,,
143200,0.25562736,0.15325122,,,,,
143300,0.24994331,0.15354634,,,,,
143400,0.11532516,,,0.098560778,,,
143500,0.26097417,0.15392553,,,,,
143600,0.25276532,0.15415622,,,,,
143700,0.24790916,0.15440846,,,,,
143800,0.25869772,0.15470424,,,,,
143900,0.11601417,,,0.098797063,,,
144000,0.2608944,0.1550647,,,,,
144100,0.25318616,0.1552995,,,,,
144200,0.21564685,,0.10052309,,,,
144300,0.25209254,0.15580957,,,,,
144400,0.11640962,,,0.099031449,,,
144500,0.2183894,,0.10125701,,,,
144600,0.26039215,0.15643234,,,,,
144700,0.21884341,,0.10184884,,,,
144800,0.22047168,,0.10215105,,,,
144900,0.11978359,,,0.099247756,,,
145000,0.25882093,0.15736817,,,,,
145100,0.27032639,0.15759561,,,,,
145200,0.25529792,0.15788803,,,,,
145300,0.11750704,,,0.099400954,,,
145400,0.26320444,0.15833572,,,,,
145500,0.11740721,,,0.099539471,,,
145600,0.11810637,,,0.099577133,,,
145700,0.22785069,,0.10442298,,,,
145800,0.2656076,0.159323,,,,,
145900,0.11727824,,,0.099720487,,,
146000,0.27779073,0.1597137,,,,,
146100,0.11837152,,,0.099808936,,,
146200,0.27145764,0.16026535,,,,,
146300,0.26251203,0.16056211,,,,,
146400,0.11755612,,,0.099941407,,,
146500,0.26803072,0.16091639,,,,,
146600,0.11913409,,,0.10003223,,,
146700,0.27340446,0.16144215,,,,,
146800,0.27183301,0.16175818,,,,,
146900,0.11797568,,,0.10017775,,,
147000,0.23195737,,0.10775978,,,,
147100,0.23223081,,0.10802691,,,,
147200,0.27335891,0.16263981,,,,,
147300,0.27124528,0.16293677,,,,,
147400,0.11866276,,,0.1003924,,,
147500,0.27143053,0.16330231,,,,,
147600,0.27449073,0.16352444,,,,,
147700,0.23934928,,0.10966466,,,,
147800,0.295705,0.16414247,,,,,
147900,0.1188212,,,0.10063595,,,
148000,0.27717564,0.16457846,,,,,
148100,0.11997293,,,0.10072158,,,
148200,0.24110835,,0.1110347,,,,
148300,0.28512126,0.16538765,,,,,
148400,0.1191996,,,0.10085406,,,
148500,0.28530552,0.16577468,,,,,
148600,0.12023203,,,0.10094183,,,
148700,0.28967166,0.16630234,,,,,
148800,0.29809607,0.16664388,,,,,
148900,0.11965683,,,0.10109709,,,
149000,0.30049702,0.16704929,,,,,
149100,0.12051315,,,0.10119162,,,
149200,0.28645132,0.16762359,,,,,
149300,0.12096304,,,0.10125226,,,
149400,0.29253418,0.16805926,,,,,
149500,0.12077552,,,0.10137257,,,
149600,0.31859726,0.16865548,,,,,
149700,0.24909193,,0.11520964,,,,
149800,0.29660898,0.1693182,,,,,
149900,0.12266152,,,0.10153627,,,
150000,0.29190189,0.16971074,,,,,
150100,0.12117902,,,0.1016386,,,
150200,0.29217892,0.17023251,,,,,
150300,0.24731415,,0.1168626,,,,
150400,0.12260953,,,0.10177147,,,
150500,0.30683396,0.17093881,,,,,
150600,0.24844562,,0.11754295,,,,
150700,0.29412931,0.17149378,,,,,
150800,0.29286963,0.17179959,,,,,
150900,0.12073337,,,0.10200846,,,
151000,0.29397545,0.17219501,,,,,
151100,0.29177296,0.17242322,,,,,
151200,0.25762187,,0.11916105,,,,
151300,0.1223511,,,0.10214784,,,
151400,0.12627113,,,0.10223215,,,
151500,0.25603574,,0.11994447,,,,
151600,0.31003993,0.17370635,,,,,
151700,0.3033712,0.17399307,,,,,
151800,0.29305838,0.17428869,,,,,
151900,0.12408296,,,0.10244133,,,
152000,0.29515432,0.17465595,,,,,
152100,0.29354937,0.17487993,,,,,
152200,0.29639211,0.17515936,,,,,
152300,0.26773623,,0.12211965,,,,
152400,0.13710912,,,0.1026755,,,
152500,0.26065528,,0.12251807,,,,
152600,0.12511344,,,0.1027776,,,
152700,0.29812019,0.17636196,,,,,
152800,0.12337748,,,0.10283425,,,
152900,0.2942891,0.17682611,,,,,
153000,0.2610735,,0.12385967,,,,
153100,0.32426354,0.17729521,,,,,
153200,0.26175269,,0.12440199,,,,
153300,0.30188531,0.17793716,,,,,
153400,0.12562808,,,0.10311934,,,
153500,0.31273257,0.17831156,,,,,
153600,0.30193531,0.17855047,,,,,
153700,0.29845111,0.17881921,,,,,
153800,0.30622583,0.17911876,,,,,
153900,0.12308983,,,0.10335424,,,
154000,0.29825209,0.17949391,,,,,
154100,0.29913903,0.17971907,,,,,
154200,0.30806074,0.17999699,,,,,
154300,0.30921188,0.1802917,,,,,
154400,0.12929751,,,0.10357291,,,
154500,0.30135239,0.18065881,,,,,
154600,0.12596397,,,0.10367802,,,
154700,0.30114145,0.18116348,,,,,
154800,0.30273575,0.18145558,,,,,
154900,0.12347757,,,0.10382233,,,
155000,0.31620363,0.18181293,,,,,
155100,0.31106765,0.18203809,,,,,
155200,0.26744537,,0.12945666,,,,
155300,0.30274355,0.1825922,,,,,
155400,0.12523528,,,0.10402226,,,
155500,0.26995317,,0.13016465,,,,
155600,0.12674055,,,0.10411366,,,
155700,0.27054152,,0.13069799,,,,
155800,0.12452288,,,0.10416871,,,
155900,0.12473868,,,0.10424322,,,
156000,0.3109445,0.18410115,,,,,
156100,0.12542381,,,0.10432768,,,
156200,0.27165922,,0.13196782,,,,
156300,0.30540489,0.18487635,,,,,
156400,0.12603674,,,0.10448406,,,
156500,0.12611733,,,0.10452834,,,
156600,0.27007558,,0.1329751,,,,
156700,0.27323894,,0.13320912,,,,
156800,0.27130233,,0.13351993,,,,
156900,0.1252027,,,0.10469705,,,
157000,0.12557126,,,0.10475351,,,
157100,0.27476488,,0.13419689,,,,
157200,0.31618681,0.18681239,,,,,
157300,0.27311997,,0.134756,,,,
157400,0.12601804,,,0.10493734,,,
157500,0.32433195,0.18745697,,,,,
157600,0.12633201,,,0.10501294,,,
157700,0.32053087,0.18799348,,,,,
157800,0.12585294,,,0.10506983,,,
157900,0.30866808,0.18840456,,,,,
158000,0.32182551,0.18861474,,,,,
158100,0.33634835,0.18885617,,,,,
158200,0.27444718,,0.13680809,,,,
158300,0.31386815,0.18945149,,,,,
158400,0.13382941,,,0.10534192,,,
158500,0.13368243,,,0.10540728,,,
158600,0.12754494,,,0.1054484,,,
158700,0.31006074,0.19023726,,,,,
158800,0.31108929,0.19052334,,,,,
158900,0.12701504,,,0.10558692,,,
159000,0.32034033,0.19086466,,,,,
159100,0.31856516,0.19108988,,,,,
159200,0.27021049,,0.13906857,,,,
159300,0.30759566,0.19154656,,,,,
159400,0.12986737,,,0.10578201,,,
159500,0.31193491,0.191887,,,,,
159600,0.31512829,0.19207776,,,,,
159700,0.27012452,,0.14020598,,,,
159800,0.31579187,0.19256749,,,,,
159900,0.13342302,,,0.1059692,,,
160000,0.12761104,,,0.10603487,,,
160100,0.12825806,,,0.10606374,,,
160200,0.31623076,0.19333145,,,,,
160300,0.12735069,,,0.10612283,,,
160400,0.12754585,,,0.10617407,,,
160500,0.12762204,,,0.10622932,,,
160600,0.311162,0.19409859,,,,,
160700,0.30986643,0.19428355,,,,,
160800,0.128431,,,0.10632028,,,
160900,0.13199868,,,0.10637222,,,
161000,0.12954969,,,0.1064276,,,
161100,0.12950397,,,0.10646777,,,
161200,0.31368526,0.19519383,,,,,
161300,0.12833985,,,0.10652023,,,
161400,0.1272452,,,0.10658843,,,
161500,0.12820564,,,0.10663726,,,
161600,0.26932546,,0.14409627,,,,
161700,0.30380002,0.19612017,,,,,
161800,0.13100117,,,0.10671609,,,
161900,0.12822612,,,0.10677537,,,
162000,0.32944028,0.19672034,,,,,
162100,0.30780404,0.19689816,,,,,
162200,0.1296215,,,0.10691141,,,
162300,0.31445465,0.19732498,,,,,
162400,0.12816724,,,0.10699363,,,
162500,0.34396847,0.19764737,,,,,
162600,0.26803614,,0.14617671,,,,
162700,0.13383906,,,0.10711522,,,
162800,0.26690549,,0.14660139,,,,
162900,0.13313896,,,0.1072157,,,
163000,0.12907347,,,0.10726645,,,
163100,0.13003059,,,0.1073033,,,
163200,0.26838893,,0.14733735,,,,
163300,0.31180864,0.19919101,,,,,
163400,0.13170772,,,0.10740544,,,
163500,0.30797084,0.19946121,,,,,
163600,0.1299068,,,0.10749447,,,
163700,0.32606707,0.19984125,,,,,
163800,0.1313542,,,0.107544,,,
163900,0.31387921,0.20023781,,,,,
164000,0.13627968,,,0.10766134,,,
164100,0.2671212,,0.14905394,,,,
164200,0.26283108,,0.14922474,,,,
164300,0.26229584,,0.14945932,,,,
164400,0.30133411,0.20111687,,,,,
164500,0.30428469,0.20121743,,,,,
164600,0.1304488,,,0.10790879,,,
164700,0.30353607,0.20159612,,,,,
164800,0.3179417,0.20183276,,,,,
164900,0.31017717,0.2020174,,,,,
165000,0.12983965,,,0.10807061,,,
165100,0.13050306,,,0.10811558,,,
165200,0.26401117,,0.15100664,,,,
165300,0.13038178,,,0.10816635,,,
165400,0.25960021,,0.15140778,,,,
165500,0.13232158,,,0.10827081,,,
165600,0.30032333,0.20308406,,,,,
165700,0.30056053,0.20322927,,,,,
165800,0.30737145,0.20342152,,,,,
165900,0.29957125,0.20354496,,,,,
166000,0.30622631,0.20366286,,,,,
166100,0.13151495,,,0.10849895,,,
166200,0.31865158,0.20402546,,,,,
166300,0.25862485,,0.15292338,,,,
166400,0.15926415,,,0.10858297,,,
166500,0.1356413,,,0.10865732,,,
166600,0.30742383,0.20462409,,,,,
166700,0.13216538,,,0.10874076,,,
166800,0.13140354,,,0.1087587,,,
166900,0.13334347,,,0.10881784,,,
167000,0.13284255,,,0.10886438,,,
167100,0.30588144,0.20540216,,,,,
167200,0.30809172,0.20554919,,,,,
167300,0.31356988,0.20576986,,,,,
167400,0.15820109,,,0.10899641,,,
167500,0.26182433,,0.15484556,,,,
167600,0.26096016,,0.15500336,,,,
167700,0.26057464,,0.15515276,,,,
167800,0.13620964,,,0.10914038,,,
167900,0.13996629,,,0.10919773,,,
168000,0.31086596,0.20674279,,,,,
168100,0.30794045,0.20687735,,,,,
168200,0.13243219,,,0.10932685,,,
168300,0.30387622,0.20721561,,,,,
168400,0.29901923,0.20736124,,,,,
168500,0.13642847,,,0.10945736,,,
168600,0.32327425,0.20760923,,,,,
168700,0.31961155,0.20778125,,,,,
168800,0.13363205,,,0.10954402,,,
168900,0.29839465,0.20809606,,,,,
169000,0.25735222,,0.15711231,,,,
169100,0.25835608,,0.15725245,,,,
169200,0.25719325,,0.15739462,,,,
169300,0.13457703,,,0.10973446,,,
169400,0.30706129,0.20883208,,,,,
169500,0.31083617,0.20892361,,,,,
169600,0.30300304,0.20906449,,,,,
169700,0.13328922,,,0.10991226,,,
169800,0.1354078,,,0.10993318,,,
169900,0.25751576,,0.15842297,,,,
170000,0.1334024,,,0.11005482,,,
170100,0.32098588,0.20978295,,,,,
170200,0.31509225,0.20992969,,,,,
170300,0.30555624,0.21011726,,,,,
170400,0.2550585,,0.15913049,,,,
170500,0.1364628,,,0.11024594,,,
170600,0.25268038,,0.15934479,,,,
170700,0.25099014,,0.15946244,,,,
170800,0.13515778,,,0.11033758,,,
170900,0.19151956,,,0.11037363,,,
171000,0.1378899,,,0.11044933,,,
171100,0.25173181,,0.16000304,,,,
171200,0.31329885,0.21125356,,,,,
171300,0.13449997,,,0.11053088,,,
171400,0.16847114,,,0.11057633,,,
171500,0.13487752,,,0.11063788,,,
171600,0.29894866,0.21174522,,,,,
171700,0.24981203,,0.1607584,,,,
171800,0.13426926,,,0.11072223,,,
171900,0.25213222,,0.16108809,,,,
172000,0.2525415,,0.16116156,,,,
172100,0.25061386,,0.16127419,,,,
172200,0.28939432,0.2124439,,,,,
172300,0.13550314,,,0.11092083,,,
172400,0.14386818,,,0.11096431,,,
172500,0.24922356,,0.16175226,,,,
172600,0.25076229,,0.16185556,,,,
172700,0.29571075,0.21302757,,,,,
172800,0.13544601,,,0.11111391,,,
172900,0.1389594,,,0.11115855,,,
173000,0.14025728,,,0.11122019,,,
173100,0.25052589,,0.16246362,,,,
173200,0.29368596,0.21358234,,,,,
173300,0.30122646,0.2137267,,,,,
173400,0.29023916,0.2138223,,,,,
173500,0.14749937,,,0.11142321,,,
173600,0.31892145,0.21405114,,,,,
173700,0.29336211,0.21415503,,,,,
173800,0.30051102,0.21429617,,,,,
173900,0.29605405,0.21441671,,,,,
174000,0.13461487,,,0.11160229,,,
174100,0.24857899,,0.16363696,,,,
174200,0.29944388,0.21470771,,,,,
174300,0.13718564,,,0.11168355,,,
174400,0.2953042,0.21493621,,,,,
174500,0.1452613,,,0.11178365,,,
174600,0.30233559,0.21511478,,,,,
174700,0.13579291,,,0.11186101,,,
174800,0.28566187,0.21536642,,,,,
174900,0.28674358,0.21547168,,,,,
175000,0.28626824,0.21552595,,,,,
175100,0.29152152,0.21561949,,,,,
175200,0.28317689,0.21571526,,,,,
175300,0.13674636,,,0.11205977,,,
175400,0.28511095,0.21593849,,,,,
175500,0.13808694,,,0.11215965,,,
175600,0.28906058,0.21609649,,,,,
175700,0.2945586,0.21618597,,,,,
175800,0.28519005,0.21633542,,,,,
175900,0.29408026,0.21642557,,,,,
176000,0.28294925,0.21648852,,,,,
176100,0.24074942,,0.16571117,,,,
176200,0.13655605,,,0.11240517,,,
176300,0.28589921,0.2168229,,,,,
176400,0.28255725,0.21691456,,,,,
176500,0.28254138,0.21696145,,,,,
176600,0.13775159,,,0.1125542,,,
176700,0.25994702,,0.16632659,,,,
176800,0.29257739,0.21729761,,,,,
176900,0.17041393,,,0.11263863,,,
177000,0.28192654,0.21744235,,,,,
177100,0.28516747,0.21753263,,,,,
177200,0.13983151,,,0.1127744,,,
177300,0.29483456,0.21774926,,,,,
177400,0.30414969,0.21785826,,,,,
177500,0.13646134,,,0.11289334,,,
177600,0.2896753,0.21802128,,,,,
177700,0.2394513,,0.16729688,,,,
177800,0.24976295,,0.16741602,,,,
177900,0.33176072,0.21836718,,,,,
178000,0.24510139,,0.16762503,,,,
178100,0.28646229,0.21854723,,,,,
178200,0.28654512,0.21863515,,,,,
178300,0.28313087,0.21874987,,,,,
178400,0.28576451,0.21883996,,,,,
178500,0.13694588,,,0.11324884,,,
178600,0.13768134,,,0.11328473,,,
178700,0.28505982,0.21906306,,,,,
178800,0.23456475,,0.16832886,,,,
178900,0.2860566,0.21926256,,,,,
179000,0.2360809,,0.16847579,,,,
179100,0.28160724,0.21940045,,,,,
179200,0.28053307,0.21948488,,,,,
179300,0.28263171,0.21959044,,,,,
179400,0.23629424,,0.16884422,,,,
179500,0.13747166,,,0.11361457,,,
179600,0.23420842,,0.16896643,,,,
179700,0.28878907,0.21992389,,,,,
179800,0.23694836,,0.16916073,,,,
179900,0.23454479,,0.16924449,,,,
180000,0.23359781,,0.16930048,,,,
180100,0.23419613,,0.16937791,,,,
180200,0.28675095,0.22033785,,,,,
180300,0.23286157,,0.16956748,,,,
180400,0.23213751,,0.16965394,,,,
180500,0.13875501,,,0.11399286,,,
180600,0.29027787,0.2206763,,,,,
180700,0.13910798,,,0.11405314,,,
180800,0.23186825,,0.16997455,,,,
180900,0.23156954,,0.17005371,,,,
181000,0.13850986,,,0.11416608,,,
181100,0.23330481,,0.17018328,,,,
181200,0.28025959,0.22118206,,,,,
181300,0.28315917,0.22128756,,,,,
181400,0.29174477,0.22136987,,,,,
181500,0.28777066,0.22143077,,,,,
181600,0.2920515,0.22150408,,,,,
181700,0.1393614,,,0.11440476,,,
181800,0.23211723,,0.1707319,,,,
181900,0.29386015,0.22177259,,,,,
182000,0.14923189,,,0.11450899,,,
182100,0.28940547,0.22190401,,,,,
182200,0.13975127,,,0.11457516,,,
182300,0.2910429,0.22208048,,,,,
182400,0.28614727,0.22217067,,,,,
182500,0.23047325,,0.17124022,,,,
182600,0.23277073,,0.17130628,,,,
182700,0.23582134,,0.17138374,,,,
182800,0.29172885,0.22249456,,,,,
182900,0.29284498,0.22259404,,,,,
183000,0.14921811,,,0.11485167,,,
183100,0.23842818,,0.1717165,,,,
183200,0.14013908,,,0.11491828,,,
183300,0.28385858,0.22292684,,,,,
183400,0.31098574,0.22303108,,,,,
183500,0.32040583,0.22310336,,,,,
183600,0.15509494,,,0.11506328,,,
183700,0.23631223,,0.17222209,,,,
183800,0.23075971,,0.17230493,,,,
183900,0.2284815,,0.17237364,,,,
184000,0.14790916,,,0.11519927,,,
184100,0.30006658,0.22364105,,,,,
184200,0.14016593,,,0.11527556,,,
184300,0.22756183,,0.17263552,,,,
184400,0.14017706,,,0.11532153,,,
184500,0.16054889,,,0.11538239,,,
184600,0.22544595,,0.17281379,,,,
184700,0.27448061,0.2241055,,,,,
184800,0.28319244,0.2241882,,,,,
184900,0.22214663,,0.17301433,,,,
185000,0.28071179,0.22431417,,,,,
185100,0.14038188,,,0.11560061,,,
185200,0.28144694,0.22444151,,,,,
185300,0.22367647,,0.17323462,,,,
185400,0.27681961,0.224605,,,,,
185500,0.27903152,0.22463913,,,,,
185600,0.22144531,,0.17340322,,,,
185700,0.29004156,0.22476668,,,,,
185800,0.29238861,0.22486854,,,,,
185900,0.14814851,,,0.11584077,,,
186000,0.27536148,0.22498688,,,,,
186100,0.29362872,0.22505521,,,,,
186200,0.30848766,0.2251424,,,,,
186300,0.28021031,0.22521966,,,,,
186400,0.21365727,,0.17384056,,,,
186500,0.14708758,,,0.11606924,,,
186600,0.27817763,0.22537576,,,,,
186700,0.26749864,0.22542542,,,,,
186800,0.21347777,,0.17401159,,,,
186900,0.21144824,,0.17407104,,,,
187000,0.27109977,0.22559783,,,,,
187100,0.1412059,,,0.11628127,,,
187200,0.28361112,0.22571095,,,,,
187300,0.21291355,,0.17423268,,,,
187400,0.1450674,,,0.1163509,,,
187500,0.14082192,,,0.1164075,,,
187600,0.14264478,,,0.11645115,,,
187700,0.29195371,0.22602467,,,,,
187800,0.27624418,0.22609869,,,,,
187900,0.14141153,,,0.11652441,,,
188000,0.20860791,,0.1745162,,,,
188100,0.14690793,,,0.11661672,,,
188200,0.14485772,,,0.11665987,,,
188300,0.20889087,,0.17463291,,,,
188400,0.14299092,,,0.11670544,,,
188500,0.26092633,0.2264419,,,,,
188600,0.28040328,0.22648992,,,,,
188700,0.14234493,,,0.11682524,,,
188800,0.20624556,,0.17481249,,,,
188900,0.20687558,,0.17485102,,,,
189000,0.26171104,0.22666775,,,,,
189100,0.27576711,0.22671119,,,,,
189200,0.29401515,0.22678475,,,,,
189300,0.34152752,0.2268625,,,,,
189400,0.29160996,,0.17508994,,,,
189500,0.25718676,0.22700012,,,,,
189600,0.290351,0.22707082,,,,,
189700,0.14337461,,,0.1171495,,,
189800,0.26766176,0.22728151,,,,,
189900,0.14845441,,,0.11719161,,,
190000,0.26254561,0.22736241,,,,,
190100,0.27958414,0.22740754,,,,,
190200,0.14353133,,,0.11731084,,,
190300,0.25380019,0.22752303,,,,,
190400,0.14685896,,,0.11735948,,,
190500,0.26213239,0.22761616,,,,,
190600,0.26595026,0.22765074,,,,,
190700,0.143145,,,0.11746624,,,
190800,0.2643307,0.22776869,,,,,
190900,0.14316774,,,0.11751309,,,
191000,0.25558352,0.22782937,,,,,
191100,0.14774682,,,0.11760033,,,
191200,0.14459919,,,0.11763261,,,
191300,0.25346306,0.22795201,,,,,
191400,0.14393979,,,0.11767742,,,
191500,0.25307096,0.22800263,,,,,
191600,0.19254581,,0.17582844,,,,
191700,0.14322824,,,0.11778894,,,
191800,0.2597542,0.22810285,,,,,
191900,0.14688259,,,0.1178308,,,
192000,0.15451888,,,0.11788794,,,
192100,0.15005748,,,0.11792545,,,
192200,0.27453941,0.22822565,,,,,
192300,0.23166605,,0.17599995,,,,
192400,0.27046818,0.22836976,,,,,
192500,0.28033893,0.22840277,,,,,
192600,0.14345368,,,0.11808056,,,
192700,0.14381101,,,0.11811225,,,
192800,0.27494748,0.22853696,,,,,
192900,0.14477405,,,0.11815232,,,
193000,0.25817308,0.22865269,,,,,
193100,0.3175297,0.22869434,,,,,
193200,0.20995425,,0.17633401,,,,
193300,0.19400669,,0.17637139,,,,
193400,0.2740355,0.22883454,,,,,
193500,0.14328933,,,0.11835711,,,
193600,0.14346616,,,0.11839624,,,
193700,0.14480184,,,0.11841904,,,
193800,0.245973,0.22895651,,,,,
193900,0.25638279,0.22898778,,,,,
194000,0.15259477,,,0.1185119,,,
194100,0.15677259,,,0.11855626,,,
194200,0.20587579,,0.17647196,,,,
194300,0.24378524,0.22910749,,,,,
194400,0.30869606,0.22915293,,,,,
194500,0.24693012,0.22917625,,,,,
194600,0.1442232,,,0.11871913,,,
194700,0.14564667,,,0.11874951,,,
194800,0.30622084,0.22928747,,,,,
194900,0.2451191,0.229317,,,,,
195000,0.24507338,0.22932625,,,,,
195100,0.14425486,,,0.11887528,,,
195200,0.14465906,,,0.11890056,,,
195300,0.23956138,0.22939009,,,,,
195400,0.24863104,0.22941041,,,,,
195500,0.1500498,,,0.1189908,,,
195600,0.1482004,,,0.11903102,,,
195700,0.14812065,,,0.11905381,,,
195800,0.17438808,,0.17663145,,,,
195900,0.14491266,,,0.11909296,,,
196000,0.25599818,0.22949993,,,,,
196100,0.14523363,,,0.11917783,,,
196200,0.16792544,,0.17661112,,,,
196300,0.23763117,0.22954121,,,,,
196400,0.14813471,,,0.1192443,,,
196500,0.15792086,,,0.11929902,,,
196600,0.16572685,,0.1765714,,,,
196700,0.16630218,,0.17656065,,,,
196800,0.23359385,0.22957966,,,,,
196900,0.16500798,,0.17652735,,,,
197000,0.17784003,,0.17651898,,,,
197100,0.14523314,,,0.11948709,,,
197200,0.14904076,,,0.1195223,,,
197300,0.23340459,0.22962412,,,,,
197400,0.22994966,0.22962755,,,,,
197500,0.23105547,0.22962823,,,,,
197600,0.23594177,0.22963923,,,,,
197700,0.14547295,,,0.11967647,,,
197800,0.25132073,0.22967399,,,,,
197900,0.14845437,,,0.1197153,,,
198000,0.14483993,,,0.11975876,,,
198100,0.14799908,,,0.11979984,,,
198200,0.1546228,,0.17631854,,,,
198300,0.15368142,,0.1762913,,,,
198400,0.14820019,,,0.11987239,,,
198500,0.14999015,,0.17623836,,,,
198600,0.23921567,0.22969545,,,,,
198700,0.1469075,,,0.1199978,,,
198800,0.2300612,0.22972177,,,,,
198900,0.16396699,,,0.1200344,,,
199000,0.14537835,,,0.12008622,,,
199100,0.14599721,,,0.12012087,,,
199200,0.14857849,,,0.12014891,,,
199300,0.22005324,0.2297225,,,,,
199400,0.22204081,0.22971719,,,,,
199500,0.14636571,,,0.12024204,,,
199600,0.22942685,0.22970084,,,,,
199700,0.14623523,,,0.12029935,,,
199800,0.14028098,,0.17588494,,,,
199900,0.15776112,,,0.12033929,,,
200000,0.21629461,0.22968404,,,,,
200100,0.22124262,0.22967467,,,,,
200200,0.13665829,,0.17574482,,,,
200300,0.13631553,,0.17569921,,,,
200400,0.13170583,,0.17564755,,,,
200500,0.14935253,,,0.12054847,,,
200600,0.14963563,,,0.12057543,,,
200700,0.21929017,0.22959145,,,,,
200800,0.21305385,0.2295762,,,,,
200900,0.20741795,0.22955449,,,,,
201000,0.14621785,,,0.12069713,,,
201100,0.14824446,,,0.12072762,,,
201200,0.23351569,0.22951606,,,,,
201300,0.20996892,0.22950382,,,,,
201400,0.20777967,0.22948624,,,,,
201500,0.20571863,0.22947277,,,,,
201600,0.2160835,0.22945353,,,,,
201700,0.12775583,,0.17509948,,,,
201800,0.21255185,0.229441,,,,,
201900,0.16371976,,,0.12094939,,,
202000,0.12223602,,0.17495508,,,,
202100,0.20838436,0.2293804,,,,,
202200,0.14751638,,,0.12105969,,,
202300,0.12939272,,0.17480129,,,,
202400,0.20208375,0.22931771,,,,,
202500,0.14747258,,,0.12115061,,,
202600,0.14896508,,,0.12118161,,,
202700,0.11712659,,0.17459311,,,,
202800,0.20600213,0.22922792,,,,,
202900,0.14830491,,,0.12123926,,,
203000,0.20330956,0.22918019,,,,,
203100,0.12013687,,0.17437508,,,,
203200,0.20400618,0.229148,,,,,
203300,0.20334599,0.2291225,,,,,
203400,0.22560915,0.22910027,,,,,
203500,0.14793453,,,0.12143701,,,
203600,0.20714124,0.22908369,,,,,
203700,0.2071737,0.2290658,,,,,
203800,0.11503845,,0.1739727,,,,
203900,0.20414048,0.22902169,,,,,
204000,0.15971168,,,0.12158797,,,
204100,0.20247138,0.2289911,,,,,
204200,0.21087812,0.2289686,,,,,
204300,0.23366038,0.22896217,,,,,
204400,0.21003975,0.22894077,,,,,
204500,0.21636013,0.22892783,,,,,
204600,0.11484325,,0.17352591,,,,
204700,0.14821085,,,0.12180925,,,
204800,0.2242624,0.22888756,,,,,
204900,0.14879679,,,0.12184712,,,
205000,0.21302849,0.22888006,,,,,
205100,0.11625479,,0.17327668,,,,
205200,0.14815702,,,0.12194956,,,
205300,0.11180175,,0.17316092,,,,
205400,0.20947918,0.22880206,,,,,
205500,0.21241574,0.22879118,,,,,
205600,0.21395715,0.22877275,,,,,
205700,0.14902634,,,0.12208589,,,
205800,0.11546041,,0.17288759,,,,
205900,0.14799663,,,0.12212115,,,
206000,0.14993971,,,0.12217046,,,
206100,0.12333518,,0.17274547,,,,
206200,0.21193447,0.22869355,,,,,
206300,0.11602719,,0.17263628,,,,
206400,0.11881764,,0.17257258,,,,
206500,0.11647554,,0.17253677,,,,
206600,0.11592551,,0.17248549,,,,
206700,0.14869441,,,0.12236578,,,
206800,0.1455349,,0.17237224,,,,
206900,0.14942474,,,0.12240599,,,
207000,0.14845414,,,0.12245328,,,
207100,0.22207278,0.22860672,,,,,
207200,0.20845467,0.22859943,,,,,
207300,0.11827431,,0.17212623,,,,
207400,0.22121498,0.2285755,,,,,
207500,0.15107274,,,0.12258087,,,
207600,0.14885254,,,0.12261489,,,
207700,0.15132667,,,0.12264453,,,
207800,0.24650931,0.22857216,,,,,
207900,0.15120607,,,0.12268199,,,
208000,0.14853904,,,0.12272139,,,
208100,0.21863168,0.22855455,,,,,
208200,0.14994625,,,0.12277929,,,
208300,0.22109077,0.22857372,,,,,
208400,0.14897126,,,0.12281437,,,
208500,0.14893036,,,0.12286345,,,
208600,0.23991515,0.22855699,,,,,
208700,0.14920052,,,0.12291505,,,
208800,0.21722215,0.22855928,,,,,
208900,0.22447616,0.22854523,,,,,
209000,0.12630139,,0.17138313,,,,
209100,0.21408081,0.22852776,,,,,
209200,0.14930705,,,0.12305787,,,
209300,0.21817664,0.2285109,,,,,
209400,0.11718444,,0.17118489,,,,
209500,0.12576795,,0.17115279,,,,
209600,0.15502522,,,0.12317595,,,
209700,0.2264399,0.22847208,,,,,
209800,0.21842206,0.22846809,,,,,
209900,0.14930019,,,0.12323373,,,
210000,0.24282573,0.22846299,,,,,
210100,0.23665855,0.22847889,,,,,
210200,0.29003331,0.22851902,,,,,
210300,0.26815561,0.22856204,,,,,
210400,0.15168619,,0.17087731,,,,
210500,0.15063821,,,0.12341942,,,
210600,0.15292682,,,0.12345516,,,
210700,0.14452878,,0.17082443,,,,
210800,0.14470994,,0.17080101,,,,
210900,0.14585094,,0.17077244,,,,
211000,0.23599141,0.22870055,,,,,
211100,0.15019136,,,0.12360887,,,
211200,0.13669838,,0.17070982,,,,
211300,0.13683652,,0.17067927,,,,
211400,0.1405326,,0.17065147,,,,
211500,0.14445219,,0.17063399,,,,
211600,0.13734128,,0.17060917,,,,
211700,0.15456649,,,0.1237804,,,
211800,0.13770326,,0.17054866,,,,
211900,0.15871322,,,0.12381429,,,
212000,0.23625632,0.22879804,,,,,
212100,0.13379087,,0.17047812,,,,
212200,0.23785894,0.22881416,,,,,
212300,0.13760715,,0.1704078,,,,
212400,0.2318229,0.22883696,,,,,
212500,0.13223042,,0.17037325,,,,
212600,0.15524687,,,0.12403602,,,
212700,0.15414265,,,0.1240621,,,
212800,0.12228072,,0.17025165,,,,
212900,0.16069956,,,0.12410217,,,
213000,0.21829789,0.22885796,,,,,
213100,0.23105176,0.2288543,,,,,
213200,0.22826262,0.22885019,,,,,
213300,0.21667605,0.22884775,,,,,
213400,0.21143195,0.22883319,,,,,
213500,0.11240342,,0.16993062,,,,
213600,0.1539945,,,0.12431294,,,
213700,0.15289109,,,0.12433682,,,
213800,0.10890278,,0.16978418,,,,
213900,0.21194132,0.22879974,,,,,
214000,0.16045609,,,0.1244172,,,
214100,0.23076423,0.22878421,,,,,
214200,0.20993877,0.2287699,,,,,
214300,0.20911756,0.2287524,,,,,
214400,0.15641995,,,0.12451513,,,
214500,0.11206032,,0.16942706,,,,
214600,0.12273673,,0.16939197,,,,
214700,0.2063294,0.22872816,,,,,
214800,0.098511257,,0.16927355,,,,
214900,0.13008711,,0.16918751,,,,
215000,0.10881552,,0.16916037,,,,
215100,0.15278283,,,0.1247239,,,
215200,0.20193673,0.22861671,,,,,
215300,0.20673216,0.22860128,,,,,
215400,0.15473667,,,0.12477872,,,
215500,0.19822898,0.22854941,,,,,
215600,0.15395867,,,0.12486274,,,
215700,0.097104538,,0.16874427,,,,
215800,0.20067073,0.22849237,,,,,
215900,0.15493544,,,0.12492307,,,
216000,0.10422037,,0.16856827,,,,
216100,0.20614002,0.22845211,,,,,
216200,0.15208518,,,0.12502691,,,
216300,0.19933643,0.22840772,,,,,
216400,0.1984914,0.2283779,,,,,
216500,0.2038458,0.22836287,,,,,
216600,0.15629167,,,0.12513703,,,
216700,0.20635641,0.22834111,,,,,
216800,0.20773388,0.22832114,,,,,
216900,0.21109097,0.22829926,,,,,
217000,0.094844035,,0.16799293,,,,
217100,0.096277295,,0.16794,,,,
217200,0.094330413,,0.1678699,,,,
217300,0.095930424,,0.16780715,,,,
217400,0.20352898,0.22817881,,,,,
217500,0.19866264,0.22816231,,,,,
217600,0.15442461,,,0.1254066,,,
217700,0.15286695,,,0.12543273,,,
217800,0.21229963,0.22810813,,,,,
217900,0.11237445,,0.16742947,,,,
218000,0.11268557,,0.16739985,,,,
218100,0.15468287,,,0.12553397,,,
218200,0.20856205,0.22803887,,,,,
218300,0.19775055,0.22802142,,,,,
218400,0.15217639,,,0.1255993,,,
218500,0.19714923,0.22797065,,,,,
218600,0.19984894,0.22794567,,,,,
218700,0.21477985,0.22792866,,,,,
218800,0.21403631,0.22791983,,,,,
218900,0.10249349,,0.16688056,,,,
219000,0.20790856,0.22788896,,,,,
219100,0.20224856,0.22786538,,,,,
219200,0.19638313,0.22784198,,,,,
219300,0.099021862,,0.16667591,,,,
219400,0.20313576,0.22779524,,,,,
219500,0.16062804,,,0.12588942,,,
219600,0.19735736,0.22775852,,,,,
219700,0.20268692,0.22773659,,,,,
219800,0.20085189,0.22771875,,,,,
219900,0.098724025,,0.16631438,,,,
220000,0.20044792,0.227678,,,,,
220100,0.15535065,,,0.12605289,,,
220200,0.21664519,0.22764377,,,,,
220300,0.2021632,0.22763451,,,,,
220400,0.15297436,,,0.12610813,,,
220500,0.20605626,0.2275884,,,,,
220600,0.15619296,,,0.12617905,,,
220700,0.15295446,,,0.12620525,,,
220800,0.10943345,,0.16584306,,,,
220900,0.15693819,,,0.1262377,,,
221000,0.19534412,0.22750884,,,,,
221100,0.15247201,,,0.12631174,,,
221200,0.19605253,0.22746088,,,,,
221300,0.095582547,,0.16556326,,,,
221400,0.1959549,0.2274094,,,,,
221500,0.19713836,0.22738811,,,,,
221600,0.095609411,,0.16539329,,,,
221700,0.15290552,,,0.1264648,,,
221800,0.20278302,0.22734006,,,,,
221900,0.1530213,,,0.12649894,,,
222000,0.19914646,0.22729347,,,,,
222100,0.10123529,,0.16511233,,,,
222200,0.21988991,0.22726099,,,,,
222300,0.096958395,,0.1650088,,,,
222400,0.15403689,,,0.12662271,,,
222500,0.20292783,0.22720164,,,,,
222600,0.21395232,0.22718497,,,,,
222700,0.20532865,0.22717136,,,,,
222800,0.097503363,,0.16474401,,,,
222900,0.15796222,,,0.12675193,,,
223000,0.098203887,,0.16464158,,,,
223100,0.16583283,,,0.12682863,,,
223200,0.15550528,,,0.12685337,,,
223300,0.09694484,,0.16447982,,,,
223400,0.19632463,0.22701974,,,,,
223500,0.15314914,,,0.12692995,,,
223600,0.15389282,,,0.12695901,,,
223700,0.15370708,,,0.12697892,,,
223800,0.19607099,0.22695112,,,,,
223900,0.15363895,,,0.12701071,,,
224000,0.1979603,0.22691023,,,,,
224100,0.15958355,,,0.12707986,,,
224200,0.15760789,,,0.1271068,,,
224300,0.20601259,0.22685172,,,,,
224400,0.20364715,0.22682326,,,,,
224500,0.098388,,0.16384433,,,,
224600,0.1991351,0.22678917,,,,,
224700,0.15445012,,,0.1272337,,,
224800,0.09948856,,0.16369667,,,,
224900,0.15397213,,,0.12726496,,,
225000,0.15289326,,,0.12731063,,,
225100,0.10467299,,0.1635525,,,,
225200,0.20152961,0.22668447,,,,,
225300,0.099774577,,0.16345848,,,,
225400,0.21454466,0.22664628,,,,,
225500,0.19849528,0.22663204,,,,,
225600,0.15339191,,,0.12745645,,,
225700,0.15400734,,,0.12747626,,,
225800,0.20352635,0.22658712,,,,,
225900,0.15579557,,,0.12751274,,,
226000,0.21233844,0.22656553,,,,,
226100,0.15720783,,,0.12758186,,,
226200,0.11177108,,0.16304961,,,,
226300,0.11656095,,0.16301725,,,,
226400,0.22131254,0.22650289,,,,,
226500,0.16896415,,,0.12767605,,,
226600,0.12887588,,0.16289109,,,,
226700,0.20353766,0.22647883,,,,,
226800,0.22016986,0.22646831,,,,,
226900,0.20003088,0.22644385,,,,,
227000,0.15664823,,,0.12779691,,,
227100,0.20216081,0.22641247,,,,,
227200,0.20658818,0.22639406,,,,,
227300,0.22480091,0.22638496,,,,,
227400,0.10552735,,0.1625136,,,,
227500,0.20512423,0.22635468,,,,,
227600,0.15586256,,,0.12794529,,,
227700,0.22420193,0.22633176,,,,,
227800,0.20235717,0.22632631,,,,,
227900,0.15457055,,,0.12799971,,,
228000,0.20014929,0.22629048,,,,,
228100,0.21071423,0.22627525,,,,,
228200,0.20025887,0.22626512,,,,,
228300,0.20189924,0.22624835,,,,,
228400,0.20420443,0.22622205,,,,,
228500,0.15421113,,,0.12817909,,,
228600,0.20438116,0.22619322,,,,,
228700,0.21018921,0.22617768,,,,,
228800,0.10398598,,0.16189407,,,,
228900,0.20305904,0.22615717,,,,,
229000,0.15466466,,,0.12829532,,,
229100,0.10242167,,0.16175762,,,,
229200,0.1571114,,,0.12834357,,,
229300,0.21677358,0.22609619,,,,,
229400,0.2070659,0.2260738,,,,,
229500,0.1556436,,,0.12840862,,,
229600,0.15480352,,,0.12844319,,,
229700,0.15554898,,,0.12846196,,,
229800,0.10289211,,0.16144408,,,,
229900,0.11542269,,0.16138941,,,,
230000,0.16020114,,,0.12853674,,,
230100,0.10399198,,0.16131999,,,,
230200,0.20713818,0.22596943,,,,,
230300,0.15624855,,,0.12860202,,,
230400,0.10375537,,0.1611824,,,,
230500,0.16317651,,,0.12864621,,,
230600,0.10556397,,0.16111819,,,,
230700,0.20092291,0.22589468,,,,,
230800,0.21466801,0.22587922,,,,,
230900,0.20843405,0.22585634,,,,,
231000,0.15507082,,,0.12877011,,,
231100,0.15601779,,,0.12880223,,,
231200,0.1600584,,,0.12882271,,,
231300,0.21359212,0.22581462,,,,,
231400,0.2069325,0.22579508,,,,,
231500,0.15819109,,,0.12888974,,,
231600,0.20386594,0.22576895,,,,,
231700,0.1633749,,,0.12894291,,,
231800,0.20307442,0.2257407,,,,,
231900,0.10381267,,0.16055187,,,,
232000,0.15513515,,,0.12901187,,,
232100,0.1680366,,,0.12903978,,,
232200,0.15824313,,,0.12906065,,,
232300,0.20778797,0.22566907,,,,,
232400,0.20394267,0.22565122,,,,,
232500,0.16248022,,,0.12913222,,,
232600,0.21124626,0.22562599,,,,,
232700,0.21308783,0.22562043,,,,,
232800,0.21870786,0.22561103,,,,,
232900,0.10406277,,0.16014093,,,,
233000,0.15527326,,,0.12924926,,,
233100,0.2076526,0.22556878,,,,,
233200,0.15593895,,,0.12929085,,,
233300,0.10411887,,0.16000253,,,,
233400,0.11028347,,0.15995122,,,,
233500,0.15884874,,,0.1293525,,,
233600,0.17850632,,,0.12939085,,,
233700,0.16014203,,,0.12941893,,,
233800,0.10434841,,0.1598479,,,,
233900,0.20398214,0.22549431,,,,,
234000,0.15730959,,,0.12950022,,,
234100,0.16029467,,,0.12952563,,,
234200,0.15791501,,,0.12954625,,,
234300,0.23942559,0.22546247,,,,,
234400,0.21960212,0.22546547,,,,,
234500,0.1611881,,,0.12961224,,,
234600,0.24165134,0.2254559,,,,,
234700,0.15610746,,,0.12965946,,,
234800,0.22756154,0.22544331,,,,,
234900,0.15605262,,,0.12968813,,,
235000,0.15550425,,,0.12972259,,,
235100,0.16802856,,,0.12975303,,,
235200,0.10461398,,0.15934287,,,,
235300,0.15831815,,,0.1297952,,,
235400,0.15645763,,,0.12979732,,,
235500,0.15617748,,,0.12982943,,,
235600,0.10449123,,0.15919253,,,,
235700,0.22824093,0.22537384,,,,,
235800,0.15742624,,,0.1299084,,,
235900,0.15981861,,,0.12991319,,,
236000,0.16152686,,,0.12994823,,,
236100,0.15743145,,,0.1299756,,,
236200,0.21050851,0.2253357,,,,,
236300,0.20423828,0.22532764,,,,,
236400,0.15610165,,,0.13002977,,,
236500,0.15726758,,,0.13005728,,,
236600,0.16266741,,,0.13008768,,,
236700,0.15669927,,,0.13011085,,,
236800,0.15644871,,,0.13013472,,,
236900,0.15622974,,,0.13013954,,,
237000,0.16217244,,,0.13018275,,,
237100,0.10400406,,0.15868982,,,,
237200,0.20665033,0.22524587,,,,,
237300,0.1571077,,,0.1302581,,,
237400,0.21001306,0.22522394,,,,,
237500,0.1573852,,,0.13029671,,,
237600,0.16652457,,,0.1303235,,,
237700,0.15640405,,,0.1303432,,,
237800,0.10744757,,0.15843274,,,,
237900,0.20488868,0.22517866,,,,,
238000,0.1605759,,,0.13040229,,,
238100,0.17984939,,,0.13043765,,,
238200,0.15838129,,,0.13045992,,,
238300,0.096913359,,0.15823819,,,,
238400,0.21232828,0.22511439,,,,,
238500,0.15662061,,,0.13052157,,,
238600,0.097267624,,0.15810809,,,,
238700,0.16262246,,,0.13057127,,,
238800,0.20583707,0.22506306,,,,,
238900,0.098630851,,0.15795951,,,,
239000,0.15682315,,,0.13063574,,,
239100,0.20664315,0.22502511,,,,,
239200,0.16077566,,,0.13068961,,,
239300,0.21213224,0.22499309,,,,,
239400,0.15824724,,,0.13071765,,,
239500,0.15834878,,,0.13075035,,,
239600,0.16228937,,,0.13078032,,,
239700,0.15735812,,,0.13079857,,,
239800,0.15712112,,,0.13082184,,,
239900,0.15775198,,,0.13082495,,,
240000,0.15809121,,,0.1308519,,,
240100,0.16260654,,,0.1308852,,,
240200,0.20212898,0.2249109,,,,,
240300,0.15859904,,,0.1309347,,,
240400,0.23724008,0.22491401,,,,,
240500,0.16433352,,,0.13097901,,,
240600,0.20382248,0.22490567,,,,,
240700,0.21054509,0.22489839,,,,,
240800,0.15994354,,,0.13105108,,,
240900,0.16135858,,,0.13105625,,,
241000,0.16212494,,,0.13108732,,,
241100,0.20576187,0.22487012,,,,,
241200,0.20508739,0.22486805,,,,,
241300,0.1579701,,,0.13116688,,,
241400,0.15897281,,,0.13117,,,
241500,0.16000943,,,0.13120122,,,
241600,0.092384103,,0.15684317,,,,
241700,0.20689844,0.22480007,,,,,
241800,0.15922112,,,0.13127233,,,
241900,0.16230162,,,0.13127637,,,
242000,0.17885894,,,0.13130792,,,
242100,0.20179936,0.22474126,,,,,
242200,0.20105812,0.22472592,,,,,
242300,0.15861254,,,0.13137592,,,
242400,0.21269122,0.22469232,,,,,
242500,0.17993642,,,0.13141854,,,
242600,0.15917215,,,0.13144641,,,
242700,0.21471106,0.22467748,,,,,
242800,0.15803308,,,0.13148677,,,
242900,0.15891173,,,0.1314936,,,
243000,0.1573496,,,0.13152326,,,
243100,0.1665139,,,0.13155246,,,
243200,0.2392126,0.22465324,,,,,
243300,0.21272001,0.22465209,,,,,
243400,0.1571823,,,0.13160373,,,
243500,0.1595528,,,0.13163607,,,
243600,0.15946572,,,0.13165929,,,
243700,0.09474671,,0.15598534,,,,
243800,0.2171918,0.22462876,,,,,
243900,0.20442437,0.22461305,,,,,
244000,0.15916462,,,0.1317401,,,
244100,0.16156196,,,0.13176497,,,
244200,0.22246019,0.22457834,,,,,
244300,0.21277323,0.22457214,,,,,
244400,0.20295993,0.22455271,,,,,
244500,0.15750638,,,0.13183967,,,
244600,0.16714442,,,0.13186823,,,
244700,0.15823094,,,0.13188673,,,
244800,0.21505956,0.22450968,,,,,
244900,0.15997969,,,0.13191321,,,
245000,0.17095718,,,0.13194056,,,
245100,0.16077506,,,0.13197019,,,
245200,0.20781848,0.22445357,,,,,
245300,0.15829994,,,0.13201008,,,
245400,0.1627596,,,0.13201322,,,
245500,0.15760615,,,0.13204482,,,
245600,0.16211859,,,0.1320713,,,
245700,0.086455303,,0.15511771,,,,
245800,0.15849608,,,0.13211298,,,
245900,0.083443305,,0.1550081,,,,
246000,0.15752456,,,0.13215376,,,
246100,0.16775468,,,0.1321798,,,
246200,0.20560103,0.22432961,,,,,
246300,0.20543552,0.2243185,,,,,
246400,0.15855244,,,0.13222558,,,
246500,0.16506231,,,0.13226376,,,
246600,0.15894102,,,0.13228679,,,
246700,0.19883254,0.22424946,,,,,
246800,0.16000921,,,0.13232428,,,
246900,0.088414717,,0.15453913,,,,
247000,0.16830263,,,0.13235836,,,
247100,0.16283316,,,0.13238842,,,
247200,0.19690901,0.22416124,,,,,
247300,0.21018042,0.22414795,,,,,
247400,0.083594016,,0.15430177,,,,
247500,0.18168345,,,0.13246824,,,
247600,0.21262648,0.22410359,,,,,
247700,0.19524463,0.22408781,,,,,
247800,0.1612651,,,0.13254306,,,
247900,0.19605722,0.22405038,,,,,
248000,0.16377503,,,0.13258774,,,
248100,0.081731663,,0.15398268,,,,
248200,0.19414256,0.22400099,,,,,
248300,0.16164466,,,0.1326486,,,
248400,0.20686185,0.22396153,,,,,
248500,0.1608397,,,0.13268932,,,
248600,0.1599331,,,0.13271584,,,
248700,0.19558285,0.22391911,,,,,
248800,0.19534899,0.22390174,,,,,
248900,0.15977716,,,0.13276018,,,
249000,0.17487763,,,0.13280051,,,
249100,0.19448357,0.22385215,,,,,
249200,0.1957337,0.22383494,,,,,
249300,0.15922941,,,0.13286496,,,
249400,0.084155471,,0.15333472,,,,
249500,0.18455551,,,0.13289658,,,
249600,0.078156103,,0.15326019,,,,
249700,0.1984761,0.22375059,,,,,
249800,0.15923477,,,0.13297256,,,
249900,0.15955854,,,0.13297956,,,
250000,0.16007208,,,0.13301045,,,
250100,0.16334124,,,0.13303301,,,
250200,0.081160264,,0.1529517,,,,
250300,0.20707121,0.22366702,,,,,
250400,0.080990626,,0.15284768,,,,
250500,0.1583526,,,0.13310443,,,
250600,0.16490226,,,0.13313011,,,
250700,0.21655442,0.22362337,,,,,
250800,0.082235815,,0.15268109,,,,
250900,0.21073978,0.22360054,,,,,
251000,0.1588166,,,0.13320288,,,
251100,0.16435201,,,0.13322795,,,
251200,0.19647307,0.22355485,,,,,
251300,0.16515976,,,0.13326855,,,
251400,0.19942696,0.22351887,,,,,
251500,0.080792047,,0.1523253,,,,
251600,0.19623746,0.22349094,,,,,
251700,0.16470426,,,0.13335223,,,
251800,0.15976482,,,0.1333701,,,
251900,0.083167729,,0.15213788,,,,
252000,0.17969223,,,0.13340222,,,
252100,0.080573875,,0.15205844,,,,
252200,0.16182927,,,0.13344835,,,
252300,0.16201526,,,0.13346796,,,
252400,0.075984299,,0.15188732,,,,
252500,0.16505242,,,0.13349576,,,
252600,0.19557853,0.22332158,,,,,
252700,0.16696186,,,0.13355254,,,
252800,0.20110945,0.22328589,,,,,
252900,0.086168188,,0.15164826,,,,
253000,0.20169271,0.22325409,,,,,
253100,0.2087514,0.22324893,,,,,
253200,0.075967089,,0.15151975,,,,
253300,0.20761651,0.22321962,,,,,
253400,0.19765405,0.22320361,,,,,
253500,0.1897427,,,0.13371335,,,
253600,0.20013564,0.2231744,,,,,
253700,0.20754108,0.22316183,,,,,
253800,0.16043841,,,0.13377931,,,
253900,0.15966295,,,0.13378836,,,
254000,0.17141386,,,0.13381876,,,
254100,0.20335964,0.22311889,,,,,
254200,0.2164117,0.22311079,,,,,
254300,0.20863647,0.22310602,,,,,
254400,0.19684267,0.2230896,,,,,
254500,0.17489714,,,0.13391299,,,
254600,0.2012661,0.22306255,,,,,
254700,0.19839261,0.22305035,,,,,
254800,0.16177826,,,0.13398329,,,
254900,0.077183516,,0.15074395,,,,
255000,0.18600831,,,0.13400926,,,
255100,0.19675084,0.2229875,,,,,
255200,0.16081899,,,0.13406638,,,
255300,0.21194298,0.22295534,,,,,
255400,0.19525231,0.22294008,,,,,
255500,0.17867543,,,0.13411694,,,
255600,0.077130175,,0.15043466,,,,
255700,0.16649992,,,0.13416641,,,
255800,0.16038707,,,0.13418335,,,
255900,0.077972847,,0.15027174,,,,
256000,0.17259977,,,0.1342154,,,
256100,0.077893052,,0.15019958,,,,
256200,0.1681113,,,0.13426828,,,
256300,0.16083219,,,0.13428725,,,
256400,0.078703225,,0.15004488,,,,
256500,0.19121222,,,0.13431806,,,
256600,0.19981371,0.22276635,,,,,
256700,0.19683447,0.22275248,,,,,
256800,0.16038991,,,0.13438242,,,
256900,0.19773137,0.22271569,,,,,
257000,0.19748422,,,0.13441491,,,
257100,0.20064699,0.22269005,,,,,
257200,0.16020316,,,0.13446276,,,
257300,0.16111286,,,0.1344794,,,
257400,0.079077183,,0.14958601,,,,
257500,0.20684426,,,0.13452138,,,
257600,0.07892747,,0.14951442,,,,
257700,0.16286917,,,0.13456924,,,
257800,0.16262642,,,0.13458717,,,
257900,0.19815678,0.2225753,,,,,
258000,0.18956855,,,0.1346169,,,
258100,0.19892907,0.22254974,,,,,
258200,0.077254521,,0.14924711,,,,
258300,0.1605306,,,0.13468168,,,
258400,0.078745312,,0.1491336,,,,
258500,0.16441744,,,0.13470541,,,
258600,0.17080745,,,0.13474097,,,
258700,0.077207792,,0.14900669,,,,
258800,0.19983394,0.22243888,,,,,
258900,0.077171193,,0.14890613,,,,
259000,0.1914208,,,0.13480447,,,
259100,0.20032243,0.22239103,,,,,
259200,0.1661545,,,0.1348577,,,
259300,0.077981855,,0.14873973,,,,
259400,0.19661943,0.22234329,,,,,
259500,0.16170761,,,0.13490212,,,
259600,0.18059727,,,0.13493896,,,
259700,0.16592874,,,0.13496214,,,
259800,0.16196685,,,0.13498251,,,
259900,0.16542946,,,0.13498911,,,
260000,0.19443803,,,0.13502326,,,
260100,0.078263981,,0.14839747,,,,
260200,0.21448668,0.22223448,,,,,
260300,0.16235144,,,0.13508558,,,
260400,0.16065422,,,0.13509221,,,
260500,0.16010324,,,0.13511571,,,
260600,0.16189735,,,0.13514467,,,
260700,0.21803244,0.22218092,,,,,
260800,0.16287175,,,0.13517921,,,
260900,0.19789944,0.22216048,,,,,
261000,0.18768538,,,0.13520702,,,
261100,0.078389014,,0.14796314,,,,
261200,0.1612872,,,0.13525247,,,
261300,0.077933209,,0.14787331,,,,
261400,0.20403447,0.22208802,,,,,
261500,0.20371786,,,0.13529693,,,
261600,0.19565373,0.22206631,,,,,
261700,0.16143474,,,0.13534505,,,
261800,0.16113611,,,0.13536357,,,
261900,0.19725148,0.22201858,,,,,
262000,0.18353369,,,0.13538888,,,
262100,0.16612992,,,0.13542829,,,
262200,0.16242109,,,0.13544611,,,
262300,0.20847425,0.22197016,,,,,
262400,0.19738663,0.2219546,,,,,
262500,0.21858675,,,0.13548664,,,
262600,0.16106226,,,0.135518,,,
262700,0.1970024,0.22191395,,,,,
262800,0.16190792,,,0.13555069,,,
262900,0.19572318,0.22188569,,,,,
263000,0.16295296,,,0.13558309,,,
263100,0.19748366,0.22186099,,,,,
263200,0.20354536,0.22184817,,,,,
263300,0.16298629,,,0.13564623,,,
263400,0.16263156,,,0.13565491,,,
263500,0.16146884,,,0.13567733,,,
263600,0.19859268,0.22180214,,,,,
263700,0.20642817,0.22179102,,,,,
263800,0.19570474,0.22178056,,,,,
263900,0.16127042,,,0.13574723,,,
264000,0.16570717,,,0.13577723,,,
264100,0.076788868,,0.14668321,,,,
264200,0.078367763,,0.14664536,,,,
264300,0.16220065,,,0.13583353,,,
264400,0.07670933,,0.14654361,,,,
264500,0.16095272,,,0.13585646,,,
264600,0.1982433,0.22169597,,,,,
264700,0.1706768,,,0.13590883,,,
264800,0.16168619,,,0.1359263,,,
264900,0.20658246,0.22164958,,,,,
265000,0.16540278,,,0.13594916,,,
265100,0.20152079,0.22163712,,,,,
265200,0.16300965,,,0.13599697,,,
265300,0.16435055,,,0.13601195,,,
265400,0.090268237,,0.14614176,,,,
265500,0.080328371,,0.14610652,,,,
265600,0.16848114,,,0.136068,,,
265700,0.16942668,,,0.13608733,,,
265800,0.079959037,,0.14599955,,,,
265900,0.20638541,0.22154929,,,,,
266000,0.20236538,0.2215399,,,,,
266100,0.22850303,0.22153699,,,,,
266200,0.16341404,,,0.13617441,,,
266300,0.21283744,0.22151858,,,,,
266400,0.21947377,0.22151091,,,,,
266500,0.18585453,,,0.13621838,,,
266600,0.20002058,0.22149577,,,,,
266700,0.16222155,,,0.13626444,,,
266800,0.16189454,,,0.13628164,,,
266900,0.21000517,0.22146945,,,,,
267000,0.19988877,,,0.13630701,,,
267100,0.20263155,0.22145312,,,,,
267200,0.080805286,,0.1455042,,,,
267300,0.16193059,,,0.13637398,,,
267400,0.20568044,0.22142208,,,,,
267500,0.20733292,,,0.13640209,,,
267600,0.080548536,,0.14534857,,,,
267700,0.20401991,0.22138955,,,,,
267800,0.16453358,,,0.13646399,,,
267900,0.20172174,0.22137369,,,,,
268000,0.17186088,,,0.13649527,,,
268100,0.081168905,,0.1451623,,,,
268200,0.1728166,,,0.13654135,,,
268300,0.16280612,,,0.1365589,,,
268400,0.20531838,0.22132331,,,,,
268500,0.18090149,,,0.13658693,,,
268600,0.086939019,,0.14497502,,,,
268700,0.2009861,0.22129674,,,,,
268800,0.16393242,,,0.13664725,,,
268900,0.084441638,,0.14485218,,,,
269000,0.1869217,,,0.13667683,,,
269100,0.16578568,,,0.13670583,,,
269200,0.20281734,0.22125131,,,,,
269300,0.16357648,,,0.13674118,,,
269400,0.081045931,,0.14468132,,,,
269500,0.17363795,,,0.13677203,,,
269600,0.082068855,,0.14462398,,,,
269700,0.1656024,,,0.13681419,,,
269800,0.16230605,,,0.13682833,,,
269900,0.20005477,0.22117928,,,,,
270000,0.18522696,,,0.13685753,,,
270100,0.084088885,,0.14444251,,,,
270200,0.20499743,0.22115616,,,,,
270300,0.16192931,,,0.13691995,,,
270400,0.2092921,0.22113308,,,,,
270500,0.19092214,,,0.13694675,,,
270600,0.20217699,0.22112193,,,,,
270700,0.20396763,0.22111159,,,,,
270800,0.16234674,,,0.13700772,,,
270900,0.20967349,0.22110183,,,,,
271000,0.17633814,,,0.13704629,,,
271100,0.16543335,,,0.13706835,,,
271200,0.20712445,0.22109479,,,,,
271300,0.16217262,,,0.13709882,,,
271400,0.16313853,,,0.13710493,,,
271500,0.16187267,,,0.13712899,,,
271600,0.17346657,,,0.13715618,,,
271700,0.092729545,,0.14396823,,,,
271800,0.21072435,0.22106823,,,,,
271900,0.16214784,,,0.13720009,,,
272000,0.16150545,,,0.13722252,,,
272100,0.1621205,,,0.13724629,,,
272200,0.16265566,,,0.13726286,,,
272300,0.22456525,0.22103869,,,,,
272400,0.1623461,,,0.13728485,,,
272500,0.16329824,,,0.13731292,,,
272600,0.16864738,,,0.1373376,,,
272700,0.20921835,0.22101738,,,,,
272800,0.21001183,0.22101364,,,,,
272900,0.10297186,,0.14363129,,,,
273000,0.16752775,,,0.13740411,,,
273100,0.21696524,0.22100893,,,,,
273200,0.16240572,,,0.13743997,,,
273300,0.16709127,,,0.13745466,,,
273400,0.22011631,0.22100733,,,,,
273500,0.16244617,,,0.13749926,,,
273600,0.20840339,0.22100037,,,,,
273700,0.16286953,,,0.1375305,,,
273800,0.096397533,,0.14341683,,,,
273900,0.21179017,0.22098511,,,,,
274000,0.16231943,,,0.13757743,,,
274100,0.16495407,,,0.13759692,,,
274200,0.16730488,,,0.137614,,,
274300,0.22077657,0.22096381,,,,,
274400,0.20709811,0.22095495,,,,,
274500,0.16298121,,,0.13765912,,,
274600,0.17159256,,,0.13768088,,,
274700,0.16477517,,,0.13769587,,,
274800,0.098558523,,0.14314614,,,,
274900,0.16451458,,,0.13771759,,,
275000,0.17611071,,,0.13774376,,,
275100,0.16292061,,,0.13776378,,,
275200,0.10017762,,0.14303719,,,,
275300,0.098464124,,0.14301701,,,,
275400,0.22975323,0.22090693,,,,,
275500,0.16350569,,,0.13782626,,,
275600,0.16379175,,,0.13785102,,,
275700,0.10676982,,0.14292169,,,,
275800,0.10066728,,0.14290158,,,,
275900,0.16425522,,,0.13788834,,,
276000,0.16932658,,,0.13791717,,,
276100,0.1665882,,,0.1379381,,,
276200,0.16344523,,,0.13795267,,,
276300,0.23939806,0.2208938,,,,,
276400,0.16279184,,,0.13797455,,,
276500,0.17093252,,,0.13800033,,,
276600,0.16444772,,,0.13802109,,,
276700,0.22501021,0.22088151,,,,,
276800,0.20746988,0.22087744,,,,,
276900,0.16457545,,,0.13805558,,,
277000,0.17335026,,,0.13807978,,,
277100,0.16807615,,,0.13810339,,,
277200,0.098935059,,0.14254131,,,,
277300,0.20637581,0.22084973,,,,,
277400,0.16836112,,,0.13813908,,,
277500,0.17154173,,,0.13816578,,,
277600,0.21075073,0.22084207,,,,,
277700,0.21786216,0.2208364,,,,,
277800,0.16299766,,,0.138222,,,
277900,0.16305228,,,0.13822648,,,
278000,0.16382907,,,0.13824683,,,
278100,0.16461837,,,0.13827549,,,
278200,0.20978236,0.22081797,,,,,
278300,0.20989703,0.22081267,,,,,
278400,0.21454118,0.22080749,,,,,
278500,0.16474203,,,0.1383429,,,
278600,0.16576244,,,0.1383612,,,
278700,0.23181969,0.22080176,,,,,
278800,0.10071755,,0.14214472,,,,
278900,0.1633502,,,0.13839747,,,
279000,0.16792896,,,0.1384239,,,
279100,0.16619899,,,0.13844374,,,
279200,0.23391464,0.22079137,,,,,
279300,0.21189409,0.2207925,,,,,
279400,0.16285388,,,0.1384834,,,
279500,0.16224404,,,0.13850432,,,
279600,0.17303546,,,0.13852974,,,
279700,0.22994762,0.22077386,,,,,
279800,0.22562822,0.22077851,,,,,
279900,0.2158868,0.22077612,,,,,
280000,0.16550701,,,0.13859517,,,
280100,0.17900955,,,0.13861815,,,
280200,0.10302026,,0.1418224,,,,
280300,0.22829498,0.2207861,,,,,
280400,0.097232962,,0.14177195,,,,
280500,0.16347467,,,0.13867987,,,
280600,0.17558094,,,0.13870088,,,
280700,0.22037954,0.22078323,,,,,
280800,0.10219889,,0.14168657,,,,
280900,0.16347242,,,0.13873587,,,
281000,0.17006186,,,0.13876256,,,
281100,0.10054218,,0.14162129,,,,
281200,0.21122144,0.22076593,,,,,
281300,0.2297191,0.22076546,,,,,
281400,0.16566462,,,0.13881972,,,
281500,0.16503799,,,0.13884114,,,
281600,0.17433832,,,0.13886654,,,
281700,0.21728589,0.22075461,,,,,
281800,0.21644039,0.22075645,,,,,
281900,0.16338742,,,0.13890335,,,
282000,0.16344683,,,0.13892978,,,
282100,0.17743774,,,0.13895139,,,
282200,0.16480758,,,0.13896731,,,
282300,0.22279687,0.22075206,,,,,
282400,0.20975425,0.22074602,,,,,
282500,0.16318393,,,0.13901601,,,
282600,0.17609339,,,0.13903541,,,
282700,0.10166708,,0.1412854,,,,
282800,0.21606926,0.22073277,,,,,
282900,0.21460077,0.22072796,,,,,
283000,0.16313033,,,0.13909311,,,
283100,0.16862302,,,0.13911213,,,
283200,0.16506638,,,0.13912621,,,
283300,0.22788924,0.22071769,,,,,
283400,0.16453029,,,0.13914606,,,
283500,0.1721813,,,0.13916569,,,
283600,0.16454778,,,0.1391909,,,
283700,0.21197228,0.22069679,,,,,
283800,0.21290689,0.22069156,,,,,
283900,0.091298739,,0.14099413,,,,
284000,0.16910355,,,0.13924559,,,
284100,0.16710365,,,0.13926836,,,
284200,0.099404017,,0.14093544,,,,
284300,0.21448446,0.22067158,,,,,
284400,0.1634919,,,0.13930452,,,
284500,0.17034151,,,0.13932422,,,
284600,0.22021969,0.2206535,,,,,
284700,0.09685646,,0.14081358,,,,
284800,0.20942578,0.22065003,,,,,
284900,0.16377712,,,0.13937856,,,
285000,0.17163386,,,0.13940007,,,
285100,0.10199427,,0.14070626,,,,
285200,0.20992418,0.2206268,,,,,
285300,0.096706949,,0.14066298,,,,
285400,0.20545803,0.22061013,,,,,
285500,0.16573456,,,0.13947842,,,
285600,0.34822449,,,0.13950418,,,
285700,0.16483871,,,0.13951518,,,
285800,0.22710878,0.22060586,,,,,
285900,0.20501997,0.22059692,,,,,
286000,0.16594974,,,0.1395622,,,
286100,0.17038484,,,0.13958049,,,
286200,0.23029528,0.22059037,,,,,
286300,0.21416862,0.22059231,,,,,
286400,0.16414198,,,0.13961088,,,
286500,0.16472308,,,0.13963655,,,
286600,0.16987398,,,0.13965366,,,
286700,0.16479293,,,0.13966619,,,
286800,0.21545824,0.22055805,,,,,
286900,0.16484017,,,0.13968542,,,
287000,0.16891932,,,0.13970747,,,
287100,0.16730516,,,0.13972902,,,
287200,0.2036143,0.22052863,,,,,
287300,0.092842183,,0.14015273,,,,
287400,0.16759921,,,0.13976375,,,
287500,0.20043256,,,0.13978361,,,
287600,0.16424847,,,0.13980673,,,
287700,0.094066988,,0.14006111,,,,
287800,0.21940583,0.22049971,,,,,
287900,0.088736568,,0.13999893,,,,
288000,0.16870071,,,0.13985878,,,
288100,0.21309439,0.22049065,,,,,
288200,0.20834534,0.22048432,,,,,
288300,0.20772097,0.22047757,,,,,
288400,0.16862928,,,0.13991564,,,
288500,0.18361361,,,0.13993544,,,
288600,0.21098397,0.2204668,,,,,
288700,0.21323869,0.22046227,,,,,
288800,0.21804148,0.22045711,,,,,
288900,0.084343994,,0.13975371,,,,
289000,0.18316988,,,0.14001159,,,
289100,0.16755172,,,0.14003531,,,
289200,0.089556829,,0.13968183,,,,
289300,0.16701386,,,0.14006602,,,
289400,0.084126836,,0.13961698,,,,
289500,0.17125979,,,0.14009434,,,
289600,0.087061492,,0.13956917,,,,
289700,0.21490984,0.22040661,,,,,
289800,0.21771957,0.22040223,,,,,
289900,0.084301723,,0.13947667,,,,
290000,0.17799636,,,0.1401696,,,
290100,0.20842848,0.22038431,,,,,
290200,0.09262589,,0.13940801,,,,
290300,0.1654695,,,0.14022925,,,
290400,0.21353613,0.22037156,,,,,
290500,0.20358266,,,0.14025479,,,
290600,0.16670829,,,0.14027973,,,
290700,0.20574903,0.22036043,,,,,
290800,0.21734003,0.220356,,,,,
290900,0.092735482,,0.13922437,,,,
291000,0.16999268,,,0.14033273,,,
291100,0.20664304,0.22034164,,,,,
291200,0.20990619,0.22033507,,,,,
291300,0.2085397,0.22032974,,,,,
291400,0.11332501,,0.13910886,,,,
291500,0.16687573,,,0.14040977,,,
291600,0.085974857,,0.13907188,,,,
291700,0.083699498,,0.13904528,,,,
291800,0.20697308,0.22031245,,,,,
291900,0.20613029,0.2203025,,,,,
292000,0.17703258,,,0.14048435,,,
292100,0.21782746,0.22029571,,,,,
292200,0.20593527,0.22029163,,,,,
292300,0.22043247,0.22028725,,,,,
292400,0.083422175,,0.13884754,,,,
292500,0.18416663,,,0.14057036,,,
292600,0.16724271,,,0.14059101,,,
292700,0.21206001,0.22026339,,,,,
292800,0.22446219,0.22026185,,,,,
292900,0.084979526,,0.13870909,,,,
293000,0.16754074,,,0.14064273,,,
293100,0.20632514,0.22025073,,,,,
293200,0.20999734,0.22024489,,,,,
293300,0.21803752,0.22024132,,,,,
293400,0.16476346,,,0.14069764,,,
293500,0.17126204,,,0.14072272,,,
293600,0.16450015,,,0.1407388,,,
293700,0.20895622,0.22022475,,,,,
293800,0.20790929,0.22021827,,,,,
293900,0.090162269,,0.13842874,,,,
294000,0.1907685,,,0.14079241,,,
294100,0.20978375,0.22020822,,,,,
294200,0.16477818,,,0.14082943,,,
294300,0.21305597,0.2201964,,,,,
294400,0.21508445,0.22019033,,,,,
294500,0.20801451,,,0.14086107,,,
294600,0.088068206,,0.13825845,,,,
294700,0.21062407,0.22017701,,,,,
294800,0.16493606,,,0.14091038,,,
294900,0.20771754,0.22016581,,,,,
295000,0.18821635,,,0.14093298,,,
295100,0.086991007,,0.13813652,,,,
295200,0.21575437,0.22014961,,,,,
295300,0.20906636,0.22014812,,,,,
295400,0.22456303,0.22013937,,,,,
295500,0.17983321,,,0.14100492,,,
295600,0.2200733,0.22013742,,,,,
295700,0.20748634,0.22013291,,,,,
295800,0.20533465,0.2201265,,,,,
295900,0.16471137,,,0.14106893,,,
296000,0.16533059,,,0.14108676,,,
296100,0.1694171,,,0.14110765,,,
296200,0.22863887,0.22010811,,,,,
296300,0.22545999,0.22010726,,,,,
296400,0.1680981,,,0.1411422,,,
296500,0.16432338,,,0.14116086,,,
296600,0.083759361,,0.13774433,,,,
296700,0.20502145,0.22008267,,,,,
296800,0.21894451,0.22007881,,,,,
296900,0.16868928,,,0.14121099,,,
297000,0.177442,,,0.14123225,,,
297100,0.16875682,,,0.14125526,,,
297200,0.20842283,0.22005935,,,,,
297300,0.16631361,,,0.14128217,,,
297400,0.21711548,0.22005413,,,,,
297500,0.16732658,,,0.14130469,,,
297600,0.086068461,,0.13748754,,,,
297700,0.2057306,0.22004874,,,,,
297800,0.16694269,,,0.14135614,,,
297900,0.20731938,0.22003647,,,,,
298000,0.16624026,,,0.14138371,,,
298100,0.17017207,,,0.14139982,,,
298200,0.21528851,0.22002343,,,,,
298300,0.084152779,,0.13730448,,,,
298400,0.20567174,0.22001581,,,,,
298500,0.16830584,,,0.14145353,,,
298600,0.22070844,0.22000878,,,,,
298700,0.2120072,0.22001103,,,,,
298800,0.22313383,0.22000917,,,,,
298900,0.19139485,,,0.14151123,,,
299000,0.17621384,,,0.1415326,,,
299100,0.084715217,,0.13708666,,,,
299200,0.16768008,,,0.14156836,,,
299300,0.083872971,,0.13703528,,,,
299400,0.17754851,,,0.14158973,,,
299500,0.1658361,,,0.14161098,,,
299600,0.18296687,,,0.14163328,,,
299700,0.1728701,,,0.14165016,,,
299800,0.2058235,0.21995673,,,,,
299900,0.16683602,,,0.14166836,,,
300000,0.17383642,,,0.14168818,,,
300100,0.1734477,,,0.14171398,,,
300200,0.084403476,,0.13678988,,,,
300300,0.21942512,0.21992879,,,,,
300400,0.16822078,,,0.14174868,,,
300500,0.17009644,,,0.14176623,,,
300600,0.082616254,,0.13667883,,,,
300700,0.21037735,0.21990844,,,,,
300800,0.20631694,0.21990251,,,,,
300900,0.2270783,0.21989755,,,,,
301000,0.18607297,,,0.14184185,,,
301100,0.20913204,0.21989523,,,,,
301200,0.20995139,0.21989366,,,,,
301300,0.16636524,,,0.14189418,,,
301400,0.20649391,0.21988021,,,,,
301500,0.174571,,,0.14192212,,,
301600,0.20426708,0.21986892,,,,,
301700,0.20533945,0.2198638,,,,,
301800,0.16724202,,,0.14196435,,,
301900,0.09294004,,0.13634661,,,,
302000,0.16939695,,,0.14198495,,,
302100,0.21400269,0.21985044,,,,,
302200,0.21243708,0.21985142,,,,,
302300,0.23383561,0.21985274,,,,,
302400,0.16568248,,,0.14204077,,,
302500,0.16880044,,,0.14205666,,,
302600,0.17693449,,,0.14208082,,,
302700,0.21075566,0.2198618,,,,,
302800,0.20885508,0.21985706,,,,,
302900,0.16577967,,,0.1421153,,,
303000,0.16801428,,,0.14213777,,,
303100,0.16692336,,,0.14215132,,,
303200,0.084227911,,0.13603143,,,,
303300,0.21084011,0.21983634,,,,,
303400,0.16656817,,,0.14218236,,,
303500,0.18374287,,,0.14220215,,,
303600,0.16667802,,,0.14222029,,,
303700,0.16561842,,,0.14223284,,,
303800,0.22255769,0.21981293,,,,,
303900,0.085426879,,0.13585049,,,,
304000,0.17802521,,,0.14226888,,,
304100,0.085789111,,0.13581644,,,,
304200,0.21075224,0.21981864,,,,,
304300,0.16641156,,,0.14230905,,,
304400,0.091152282,,0.13574756,,,,
304500,0.19520452,,,0.14233236,,,
304600,0.20922782,0.219815,,,,,
304700,0.17467765,,,0.14236518,,,
304800,0.16723884,,,0.14237767,,,
304900,0.20822532,0.219797,,,,,
305000,0.081532807,,0.13560334,,,,
305100,0.16965608,,,0.14243732,,,
305200,0.1666785,,,0.14244952,,,
305300,0.20466097,0.21977991,,,,,
305400,0.20995414,0.21977173,,,,,
305500,0.080834139,,0.13547576,,,,
305600,0.20700489,0.21976171,,,,,
305700,0.1703292,,,0.14251889,,,
305800,0.082383883,,0.13540581,,,,
305900,0.082552479,,0.13537328,,,,
306000,0.20571636,0.21974701,,,,,
306100,0.082904415,,0.13532407,,,,
306200,0.21023149,0.21974101,,,,,
306300,0.08273285,,0.13527741,,,,
306400,0.084970948,,0.13524391,,,,
306500,0.20775949,0.21972653,,,,,
306600,0.17136725,,,0.14264259,,,
306700,0.083346556,,0.13517645,,,,
306800,0.20687738,0.21971255,,,,,
306900,0.080700863,,0.13512471,,,,
307000,0.2057973,0.21969913,,,,,
307100,0.17013018,,,0.14270721,,,
307200,0.21139286,0.21969018,,,,,
307300,0.22066939,0.21968977,,,,,
307400,0.21116141,0.21968554,,,,,
307500,0.20637209,0.21967874,,,,,
307600,0.17477551,,,0.14277603,,,
307700,0.083069872,,0.13493687,,,,
307800,0.082109004,,0.13491255,,,,
307900,0.20617716,0.21965723,,,,,
308000,0.2065268,0.21965082,,,,,
308100,0.17211637,,,0.14284474,,,
308200,0.16828732,,,0.14285815,,,
308300,0.17306037,,,0.14286953,,,
308400,0.21190138,0.21964191,,,,,
308500,0.20975847,0.21963802,,,,,
308600,0.17014332,,,0.14291087,,,
308700,0.1663258,,,0.14292372,,,
308800,0.21821424,0.21962764,,,,,
308900,0.21140973,0.21962324,,,,,
309000,0.20611123,0.21961853,,,,,
309100,0.16977198,,,0.14297383,,,
309200,0.09153428,,0.13458267,,,,
309300,0.21932334,0.21960489,,,,,
309400,0.087444805,,0.13452906,,,,
309500,0.20637835,0.21959765,,,,,
309600,0.17396925,,,0.14303949,,,
309700,0.085452882,,0.13446705,,,,
309800,0.084252743,,0.13444397,,,,
309900,0.20652835,0.21958585,,,,,
310000,0.21192102,0.21958101,,,,,
310100,0.17254809,,,0.14310783,,,
310200,0.16613844,,,0.14311883,,,
310300,0.085279887,,0.13432983,,,,
310400,0.21410091,0.21957463,,,,,
310500,0.1868999,,,0.14314859,,,
310600,0.18180991,,,0.14317345,,,
310700,0.22861682,0.21956678,,,,,
310800,0.22360871,0.21956784,,,,,
310900,0.08616151,,0.13418951,,,,
311000,0.20795728,0.21956198,,,,,
311100,0.16917309,,,0.14323867,,,
311200,0.16967219,,,0.14325074,,,
311300,0.22653028,0.21955155,,,,,
311400,0.21247449,0.21955218,,,,,
311500,0.20663181,0.21954765,,,,,
311600,0.20746244,0.2195451,,,,,
311700,0.16638609,,,0.1433172,,,
311800,0.22325136,0.21953592,,,,,
311900,0.21463951,0.21953634,,,,,
312000,0.095458298,,0.13394068,,,,
312100,0.17376147,,,0.14337054,,,
312200,0.081365447,,0.13390083,,,,
312300,0.085301208,,0.13387689,,,,
312400,0.20454741,0.21952247,,,,,
312500,0.23541728,,,0.14341296,,,
312600,0.17217407,,,0.14343989,,,
312700,0.08413557,,0.1337779,,,,
312800,0.21909346,0.21952078,,,,,
312900,0.084430579,,0.13372338,,,,
313000,0.21296168,0.21951582,,,,,
313100,0.089004229,,0.13368431,,,,
313200,0.21254047,0.21950747,,,,,
313300,0.2081169,0.2195031,,,,,
313400,0.081514196,,0.1336093,,,,
313500,0.20993182,0.21949269,,,,,
313600,0.20511394,0.21948844,,,,,
313700,0.08109549,,0.13354585,,,,
313800,0.16816472,,,0.1435918,,,
313900,0.088156551,,0.13349679,,,,
314000,0.16591572,,,0.1436093,,,
314100,0.20904102,0.21947035,,,,,
314200,0.20838678,0.21946515,,,,,
314300,0.1671169,,,0.14366121,,,
314400,0.094709783,,0.13339689,,,,
314500,0.2127551,0.21945709,,,,,
314600,0.16686841,,,0.14370064,,,
314700,0.20637286,0.21945047,,,,,
314800,0.20480737,0.21944522,,,,,
314900,0.081034696,,0.13328603,,,,
315000,0.20572519,0.21943229,,,,,
315100,0.17213675,,,0.14376287,,,
315200,0.16729845,,,0.14377517,,,
315300,0.082817141,,0.13320692,,,,
315400,0.20696512,0.21942121,,,,,
315500,0.080616322,,0.13314819,,,,
315600,0.17235067,,,0.14382468,,,
315700,0.20608763,0.21940241,,,,,
315800,0.22290491,0.21940014,,,,,
315900,0.20686436,0.21939332,,,,,
316000,0.20339794,0.21938608,,,,,
316100,0.18211361,,,0.14389072,,,
316200,0.081083167,,0.13298942,,,,
316300,0.079451378,,0.13296598,,,,
316400,0.20471472,0.21937066,,,,,
316500,0.20335709,0.21936356,,,,,
316600,0.17189764,,,0.14395418,,,
316700,0.1665595,,,0.14396573,,,
316800,0.079839106,,0.13284352,,,,
316900,0.20542553,0.21934061,,,,,
317000,0.2029278,0.21933344,,,,,
317100,0.16998274,,,0.14401782,,,
317200,0.16705997,,,0.14402828,,,
317300,0.22218543,0.21931821,,,,,
317400,0.20906327,0.21931231,,,,,
317500,0.16689526,,,0.14405701,,,
317600,0.166877,,,0.14407647,,,
317700,0.20787895,0.21929423,,,,,
317800,0.20181711,0.21928839,,,,,
317900,0.20326787,0.21927829,,,,,
318000,0.078800749,,0.13255604,,,,
318100,0.20315562,0.21926747,,,,,
318200,0.079756231,,0.1325159,,,,
318300,0.20933427,0.21925423,,,,,
318400,0.20246473,0.21924721,,,,,
318500,0.088592425,,0.132438,,,,
318600,0.080379208,,0.13242299,,,,
318700,0.20290263,0.21922793,,,,,
318800,0.21266553,0.21922259,,,,,
318900,0.084917489,,0.13234894,,,,
319000,0.079912393,,0.13232453,,,,
319100,0.17254233,,,0.14426769,,,
319200,0.21204242,0.21920064,,,,,
319300,0.2112646,0.21919682,,,,,
319400,0.20407905,0.21919102,,,,,
319500,0.20692595,0.2191846,,,,,
319600,0.078978299,,0.13218417,,,,
319700,0.20721369,0.21917342,,,,,
319800,0.21597261,0.21916898,,,,,
319900,0.20443781,0.21916574,,,,,
320000,0.081365832,,0.13208225,,,,
320100,0.2037844,0.21915373,,,,,
320200,0.16673981,,,0.14440966,,,
320300,0.084105401,,0.13202215,,,,
320400,0.21153858,0.21914666,,,,,
320500,0.088499069,,0.13198275,,,,
320600,0.21439385,0.21914081,,,,,
320700,0.08151412,,0.13194561,,,,
320800,0.20423244,0.21913028,,,,,
320900,0.2032542,0.21912209,,,,,
321000,0.081616472,,0.1318714,,,,
321100,0.17445698,,,0.14452222,,,
321200,0.20496043,0.21910532,,,,,
321300,0.079662444,,0.13181157,,,,
321400,0.21108487,0.21909321,,,,,
321500,0.080992709,,0.13176531,,,,
321600,0.18069655,,,0.14458567,,,
321700,0.081217476,,0.13172728,,,,
321800,0.21192466,0.21907993,,,,,
321900,0.080056051,,0.13167337,,,,
322000,0.078325999,,0.13164912,,,,
322100,0.17007297,,,0.14464575,,,
322200,0.16894679,,,0.14465933,,,
322300,0.21057916,0.21904901,,,,,
322400,0.20658454,0.21904304,,,,,
322500,0.079483208,,0.13153706,,,,
322600,0.079181005,,0.13152076,,,,
322700,0.20568462,0.21902585,,,,,
322800,0.086930886,,0.1314774,,,,
322900,0.098596971,,0.13145341,,,,
323000,0.2045391,0.21900762,,,,,
323100,0.16716405,,,0.14476721,,,
323200,0.16779579,,,0.14478014,,,
323300,0.21236622,0.21899461,,,,,
323400,0.20373536,0.21898808,,,,,
323500,0.20496752,0.21898265,,,,,
323600,0.16856446,,,0.14483321,,,
323700,0.20714541,0.21897185,,,,,
323800,0.21578274,0.21896899,,,,,
323900,0.20511621,0.21896647,,,,,
324000,0.079562361,,0.131217,,,,
324100,0.17031263,,,0.14489712,,,
324200,0.21042156,0.218949,,,,,
324300,0.22389762,0.21894825,,,,,
324400,0.22023835,0.21894627,,,,,
324500,0.17158159,,,0.14493443,,,
324600,0.17701824,,,0.14495718,,,
324700,0.22396921,0.218944,,,,,
324800,0.080338461,,0.13107066,,,,
324900,0.20619346,0.21894033,,,,,
325000,0.2054596,0.21893435,,,,,
325100,0.17644101,,,0.14501642,,,
325200,0.084965918,,0.13098946,,,,
325300,0.21205934,0.21892394,,,,,
325400,0.21126836,0.21891896,,,,,
325500,0.082934811,,0.13092598,,,,
325600,0.17131174,,,0.14508412,,,
325700,0.16980975,,,0.14509573,,,
325800,0.20312467,0.21889974,,,,,
325900,0.20383258,0.2188911,,,,,
326000,0.20512559,0.21888559,,,,,
326100,0.16936384,,,0.14514286,,,
326200,0.16722363,,,0.14515523,,,
326300,0.20759353,0.21886862,,,,,
326400,0.085828337,,0.13073215,,,,
326500,0.20544481,0.21885747,,,,,
326600,0.20531736,0.21885299,,,,,
326700,0.20597938,0.21884717,,,,,
326800,0.22239179,0.218847,,,,,
326900,0.2142735,0.21884695,,,,,
327000,0.21267526,0.21884688,,,,,
327100,0.083400465,,0.13061904,,,,
327200,0.16729513,,,0.14527351,,,
327300,0.2081599,0.21883163,,,,,
327400,0.20297339,0.21882555,,,,,
327500,0.080221323,,0.13052796,,,,
327600,0.080775697,,0.13051158,,,,
327700,0.20478578,0.21880949,,,,,
327800,0.20688527,0.21880505,,,,,
327900,0.21699033,0.21880168,,,,,
328000,0.16764614,,,0.14536177,,,
328100,0.083239025,,0.13040898,,,,
328200,0.2117076,0.21880463,,,,,
328300,0.16760161,,,0.14540593,,,
328400,0.20837787,0.21879451,,,,,
328500,0.21396445,0.21879063,,,,,
328600,0.20872474,0.21878792,,,,,
328700,0.18129826,,,0.14545826,,,
328800,0.21787552,0.21878365,,,,,
328900,0.22656325,0.21878198,,,,,
329000,0.17151292,,,0.14548493,,,
329100,0.088618787,,0.13022813,,,,
329200,0.21083049,0.21877534,,,,,
329300,0.17327932,,,0.14553318,,,
329400,0.20628561,0.21877101,,,,,
329500,0.16871194,,,0.14554849,,,
329600,0.2091794,0.21876538,,,,,
329700,0.20980034,0.21876134,,,,,
329800,0.16800811,,,0.14559425,,,
329900,0.21497023,0.21875888,,,,,
330000,0.16708636,,,0.14560992,,,
330100,0.16784558,,,0.14563458,,,
330200,0.20718419,0.21874729,,,,,
330300,0.16937834,,,0.14565734,,,
330400,0.21171027,0.21874089,,,,,
330500,0.2158722,0.21873777,,,,,
330600,0.2077754,0.21873594,,,,,
330700,0.17908296,,,0.14570708,,,
330800,0.20868488,0.21873286,,,,,
330900,0.2098658,0.21872888,,,,,
331000,0.16979175,,,0.14573307,,,
331100,0.20625895,0.21872554,,,,,
331200,0.20617962,0.21872156,,,,,
331300,0.16955678,,,0.14577502,,,
331400,0.20804258,0.21871134,,,,,
331500,0.16702672,,,0.1457899,,,
331600,0.21332788,0.21870479,,,,,
331700,0.16932338,,,0.14582409,,,
331800,0.088838906,,0.12972792,,,,
331900,0.085058933,,0.12970807,,,,
332000,0.16746587,,,0.14584595,,,
332100,0.21582196,0.2186878,,,,,
332200,0.17093287,,,0.14587893,,,
332300,0.17125002,,,0.14589086,,,
332400,0.21134901,0.21867266,,,,,
332500,0.16727656,,,0.14590543,,,
332600,0.20615139,0.21866732,,,,,
332700,0.16728805,,,0.14593778,,,
332800,0.17007726,,,0.14594677,,,
332900,0.10240598,,0.12952947,,,,
333000,0.16992612,,,0.14596103,,,
333100,0.18666847,,,0.14598318,,,
333200,0.1695173,,,0.14599669,,,
333300,0.21505926,0.21865292,,,,,
333400,0.2197474,0.21865367,,,,,
333500,0.17814496,,,0.14602094,,,
333600,0.21918998,0.21866375,,,,,
333700,0.21320364,0.2186633,,,,,
333800,0.16774764,,,0.1460631,,,
333900,0.21332786,0.21866225,,,,,
334000,0.2087788,0.21865944,,,,,
334100,0.20835979,0.21865633,,,,,
334200,0.21806224,0.21865409,,,,,
334300,0.16785932,,,0.1461186,,,
334400,0.2079746,0.21865393,,,,,
334500,0.21006352,0.21864964,,,,,
334600,0.091288729,,0.12930605,,,,
334700,0.2284782,0.21865035,,,,,
334800,0.16860393,,,0.14617454,,,
334900,0.21060289,0.21865733,,,,,
335000,0.21100764,0.21865507,,,,,
335100,0.1767015,,,0.14620905,,,
335200,0.2263864,0.21865277,,,,,
335300,0.17090829,,,0.14622963,,,
335400,0.093086456,,0.12917955,,,,
335500,0.16835426,,,0.14624267,,,
335600,0.095056211,,0.12915426,,,,
335700,0.17016789,,,0.14627564,,,
335800,0.16811658,,,0.14628432,,,
335900,0.21721179,0.21865294,,,,,
336000,0.096196277,,0.12910026,,,,
336100,0.17756705,,,0.14632109,,,
336200,0.10137019,,0.12907731,,,,
336300,0.1678729,,,0.14634227,,,
336400,0.10636968,,0.12905349,,,,
336500,0.16848602,,,0.14635563,,,
336600,0.19750552,,,0.14637733,,,
336700,0.22250544,0.21865853,,,,,
336800,0.22054179,0.21865798,,,,,
336900,0.098136762,,0.12899881,,,,
337000,0.17099714,,,0.1464144,,,
337100,0.22959643,0.21865728,,,,,
337200,0.10433137,,0.12896384,,,,
337300,0.16867484,,,0.14645645,,,
337400,0.21996238,0.21867604,,,,,
337500,0.1680028,,,0.14646957,,,
337600,0.17670928,,,0.14649051,,,
337700,0.17047348,,,0.14650083,,,
337800,0.22836915,0.21867703,,,,,
337900,0.22095596,0.21868465,,,,,
338000,0.11210357,,0.12886828,,,,
338100,0.17016278,,,0.14654446,,,
338200,0.22345379,0.21869006,,,,,
338300,0.22768589,0.2186918,,,,,
338400,0.16812308,,,0.1465761,,,
338500,0.21779602,0.21870362,,,,,
338600,0.17256313,,,0.14660083,,,
338700,0.21756093,0.21871011,,,,,
338800,0.16856438,,,0.14662373,,,
338900,0.22264052,0.21871809,,,,,
339000,0.22240164,0.21872682,,,,,
339100,0.16881224,,,0.14665676,,,
339200,0.23459059,0.21872995,,,,,
339300,0.10396018,,0.12875393,,,,
339400,0.2174386,0.21873936,,,,,
339500,0.22257296,0.21874195,,,,,
339600,0.17757107,,,0.14670997,,,
339700,0.10673759,,0.12871429,,,,
339800,0.22106328,0.21874562,,,,,
339900,0.16916014,,,0.14674198,,,
340000,0.10528297,,0.1286844,,,,
340100,0.17943623,,,0.1467663,,,
340200,0.10964931,,0.12867473,,,,
340300,0.18272508,,,0.1467981,,,
340400,0.23203244,0.21876585,,,,,
340500,0.2414422,0.21877343,,,,,
340600,0.17134454,,,0.14682937,,,
340700,0.23375692,0.21878146,,,,,
340800,0.22861696,0.21878524,,,,,
340900,0.16973419,,,0.1468659,,,
341000,0.11051358,,0.12861259,,,,
341100,0.16787331,,,0.14689291,,,
341200,0.22092918,0.2188066,,,,,
341300,0.23276186,0.21880958,,,,,
341400,0.16854621,,,0.14692088,,,
341500,0.22560608,0.2188269,,,,,
341600,0.18211503,,,0.14694684,,,
341700,0.22193004,0.21882825,,,,,
341800,0.23927482,0.21883405,,,,,
341900,0.1683739,,,0.14697449,,,
342000,0.21852004,0.21885448,,,,,
342100,0.16849236,,,0.14700084,,,
342200,0.10890058,,0.12851872,,,,
342300,0.16877764,,,0.14702079,,,
342400,0.16938033,,,0.14702732,,,
342500,0.22244253,0.21886153,,,,,
342600,0.10937878,,0.1284799,,,,
342700,0.17512086,,,0.14706684,,,
342800,0.17464599,,,0.14707856,,,
342900,0.23754325,0.21887573,,,,,
343000,0.17015749,,,0.14709575,,,
343100,0.22285015,0.21887882,,,,,
343200,0.22980893,0.2188819,,,,,
343300,0.16967295,,,0.14713696,,,
343400,0.16810405,,,0.14714457,,,
343500,0.11784287,,0.12842537,,,,
343600,0.16976032,,,0.14717133,,,
343700,0.24335891,0.21891335,,,,,
343800,0.14423405,,0.12841572,,,,
343900,0.16868432,,,0.14720004,,,
344000,0.11260076,,0.12840895,,,,
344100,0.16841304,,,0.14722591,,,
344200,0.22471968,0.21896302,,,,,
344300,0.22926799,0.21896647,,,,,
344400,0.22711341,0.21897871,,,,,
344500,0.23117344,0.21898405,,,,,
344600,0.171606,,,0.14727945,,,
344700,0.23185235,0.21899258,,,,,
344800,0.1713079,,,0.14730104,,,
344900,0.22366065,0.21901206,,,,,
345000,0.16821122,,,0.14731408,,,
345100,0.19262405,,,0.14733457,,,
345200,0.23807728,0.21902396,,,,,
345300,0.24528222,0.21903634,,,,,
345400,0.11335898,,0.12834986,,,,
345500,0.23330508,0.21905248,,,,,
345600,0.17450005,,,0.14738506,,,
345700,0.16800866,,,0.14739374,,,
345800,0.2323009,0.21906034,,,,,
345900,0.22589718,0.21906943,,,,,
346000,0.22038305,0.21907185,,,,,
346100,0.16843104,,,0.14743522,,,
346200,0.16811337,,,0.14744496,,,
346300,0.23194791,0.2190742,,,,,
346400,0.22935094,0.21908393,,,,,
346500,0.21783156,0.21908814,,,,,
346600,0.18445442,,,0.1474875,,,
346700,0.22037002,0.21909032,,,,,
346800,0.21855148,0.21909271,,,,,
346900,0.11043087,,0.12824912,,,,
347000,0.23081944,0.21909924,,,,,
347100,0.17351106,,,0.14754394,,,
347200,0.22590912,0.21910269,,,,,
347300,0.22218108,0.21910318,,,,,
347400,0.24182425,0.21910659,,,,,
347500,0.23095924,0.21912165,,,,,
347600,0.22382674,0.21912604,,,,,
347700,0.22088412,0.21912745,,,,,
347800,0.22929958,0.21912925,,,,,
347900,0.17062549,,,0.14762838,,,
348000,0.21973318,0.21914795,,,,,
348100,0.17599264,,,0.14765344,,,
348200,0.23033028,0.21915614,,,,,
348300,0.24180075,0.21916434,,,,,
348400,0.21978595,0.21917325,,,,,
348500,0.10892582,,0.12816516,,,,
348600,0.17595948,,,0.14770392,,,
348700,0.24690324,0.21918552,,,,,
348800,0.23440584,0.21919505,,,,,
348900,0.22917237,0.21920467,,,,,
349000,0.22036273,0.21920968,,,,,
349100,0.2253045,0.21921066,,,,,
349200,0.22858968,0.21921662,,,,,
349300,0.1688816,,,0.14777895,,,
349400,0.23116793,0.21923739,,,,,
349500,0.10870962,,0.12810176,,,,
349600,0.22606602,0.2192416,,,,,
349700,0.16899168,,,0.14782135,,,
349800,0.10912835,,0.1280839,,,,
349900,0.25053234,0.21925662,,,,,
350000,0.22488507,0.21926263,,,,,
350100,0.22757567,0.21926359,,,,,
350200,0.16884671,,,0.14787066,,,
350300,0.16870625,,,0.14788069,,,
350400,0.23012263,0.21929036,,,,,
350500,0.22893734,0.21929651,,,,,
350600,0.17584345,,,0.14791322,,,
350700,0.1101819,,0.12803793,,,,
350800,0.23150453,0.21930605,,,,,
350900,0.23077418,0.21931533,,,,,
351000,0.22811101,0.21932179,,,,,
351100,0.16799654,,,0.14796531,,,
351200,0.23363017,0.21932967,,,,,
351300,0.1083161,,0.12800535,,,,
351400,0.16955826,,,0.14799142,,,
351500,0.23409187,0.21934114,,,,,
351600,0.17702959,,,0.14801606,,,
351700,0.23742969,0.21935759,,,,,
351800,0.16904089,,,0.14803646,,,
351900,0.16858248,,,0.14804282,,,
352000,0.17531935,,,0.14804901,,,
352100,0.18297079,,,0.1480694,,,
352200,0.24880674,0.21937998,,,,,
352300,0.22884023,0.21939092,,,,,
352400,0.22501353,0.21939533,,,,,
352500,0.22213562,0.21939708,,,,,
352600,0.16914675,,,0.14811653,,,
352700,0.23956108,0.21940436,,,,,
352800,0.24838948,0.21940958,,,,,
352900,0.16954046,,,0.14814494,,,
353000,0.107894,,0.12790317,,,,
353100,0.16815294,,,0.1481676,,,
353200,0.22326778,0.21943525,,,,,
353300,0.2481013,0.21944238,,,,,
353400,0.16919633,,,0.14819435,,,
353500,0.10631475,,0.12787005,,,,
353600,0.17530596,,,0.14822167,,,
353700,0.22952174,0.21946869,,,,,
353800,0.1690893,,,0.14823992,,,
353900,0.22453162,0.21947562,,,,,
354000,0.16939608,,,0.1482541,,,
354100,0.22646475,0.21948191,,,,,
354200,0.10928892,,0.12782395,,,,
354300,0.17122363,,,0.14829152,,,
354400,0.10886336,,0.12781198,,,,
354500,0.17572852,,,0.14830732,,,
354600,0.1742553,,,0.1483306,,,
354700,0.16981903,,,0.14833935,,,
354800,0.24086266,0.2195248,,,,,
354900,0.1220126,,0.12778829,,,,
355000,0.12776831,,0.1277947,,,,
355100,0.19272155,,,0.1483813,,,
355200,0.17210246,,,0.14839277,,,
355300,0.10818023,,0.12778594,,,,
355400,0.22664692,0.21957766,,,,,
355500,0.17017887,,,0.14841946,,,
355600,0.111778,,0.12775992,,,,
355700,0.16955518,,,0.148447,,,
355800,0.16981189,,,0.14845445,,,
355900,0.21968183,0.21959215,,,,,
356000,0.21537764,0.219591,,,,,
356100,0.2192922,0.21959007,,,,,
356200,0.16888557,,,0.14849634,,,
356300,0.16953855,,,0.14850366,,,
356400,0.22018321,0.21960399,,,,,
356500,0.16890622,,,0.14851525,,,
356600,0.17951955,,,0.14853405,,,
356700,0.17372499,,,0.14854478,,,
356800,0.2300535,0.2196114,,,,,
356900,0.10760419,,0.12765887,,,,
357000,0.21571742,0.21961882,,,,,
357100,0.17022262,,,0.14859148,,,
357200,0.10942115,,0.1276427,,,,
357300,0.2359554,0.21962802,,,,,
357400,0.23798775,0.2196387,,,,,
357500,0.18477343,,,0.1486295,,,
357600,0.17559897,,,0.14865778,,,
357700,0.10773018,,0.12761644,,,,
357800,0.21593258,0.21964222,,,,,
357900,0.21718099,0.2196423,,,,,
358000,0.23177724,0.21964551,,,,,
358100,0.18039354,,,0.14871591,,,
358200,0.23021979,0.21964566,,,,,
358300,0.22254076,0.21964609,,,,,
358400,0.22014643,0.21964511,,,,,
358500,0.10810803,,0.12755238,,,,
358600,0.17087593,,,0.14878192,,,
358700,0.21934779,0.21965048,,,,,
358800,0.22044755,0.2196504,,,,,
358900,0.22295329,0.21965288,,,,,
359000,0.22359921,0.21965634,,,,,
359100,0.17021492,,,0.14884703,,,
359200,0.23936895,0.21965981,,,,,
359300,0.22660791,0.21966282,,,,,
359400,0.22558845,0.21966575,,,,,
359500,0.10950101,,0.12750204,,,,
359600,0.16862139,,,0.14890623,,,
359700,0.16856558,,,0.14892143,,,
359800,0.17135822,,,0.14893133,,,
359900,0.16914819,,,0.14893773,,,
360000,0.23490231,0.21969179,,,,,
360100,0.11922999,,0.12749091,,,,
360200,0.21988475,0.219697,,,,,
360300,0.17215875,,,0.14899269,,,
360400,0.16899139,,,0.14900076,,,
360500,0.22126757,0.21969854,,,,,
360600,0.107738,,0.12745578,,,,
360700,0.17096694,,,0.14904131,,,
360800,0.11451241,,0.12744362,,,,
360900,0.22206832,0.21970592,,,,,
361000,0.17079332,,,0.14906395,,,
361100,0.22486913,0.21971926,,,,,
361200,0.16923322,,,0.14909909,,,
361300,0.11130737,,0.12741464,,,,
361400,0.17214568,,,0.14911568,,,
361500,0.22983004,0.21973173,,,,,
361600,0.16877479,,,0.14914519,,,
361700,0.17119502,,,0.14915943,,,
361800,0.21908548,0.21973819,,,,,
361900,0.17067242,,,0.14917675,,,
362000,0.22905498,0.21974141,,,,,
362100,0.10953197,,0.12736794,,,,
362200,0.17051581,,,0.14922653,,,
362300,0.16980608,,,0.14923577,,,
362400,0.17165405,,,0.14924304,,,
362500,0.24339987,0.21975999,,,,,
362600,0.22009988,0.2197634,,,,,
362700,0.16932653,,,0.14928211,,,
362800,0.17124579,,,0.14929408,,,
362900,0.21673554,0.21976787,,,,,
363000,0.16898481,,,0.14930884,,,
363100,0.21684968,0.21977234,,,,,
363200,0.18017711,,,0.14934302,,,
363300,0.1721507,,,0.14935423,,,
363400,0.10760449,,0.12731768,,,,
363500,0.17273556,,,0.14936947,,,
363600,0.22861701,0.2197849,,,,,
363700,0.16914777,,,0.14940179,,,
363800,0.17264861,,,0.1494124,,,
363900,0.17259366,,,0.149418,,,
364000,0.17063167,,,0.1494286,,,
364100,0.10919495,,0.12728994,,,,
364200,0.1703485,,,0.14946215,,,
364300,0.16933862,,,0.14947221,,,
364400,0.12184519,,0.12727648,,,,
364500,0.17738409,,,0.14948548,,,
364600,0.17868304,,,0.14950578,,,
364700,0.17196821,,,0.1495206,,,
364800,0.10825857,,0.12728512,,,,
364900,0.22192336,0.21985762,,,,,
365000,0.11712066,,0.12727005,,,,
365100,0.25466848,0.21987585,,,,,
365200,0.17456412,,,0.14958383,,,
365300,0.25629819,0.21990022,,,,,
365400,0.24123487,0.21991346,,,,,
365500,0.17214315,,,0.14961194,,,
365600,0.12024701,,0.12725516,,,,
365700,0.17209685,,,0.14964434,,,
365800,0.23264609,0.2199447,,,,,
365900,0.13001392,,0.12725756,,,,
366000,0.18199395,,,0.14967312,,,
366100,0.2291661,0.2199728,,,,,
366200,0.22762983,0.21997756,,,,,
366300,0.2271541,0.21998174,,,,,
366400,0.23481897,0.21998935,,,,,
366500,0.1222132,,0.12723927,,,,
366600,0.23930023,0.22000143,,,,,
366700,0.17312786,,,0.14976481,,,
366800,0.2319012,0.22001142,,,,,
366900,0.24672,0.22002263,,,,,
367000,0.11780791,,0.12722589,,,,
367100,0.17219798,,,0.14981072,,,
367200,0.11796896,,0.12722043,,,,
367300,0.22977278,0.22005823,,,,,
367400,0.2303446,0.22006591,,,,,
367500,0.18060957,,,0.14985111,,,
367600,0.25018614,0.2200882,,,,,
367700,0.16987136,,,0.14988493,,,
367800,0.25000284,0.22010763,,,,,
367900,0.11566399,,0.12719591,,,,
368000,0.17223086,,,0.14991076,,,
368100,0.22975376,0.22012518,,,,,
368200,0.17193699,,,0.14993994,,,
368300,0.170358,,,0.14994954,,,
368400,0.17198614,,,0.1499563,,,
368500,0.17059559,,,0.14996355,,,
368600,0.23345748,0.220172,,,,,
368700,0.16984035,,,0.14999677,,,
368800,0.10879065,,0.12716658,,,,
368900,0.10930535,,0.12716109,,,,
369000,0.2417252,0.22020431,,,,,
369100,0.17448308,,,0.15003805,,,
369200,0.2367144,0.22021852,,,,,
369300,0.17508427,,,0.15006364,,,
369400,0.10858747,,0.12712596,,,,
369500,0.10126411,,0.127115,,,,
369600,0.17652743,,,0.15009377,,,
369700,0.10238593,,0.12710077,,,,
369800,0.10100768,,0.12709185,,,,
369900,0.22850884,0.22023927,,,,,
370000,0.10159215,,0.12706955,,,,
370100,0.17016775,,,0.1501545,,,
370200,0.10068121,,0.12705664,,,,
370300,0.17072868,,,0.15017796,,,
370400,0.21886373,0.22024706,,,,,
370500,0.2212855,0.2202498,,,,,
370600,0.17118177,,,0.15021419,,,
370700,0.22807271,0.22025346,,,,,
370800,0.22189388,0.22025641,,,,,
370900,0.097832564,,0.12699451,,,,
371000,0.096248148,,0.12697982,,,,
371100,0.17056743,,,0.15026322,,,
371200,0.18379168,,,0.15027835,,,
371300,0.17244112,,,0.15028869,,,
371400,0.21608497,0.22025948,,,,,
371500,0.2408655,0.22026358,,,,,
371600,0.1691864,,,0.15031871,,,
371700,0.17077782,,,0.15033293,,,
371800,0.099615541,,0.12690534,,,,
371900,0.21949905,0.22027052,,,,,
372000,0.17091009,,,0.15035516,,,
372100,0.17218139,,,0.15037585,,,
372200,0.1725406,,,0.15038712,,,
372300,0.170999,,,0.15039797,,,
372400,0.22907189,0.22027349,,,,,
372500,0.17204626,,,0.15041281,,,
372600,0.19968688,,,0.15043607,,,
372700,0.17061348,,,0.15045117,,,
372800,0.092564391,,0.12679333,,,,
372900,0.093064314,,0.12678076,,,,
373000,0.17411053,,,0.1504742,,,
373100,0.17262127,,,0.15048977,,,
373200,0.17546506,,,0.15050464,,,
373300,0.22255082,0.22027463,,,,,
373400,0.23327989,0.22027811,,,,,
373500,0.17055958,,,0.15052744,,,
373600,0.17185269,,,0.15054887,,,
373700,0.17546885,,,0.15056119,,,
373800,0.23008897,0.2202734,,,,,
373900,0.22207752,0.22027562,,,,,
374000,0.21215882,0.22027297,,,,,
374100,0.17009241,,,0.15060868,,,
374200,0.21494478,0.22026729,,,,,
374300,0.17255655,,,0.15063103,,,
374400,0.21816503,0.2202709,,,,,
374500,0.22664779,0.22027098,,,,,
374600,0.17019027,,,0.1506635,,,
374700,0.17456493,,,0.15067621,,,
374800,0.16930698,,,0.1506844,,,
374900,0.092664752,,0.12653914,,,,
375000,0.16948591,,,0.15069677,,,
375100,0.16911247,,,0.15071204,,,
375200,0.1718307,,,0.15072624,,,
375300,0.17037998,,,0.15073517,,,
375400,0.091310126,,0.12647848,,,,
375500,0.16946353,,,0.15074738,,,
375600,0.18376148,,,0.15076384,,,
375700,0.17062514,,,0.1507773,,,
375800,0.10403592,,0.12644642,,,,
375900,0.22797708,0.22027058,,,,,
376000,0.17078276,,,0.15080047,,,
376100,0.17384005,,,0.15082122,,,
376200,0.17372503,,,0.15083255,,,
376300,0.16959036,,,0.15084195,,,
376400,0.088572601,,0.12637544,,,,
376500,0.17343917,,,0.15085458,,,
376600,0.16950263,,,0.15086844,,,
376700,0.18357108,,,0.15088663,,,
376800,0.17005715,,,0.15089653,,,
376900,0.086748668,,0.12631791,,,,
377000,0.17047296,,,0.15090976,,,
377100,0.17178007,,,0.15092448,,,
377200,0.17857839,,,0.15094294,,,
377300,0.08578591,,0.12626134,,,,
377400,0.20847718,0.22022998,,,,,
377500,0.17154922,,,0.15096367,,,
377600,0.1778145,,,0.15098187,,,
377700,0.17740273,,,0.15099435,,,
377800,0.17011185,,,0.15100243,,,
377900,0.21037194,0.22021229,,,,,
378000,0.17234257,,,0.15101544,,,
378100,0.17486388,,,0.15103036,,,
378200,0.17342737,,,0.15104282,,,
378300,0.16970478,,,0.15105257,,,
378400,0.21785862,0.22019109,,,,,
378500,0.16945886,,,0.15106478,,,
378600,0.16983517,,,0.15107868,,,
378700,0.1748695,,,0.15109734,,,
378800,0.2094808,0.22017333,,,,,
378900,0.084080447,,0.1260376,,,,
379000,0.17062317,,,0.15111558,,,
379100,0.17259154,,,0.15113812,,,
379200,0.21031321,0.22016218,,,,,
379300,0.16979235,,,0.15115626,,,
379400,0.20754869,0.22015701,,,,,
379500,0.08201673,,0.12595081,,,,
379600,0.17116003,,,0.15118691,,,
379700,0.21166369,0.22014387,,,,,
379800,0.16941988,,,0.15120801,,,
379900,0.082908544,,0.12589383,,,,
380000,0.2115859,0.22012641,,,,,
380100,0.17045973,,,0.15124018,,,
380200,0.082364729,,0.12584881,,,,
380300,0.16993617,,,0.15125686,,,
380400,0.22227062,0.22011777,,,,,
380500,0.2119596,0.22011253,,,,,
380600,0.16980385,,,0.15128392,,,
380700,0.1777411,,,0.15129721,,,
380800,0.16980944,,,0.15130636,,,
380900,0.21443503,0.22009904,,,,,
381000,0.17069985,,,0.15131857,,,
381100,0.17907273,,,0.15133175,,,
381200,0.17198637,,,0.15134533,,,
381300,0.21106803,0.22009561,,,,,
381400,0.084984612,,0.1256895,,,,
381500,0.17547714,,,0.15136569,,,
381600,0.18254546,,,0.15137935,,,
381700,0.17632686,,,0.15139424,,,
381800,0.083690719,,0.12563253,,,,
381900,0.21264607,0.22007458,,,,,
382000,0.083198262,,0.12559832,,,,
382100,0.17631237,,,0.15143872,,,
382200,0.1698881,,,0.1514498,,,
382300,0.21853824,0.22006269,,,,,
382400,0.088319288,,0.12555378,,,,
382500,0.20853445,0.22006254,,,,,
382600,0.17152972,,,0.15149155,,,
382700,0.22524901,0.22005972,,,,,
382800,0.23721515,0.22006505,,,,,
382900,0.090348888,,0.12548814,,,,
383000,0.22272574,0.22007386,,,,,
383100,0.18000991,,,0.15153962,,,
383200,0.088546492,,0.12545559,,,,
383300,0.22077611,0.22007263,,,,,
383400,0.22035341,0.22007627,,,,,
383500,0.21277027,0.22007406,,,,,
383600,0.17320994,,,0.15158537,,,
383700,0.21485519,0.22006761,,,,,
383800,0.18176737,,,0.15161517,,,
383900,0.21601166,0.22006074,,,,,
384000,0.17155843,,,0.1516281,,,
384100,0.17044028,,,0.15164655,,,
384200,0.18115149,,,0.15166096,,,
384300,0.17332456,,,0.15166994,,,
384400,0.088831931,,0.12530022,,,,
384500,0.084387994,,0.12528226,,,,
384600,0.17795329,,,0.15170313,,,
384700,0.085862046,,0.12525693,,,,
384800,0.21575724,0.22005261,,,,,
384900,0.21925051,0.22005339,,,,,
385000,0.21729468,0.22005286,,,,,
385100,0.1752297,,,0.15175172,,,
385200,0.086558201,,0.12520775,,,,
385300,0.21077457,0.22004458,,,,,
385400,0.21379646,0.22004064,,,,,
385500,0.16985503,,,0.15178307,,,
385600,0.17303798,,,0.15180418,,,
385700,0.085360438,,0.12513751,,,,
385800,0.23195942,0.2200331,,,,,
385900,0.22570596,0.22003697,,,,,
386000,0.21772369,0.22003795,,,,,
386100,0.18015755,,,0.15184897,,,
386200,0.21762048,0.22003296,,,,,
386300,0.17731741,,,0.15187114,,,
386400,0.21110647,0.22002517,,,,,
386500,0.17064027,,,0.15188354,,,
386600,0.20940721,0.2200152,,,,,
386700,0.22244335,0.2200126,,,,,
386800,0.23960466,0.22001821,,,,,
386900,0.084721271,,0.12498218,,,,
387000,0.21058087,0.22001924,,,,,
387100,0.20982647,0.22001638,,,,,
387200,0.1772713,,,0.15196183,,,
387300,0.23817093,0.22001747,,,,,
387400,0.22032459,0.22002152,,,,,
387500,0.21710603,0.22001812,,,,,
387600,0.083586123,,0.12488315,,,,
387700,0.17845543,,,0.15201216,,,
387800,0.086497886,,0.12485625,,,,
387900,0.083031672,,0.12484163,,,,
388000,0.17170083,,,0.15203273,,,
388100,0.2145752,0.22003836,,,,,
388200,0.17245758,,,0.15206124,,,
388300,0.21129251,0.22003081,,,,,
388400,0.21287528,0.22002623,,,,,
388500,0.21034313,0.22002309,,,,,
388600,0.21268865,0.22001926,,,,,
388700,0.17123977,,,0.15211071,,,
388800,0.17219777,,,0.15211798,,,
388900,0.21035242,0.22002203,,,,,
389000,0.17054961,,,0.15212853,,,
389100,0.22066644,0.22002028,,,,,
389200,0.17320111,,,0.15215273,,,
389300,0.20842553,0.22001342,,,,,
389400,0.21093383,0.22000812,,,,,
389500,0.17124309,,,0.15218174,,,
389600,0.084928923,,0.12463412,,,,
389700,0.17311748,,,0.15220998,,,
389800,0.17647836,,,0.15222048,,,
389900,0.081229974,,0.12459022,,,,
390000,0.17266735,,,0.15223232,,,
390100,0.085982638,,0.12456384,,,,
390200,0.17024482,,,0.15225998,,,
390300,0.21028385,0.21997848,,,,,
390400,0.21450605,0.21997659,,,,,
390500,0.085708662,,0.12449984,,,,
390600,0.17928438,,,0.15229526,,,
390700,0.082919919,,0.12447872,,,,
390800,0.20636944,0.21995701,,,,,
390900,0.08507197,,0.12444801,,,,
391000,0.20970825,0.21994307,,,,,
391100,0.08346177,,0.1244222,,,,
391200,0.17170444,,,0.1523599,,,
391300,0.2226064,0.21993151,,,,,
391400,0.080623997,,0.1243786,,,,
391500,0.08095629,,0.12436477,,,,
391600,0.17144538,,,0.15239735,,,
391700,0.21123429,0.21991247,,,,,
391800,0.17176329,,,0.15242045,,,
391900,0.17061122,,,0.15242753,,,
392000,0.080223176,,0.12429074,,,,
392100,0.16933485,,,0.15245022,,,
392200,0.17982177,,,0.15246264,,,
392300,0.21994353,0.21990371,,,,,
392400,0.17002565,,,0.15247787,,,
392500,0.21438059,0.21989766,,,,,
392600,0.16966822,,,0.15250131,,,
392700,0.2098249,0.21988912,,,,,
392800,0.20792366,0.21988557,,,,,
392900,0.17125929,,,0.1525251,,,
393000,0.080736234,,0.12415018,,,,
393100,0.17173394,,,0.15254485,,,
393200,0.21032711,0.21986386,,,,,
393300,0.20822886,0.21986083,,,,,
393400,0.17005983,,,0.15257104,,,
393500,0.20812901,0.21984641,,,,,
393600,0.16993305,,,0.15259224,,,
393700,0.18033447,,,0.15260417,,,
393800,0.17395637,,,0.1526127,,,
393900,0.17022355,,,0.15261894,,,
394000,0.080162234,,0.12400514,,,,
394100,0.17074339,,,0.15264378,,,
394200,0.21727433,0.21980904,,,,,
394300,0.21364937,0.21980879,,,,,
394400,0.17403997,,,0.15266913,,,
394500,0.20752396,0.21979717,,,,,
394600,0.081469979,,0.12392198,,,,
394700,0.17099471,,,0.15270462,,,
394800,0.17062073,,,0.15271201,,,
394900,0.17122985,,,0.15271793,,,
395000,0.20669866,0.21977631,,,,,
395100,0.08298787,,0.12385466,,,,
395200,0.1735669,,,0.15275117,,,
395300,0.17112987,,,0.15275955,,,
395400,0.17276013,,,0.15276458,,,
395500,0.2095715,0.21974697,,,,,
395600,0.20587224,0.21974234,,,,,
395700,0.17636385,,,0.15280115,,,
395800,0.21106582,0.2197304,,,,,
395900,0.17019333,,,0.15281467,,,
396000,0.081818431,,0.12372501,,,,
396100,0.17510661,,,0.15283682,,,
396200,0.22186868,0.2197127,,,,,
396300,0.23123299,0.21971642,,,,,
396400,0.20909007,0.21971315,,,,,
396500,0.17179724,,,0.15286758,,,
396600,0.21519952,0.21970506,,,,,
396700,0.08324225,,0.12363925,,,,
396800,0.22848801,0.21970282,,,,,
396900,0.20946028,0.2197019,,,,,
397000,0.16992258,,,0.15291088,,,
397100,0.21164164,0.21969291,,,,,
397200,0.17041612,,,0.15293764,,,
397300,0.23577236,0.21969622,,,,,
397400,0.21897149,0.2197033,,,,,
397500,0.20845026,0.21969865,,,,,
397600,0.17920621,,,0.15297043,,,
397700,0.082357433,,0.12350285,,,,
397800,0.21661673,0.21968601,,,,,
397900,0.21075282,0.21968341,,,,,
398000,0.1715978,,,0.15300487,,,
398100,0.21767254,0.21967739,,,,,
398200,0.16987856,,,0.15302839,,,
398300,0.17002057,,,0.15303608,,,
398400,0.21215476,0.21967915,,,,,
398500,0.16990723,,,0.15304766,,,
398600,0.20692065,0.2196714,,,,,
398700,0.17147872,,,0.15307347,,,
398800,0.17051891,,,0.15308322,,,
398900,0.2087064,0.21965998,,,,,
399000,0.17206842,,,0.15309407,,,
399100,0.20854772,0.21965332,,,,,
399200,0.08428383,,0.123311,,,,
399300,0.21657697,0.21964823,,,,,
399400,0.21127788,0.21964813,,,,,
399500,0.081902803,,0.12326692,,,,
399600,0.17709055,,,0.15315661,,,
399700,0.17029441,,,0.15316542,,,
399800,0.081709531,,0.12323268,,,,
399900,0.088020554,,0.12321853,,,,
400000,0.1753046,,,0.15318373,,,
400100,0.21899305,0.21962884,,,,,
400200,0.17166025,,,0.15321006,,,
400300,0.22875794,0.21962399,,,,,
400400,0.21131379,0.21962221,,,,,
400500,0.17217731,,,0.15322931,,,
400600,0.081264525,,0.12313212,,,,
400700,0.17266621,,,0.15325394,,,
400800,0.22967026,0.21961194,,,,,
400900,0.082098001,,0.12308729,,,,
401000,0.17177555,,,0.15327335,,,
401100,0.21877784,0.2196047,,,,,
401200,0.17000994,,,0.1532975,,,
401300,0.082178293,,0.12303661,,,,
401400,0.081557474,,0.12302073,,,,
401500,0.17675832,,,0.15331598,,,
401600,0.21051143,0.21960426,,,,,
401700,0.17533641,,,0.15334381,,,
401800,0.17001534,,,0.15335212,,,
401900,0.082567143,,0.12295332,,,,
402000,0.17077035,,,0.15336297,,,
402100,0.17971919,,,0.15338023,,,
402200,0.083794272,,0.12291706,,,,
402300,0.21195924,0.21957507,,,,,
402400,0.21313826,0.21957071,,,,,
402500,0.092654185,,0.12287529,,,,
402600,0.17902446,,,0.15342352,,,
402700,0.087221497,,0.12285707,,,,
402800,0.21328104,0.21957446,,,,,
402900,0.087144421,,0.12283316,,,,
403000,0.17088603,,,0.15344915,,,
403100,0.21777098,0.21956809,,,,,
403200,0.17234169,,,0.15347436,,,
403300,0.094204297,,0.12279072,,,,
403400,0.21282589,0.21956642,,,,,
403500,0.21195401,0.21956453,,,,,
403600,0.21720163,0.21956264,,,,,
403700,0.17868346,,,0.15352019,,,
403800,0.17272462,,,0.15352867,,,
403900,0.088777521,,0.12272341,,,,
404000,0.17169764,,,0.15354042,,,
404100,0.21863033,0.21957087,,,,,
404200,0.17126454,,,0.15356673,,,
404300,0.087858144,,0.12268235,,,,
404400,0.11268708,,0.12267227,,,,
404500,0.17748724,,,0.15358388,,,
404600,0.18743498,,,0.15360032,,,
404700,0.17080898,,,0.15361272,,,
404800,0.089081489,,0.12263403,,,,
404900,0.21523809,0.21957046,,,,,
405000,0.0905224,,0.12261081,,,,
405100,0.1741816,,,0.15364744,,,
405200,0.17094033,,,0.15365413,,,
405300,0.22080756,0.21957271,,,,,
405400,0.21693155,0.21957176,,,,,
405500,0.17618577,,,0.15367126,,,
405600,0.2246506,0.21957171,,,,,
405700,0.17036105,,,0.15369572,,,
405800,0.21753752,0.21957087,,,,,
405900,0.21687922,0.21957006,,,,,
406000,0.17279717,,,0.15371411,,,
406100,0.21870068,0.21957267,,,,,
406200,0.17094266,,,0.15374125,,,
406300,0.096936647,,0.1224974,,,,
406400,0.21759583,0.21957664,,,,,
406500,0.17555366,,,0.15375942,,,
406600,0.096623071,,0.12247354,,,,
406700,0.1711694,,,0.15378215,,,
406800,0.17079195,,,0.15378877,,,
406900,0.22551722,0.21959199,,,,,
407000,0.17191542,,,0.15379912,,,
407100,0.18591355,,,0.15381476,,,
407200,0.1730768,,,0.15382333,,,
407300,0.094917078,,0.1224203,,,,
407400,0.22348677,0.21960354,,,,,
407500,0.10368354,,0.12240158,,,,
407600,0.18159061,,,0.15385596,,,
407700,0.17238908,,,0.1538654,,,
407800,0.23965293,0.21961201,,,,,
407900,0.22389713,0.21961846,,,,,
408000,0.17587372,,,0.15388443,,,
408100,0.091812304,,0.1223511,,,,
408200,0.17165952,,,0.15390747,,,
408300,0.17427836,,,0.15391603,,,
408400,0.22136935,0.219641,,,,,
408500,0.22173216,0.21964163,,,,,
408600,0.2238177,0.21964199,,,,,
408700,0.18121239,,,0.15395852,,,
408800,0.17436059,,,0.15396866,,,
408900,0.093769712,,0.12227616,,,,
409000,0.1703852,,,0.15397992,,,
409100,0.18709701,,,0.15399955,,,
409200,0.17097176,,,0.15401116,,,
409300,0.21887214,0.21965219,,,,,
409400,0.090870422,,0.12222654,,,,
409500,0.17517521,,,0.15403104,,,
409600,0.18478683,,,0.15405199,,,
409700,0.22108209,0.21964961,,,,,
409800,0.092701718,,0.1221893,,,,
409900,0.17126579,,,0.15408144,,,
410000,0.17498879,,,0.1540903,,,
410100,0.22054173,0.21966035,,,,,
410200,0.17813623,,,0.154122,,,
410300,0.17225013,,,0.15413185,,,
410400,0.22205355,0.2196707,,,,,
410500,0.17013144,,,0.1541458,,,
410600,0.21963618,0.21966995,,,,,
410700,0.17203194,,,0.15417904,,,
410800,0.097868535,,0.12211707,,,,
410900,0.10245844,,0.1221091,,,,
411000,0.17248653,,,0.15420107,,,
411100,0.18555345,,,0.15422084,,,
411200,0.17013531,,,0.15423163,,,
411300,0.10438133,,0.12209063,,,,
411400,0.22939135,0.21969855,,,,,
411500,0.17331752,,,0.15425227,,,
411600,0.22263161,0.2197032,,,,,
411700,0.17577407,,,0.15428557,,,
411800,0.17225207,,,0.15429678,,,
411900,0.22621671,0.2197186,,,,,
412000,0.17075346,,,0.15430966,,,
412100,0.22028197,0.21972107,,,,,
412200,0.16992537,,,0.15433885,,,
412300,0.22349976,0.2197242,,,,,
412400,0.22185327,0.21972621,,,,,
412500,0.17022747,,,0.15435942,,,
412600,0.10076132,,0.12201019,,,,
412700,0.17550205,,,0.15439014,,,
412800,0.17043002,,,0.15439861,,,
412900,0.17203847,,,0.15440407,,,
413000,0.17090089,,,0.15441152,,,
413100,0.22762314,0.21975642,,,,,
413200,0.22481633,0.21976075,,,,,
413300,0.1712955,,,0.15444666,,,
413400,0.10085152,,0.12196093,,,,
413500,0.17245227,,,0.15445882,,,
413600,0.22433087,0.21978216,,,,,
413700,0.22752228,0.21978783,,,,,
413800,0.1717828,,,0.15450068,,,
413900,0.17178212,,,0.15450547,,,
414000,0.17350625,,,0.1545119,,,
414100,0.22542362,0.21980403,,,,,
414200,0.17409458,,,0.15454386,,,
414300,0.17577872,,,0.15455341,,,
414400,0.22302134,0.2198255,,,,,
414500,0.22069267,0.21982746,,,,,
414600,0.17038571,,,0.15458213,,,
414700,0.1722613,,,0.15459177,,,
414800,0.10190955,,0.12188243,,,,
414900,0.10285721,,0.12187478,,,,
415000,0.21850663,0.21984325,,,,,
415100,0.18355078,,,0.15463407,,,
415200,0.22557678,0.21984327,,,,,
415300,0.17370796,,,0.15465192,,,
415400,0.22311593,0.21985366,,,,,
415500,0.097401635,,0.12183033,,,,
415600,0.17674828,,,0.15468123,,,
415700,0.22523203,0.21986876,,,,,
415800,0.094758587,,0.12181002,,,,
415900,0.096597915,,0.12179924,,,,
416000,0.21943496,0.21988303,,,,,
416100,0.18181685,,,0.1547341,,,
416200,0.17156827,,,0.15474521,,,
416300,0.23594352,0.21988768,,,,,
416400,0.22365306,0.21989301,,,,,
416500,0.21967996,0.21989365,,,,,
416600,0.09423398,,0.12174277,,,,
416700,0.1711972,,,0.15479041,,,
416800,0.17083778,,,0.15479894,,,
416900,0.093111455,,0.12171283,,,,
417000,0.093769517,,0.12170448,,,,
417100,0.21536219,0.21989101,,,,,
417200,0.17135345,,,0.15484023,,,
417300,0.17767254,,,0.15484824,,,
417400,0.22927007,0.21989495,,,,,
417500,0.098016634,,0.12166417,,,,
417600,0.17143385,,,0.15488025,,,
417700,0.17125845,,,0.15488831,,,
417800,0.095451405,,0.12164191,,,,
417900,0.21892168,0.21989938,,,,,
418000,0.22617939,0.21990144,,,,,
418100,0.23459737,0.21990422,,,,,
418200,0.1735623,,,0.15493648,,,
418300,0.092414647,,0.12159821,,,,
418400,0.21782208,0.2199156,,,,,
418500,0.099853952,,0.12157826,,,,
418600,0.22097286,0.2199159,,,,,
418700,0.096728075,,0.12156482,,,,
418800,0.17352366,,,0.15498902,,,
418900,0.24905449,0.21992652,,,,,
419000,0.22439709,0.21993114,,,,,
419100,0.18516308,,,0.15501938,,,
419200,0.22420165,0.21993561,,,,,
419300,0.17073395,,,0.15503808,,,
419400,0.10377813,,0.12152567,,,,
419500,0.22416104,0.2199497,,,,,
419600,0.2298751,0.21995121,,,,,
419700,0.17574605,,,0.15508265,,,
419800,0.2420799,0.2199605,,,,,
419900,0.22816936,0.21996908,,,,,
420000,0.22337967,,,0.15510241,,,
420100,0.17775514,,,0.15511986,,,
420200,0.17299727,,,0.15512847,,,
420300,0.1064592,,0.12148465,,,,
420400,0.22582257,0.21998722,,,,,
420500,0.2008633,,,0.15514719,,,
420600,0.18223394,,,0.15516607,,,
420700,0.10809925,,0.12146633,,,,
420800,0.17063647,,,0.15518213,,,
420900,0.23263403,0.22000808,,,,,
421000,0.10907806,,0.12145222,,,,
421100,0.19649261,,,0.15521571,,,
421200,0.17219422,,,0.15522846,,,
421300,0.10609506,,0.12144088,,,,
421400,0.22822107,0.22002807,,,,,
421500,0.2373306,0.22003419,,,,,
421600,0.18171916,,,0.1552644,,,
421700,0.170776,,,0.15527294,,,
421800,0.2353814,0.22004404,,,,,
421900,0.10494729,,0.12141503,,,,
422000,0.22184991,,,0.15529496,,,
422100,0.22218895,0.22005433,,,,,
422200,0.23382848,0.22006451,,,,,
422300,0.17131497,,,0.15532547,,,
422400,0.23631521,0.22007633,,,,,
422500,0.20285329,,,0.15534252,,,
422600,0.23087532,0.22009808,,,,,
422700,0.26768484,0.22010964,,,,,
422800,0.17155485,,,0.15537234,,,
422900,0.25734191,0.2201428,,,,,
423000,0.19738004,,,0.15538654,,,
423100,0.23082845,0.2201565,,,,,
423200,0.17963696,,,0.15541089,,,
423300,0.17076733,,,0.15541769,,,
423400,0.2359439,0.22017515,,,,,
423500,0.20244843,,,0.15543409,,,
423600,0.23474582,0.22018216,,,,,
423700,0.1747803,,,0.1554561,,,
423800,0.23246094,0.22019636,,,,,
423900,0.22963539,0.22020102,,,,,
424000,0.2190474,,,0.15547955,,,
424100,0.22672347,0.22020755,,,,,
424200,0.1711246,,,0.15550237,,,
424300,0.2290446,0.22021307,,,,,
424400,0.22465657,0.22021704,,,,,
424500,0.22646909,0.22021917,,,,,
424600,0.18057886,,,0.15553889,,,
424700,0.17332359,,,0.15554979,,,
424800,0.10450872,,0.12129712,,,,
424900,0.23450193,0.22025185,,,,,
425000,0.10121524,,0.12129094,,,,
425100,0.19511539,,,0.15558976,,,
425200,0.22277186,0.22026487,,,,,
425300,0.22444968,0.22026854,,,,,
425400,0.22499956,0.22027279,,,,,
425500,0.18143152,,,0.1556162,,,
425600,0.18004471,,,0.15563533,,,
425700,0.2324204,0.22028464,,,,,
425800,0.10723595,,0.12125477,,,,
425900,0.2395825,0.2203022,,,,,
426000,0.20173033,,,0.1556619,,,
426100,0.22490524,0.22030553,,,,,
426200,0.17169968,,,0.15568894,,,
426300,0.17281177,,,0.15569654,,,
426400,0.1008007,,0.12123642,,,,
426500,0.22471215,,,0.15570872,,,
426600,0.18169901,,,0.15572574,,,
426700,0.090615477,,0.12121133,,,,
426800,0.17059819,,,0.15574116,,,
426900,0.086264175,,0.12118936,,,,
427000,0.085352763,,0.12117785,,,,
427100,0.18311093,,,0.15576988,,,
427200,0.18225457,,,0.15578071,,,
427300,0.085466788,,0.12114934,,,,
427400,0.21972964,0.22033324,,,,,
427500,0.081866934,,0.12112464,,,,
427600,0.17956814,,,0.15581553,,,
427700,0.17137153,,,0.15582429,,,
427800,0.20898571,0.22032303,,,,,
427900,0.21368589,0.22031765,,,,,
428000,0.21935589,,,0.15584387,,,
428100,0.17583979,,,0.15586298,,,
428200,0.22957311,0.22030984,,,,,
428300,0.21252047,0.22030759,,,,,
428400,0.079928231,,0.12101716,,,,
428500,0.079933491,,0.12100249,,,,
428600,0.20670562,0.22029327,,,,,
428700,0.17178282,,,0.15591319,,,
428800,0.21715532,0.22028342,,,,,
428900,0.20922788,0.22027984,,,,,
429000,0.17494262,,,0.15593117,,,
429100,0.17109833,,,0.15594678,,,
429200,0.084201694,,0.12092985,,,,
429300,0.17077068,,,0.15596009,,,
429400,0.17084216,,,0.15596383,,,
429500,0.17281806,,,0.15597217,,,
429600,0.081173561,,0.12087938,,,,
429700,0.17512492,,,0.15599453,,,
429800,0.17113792,,,0.15600133,,,
429900,0.1742885,,,0.15600507,,,
430000,0.17743017,,,0.15601353,,,
430100,0.21314636,0.22024569,,,,,
430200,0.17378239,,,0.15603711,,,
430300,0.17223279,,,0.15604439,,,
430400,0.17071833,,,0.15604812,,,
430500,0.17035472,,,0.15605448,,,
430600,0.080753417,,0.12076021,,,,
430700,0.21810405,0.2202182,,,,,
430800,0.1804455,,,0.15608589,,,
430900,0.17571694,,,0.15609068,,,
431000,0.17394037,,,0.15609777,,,
431100,0.17900604,,,0.15611313,,,
431200,0.17807736,,,0.15612163,,,
431300,0.21816862,0.22019686,,,,,
431400,0.17854268,,,0.15613089,,,
431500,0.080759249,,0.12065291,,,,
431600,0.21565085,0.22018531,,,,,
431700,0.090904258,,0.12063701,,,,
431800,0.090311603,,0.12062914,,,,
431900,0.17695973,,,0.15617193,,,
432000,0.18188801,,,0.15618013,,,
432100,0.17960741,,,0.15619775,,,
432200,0.17482245,,,0.15620558,,,
432300,0.21336071,0.22015253,,,,,
432400,0.20689682,0.22014514,,,,,
432500,0.18506642,,,0.15622384,,,
432600,0.17508461,,,0.15624501,,,
432700,0.17198184,,,0.1562529,,,
432800,0.08226491,,0.12051559,,,,
432900,0.080076721,,0.12049976,,,,
433000,0.082427335,,0.1204877,,,,
433100,0.21267505,0.22011407,,,,,
433200,0.082049908,,0.12046773,,,,
433300,0.081199919,,0.12045659,,,,
433400,0.081160207,,0.12044088,,,,
433500,0.172056,,,0.15630957,,,
433600,0.17425109,,,0.1563255,,,
433700,0.20778197,0.22008089,,,,,
433800,0.20819938,0.22007459,,,,,
433900,0.20770141,0.22006647,,,,,
434000,0.21548655,0.22006294,,,,,
434100,0.17065909,,,0.15636727,,,
434200,0.21475426,0.22005762,,,,,
434300,0.21180061,0.22005279,,,,,
434400,0.21317447,0.22005014,,,,,
434500,0.21136211,0.22004548,,,,,
434600,0.17344419,,,0.15640881,,,
434700,0.21020172,0.22003977,,,,,
434800,0.22493333,0.22003847,,,,,
434900,0.20867069,0.22003636,,,,,
435000,0.17251994,,,0.15643454,,,
435100,0.20704919,0.22002666,,,,,
435200,0.17227242,,,0.15645944,,,
435300,0.1721991,,,0.15646854,,,
435400,0.17103557,,,0.15647249,,,
435500,0.17189769,,,0.15647793,,,
435600,0.21032915,0.22000637,,,,,
435700,0.17075261,,,0.15650237,,,
435800,0.21738952,0.21999922,,,,,
435900,0.18501811,,,0.15651482,,,
436000,0.083363203,,0.12015932,,,,
436100,0.17895442,,,0.15653717,,,
436200,0.17082491,,,0.15654486,,,
436300,0.083416264,,0.12013264,,,,
436400,0.17501261,,,0.15655497,,,
436500,0.17455952,,,0.15656199,,,
436600,0.20925344,0.21997423,,,,,
436700,0.17205468,,,0.15658527,,,
436800,0.21354622,0.21996893,,,,,
436900,0.20814877,0.21996243,,,,,
437000,0.083717576,,0.12006298,,,,
437100,0.18202681,,,0.15661831,,,
437200,0.17699875,,,0.15662702,,,
437300,0.088306218,,0.12003826,,,,
437400,0.17298624,,,0.15663964,,,
437500,0.08379328,,0.1200156,,,,
437600,0.17551921,,,0.15666159,,,
437700,0.21380004,0.21992567,,,,,
437800,0.084997438,,0.11998838,,,,
437900,0.10906628,,0.1199766,,,,
438000,0.20896494,0.21991283,,,,,
438100,0.17103441,,,0.15670321,,,
438200,0.084711911,,0.11994856,,,,
438300,0.21885146,0.21990154,,,,,
438400,0.21484617,0.21990214,,,,,
438500,0.08435904,,0.11991379,,,,
438600,0.18258621,,,0.15674269,,,
438700,0.20806493,0.21989032,,,,,
438800,0.085371427,,0.11988893,,,,
438900,0.21368266,0.21988596,,,,,
439000,0.21420508,0.21988193,,,,,
439100,0.18373771,,,0.15678401,,,
439200,0.20837459,0.21987535,,,,,
439300,0.20997246,0.21987167,,,,,
439400,0.20677718,0.21986469,,,,,
439500,0.1785057,,,0.15681128,,,
439600,0.17276527,,,0.15682873,,,
439700,0.2216078,0.21985348,,,,,
439800,0.084468771,,0.11978524,,,,
439900,0.21435786,0.21985144,,,,,
440000,0.1849024,,,0.1568504,,,
440100,0.17902447,,,0.15686786,,,
440200,0.17096376,,,0.15687459,,,
440300,0.21598172,0.21983196,,,,,
440400,0.17228457,,,0.15688468,,,
440500,0.20676073,0.21982015,,,,,
440600,0.084132276,,0.11970447,,,,
440700,0.1791543,,,0.15691557,,,
440800,0.17178555,,,0.15692359,,,
440900,0.1713001,,,0.15692712,,,
441000,0.17076211,,,0.15693279,,,
441100,0.20689722,0.21979665,,,,,
441200,0.17061359,,,0.1569554,,,
441300,0.17167537,,,0.15696109,,,
441400,0.088748053,,0.11961607,,,,
441500,0.18097168,,,0.15697257,,,
441600,0.085738819,,0.11960036,,,,
441700,0.17766341,,,0.15699414,,,
441800,0.17215481,,,0.15700059,,,
441900,0.20965436,0.21977679,,,,,
442000,0.21140371,0.21977151,,,,,
442100,0.084881273,,0.11954976,,,,
442200,0.23035586,0.21977116,,,,,
442300,0.17433236,,,0.15704077,,,
442400,0.21749948,0.21979063,,,,,
442500,0.17267083,,,0.15705035,,,
442600,0.21606515,0.219785,,,,,
442700,0.18309993,,,0.15707414,,,
442800,0.1719641,,,0.15708163,,,
442900,0.1709884,,,0.15708519,,,
443000,0.17062054,,,0.15709092,,,
443100,0.21428839,0.21976861,,,,,
443200,0.17070714,,,0.15711562,,,
443300,0.084753164,,0.11942856,,,,
443400,0.17545425,,,0.15712745,,,
443500,0.1714294,,,0.15713582,,,
443600,0.084678083,,0.11940003,,,,
443700,0.17181573,,,0.15716125,,,
443800,0.2216133,0.219744,,,,,
443900,0.2104136,0.21974046,,,,,
444000,0.17464541,,,0.15717687,,,
444100,0.21277833,0.21973352,,,,,
444200,0.17266858,,,0.15720229,,,
444300,0.17490689,,,0.15721016,,,
444400,0.17139347,,,0.15721379,,,
444500,0.17040501,,,0.15721948,,,
444600,0.21141089,0.21973748,,,,,
444700,0.2141541,0.21973592,,,,,
444800,0.17151939,,,0.15724779,,,
444900,0.21131634,0.21972933,,,,,
445000,0.17171083,,,0.15725641,,,
445100,0.089419433,,0.11925994,,,,
445200,0.17046932,,,0.15727953,,,
445300,0.21616591,0.21972024,,,,,
445400,0.21295904,0.21971884,,,,,
445500,0.17068027,,,0.15729505,,,
445600,0.21245211,0.21971456,,,,,
445700,0.088022661,,0.11920483,,,,
445800,0.17535199,,,0.15732504,,,
445900,0.17801014,,,0.15732852,,,
446000,0.18155632,,,0.15733494,,,
446100,0.1881679,,,0.15735065,,,
446200,0.089143876,,0.11916191,,,,
446300,0.21398092,0.21970946,,,,,
446400,0.21653907,0.21970799,,,,,
446500,0.1115126,,0.11913544,,,,
446600,0.17959852,,,0.15739264,,,
446700,0.17462022,,,0.1574025,,,
446800,0.21725044,0.21970427,,,,,
446900,0.21755623,0.21970507,,,,,
447000,0.21520198,0.21970364,,,,,
447100,0.21931318,0.21970314,,,,,
447200,0.091715638,,0.11908401,,,,
447300,0.23106719,0.21970253,,,,,
447400,0.21808873,0.21970445,,,,,
447500,0.17734076,,,0.15745985,,,
447600,0.18634923,,,0.15747492,,,
447700,0.24687068,0.21970869,,,,,
447800,0.10557957,,0.11904492,,,,
447900,0.10119895,,0.11903652,,,,
448000,0.18024484,,,0.15749907,,,
448100,0.17971562,,,0.15751614,,,
448200,0.17131191,,,0.15752256,,,
448300,0.22800469,0.2197252,,,,,
448400,0.11311058,,0.11900846,,,,
448500,0.17258655,,,0.15753905,,,
448600,0.22370286,0.21973033,,,,,
448700,0.093730576,,0.1189925,,,,
448800,0.22528896,0.21974724,,,,,
448900,0.090912942,,0.11898172,,,,
449000,0.17705507,,,0.15757766,,,
449100,0.18177135,,,0.15759148,,,
449200,0.21616429,0.21975221,,,,,
449300,0.21917977,0.21975169,,,,,
449400,0.21957315,0.21975123,,,,,
449500,0.21371949,0.21975039,,,,,
449600,0.17241922,,,0.15762834,,,
449700,0.22349675,0.21974959,,,,,
449800,0.22032234,0.21975029,,,,,
449900,0.21732021,0.21975268,,,,,
450000,0.21188012,0.21974965,,,,,
450100,0.18408594,,,0.15767093,,,
450200,0.21362794,0.21974995,,,,,
450300,0.2205169,0.21974824,,,,,
450400,0.21608608,0.21975284,,,,,
450500,0.17133941,,,0.15769195,,,
450600,0.17712855,,,0.15770625,,,
450700,0.089869144,,0.11885495,,,,
450800,0.17165936,,,0.15771811,,,
450900,0.091088065,,0.11883698,,,,
451000,0.17220494,,,0.15772623,,,
451100,0.17519171,,,0.15774052,,,
451200,0.22167211,0.2197491,,,,,
451300,0.21223008,0.21974933,,,,,
451400,0.096980917,,0.11880603,,,,
451500,0.21341127,0.21974615,,,,,
451600,0.17470567,,,0.15777682,,,
451700,0.15307075,,0.11879605,,,,
451800,0.093588484,,0.11879207,,,,
451900,0.22618292,0.21976043,,,,,
452000,0.090312542,,0.11877458,,,,
452100,0.17171257,,,0.15781914,,,
452200,0.21183409,0.21975381,,,,,
452300,0.22686713,0.21975354,,,,,
452400,0.092806151,,0.11874539,,,,
452500,0.096182206,,0.11873708,,,,
452600,0.1785687,,,0.15785702,,,
452700,0.092684486,,0.11872576,,,,
452800,0.24327793,0.21977672,,,,,
452900,0.22251206,0.21978481,,,,,
453000,0.17142429,,,0.15787737,,,
453100,0.21923836,0.21978136,,,,,
453200,0.17793942,,,0.15790219,,,
453300,0.17417564,,,0.15791156,,,
453400,0.1737458,,,0.15791524,,,
453500,0.17042905,,,0.15792023,,,
453600,0.21047527,0.21978061,,,,,
453700,0.17412512,,,0.15794065,,,
453800,0.089810345,,0.11864448,,,,
453900,0.17441664,,,0.1579523,,,
454000,0.18357397,,,0.15795902,,,
454100,0.18357961,,,0.15797475,,,
454200,0.17779374,,,0.1579828,,,
454300,0.21078845,0.21977668,,,,,
454400,0.21300411,0.21977325,,,,,
454500,0.21785282,0.21977568,,,,,
454600,0.18064854,,,0.15800874,,,
454700,0.17162558,,,0.15801938,,,
454800,0.22184896,0.21977084,,,,,
454900,0.21658304,0.21976885,,,,,
455000,0.2267114,0.21977463,,,,,
455100,0.23119963,0.21977811,,,,,
455200,0.17140208,,,0.15805414,,,
455300,0.21586957,0.21977972,,,,,
455400,0.10007162,,0.11855296,,,,
455500,0.17626006,,,0.158069,,,
455600,0.17485809,,,0.15808586,,,
455700,0.22179379,0.21977349,,,,,
455800,0.096762409,,0.11853072,,,,
455900,0.088792019,,0.118522,,,,
456000,0.1801641,,,0.15810584,,,
456100,0.18040124,,,0.1581232,,,
456200,0.17241553,,,0.15812967,,,
456300,0.21631153,0.21976287,,,,,
456400,0.21488315,0.21976364,,,,,
456500,0.090286033,,0.11847706,,,,
456600,0.17316154,,,0.15816515,,,
456700,0.092000771,,0.11846604,,,,
456800,0.090552494,,0.11845885,,,,
456900,0.2177845,0.21975854,,,,,
457000,0.18502828,,,0.15818562,,,
457100,0.24493509,0.21975768,,,,,
457200,0.088934931,,0.11842639,,,,
457300,0.22123519,0.21975612,,,,,
457400,0.21314059,0.21975173,,,,,
457500,0.177068,,,0.15822092,,,
457600,0.17817842,,,0.15823436,,,
457700,0.21424652,0.2197461,,,,,
457800,0.087479442,,0.11837589,,,,
457900,0.21584889,0.2197454,,,,,
458000,0.21183921,0.2197421,,,,,
458100,0.17145216,,,0.15827148,,,
458200,0.21035146,0.2197355,,,,,
458300,0.21322271,0.21973215,,,,,
458400,0.084864518,,0.11832484,,,,
458500,0.20942656,0.21972607,,,,,
458600,0.18011243,,,0.15830851,,,
458700,0.21493592,0.21971914,,,,,
458800,0.2278992,0.21971932,,,,,
458900,0.20960458,0.21971572,,,,,
459000,0.18174869,,,0.15832818,,,
459100,0.18705985,,,0.15834192,,,
459200,0.22388014,0.21970596,,,,,
459300,0.21200897,0.21970497,,,,,
459400,0.21129956,0.21970177,,,,,
459500,0.18867893,,,0.15836533,,,
459600,0.1766064,,,0.15838204,,,
459700,0.17318995,,,0.15838956,,,
459800,0.22308021,0.21969277,,,,,
459900,0.083509295,,0.11819055,,,,
460000,0.17132781,,,0.15840614,,,
460100,0.1925978,,,0.15842357,,,
460200,0.083159911,,0.11816545,,,,
460300,0.2093261,0.21967731,,,,,
460400,0.081132134,,0.11814214,,,,
460500,0.18072557,,,0.15844928,,,
460600,0.17764246,,,0.15846747,,,
460700,0.082495347,,0.11811406,,,,
460800,0.20969784,0.21965804,,,,,
460900,0.086477274,,0.11809429,,,,
461000,0.084649368,,0.11808456,,,,
461100,0.17138081,,,0.15851624,,,
461200,0.22252577,0.21964458,,,,,
461300,0.21066068,0.21964244,,,,,
461400,0.21070877,0.21964019,,,,,
461500,0.083181616,,0.1180413,,,,
461600,0.17146421,,,0.15855825,,,
461700,0.21383414,0.2196277,,,,,
461800,0.22367335,0.21962635,,,,,
461900,0.21110117,0.21962562,,,,,
462000,0.21148486,0.21962231,,,,,
462100,0.17759796,,,0.15860164,,,
462200,0.084088162,,0.11798201,,,,
462300,0.20991556,0.21961118,,,,,
462400,0.21175593,0.21960675,,,,,
462500,0.081970267,,0.11794977,,,,
462600,0.18495412,,,0.15864217,,,
462700,0.22589787,0.21959923,,,,,
462800,0.083821979,,0.11792452,,,,
462900,0.2164564,0.2196057,,,,,
463000,0.081704407,,0.11790059,,,,
463100,0.1710939,,,0.15868591,,,
463200,0.21335057,0.21959939,,,,,
463300,0.17142143,,,0.15870053,,,
463400,0.21188353,0.21959148,,,,,
463500,0.1848573,,,0.15871069,,,
463600,0.18423089,,,0.15872871,,,
463700,0.08471016,,0.117839,,,,
463800,0.22405366,0.21958843,,,,,
463900,0.22134315,0.21958764,,,,,
464000,0.22929877,0.21959185,,,,,
464100,0.18060384,,,0.15877203,,,
464200,0.21171586,0.21959023,,,,,
464300,0.21135881,0.21958717,,,,,
464400,0.085590297,,0.11778235,,,,
464500,0.085094161,,0.11777254,,,,
464600,0.17832183,,,0.15881538,,,
464700,0.087491483,,0.11775932,,,,
464800,0.23008274,0.21958638,,,,,
464900,0.22330964,0.21958903,,,,,
465000,0.18487656,,,0.15884709,,,
465100,0.21138211,0.21958664,,,,,
465200,0.17235834,,,0.15887503,,,
465300,0.21360937,0.21958072,,,,,
465400,0.20998638,0.21957891,,,,,
465500,0.17335711,,,0.15888963,,,
465600,0.085384608,,0.11768172,,,,
465700,0.085142309,,0.11767115,,,,
465800,0.08665576,,0.11766293,,,,
465900,0.085881158,,0.11765165,,,,
466000,0.17287832,,,0.1589299,,,
466100,0.18432168,,,0.15894716,,,
466200,0.08456137,,0.11762728,,,,
466300,0.21274428,0.21955595,,,,,
466400,0.083876306,,0.11760676,,,,
466500,0.1772633,,,0.15897401,,,
466600,0.17279958,,,0.15899137,,,
466700,0.22223428,0.21954611,,,,,
466800,0.25262262,0.21955736,,,,,
466900,0.23339494,0.21956883,,,,,
467000,0.22575952,0.21957348,,,,,
467100,0.1760136,,,0.15902889,,,
467200,0.22521797,0.21957866,,,,,
467300,0.17187571,,,0.15904825,,,
467400,0.091496675,,0.11752418,,,,
467500,0.24599206,0.21961147,,,,,
467600,0.23167873,0.21961879,,,,,
467700,0.17196592,,,0.15908188,,,
467800,0.17193799,,,0.15908914,,,
467900,0.22073185,0.21964328,,,,,
468000,0.17121724,,,0.15909814,,,
468100,0.21908307,0.21964997,,,,,
468200,0.17978019,,,0.15912553,,,
468300,0.21615604,0.21964971,,,,,
468400,0.21314627,0.21964779,,,,,
468500,0.17119809,,,0.1591425,,,
468600,0.082022355,,0.11742838,,,,
468700,0.17091747,,,0.159165,,,
468800,0.1712268,,,0.15917154,,,
468900,0.21872462,0.21964298,,,,,
469000,0.17730016,,,0.15918449,,,
469100,0.21318421,0.21963722,,,,,
469200,0.21361979,0.21963317,,,,,
469300,0.20921166,0.21962935,,,,,
469400,0.082526181,,0.11735432,,,,
469500,0.20905605,0.21962199,,,,,
469600,0.21453515,0.21961972,,,,,
469700,0.21055214,0.21961618,,,,,
469800,0.21221396,0.21961252,,,,,
469900,0.21504283,0.21960977,,,,,
470000,0.17335108,,,0.15927156,,,
470100,0.21616989,0.21960479,,,,,
470200,0.081858168,,0.11728548,,,,
470300,0.22566135,0.21960136,,,,,
470400,0.21186614,0.21959848,,,,,
470500,0.17552201,,,0.15931145,,,
470600,0.2115158,0.21959292,,,,,
470700,0.082725711,,0.11724017,,,,
470800,0.081861295,,0.11723043,,,,
470900,0.21354924,0.21958069,,,,,
471000,0.17739212,,,0.15935466,,,
471100,0.20993371,0.21957358,,,,,
471200,0.17103752,,,0.1593792,,,
471300,0.21621165,0.219565,,,,,
471400,0.21475033,0.21956368,,,,,
471500,0.21434073,0.21956011,,,,,
471600,0.20811789,0.21955673,,,,,
471700,0.17999599,,,0.15941782,,,
471800,0.17389864,,,0.15942461,,,
471900,0.20742204,0.21954732,,,,,
472000,0.20771841,0.21954197,,,,,
472100,0.081510043,,0.11711101,,,,
472200,0.17573873,,,0.15945643,,,
472300,0.17118254,,,0.1594621,,,
472400,0.21297958,0.21952813,,,,,
472500,0.21116027,0.21952578,,,,,
472600,0.081073178,,0.11706473,,,,
472700,0.17451423,,,0.15949282,,,
472800,0.17178271,,,0.15949796,,,
472900,0.20713708,0.21951143,,,,,
473000,0.17373747,,,0.15950698,,,
473100,0.2081976,0.21950355,,,,,
473200,0.17110072,,,0.15953053,,,
473300,0.17171519,,,0.1595367,,,
473400,0.082387142,,0.1169899,,,,
473500,0.17239484,,,0.15954542,,,
473600,0.081696223,,0.11697325,,,,
473700,0.20855637,0.21947627,,,,,
473800,0.17200162,,,0.15957168,,,
473900,0.082350655,,0.11694437,,,,
474000,0.21150044,0.21947101,,,,,
474100,0.17198653,,,0.15960128,,,
474200,0.2092966,0.21946368,,,,,
474300,0.22428552,0.21946225,,,,,
474400,0.20887249,0.21946227,,,,,
474500,0.082067751,,0.11689067,,,,
474600,0.18659632,,,0.15963761,,,
474700,0.21113315,0.21945132,,,,,
474800,0.21330369,0.21944799,,,,,
474900,0.20999247,0.21944276,,,,,
475000,0.21652321,0.21944188,,,,,
475100,0.17049336,,,0.15968149,,,
475200,0.17423032,,,0.15968946,,,
475300,0.17371864,,,0.15969553,,,
475400,0.2170617,0.2194443,,,,,
475500,0.21391837,0.21944184,,,,,
475600,0.21116132,0.21943946,,,,,
475700,0.20924047,0.21943699,,,,,
475800,0.1768197,,,0.15973493,,,
475900,0.20877671,0.21943024,,,,,
476000,0.21577122,0.21942626,,,,,
476100,0.20858958,0.21942357,,,,,
476200,0.082891338,,0.11674244,,,,
476300,0.17914416,,,0.15977685,,,
476400,0.2111887,0.21941586,,,,,
476500,0.21069039,0.21941146,,,,,
476600,0.18033739,,,0.15979887,,,
476700,0.2091278,0.21940744,,,,,
476800,0.17574039,,,0.15981405,,,
476900,0.20830881,0.21940499,,,,,
477000,0.081064656,,0.11666634,,,,
477100,0.17911914,,,0.1598368,,,
477200,0.20838252,0.21939236,,,,,
477300,0.21010152,0.21938827,,,,,
477400,0.081153083,,0.11663161,,,,
477500,0.21080805,0.21937935,,,,,
477600,0.18273734,,,0.15987487,,,
477700,0.1751855,,,0.15988633,,,
477800,0.21776389,0.21937767,,,,,
477900,0.084328039,,0.11658933,,,,
478000,0.20880967,0.21937175,,,,,
478100,0.18723158,,,0.15991543,,,
478200,0.082090964,,0.11656493,,,,
478300,0.20705176,0.21935879,,,,,
478400,0.20794002,0.21935095,,,,,
478500,0.21533371,0.2193485,,,,,
478600,0.17095874,,,0.15996827,,,
478700,0.20934849,0.21934275,,,,,
478800,0.20852002,0.21933965,,,,,
478900,0.20821629,0.21933362,,,,,
479000,0.18043066,,,0.15998781,,,
479100,0.17370569,,,0.16000284,,,
479200,0.21240346,0.21932073,,,,,
479300,0.20860828,0.21931529,,,,,
479400,0.20792966,0.21930814,,,,,
479500,0.17515618,,,0.16002346,,,
479600,0.17904183,,,0.16003816,,,
479700,0.17134532,,,0.16004593,,,
479800,0.21276744,0.21929512,,,,,
479900,0.090210828,,0.11641093,,,,
480000,0.20878493,0.21928684,,,,,
480100,0.21136896,0.21928329,,,,,
480200,0.17393403,,,0.16008173,,,
480300,0.17272133,,,0.16008732,,,
480400,0.08209726,,0.116369,,,,
480500,0.18176464,,,0.16010205,,,
480600,0.209085,0.21926123,,,,,
480700,0.082741502,,0.11634567,,,,
480800,0.20849627,0.21925191,,,,,
480900,0.21743688,0.21924609,,,,,
481000,0.17352811,,,0.1601399,,,
481100,0.090100704,,0.1163148,,,,
481200,0.17183135,,,0.16016078,,,
481300,0.082741421,,0.11629628,,,,
481400,0.17717881,,,0.16016921,,,
481500,0.21534436,0.21923766,,,,,
481600,0.17450177,,,0.16018776,,,
481700,0.17239582,,,0.16019358,,,
481800,0.22226939,0.21923381,,,,,
481900,0.08381073,,0.11624485,,,,
482000,0.21164347,0.21923324,,,,,
482100,0.20906836,0.21922946,,,,,
482200,0.083088928,,0.11622474,,,,
482300,0.22089429,0.21922129,,,,,
482400,0.20829462,0.21921925,,,,,
482500,0.20923665,0.219214,,,,,
482600,0.18492662,,,0.16026405,,,
482700,0.2145314,0.2192061,,,,,
482800,0.21098073,0.2192019,,,,,
482900,0.20981421,0.21919759,,,,,
483000,0.080353154,,0.1161511,,,,
483100,0.17308201,,,0.16030232,,,
483200,0.21148773,0.21918331,,,,,
483300,0.20823279,0.21917733,,,,,
483400,0.085161114,,0.11611588,,,,
483500,0.21061223,0.21916825,,,,,
483600,0.17206787,,,0.16033401,,,
483700,0.21113626,0.21916118,,,,,
483800,0.21415435,0.2191567,,,,,
483900,0.084152676,,0.11607714,,,,
484000,0.21904615,0.21915264,,,,,
484100,0.17499731,,,0.16037354,,,
484200,0.080967372,,0.11605265,,,,
484300,0.2082008,0.21914612,,,,,
484400,0.081411787,,0.11603175,,,,
484500,0.2223141,0.2191348,,,,,
484600,0.17460188,,,0.1604122,,,
484700,0.20846548,0.21912866,,,,,
484800,0.17973289,,,0.16042871,,,
484900,0.21008812,0.2191189,,,,,
485000,0.20920556,0.21911496,,,,,
485100,0.17345097,,,0.16044882,,,
485200,0.22572907,0.21911247,,,,,
485300,0.17478178,,,0.1604634,,,
485400,0.20950471,0.21910409,,,,,
485500,0.17458135,,,0.16047166,,,
485600,0.18487833,,,0.16048729,,,
485700,0.21926767,0.21909568,,,,,
485800,0.21157217,0.21909401,,,,,
485900,0.2119506,0.21909153,,,,,
486000,0.080442492,,0.11590355,,,,
486100,0.1725509,,,0.16052433,,,
486200,0.20992794,0.21907837,,,,,
486300,0.21776618,0.21907457,,,,,
486400,0.2100556,0.21906957,,,,,
486500,0.21328722,0.21906669,,,,,
486600,0.086268731,,0.11585469,,,,
486700,0.21964086,0.21906556,,,,,
486800,0.17254103,,,0.16057508,,,
486900,0.21367013,0.21905999,,,,,
487000,0.18093319,,,0.16058373,,,
487100,0.17671299,,,0.16059955,,,
487200,0.21968786,0.21906313,,,,,
487300,0.22152374,0.21906546,,,,,
487400,0.093806586,,0.11580228,,,,
487500,0.19139781,,,0.16061836,,,
487600,0.17617236,,,0.1606333,,,
487700,0.22980248,0.21906709,,,,,
487800,0.23194467,0.21907282,,,,,
487900,0.085409567,,0.11576964,,,,
488000,0.21751249,0.21908229,,,,,
488100,0.17110216,,,0.16066638,,,
488200,0.21707233,0.21908277,,,,,
488300,0.21478209,0.219082,,,,,
488400,0.21572533,0.21908256,,,,,
488500,0.21384417,0.21908031,,,,,
488600,0.17521806,,,0.16069853,,,
488700,0.21390435,0.21907829,,,,,
488800,0.087296591,,0.11571906,,,,
488900,0.21473196,0.21907481,,,,,
489000,0.21193837,0.2190724,,,,,
489100,0.21265777,0.21906989,,,,,
489200,0.084249383,,0.11568742,,,,
489300,0.21238466,0.21906447,,,,,
489400,0.21569363,0.21906161,,,,,
489500,0.091336232,,0.11566408,,,,
489600,0.086346581,,0.11565916,,,,
489700,0.21723433,0.21905785,,,,,
489800,0.18101575,,,0.16078577,,,
489900,0.21050445,0.2190504,,,,,
490000,0.17287916,,,0.16079438,,,
490100,0.18656712,,,0.16080845,,,
490200,0.22979086,0.21904752,,,,,
490300,0.21788334,0.2190531,,,,,
490400,0.084762222,,0.11559711,,,,
490500,0.22620802,0.21905105,,,,,
490600,0.17421762,,,0.16084024,,,
490700,0.21390612,0.2190535,,,,,
490800,0.17971064,,,0.16085702,,,
490900,0.21165639,0.21904742,,,,,
491000,0.1987047,,,0.16086729,,,
491100,0.17617184,,,0.16088534,,,
491200,0.08911298,,0.11554471,,,,
491300,0.088636127,,0.11553785,,,,
491400,0.21522008,0.21903595,,,,,
491500,0.21908061,0.21903477,,,,,
491600,0.1709753,,,0.16091452,,,
491700,0.21838945,0.21903197,,,,,
491800,0.21793005,0.21902985,,,,,
491900,0.08402357,,0.11549671,,,,
492000,0.22214753,0.21902439,,,,,
492100,0.17840451,,,0.16094423,,,
492200,0.21254491,0.21902101,,,,,
492300,0.17630576,,,0.16096341,,,
492400,0.08860679,,0.11545848,,,,
492500,0.2247841,0.21901639,,,,,
492600,0.1716681,,,0.16098516,,,
492700,0.17684517,,,0.16099201,,,
492800,0.22070072,0.21901597,,,,,
492900,0.10112261,,0.11542277,,,,
493000,0.21930183,0.21902097,,,,,
493100,0.17125469,,,0.16101464,,,
493200,0.084788395,,0.11540957,,,,
493300,0.21489874,0.21901628,,,,,
493400,0.21509367,0.2190189,,,,,
493500,0.21775386,0.21901647,,,,,
493600,0.21293884,0.21901433,,,,,
493700,0.21302343,0.21901235,,,,,
493800,0.17147406,,,0.16106977,,,
493900,0.085673142,,0.11535557,,,,
494000,0.17127879,,,0.16107681,,,
494100,0.1728536,,,0.161091,,,
494200,0.22262309,0.21902177,,,,,
494300,0.17201547,,,0.16110319,,,
494400,0.086955767,,0.11532309,,,,
494500,0.2121482,0.21902247,,,,,
494600,0.17331058,,,0.16112512,,,
494700,0.22190979,0.21901969,,,,,
494800,0.089330449,,0.11529464,,,,
494900,0.21196897,0.21902023,,,,,
495000,0.21074728,0.21901749,,,,,
495100,0.17322781,,,0.16115714,,,
495200,0.230402,0.21901667,,,,,
495300,0.216479,0.21901848,,,,,
495400,0.094321775,,0.1152544,,,,
495500,0.088428698,,0.11524785,,,,
495600,0.17292509,,,0.16119466,,,
495700,0.22418035,0.21901387,,,,,
495800,0.090718711,,0.1152304,,,,
495900,0.21265303,0.21901493,,,,,
496000,0.21236536,0.21901212,,,,,
496100,0.18195911,,,0.16122252,,,
496200,0.08602298,,0.11520167,,,,
496300,0.21326867,0.21900658,,,,,
496400,0.21432107,0.21900424,,,,,
496500,0.092561301,,0.11518001,,,,
496600,0.17384255,,,0.1612598,,,
496700,0.22058777,0.21900226,,,,,
496800,0.21057355,0.21899955,,,,,
496900,0.21249345,0.21899777,,,,,
497000,0.21123803,0.21899565,,,,,
497100,0.21465938,0.2189932,,,,,
497200,0.21330214,0.21899111,,,,,
497300,0.17147507,,,0.16129897,,,
497400,0.086616304,,0.11511838,,,,
497500,0.17135161,,,0.16130692,,,
497600,0.094812778,,0.11510616,,,,
497700,0.083565205,,0.11510006,,,,
497800,0.17205337,,,0.16133465,,,
497900,0.21186814,0.21899706,,,,,
498000,0.21188092,0.21899615,,,,,
498100,0.17394283,,,0.16135353,,,
498200,0.22134964,0.21899126,,,,,
498300,0.22051635,0.21899537,,,,,
498400,0.084764444,,0.11504592,,,,
498500,0.17223903,,,0.16137304,,,
498600,0.21004404,0.21898971,,,,,
498700,0.17198336,,,0.16138909,,,
498800,0.17283868,,,0.16139415,,,
498900,0.21519849,0.21898238,,,,,
499000,0.17288785,,,0.16140134,,,
499100,0.21828675,0.21898715,,,,,
499200,0.21488211,0.21898604,,,,,
499300,0.17173376,,,0.16142514,,,
499400,0.21939731,0.21898649,,,,,
499500,0.21998095,0.21898812,,,,,
499600,0.17167264,,,0.16144673,,,
499700,0.2150141,0.21898654,,,,,
499800,0.17161578,,,0.16145745,,,
499900,0.2180024,0.21898984,,,,,
500000,0.21423423,0.21898748,,,,,
500100,0.17877216,,,0.16147502,,,
500200,0.21629563,0.21898274,,,,,
500300,0.17292357,,,0.16149059,,,
500400,0.21005462,0.21897735,,,,,
500500,0.083899472,,0.1149036,,,,
500600,0.17605688,,,0.16151575,,,
500700,0.086433483,,0.11489201,,,,
500800,0.22194818,0.21897935,,,,,
500900,0.083038274,,0.11487402,,,,
501000,0.088761995,,0.11486625,,,,
501100,0.17952963,,,0.16154446,,,
501200,0.21991041,0.21897359,,,,,
501300,0.084829131,,0.11484771,,,,
501400,0.21477103,0.21897863,,,,,
501500,0.21100847,0.21897519,,,,,
501600,0.17550251,,,0.16157551,,,
501700,0.082651427,,0.11481467,,,,
501800,0.083049405,,0.11480752,,,,
501900,0.22119115,0.21897144,,,,,
502000,0.21283141,0.21897095,,,,,
502100,0.20962879,0.21896806,,,,,
502200,0.082366891,,0.11477885,,,,
502300,0.21712662,0.21896115,,,,,
502400,0.2188612,0.21896355,,,,,
502500,0.17534971,,,0.16162392,,,
502600,0.171732,,,0.16163997,,,
502700,0.17480154,,,0.1616456,,,
502800,0.083535318,,0.11474386,,,,
502900,0.22105597,0.21896596,,,,,
503000,0.20889691,0.21896246,,,,,
503100,0.17167973,,,0.16166761,,,
503200,0.20905086,0.21895621,,,,,
503300,0.17267968,,,0.16168051,,,
503400,0.20870772,0.2189514,,,,,
503500,0.21350251,0.21894889,,,,,
503600,0.17283483,,,0.16169907,,,
503700,0.2194072,0.21894445,,,,,
503800,0.17500901,,,0.16170947,,,
503900,0.082190932,,0.11465724,,,,
504000,0.17218796,,,0.16171607,,,
504100,0.19088731,,,0.16172783,,,
504200,0.22628927,0.21894281,,,,,
504300,0.23768982,0.21894872,,,,,
504400,0.21249319,0.2189531,,,,,
504500,0.080519956,,0.11460879,,,,
504600,0.20840358,0.21894614,,,,,
504700,0.20811207,0.21894234,,,,,
504800,0.1739743,,,0.1617744,,,
504900,0.20762577,0.21893347,,,,,
505000,0.1784116,,,0.16178278,,,
505100,0.081787368,,0.11456255,,,,
505200,0.208706,0.21892392,,,,,
505300,0.17223408,,,0.16180714,,,
505400,0.2104727,0.21891767,,,,,
505500,0.17679748,,,0.16181369,,,
505600,0.20962385,0.21891263,,,,,
505700,0.17192695,,,0.16183071,,,
505800,0.22401425,0.21890727,,,,,
505900,0.21225101,0.21890621,,,,,
506000,0.17686515,,,0.16184095,,,
506100,0.086557679,,0.11448426,,,,
506200,0.08271652,,0.11447706,,,,
506300,0.20876009,0.21889493,,,,,
506400,0.20836501,0.21889007,,,,,
506500,0.17347727,,,0.1618694,,,
506600,0.21191956,0.21888724,,,,,
506700,0.1716909,,,0.161893,,,
506800,0.17490327,,,0.16189634,,,
506900,0.2209299,0.21888083,,,,,
507000,0.17305545,,,0.16190266,,,
507100,0.081470923,,0.11440678,,,,
507200,0.18119126,,,0.16192065,,,
507300,0.082634872,,0.11439193,,,,
507400,0.20695321,0.21886518,,,,,
507500,0.081609546,,0.11437384,,,,
507600,0.17093722,,,0.16194266,,,
507700,0.21980204,0.21885456,,,,,
507800,0.21500088,0.21885565,,,,,
507900,0.20863276,0.21885023,,,,,
508000,0.20865412,0.21884673,,,,,
508100,0.17333078,,,0.16197592,,,
508200,0.21795228,0.21884106,,,,,
508300,0.20879187,0.21883646,,,,,
508400,0.08087496,,0.11430459,,,,
508500,0.17280908,,,0.16199609,,,
508600,0.18932615,,,0.16200767,,,
508700,0.083531689,,0.1142834,,,,
508800,0.21758841,0.21882319,,,,,
508900,0.08105406,,0.11426675,,,,
509000,0.081099556,,0.11425852,,,,
509100,0.17574235,,,0.16203919,,,
509200,0.21283469,0.21881036,,,,,
509300,0.20986959,0.21880696,,,,,
509400,0.20916336,0.2188021,,,,,
509500,0.21147327,0.21879744,,,,,
509600,0.079840336,,0.11421094,,,,
509700,0.082033662,,0.11420545,,,,
509800,0.21455105,0.21878621,,,,,
509900,0.21283394,0.21878708,,,,,
510000,0.20883361,0.21878324,,,,,
510100,0.17217392,,,0.16209695,,,
510200,0.20928371,0.21877759,,,,,
510300,0.17589272,,,0.16210916,,,
510400,0.081396338,,0.11414866,,,,
510500,0.080431899,,0.11413954,,,,
510600,0.17495751,,,0.16212777,,,
510700,0.21295011,0.2187606,,,,,
510800,0.21311545,0.21875766,,,,,
510900,0.21650143,0.2187544,,,,,
511000,0.21516431,0.21875211,,,,,
511100,0.20984466,0.21874991,,,,,
511200,0.21599503,0.21874862,,,,,
511300,0.17342717,,,0.16217174,,,
511400,0.21342908,0.218751,,,,,
511500,0.21143223,0.21874729,,,,,
511600,0.17147207,,,0.16219594,,,
511700,0.089556139,,0.11405395,,,,
511800,0.17620136,,,0.16220887,,,
511900,0.23161342,0.21875032,,,,,
512000,0.17367694,,,0.16221623,,,
512100,0.17261922,,,0.16222969,,,
512200,0.21498104,0.21874521,,,,,
512300,0.17223197,,,0.16224144,,,
512400,0.21922065,0.21875126,,,,,
512500,0.083550445,,0.11400134,,,,
512600,0.21400174,0.21874867,,,,,
512700,0.17167091,,,0.16226832,,,
512800,0.22338779,0.21875888,,,,,
512900,0.21103469,0.21875725,,,,,
513000,0.21187394,0.21875488,,,,,
513100,0.17683641,,,0.16229759,,,
513200,0.083500456,,0.11395477,,,,
513300,0.22247549,0.21875283,,,,,
513400,0.21969332,0.21875676,,,,,
513500,0.2125804,0.21875429,,,,,
513600,0.17209055,,,0.1623321,,,
513700,0.17227673,,,0.1623403,,,
513800,0.22189977,0.2187505,,,,,
513900,0.21670346,0.21875258,,,,,
514000,0.21225062,0.21874991,,,,,
514100,0.17551457,,,0.16236714,,,
514200,0.21115413,0.21874644,,,,,
514300,0.17170675,,,0.16237748,,,
514400,0.21312351,0.21874183,,,,,
514500,0.22829527,0.21874207,,,,,
514600,0.22133537,0.21874474,,,,,
514700,0.19078858,,,0.16241185,,,
514800,0.17860455,,,0.16242075,,,
514900,0.22109382,0.21874027,,,,,
515000,0.17583785,,,0.16243034,,,
515100,0.22739331,0.218749,,,,,
515200,0.21825363,0.21874968,,,,,
515300,0.21924951,0.21874977,,,,,
515400,0.21649066,0.21874975,,,,,
515500,0.21601964,0.21874915,,,,,
515600,0.21895699,0.21874847,,,,,
515700,0.2155162,0.21874905,,,,,
515800,0.17600781,,,0.16249136,,,
515900,0.22356087,0.2187507,,,,,
516000,0.17595932,,,0.16249833,,,
516100,0.2184495,0.21876375,,,,,
516200,0.17870205,,,0.1625193,,,
516300,0.1734045,,,0.16252497,,,
516400,0.12540183,,0.11377273,,,,
516500,0.17228296,,,0.16253164,,,
516600,0.23324263,0.21878507,,,,,
516700,0.17178474,,,0.16255196,,,
516800,0.17216595,,,0.16255772,,,
516900,0.088540306,,0.11375105,,,,
517000,0.17216431,,,0.16256523,,,
517100,0.099668262,,0.11374124,,,,
517200,0.18011075,,,0.16258658,,,
517300,0.17298193,,,0.16259211,,,
517400,0.090361512,,0.11373295,,,,
517500,0.17270007,,,0.16259946,,,
517600,0.21799073,0.21880601,,,,,
517700,0.1719696,,,0.16261916,,,
517800,0.096221058,,0.11371677,,,,
517900,0.22609862,0.2188177,,,,,
518000,0.1718809,,,0.1626313,,,
518100,0.092985472,,0.11370203,,,,
518200,0.23599567,0.21881796,,,,,
518300,0.1723495,,,0.16265709,,,
518400,0.22315617,0.21881881,,,,,
518500,0.1712969,,,0.16266476,,,
518600,0.22355867,0.21882535,,,,,
518700,0.17930028,,,0.16268454,,,
518800,0.17625752,,,0.16269001,,,
518900,0.22529463,0.21884256,,,,,
519000,0.17342639,,,0.16269698,,,
519100,0.22026419,0.21884677,,,,,
519200,0.2390791,0.2188508,,,,,
519300,0.17208939,,,0.16272121,,,
519400,0.22861662,0.21886133,,,,,
519500,0.17791921,,,0.16272806,,,
519600,0.098113031,,0.11365762,,,,
519700,0.10148176,,0.11365324,,,,
519800,0.098058165,,0.11364961,,,,
519900,0.22555512,0.21887186,,,,,
520000,0.18081165,,,0.16275786,,,
520100,0.18124252,,,0.1627696,,,
520200,0.21654479,0.21887521,,,,,
520300,0.22565649,0.21887523,,,,,
520400,0.094952935,,0.11362274,,,,
520500,0.22745388,0.21887893,,,,,
520600,0.1798373,,,0.16279828,,,
520700,0.22829717,0.21888519,,,,,
520800,0.22384007,0.2188893,,,,,
520900,0.1133262,,0.11360744,,,,
521000,0.11317052,,0.11360859,,,,
521100,0.17763583,,,0.16283163,,,
521200,0.11345334,,0.1136111,,,,
521300,0.23265705,0.21893248,,,,,
521400,0.23408692,0.21894196,,,,,
521500,0.23454625,0.21895084,,,,,
521600,0.17604545,,,0.16286412,,,
521700,0.125148,,0.11361265,,,,
521800,0.24520971,0.21897558,,,,,
521900,0.24530408,0.21899181,,,,,
522000,0.11169727,,0.11361301,,,,
522100,0.23500329,0.21900471,,,,,
522200,0.24902273,0.21901486,,,,,
522300,0.11195285,,0.11361167,,,,
522400,0.23681738,0.21904125,,,,,
522500,0.17568887,,,0.16291139,,,
522600,0.18801425,,,0.16292234,,,
522700,0.24087259,0.21905994,,,,,
522800,0.11520022,,0.11361181,,,,
522900,0.24018143,0.21907641,,,,,
523000,0.17417904,,,0.16294258,,,
523100,0.1782776,,,0.16295419,,,
523200,0.11694595,,0.11361517,,,,
523300,0.23482236,0.2191071,,,,,
523400,0.23229358,0.21911428,,,,,
523500,0.17540858,,,0.16297396,,,
523600,0.23518714,0.21912484,,,,,
523700,0.17165582,,,0.16299095,,,
523800,0.17456462,,,0.16299608,,,
523900,0.10633663,,0.1136222,,,,
524000,0.17181914,,,0.16300249,,,
524100,0.22804177,0.21916639,,,,,
524200,0.17201751,,,0.16302091,,,
524300,0.24478464,0.21918403,,,,,
524400,0.23363172,0.21919403,,,,,
524500,0.2255618,0.21919792,,,,,
524600,0.10783328,,0.11361493,,,,
524700,0.1873206,,,0.16305625,,,
524800,0.23211801,0.2192215,,,,,
524900,0.2319523,0.21922867,,,,,
525000,0.22608331,0.21923414,,,,,
525100,0.17638026,,,0.16307905,,,
525200,0.24400329,0.21924474,,,,,
525300,0.17224579,,,0.16309211,,,
525400,0.23138705,0.21927026,,,,,
525500,0.10843898,,0.11360504,,,,
525600,0.17183323,,,0.16311175,,,
525700,0.1054781,,0.11360226,,,,
525800,0.17167484,,,0.16312077,,,
525900,0.22727729,0.21931083,,,,,
526000,0.22256706,0.21931312,,,,,
526100,0.17534981,,,0.16313915,,,
526200,0.24272422,0.21932431,,,,,
526300,0.17216076,,,0.16314952,,,
526400,0.11264676,,0.1135893,,,,
526500,0.22304144,0.21936323,,,,,
526600,0.17646082,,,0.16316569,,,
526700,0.18778566,,,0.16317919,,,
526800,0.17179104,,,0.16318335,,,
526900,0.24871361,0.21939907,,,,,
527000,0.23618981,0.2194124,,,,,
527100,0.1734189,,,0.16320219,,,
527200,0.22790945,0.2194195,,,,,
527300,0.17737295,,,0.16321587,,,
527400,0.22064977,0.21943643,,,,,
527500,0.10986849,,0.11357978,,,,
527600,0.17601115,,,0.16323541,,,
527700,0.10752682,,0.11357801,,,,
527800,0.22976305,0.21945715,,,,,
527900,0.22455425,0.2194642,,,,,
528000,0.10154045,,0.11357017,,,,
528100,0.17099209,,,0.1632628,,,
528200,0.23829379,0.21947031,,,,,
528300,0.2252931,0.21947275,,,,,
528400,0.21646637,0.2194755,,,,,
528500,0.22810397,0.21947848,,,,,
528600,0.21681679,0.21947932,,,,,
528700,0.21701059,0.21947927,,,,,
528800,0.179657,,,0.16330644,,,
528900,0.22308897,0.21948332,,,,,
529000,0.22171287,0.21948509,,,,,
529100,0.24005383,0.21948852,,,,,
529200,0.10501388,,0.1135427,,,,
529300,0.21783379,0.21949202,,,,,
529400,0.21996518,0.21949055,,,,,
529500,0.1712812,,,0.16334133,,,
529600,0.22366315,0.21949017,,,,,
529700,0.10678983,,0.1135306,,,,
529800,0.10367591,,0.11352865,,,,
529900,0.22441397,0.21950873,,,,,
530000,0.10301779,,0.1135232,,,,
530100,0.17237113,,,0.16339417,,,
530200,0.23139044,0.21951163,,,,,
530300,0.22259429,0.21951267,,,,,
530400,0.21621616,0.21951418,,,,,
530500,0.21540911,0.21951357,,,,,
530600,0.21616468,0.21951219,,,,,
530700,0.17437865,,,0.16343062,,,
530800,0.17492909,,,0.16343507,,,
530900,0.22059595,0.21952584,,,,,
531000,0.10514097,,0.11349949,,,,
531100,0.18134961,,,0.16345198,,,
531200,0.23581876,0.21953327,,,,,
531300,0.23349149,0.21954181,,,,,
531400,0.22291086,0.21954774,,,,,
531500,0.22736064,0.21954931,,,,,
531600,0.17118072,,,0.16348865,,,
531700,0.2227329,0.21955053,,,,,
531800,0.17195141,,,0.16349891,,,
531900,0.21633526,0.21955238,,,,,
532000,0.10197985,,0.11347626,,,,
532100,0.17620042,,,0.16352119,,,
532200,0.24086415,0.2195588,,,,,
532300,0.23871832,0.21956989,,,,,
532400,0.22768512,0.21957828,,,,,
532500,0.22010634,0.21957876,,,,,
532600,0.17336491,,,0.16355085,,,
532700,0.102489,,0.11346102,,,,
532800,0.21951415,0.21957754,,,,,
532900,0.21851765,0.21958172,,,,,
533000,0.21754974,0.21958191,,,,,
533100,0.17989673,,,0.16357865,,,
533200,0.2151359,0.21958153,,,,,
533300,0.21959434,0.21958032,,,,,
533400,0.10337213,,0.11344277,,,,
533500,0.21717368,0.2195833,,,,,
533600,0.17603957,,,0.16361287,,,
533700,0.10266214,,0.11343544,,,,
533800,0.21912722,0.21958865,,,,,
533900,0.21656113,0.21958719,,,,,
534000,0.10040451,,0.11342575,,,,
534100,0.17100054,,,0.16363796,,,
534200,0.22206852,0.21958907,,,,,
534300,0.17224273,,,0.16364831,,,
534400,0.2176738,0.21958741,,,,,
534500,0.22541116,0.21958952,,,,,
534600,0.2207683,0.21959157,,,,,
534700,0.2201501,0.21959164,,,,,
534800,0.17858985,,,0.16367634,,,
534900,0.21711968,0.21959295,,,,,
535000,0.23061007,0.21959426,,,,,
535100,0.17970938,,,0.16369312,,,
535200,0.098179442,,0.11338966,,,,
535300,0.17278085,,,0.16370673,,,
535400,0.21664777,0.21959811,,,,,
535500,0.21505018,0.21959893,,,,,
535600,0.17839273,,,0.16372234,,,
535700,0.2311182,0.21959942,,,,,
535800,0.22354975,0.21960414,,,,,
535900,0.097272898,,0.11336548,,,,
536000,0.17885806,,,0.1637384,,,
536100,0.18473349,,,0.16375044,,,
536200,0.17216606,,,0.16375852,,,
536300,0.097785216,,0.11335173,,,,
536400,0.21613335,0.21960291,,,,,
536500,0.17137012,,,0.16376831,,,
536600,0.21322909,0.21960433,,,,,
536700,0.096757748,,0.11333576,,,,
536800,0.096048403,,0.11333194,,,,
536900,0.11769881,,0.11332706,,,,
537000,0.094296566,,0.11332384,,,,
537100,0.17793524,,,0.16380401,,,
537200,0.17435896,,,0.16381088,,,
537300,0.2138079,0.21960519,,,,,
537400,0.2187568,0.21960537,,,,,
537500,0.0964288,,0.11330303,,,,
537600,0.17734329,,,0.16383401,,,
537700,0.22688918,0.21960763,,,,,
537800,0.22243288,0.21961146,,,,,
537900,0.21369792,0.2196107,,,,,
538000,0.09290111,,0.1132813,,,,
538100,0.17249698,,,0.16385698,,,
538200,0.094219027,,0.11327349,,,,
538300,0.21720259,0.21960512,,,,,
538400,0.093648835,,0.11326315,,,,
538500,0.092389702,,0.11325811,,,,
538600,0.17162315,,,0.16388443,,,
538700,0.22466279,0.21960224,,,,,
538800,0.2146898,0.21960249,,,,,
538900,0.21322481,0.21960043,,,,,
539000,0.21286777,0.21959757,,,,,
539100,0.1737573,,,0.16391475,,,
539200,0.21319512,0.2195938,,,,,
539300,0.17238431,,,0.16392369,,,
539400,0.21365768,0.21958958,,,,,
539500,0.21362257,0.21958747,,,,,
539600,0.17171181,,,0.1639412,,,
539700,0.22777517,0.21958609,,,,,
539800,0.23302005,0.21959222,,,,,
539900,0.22002432,0.21959735,,,,,
540000,0.08933537,,0.11318378,,,,
540100,0.17127343,,,0.16396633,,,
540200,0.18109761,,,0.16397365,,,
540300,0.22643279,0.21960125,,,,,
540400,0.22253327,0.21960938,,,,,
540500,0.21931594,0.21960888,,,,,
540600,0.17309424,,,0.16399649,,,
540700,0.21545418,0.21960525,,,,,
540800,0.23229835,0.21960634,,,,,
540900,0.21336339,0.21960418,,,,,
541000,0.22215608,0.21960424,,,,,
541100,0.17375333,,,0.16402176,,,
541200,0.22436139,0.21960062,,,,,
541300,0.08620176,,0.11311432,,,,
541400,0.086521023,,0.11310654,,,,
541500,0.21466386,0.21959647,,,,,
541600,0.1750804,,,0.16404556,,,
541700,0.21956849,0.21959254,,,,,
541800,0.08508903,,0.11308292,,,,
541900,0.21327498,0.21958736,,,,,
542000,0.22960624,0.21958694,,,,,
542100,0.21882684,0.21958884,,,,,
542200,0.2319003,0.21958962,,,,,
542300,0.17169494,,,0.1640824,,,
542400,0.21412324,0.21958547,,,,,
542500,0.21265338,0.2195833,,,,,
542600,0.084433874,,0.11303137,,,,
542700,0.22049933,0.21958028,,,,,
542800,0.21483727,0.21958216,,,,,
542900,0.21134885,0.2195794,,,,,
543000,0.21775826,0.21957611,,,,,
543100,0.084749368,,0.11300029,,,,
543200,0.1750983,,,0.16413234,,,
543300,0.17226182,,,0.16413574,,,
543400,0.21233723,0.21956508,,,,,
543500,0.17384801,,,0.16414126,,,
543600,0.08485334,,0.11296768,,,,
543700,0.17295228,,,0.16415727,,,
543800,0.085158874,,0.11295562,,,,
543900,0.085806379,,0.1129486,,,,
544000,0.1837713,,,0.16416708,,,
544100,0.088168489,,0.11293685,,,,
544200,0.17173452,,,0.1641876,,,
544300,0.085979336,,0.11292497,,,,
544400,0.21329896,0.21955379,,,,,
544500,0.17260694,,,0.16419823,,,
544600,0.21485114,0.21955107,,,,,
544700,0.17408507,,,0.16421422,,,
544800,0.21386784,0.219547,,,,,
544900,0.21276253,0.21954388,,,,,
545000,0.17846489,,,0.16422305,,,
545100,0.17457956,,,0.16423472,,,
545200,0.21401348,0.21954349,,,,,
545300,0.085888983,,0.11286334,,,,
545400,0.21379043,0.21953798,,,,,
545500,0.17715563,,,0.16424765,,,
545600,0.18284608,,,0.16425775,,,
545700,0.21371465,0.21953289,,,,,
545800,0.21306841,0.21953028,,,,,
545900,0.2188795,0.21952951,,,,,
546000,0.084820451,,0.11281836,,,,
546100,0.17440043,,,0.16428464,,,
546200,0.17399713,,,0.16428827,,,
546300,0.087033086,,0.11280278,,,,
546400,0.087783331,,0.11279601,,,,
546500,0.1754653,,,0.16429907,,,
546600,0.21288201,0.21951606,,,,,
546700,0.17315044,,,0.16431579,,,
546800,0.08919238,,0.11277471,,,,
546900,0.21402321,0.21952637,,,,,
547000,0.17499593,,,0.16432529,,,
547100,0.21302053,0.21952165,,,,,
547200,0.088191071,,0.11275161,,,,
547300,0.087703255,,0.11274632,,,,
547400,0.2262053,0.21952703,,,,,
547500,0.086370152,,0.11273208,,,,
547600,0.18294234,,,0.16436052,,,
547700,0.17228052,,,0.16436486,,,
547800,0.087919698,,0.11271805,,,,
547900,0.087659924,,0.11271184,,,,
548000,0.17430346,,,0.16437309,,,
548100,0.21568914,0.2195165,,,,,
548200,0.21293448,0.21951486,,,,,
548300,0.088450808,,0.11269043,,,,
548400,0.087825444,,0.11268432,,,,
548500,0.1716302,,,0.16440053,,,
548600,0.21771532,0.21951176,,,,,
548700,0.21722967,0.21950966,,,,,
548800,0.10065251,,0.11266354,,,,
548900,0.089683028,,0.1126579,,,,
549000,0.17931818,,,0.1644252,,,
549100,0.21564414,0.21950741,,,,,
549200,0.090361963,,0.11264502,,,,
549300,0.089414531,,0.11264048,,,,
549400,0.21747607,0.21950221,,,,,
549500,0.21518932,0.21950079,,,,,
549600,0.091569025,,0.11262555,,,,
549700,0.17124493,,,0.16446929,,,
549800,0.091239275,,0.11261808,,,,
549900,0.22657875,0.2195172,,,,,
550000,0.17158773,,,0.16447754,,,
550100,0.21633262,0.21951604,,,,,
550200,0.17189809,,,0.16449276,,,
550300,0.23468218,0.2195209,,,,,
550400,0.22191624,0.21952245,,,,,
550500,0.17816181,,,0.16450083,,,
550600,0.21517711,0.21952188,,,,,
550700,0.092827995,,0.11257904,,,,
550800,0.21477719,0.21952134,,,,,
550900,0.22597698,0.21952375,,,,,
551000,0.092824393,,0.11256327,,,,
551100,0.19020252,,,0.16453635,,,
551200,0.097940843,,0.11255697,,,,
551300,0.2171546,0.21952484,,,,,
551400,0.096639954,,0.11254954,,,,
551500,0.21653467,0.2195272,,,,,
551600,0.22856343,0.21952736,,,,,
551700,0.10012274,,0.11254001,,,,
551800,0.17159984,,,0.16457166,,,
551900,0.10100009,,0.11253374,,,,
552000,0.099741679,,0.11253028,,,,
552100,0.17298946,,,0.16458916,,,
552200,0.2326672,0.2195424,,,,,
552300,0.17389067,,,0.1646006,,,
552400,0.10249248,,0.11252285,,,,
552500,0.23588841,0.21954969,,,,,
552600,0.17266251,,,0.16462002,,,
552700,0.22243631,0.21955861,,,,,
552800,0.22286946,0.21956005,,,,,
552900,0.22526002,0.21956546,,,,,
553000,0.22067383,0.21956768,,,,,
553100,0.17520989,,,0.16464067,,,
553200,0.22185908,0.2195694,,,,,
553300,0.175779,,,0.16465284,,,
553400,0.11051843,,0.11250765,,,,
553500,0.22360987,0.21959397,,,,,
553600,0.18629452,,,0.16466675,,,
553700,0.23008841,0.21960638,,,,,
553800,0.17171512,,,0.16467694,,,
553900,0.11386001,,0.11250663,,,,
554000,0.2236976,0.21962006,,,,,
554100,0.18285869,,,0.16469062,,,
554200,0.24210241,0.21963113,,,,,
554300,0.11673587,,0.11250805,,,,
554400,0.11732594,,0.11250898,,,,
554500,0.23580199,0.21965388,,,,,
554600,0.17198386,,,0.1647132,,,
554700,0.18996887,,,0.16472268,,,
554800,0.17576492,,,0.16473181,,,
554900,0.25410979,0.21967539,,,,,
555000,0.1718288,,,0.16473709,,,
555100,0.17510819,,,0.16474804,,,
555200,0.17588421,,,0.16475259,,,
555300,0.2295156,0.21970361,,,,,
555400,0.23287291,0.21970882,,,,,
555500,0.25155357,0.21971958,,,,,
555600,0.17714353,,,0.16476776,,,
555700,0.18601369,,,0.16477447,,,
555800,0.12325622,,0.11252703,,,,
555900,0.24028908,0.21975532,,,,,
556000,0.17203072,,,0.16478368,,,
556100,0.17485637,,,0.16479359,,,
556200,0.17232065,,,0.16479814,,,
556300,0.17155056,,,0.16480197,,,
556400,0.24833743,0.21979717,,,,,
556500,0.17512579,,,0.16480747,,,
556600,0.17113933,,,0.16481537,,,
556700,0.17674433,,,0.16482277,,,
556800,0.17343225,,,0.16482555,,,
556900,0.13019139,,0.11256191,,,,
557000,0.17187804,,,0.16482978,,,
557100,0.1723241,,,0.16483591,,,
557200,0.17440715,,,0.16484593,,,
557300,0.13317418,,0.11257714,,,,
557400,0.23552446,0.21988731,,,,,
557500,0.17242033,,,0.16485655,,,
557600,0.1757213,,,0.16486605,,,
557700,0.18018545,,,0.16487133,,,
557800,0.17523305,,,0.16487507,,,
557900,0.26215183,0.21995201,,,,,
558000,0.17398189,,,0.16487959,,,
558100,0.17362317,,,0.16488724,,,
558200,0.18053775,,,0.16489414,,,
558300,0.1718185,,,0.16489795,,,
558400,0.26873757,0.22000847,,,,,
558500,0.17235489,,,0.16490294,,,
558600,0.18303214,,,0.1649102,,,
558700,0.18802976,,,0.16491812,,,
558800,0.17185316,,,0.16492153,,,
558900,0.24156187,0.22006401,,,,,
559000,0.17319268,,,0.16492625,,,
559100,0.17447037,,,0.16493316,,,
559200,0.17367009,,,0.16493804,,,
559300,0.240472,0.22010407,,,,,
559400,0.23780041,0.22011346,,,,,
559500,0.24396278,0.22012504,,,,,
559600,0.17151094,,,0.16495655,,,
559700,0.17710287,,,0.16496225,,,
559800,0.24220061,0.22015537,,,,,
559900,0.14050666,,0.11271576,,,,
560000,0.17405818,,,0.16497222,,,
560100,0.17847797,,,0.16498095,,,
560200,0.24503489,0.22020026,,,,,
560300,0.14179207,,0.11273969,,,,
560400,0.24772084,0.22022068,,,,,
560500,0.24462484,0.22023439,,,,,
560600,0.17129575,,,0.165007,,,
560700,0.17581908,,,0.1650112,,,
560800,0.17256676,,,0.16501449,,,
560900,0.24668974,0.22028542,,,,,
561000,0.14148975,,0.11278559,,,,
561100,0.17531389,,,0.16502539,,,
561200,0.19683391,,,0.16503662,,,
561300,0.17500765,,,0.16504391,,,
561400,0.25866115,0.22034628,,,,,
561500,0.24010425,0.22035975,,,,,
561600,0.17373658,,,0.16505807,,,
561700,0.17625781,,,0.16506429,,,
561800,0.25170435,0.22038488,,,,,
561900,0.23931513,0.22039605,,,,,
562000,0.25028734,0.22041421,,,,,
562100,0.17209738,,,0.1650831,,,
562200,0.25434385,0.22043284,,,,,
562300,0.17287566,,,0.16509052,,,
562400,0.25741086,0.22047463,,,,,
562500,0.14327706,,0.11288806,,,,
562600,0.1772712,,,0.16510378,,,
562700,0.18903935,,,0.16511444,,,
562800,0.17300714,,,0.16512269,,,
562900,0.14775398,,0.11291499,,,,
563000,0.25013345,0.22056441,,,,,
563100,0.17273457,,,0.16514111,,,
563200,0.17886836,,,0.16514706,,,
563300,0.17570259,,,0.16515257,,,
563400,0.1493168,,0.11295607,,,,
563500,0.17168141,,,0.1651583,,,
563600,0.17579599,,,0.16516877,,,
563700,0.17853143,,,0.16517573,,,
563800,0.25627401,0.22066895,,,,,
563900,0.14690494,,0.11299279,,,,
564000,0.1714832,,,0.1651858,,,
564100,0.17445048,,,0.16519909,,,
564200,0.17296935,,,0.16520391,,,
564300,0.17185615,,,0.16520812,,,
564400,0.26977709,0.2207543,,,,,
564500,0.2533773,0.22077245,,,,,
564600,0.17177371,,,0.16522338,,,
564700,0.18181845,,,0.16523011,,,
564800,0.17280638,,,0.16523346,,,
564900,0.24875153,0.2208271,,,,,
565000,0.17350697,,,0.16523938,,,
565100,0.17619046,,,0.16525163,,,
565200,0.18451816,,,0.16525895,,,
565300,0.34483717,,,0.16526462,,,
565400,0.26908474,0.22089931,,,,,
565500,0.18306342,,,0.16527106,,,
565600,0.17206243,,,0.16528545,,,
565700,0.17308805,,,0.16529264,,,
565800,0.25380923,0.2209515,,,,,
565900,0.14526258,,0.11313964,,,,
566000,0.24322762,0.22098264,,,,,
566100,0.17253316,,,0.16531242,,,
566200,0.1782666,,,0.16531805,,,
566300,0.17191105,,,0.16532146,,,
566400,0.24653896,0.2210434,,,,,
566500,0.17489175,,,0.16532741,,,
566600,0.17385119,,,0.16533815,,,
566700,0.14554366,,0.11319766,,,,
566800,0.14725966,,0.11320465,,,,
566900,0.14914188,,0.1132118,,,,
567000,0.17158238,,,0.16535435,,,
567100,0.17470089,,,0.16536472,,,
567200,0.18359178,,,0.16537281,,,
567300,0.24268,0.22115069,,,,,
567400,0.14753879,,0.11324918,,,,
567500,0.17288799,,,0.16538463,,,
567600,0.17086512,,,0.16539109,,,
567700,0.24828043,0.22121234,,,,,
567800,0.1513002,,0.11328073,,,,
567900,0.15140297,,0.11328858,,,,
568000,0.25683316,0.22125998,,,,,
568100,0.17106414,,,0.16542917,,,
568200,0.18269989,,,0.1654371,,,
568300,0.15422002,,0.11332413,,,,
568400,0.15163772,,0.11333216,,,,
568500,0.17545315,,,0.16545021,,,
568600,0.18295278,,,0.16546215,,,
568700,0.24911218,0.22136282,,,,,
568800,0.24534519,0.22137644,,,,,
568900,0.26186079,0.22138961,,,,,
569000,0.15128595,,0.11338921,,,,
569100,0.18295328,,,0.1654838,,,
569200,0.24647124,0.22143118,,,,,
569300,0.24780752,0.22144262,,,,,
569400,0.17349885,,,0.16550542,,,
569500,0.15164423,,0.11343041,,,,
569600,0.19597187,,,0.16551823,,,
569700,0.25790934,0.22149581,,,,,
569800,0.26681733,0.22151056,,,,,
569900,0.15328749,,0.11346035,,,,
570000,0.17863256,,,0.165535,,,
570100,0.18095056,,,0.16554619,,,
570200,0.24865837,0.22156454,,,,,
570300,0.24926972,0.22157811,,,,,
570400,0.2475096,0.22159093,,,,,
570500,0.1716651,,,0.16556374,,,
570600,0.17215516,,,0.16557459,,,
570700,0.17929804,,,0.1655807,,,
570800,0.15475315,,0.11353868,,,,
570900,0.27266026,0.22167102,,,,,
571000,0.17312906,,,0.16559293,,,
571100,0.17169479,,,0.16560125,,,
571200,0.17218962,,,0.1656101,,,
571300,0.17170351,,,0.16561399,,,
571400,0.15432278,,0.113588,,,,
571500,0.17169958,,,0.1656188,,,
571600,0.17329328,,,0.1656287,,,
571700,0.17164032,,,0.16563422,,,
571800,0.26725904,0.22180498,,,,,
571900,0.25760082,0.22182162,,,,,
572000,0.15781205,,0.11364196,,,,
572100,0.17213643,,,0.16565569,,,
572200,0.18014415,,,0.16566226,,,
572300,0.15092458,,0.1136641,,,,
572400,0.27270212,0.22190702,,,,,
572500,0.18690748,,,0.16567177,,,
572600,0.18643664,,,0.16568302,,,
572700,0.15268279,,0.11369709,,,,
572800,0.25556777,0.22198211,,,,,
572900,0.17178309,,,0.16569764,,,
573000,0.2513071,0.22203848,,,,,
573100,0.21089168,,,0.16570798,,,
573200,0.15073425,,0.11373562,,,,
573300,0.1722798,,,0.16571998,,,
573400,0.17275872,,,0.16572334,,,
573500,0.14795176,,0.11376186,,,,
573600,0.19800309,,,0.16573438,,,
573700,0.17444848,,,0.16574147,,,
573800,0.24361351,0.22214727,,,,,
573900,0.1488334,,0.11378956,,,,
574000,0.17175789,,,0.16575101,,,
574100,0.17326704,,,0.16575805,,,
574200,0.24469541,0.22220402,,,,,
574300,0.15440571,,0.11382061,,,,
574400,0.25872835,0.22223122,,,,,
574500,0.17648862,,,0.16578159,,,
574600,0.18107191,,,0.16578756,,,
574700,0.18353185,,,0.16579861,,,
574800,0.24804774,0.22228716,,,,,
574900,0.26915001,0.22230547,,,,,
575000,0.14795982,,0.11388057,,,,
575100,0.17469793,,,0.16581685,,,
575200,0.18214591,,,0.16582647,,,
575300,0.25881288,0.22237037,,,,,
575400,0.25112037,0.22239021,,,,,
575500,0.24776866,0.22240681,,,,,
575600,0.17128241,,,0.16584867,,,
575700,0.18286536,,,0.16585678,,,
575800,0.17475096,,,0.16586211,,,
575900,0.2800879,0.22247679,,,,,
576000,0.24360323,0.2224973,,,,,
576100,0.17250856,,,0.16587473,,,
576200,0.18843587,,,0.16588512,,,
576300,0.25567534,0.22253519,,,,,
576400,0.27562582,0.22255693,,,,,
576500,0.24664388,0.22257754,,,,,
576600,0.17321162,,,0.16590918,,,
576700,0.25727887,0.22260002,,,,,
576800,0.17374216,,,0.16591862,,,
576900,0.15456427,,0.11403234,,,,
577000,0.26038604,0.22267308,,,,,
577100,0.17151018,,,0.16593248,,,
577200,0.18303376,,,0.16593978,,,
577300,0.15115003,,0.11406671,,,,
577400,0.27401869,0.22275042,,,,,
577500,0.17272501,,,0.1659497,,,
577600,0.17111279,,,0.16595748,,,
577700,0.1818337,,,0.16596429,,,
577800,0.17198747,,,0.16596764,,,
577900,0.15258592,,0.11411306,,,,
578000,0.17331041,,,0.16597575,,,
578100,0.17314996,,,0.16598725,,,
578200,0.17263376,,,0.16599201,,,
578300,0.26088969,0.22292358,,,,,
578400,0.15314263,,0.11415406,,,,
578500,0.17190072,,,0.16599889,,,
578600,0.17337165,,,0.16601261,,,
578700,0.17975119,,,0.16601793,,,
578800,0.25384431,0.22301761,,,,,
578900,0.1534459,,0.11419925,,,,
579000,0.25494091,0.22305208,,,,,
579100,0.17129799,,,0.16603463,,,
579200,0.17895785,,,0.16604297,,,
579300,0.174229,,,0.16604854,,,
579400,0.27629731,0.22311745,,,,,
579500,0.26023652,0.22314213,,,,,
579600,0.17090546,,,0.16606035,,,
579700,0.18831013,,,0.1660703,,,
579800,0.17527393,,,0.16607729,,,
579900,0.28229328,0.22321368,,,,,
580000,0.17418542,,,0.16608372,,,
580100,0.17105837,,,0.16609417,,,
580200,0.1589692,,0.11431221,,,,
580300,0.26793696,0.22328773,,,,,
580400,0.16034969,,0.114331,,,,
580500,0.25821383,0.22334538,,,,,
580600,0.26393356,0.22335749,,,,,
580700,0.27554291,0.22338317,,,,,
580800,0.15962925,,0.11436947,,,,
580900,0.25738937,0.22343537,,,,,
581000,0.15672899,,0.11438929,,,,
581100,0.25633245,0.22346747,,,,,
581200,0.17166868,,,0.16614599,,,
581300,0.28869736,0.22351827,,,,,
581400,0.16475699,,0.11442273,,,,
581500,0.25932428,0.22357262,,,,,
581600,0.25987766,0.22358712,,,,,
581700,0.17763998,,,0.16617379,,,
581800,0.27373125,0.22363056,,,,,
581900,0.26075889,0.22365682,,,,,
582000,0.25285981,0.22367503,,,,,
582100,0.25703253,0.22368612,,,,,
582200,0.17959979,,,0.16620416,,,
582300,0.15724397,,0.11450305,,,,
582400,0.26681164,0.22376478,,,,,
582500,0.17271812,,,0.166216,,,
582600,0.26672506,0.22379988,,,,,
582700,0.16305035,,0.11453929,,,,
582800,0.2838796,0.22384923,,,,,
582900,0.15558432,,0.11455775,,,,
583000,0.17169047,,,0.16623913,,,
583100,0.25867921,0.22391266,,,,,
583200,0.17312372,,,0.16625383,,,
583300,0.27618788,0.22395362,,,,,
583400,0.16039953,,0.11460128,,,,
583500,0.26444846,0.22401726,,,,,
583600,0.17284707,,,0.16627651,,,
583700,0.16402535,,0.1146319,,,,
583800,0.26950803,0.22407036,,,,,
583900,0.26772862,0.22409973,,,,,
584000,0.17964194,,,0.16628885,,,
584100,0.18042188,,,0.16629782,,,
584200,0.28034128,0.22416234,,,,,
584300,0.28023597,0.22419348,,,,,
584400,0.16983696,,0.11470989,,,,
584500,0.26960092,0.22425849,,,,,
584600,0.26647593,0.22427196,,,,,
584700,0.28450639,0.22429828,,,,,
584800,0.26930624,0.22432059,,,,,
584900,0.16344333,,0.11476501,,,,
585000,0.17948628,,,0.16634164,,,
585100,0.18290847,,,0.16635046,,,
585200,0.17601866,,,0.16635859,,,
585300,0.27861426,0.22443521,,,,,
585400,0.17303415,,0.11482086,,,,
585500,0.27219241,0.22450534,,,,,
585600,0.18898328,,,0.16637631,,,
585700,0.26986867,0.2245412,,,,,
585800,0.28401488,0.22456565,,,,,
585900,0.27257956,0.22460066,,,,,
586000,0.27379899,0.22463304,,,,,
586100,0.17536026,,0.11490381,,,,
586200,0.17637901,,0.11491667,,,,
586300,0.29962662,0.22470813,,,,,
586400,0.28654716,0.22474828,,,,,
586500,0.17486372,,,0.16642641,,,
586600,0.17889036,,0.1149666,,,,
586700,0.17985689,,0.11497996,,,,
586800,0.18102126,,0.11499376,,,,
586900,0.28680548,0.22489108,,,,,
587000,0.30434217,0.22493579,,,,,
587100,0.17878152,,,0.16645773,,,
587200,0.2909405,0.22499572,,,,,
587300,0.29148312,0.22502793,,,,,
587400,0.20132069,,0.11509427,,,,
587500,0.17265037,,,0.16646793,,,
587600,0.29841721,0.22513938,,,,,
587700,0.30874529,0.22517815,,,,,
587800,0.19537264,,0.11516395,,,,
587900,0.29936975,0.22526052,,,,,
588000,0.17556162,,,0.16649058,,,
588100,0.19429304,,0.11521163,,,,
588200,0.29791355,0.22535174,,,,,
588300,0.29204686,0.22538243,,,,,
588400,0.30042914,0.22542429,,,,,
588500,0.28770624,0.22546961,,,,,
588600,0.17393869,,,0.16653059,,,
588700,0.28598011,0.22551799,,,,,
588800,0.30517512,0.22555214,,,,,
588900,0.19087752,,0.11534222,,,,
589000,0.28640462,0.22563272,,,,,
589100,0.18244956,,,0.16655224,,,
589200,0.19325104,,0.11538756,,,,
589300,0.29263319,0.2257159,,,,,
589400,0.19651535,,0.11542069,,,,
589500,0.17937251,,,0.16656588,,,
589600,0.18868696,,,0.16657412,,,
589700,0.20105578,,0.11547389,,,,
589800,0.1979987,,0.11549135,,,,
589900,0.30155762,0.22593245,,,,,
590000,0.30317877,0.22597832,,,,,
590100,0.17311332,,,0.16660386,,,
590200,0.30592618,0.22603677,,,,,
590300,0.31914358,0.2260752,,,,,
590400,0.30643378,0.22612888,,,,,
590500,0.17176556,,,0.16661383,,,
590600,0.20404679,,0.11563377,,,,
590700,0.39239417,0.22623973,,,,,
590800,0.37580417,0.22630199,,,,,
590900,0.29206885,0.22635705,,,,,
591000,0.32345675,0.22641848,,,,,
591100,0.17366197,,,0.16664445,,,
591200,0.2061993,,0.11578539,,,,
591300,0.19113493,,0.11580064,,,,
591400,0.30340017,0.22657108,,,,,
591500,0.30187911,0.22661478,,,,,
591600,0.17738635,,,0.1666627,,,
591700,0.28245084,0.22666052,,,,,
591800,0.17240454,,,0.16667057,,,
591900,0.27962234,0.22672014,,,,,
592000,0.28352434,0.22677182,,,,,
592100,0.17614145,,,0.16669025,,,
592200,0.29397762,0.22682536,,,,,
592300,0.17993502,,0.11595588,,,,
592400,0.28436249,0.22689214,,,,,
592500,0.16787324,,0.11599509,,,,
592600,0.19417877,,,0.16670963,,,
592700,0.17437234,,0.11602591,,,,
592800,0.2930206,0.22703087,,,,,
592900,0.29302312,0.22707283,,,,,
593000,0.27310295,0.22710332,,,,,
593100,0.17167522,,,0.16673295,,,
593200,0.16339533,,0.11608562,,,,
593300,0.26937502,0.22715149,,,,,
593400,0.27775839,0.22717899,,,,,
593500,0.16164661,,0.11611797,,,,
593600,0.1751185,,,0.16674862,,,
593700,0.2604387,0.22723294,,,,,
593800,0.27129158,0.22724953,,,,,
593900,0.28274693,0.22728204,,,,,
594000,0.16495111,,0.11616291,,,,
594100,0.28156805,0.22732046,,,,,
594200,0.28780179,0.22733998,,,,,
594300,0.27538066,0.22736077,,,,,
594400,0.2606861,0.22738302,,,,,
594500,0.1727601,,,0.16678769,,,
594600,0.15400319,,0.11621369,,,,
594700,0.26459124,0.22742667,,,,,
594800,0.17187782,,,0.16680314,,,
594900,0.25295545,0.22747119,,,,,
595000,0.25349314,0.22748328,,,,,
595100,0.172745,,,0.16681721,,,
595200,0.26236099,0.22750371,,,,,
595300,0.17231923,,,0.1668256,,,
595400,0.25264147,0.22755182,,,,,
595500,0.17628622,,,0.16683064,,,
595600,0.26065823,0.22757469,,,,,
595700,0.26411813,0.22759241,,,,,
595800,0.17172002,,,0.16684279,,,
595900,0.13553479,,0.11628934,,,,
596000,0.17185173,,,0.16684644,,,
596100,0.17596115,,,0.16685325,,,
596200,0.17870958,,,0.16685847,,,
596300,0.27341308,0.22768949,,,,,
596400,0.24515522,0.22770231,,,,,
596500,0.17252746,,,0.16686673,,,
596600,0.24434736,0.22771841,,,,,
596700,0.13565972,,0.11631851,,,,
596800,0.2425702,0.22773113,,,,,
596900,0.13118264,,0.11632725,,,,
597000,0.12896314,,0.11633079,,,,
597100,0.24159046,0.22775069,,,,,
597200,0.13006977,,0.11633524,,,,
597300,0.24317214,0.22775878,,,,,
597400,0.25089616,0.22777236,,,,,
597500,0.12634163,,0.11634405,,,,
597600,0.25588215,0.22778244,,,,,
597700,0.24173353,0.22779165,,,,,
597800,0.2391739,0.2277951,,,,,
597900,0.23474458,0.22780034,,,,,
598000,0.17792076,,,0.16693394,,,
598100,0.24130602,0.2278043,,,,,
598200,0.17226246,,,0.16695075,,,
598300,0.17571279,,,0.16695398,,,
598400,0.13478867,,0.11636778,,,,
598500,0.17185931,,,0.16695775,,,
598600,0.12725107,,0.11637269,,,,
598700,0.23848929,0.22784614,,,,,
598800,0.23223912,0.2278484,,,,,
598900,0.23471906,0.22785334,,,,,
599000,0.1712259,,,0.16697958,,,
599100,0.23753874,0.22785611,,,,,
599200,0.12767465,,0.11638548,,,,
599300,0.17178404,,,0.16699729,,,
599400,0.24331031,0.22788293,,,,,
599500,0.17368444,,,0.1670033,,,
599600,0.12683693,,0.11639355,,,,
599700,0.17727154,,,0.1670158,,,
599800,0.17454967,,,0.1670188,,,
599900,0.24171474,0.22790075,,,,,
600000,0.23375788,0.22790245,,,,,
600100,0.22729068,0.22790275,,,,,
600200,0.17147808,,,0.16703545,,,
600300,0.17207189,,,0.16703832,,,
600400,0.22737389,0.2279099,,,,,
600500,0.17142833,,,0.16704201,,,
600600,0.2388183,0.2279137,,,,,
600700,0.17407412,,,0.16705293,,,
600800,0.12562908,,0.11641558,,,,
600900,0.23044308,0.22791763,,,,,
601000,0.17516372,,,0.16705955,,,
601100,0.18476881,,,0.16706717,,,
601200,0.17115296,,,0.16707018,,,
601300,0.2378298,0.22793194,,,,,
601400,0.24253345,0.22794093,,,,,
601500,0.19019206,,,0.16708025,,,
601600,0.23322802,0.22794527,,,,,
601700,0.1715233,,,0.16709267,,,
601800,0.25197755,0.22795307,,,,,
601900,0.12334072,,0.1164369,,,,
602000,0.23673623,0.22796505,,,,,
602100,0.12200224,,0.11644032,,,,
602200,0.17292948,,,0.16711045,,,
602300,0.12445287,,0.11644338,,,,
602400,0.2385431,0.2279838,,,,,
602500,0.17350038,,,0.16711598,,,
602600,0.12195628,,0.11644629,,,,
602700,0.17177052,,,0.16712982,,,
602800,0.12345075,,0.11644854,,,,
602900,0.1224436,,0.11644984,,,,
603000,0.17393386,,,0.16713564,,,
603100,0.12333504,,0.11645235,,,,
603200,0.17259584,,,0.16714854,,,
603300,0.24669356,0.22799325,,,,,
603400,0.24657101,0.22800428,,,,,
603500,0.12442117,,0.11645932,,,,
603600,0.22934141,0.22801027,,,,,
603700,0.1746509,,,0.16717215,,,
603800,0.24119033,0.22801564,,,,,
603900,0.23288084,0.22802139,,,,,
604000,0.17224071,,,0.16717923,,,
604100,0.1247306,,0.11646913,,,,
604200,0.17155636,,,0.16719235,,,
604300,0.17189999,,,0.16719518,,,
604400,0.23826921,0.22803503,,,,,
604500,0.17242396,,,0.1671985,,,
604600,0.18000797,,,0.16720524,,,
604700,0.12463708,,0.116478,,,,
604800,0.23145012,0.22803968,,,,,
604900,0.12869739,,0.11648269,,,,
605000,0.23154002,0.22804482,,,,,
605100,0.13183037,,0.11648859,,,,
605200,0.1731977,,,0.16722847,,,
605300,0.17408679,,,0.16723169,,,
605400,0.22764559,0.22806548,,,,,
605500,0.17453574,,,0.16723764,,,
605600,0.22684299,0.22806693,,,,,
605700,0.17140224,,,0.16725097,,,
605800,0.23275487,0.22806923,,,,,
605900,0.24225834,0.22807624,,,,,
606000,0.17431919,,,0.16725627,,,
606100,0.17408032,,,0.1672651,,,
606200,0.24536788,0.2280855,,,,,
606300,0.13048427,,0.11651426,,,,
606400,0.24926188,0.22810572,,,,,
606500,0.12471577,,0.11651948,,,,
606600,0.17258078,,,0.1672886,,,
606700,0.17162575,,,0.16729121,,,
606800,0.25122257,0.2281192,,,,,
606900,0.24806271,0.22813258,,,,,
607000,0.17741187,,,0.16729713,,,
607100,0.13335901,,0.11653225,,,,
607200,0.22884289,0.22814716,,,,,
607300,0.24482085,0.22815039,,,,,
607400,0.13113467,,0.11654094,,,,
607500,0.17363465,,,0.1673185,,,
607600,0.2321693,0.22815813,,,,,
607700,0.17628694,,,0.16733362,,,
607800,0.17376998,,,0.16733744,,,
607900,0.23355487,0.22817858,,,,,
608000,0.17430897,,,0.16734276,,,
608100,0.1288248,,0.11656041,,,,
608200,0.17224983,,,0.16735551,,,
608300,0.17488313,,,0.16735761,,,
608400,0.23297802,0.22819771,,,,,
608500,0.22981436,0.22819965,,,,,
608600,0.17871245,,,0.16736949,,,
608700,0.23611715,0.22820554,,,,,
608800,0.23269152,0.22820941,,,,,
608900,0.23315229,0.22821237,,,,,
609000,0.17157969,,,0.16737879,,,
609100,0.18551396,,,0.16738557,,,
609200,0.1327828,,0.11659705,,,,
609300,0.13375908,,0.11660018,,,,
609400,0.24063189,0.22823759,,,,,
609500,0.17644525,,,0.1673966,,,
609600,0.23752122,0.22824398,,,,,
609700,0.23725751,0.22824628,,,,,
609800,0.12993823,,0.11661371,,,,
609900,0.23097807,0.2282539,,,,,
610000,0.17944781,,,0.16741404,,,
610100,0.13139773,,0.11662265,,,,
610200,0.23794891,0.22826381,,,,,
610300,0.23721937,0.22827019,,,,,
610400,0.13018803,,0.1166316,,,,
610500,0.19914779,,,0.16743823,,,
610600,0.23210614,0.22828223,,,,,
610700,0.23718288,0.22828364,,,,,
610800,0.23493839,0.22828551,,,,,
610900,0.22834176,0.22828972,,,,,
611000,0.17385649,,,0.16746289,,,
611100,0.23258305,0.22829166,,,,,
611200,0.12985947,,0.11665179,,,,
611300,0.12827257,,0.11665417,,,,
611400,0.23523965,0.22830266,,,,,
611500,0.17212316,,,0.16748372,,,
611600,0.22960873,0.2283051,,,,,
611700,0.1273734,,0.11666297,,,,
611800,0.17195312,,,0.16749616,,,
611900,0.12696577,,0.11666693,,,,
612000,0.22765497,0.22831211,,,,,
612100,0.18001859,,,0.16750811,,,
612200,0.23446606,0.22831268,,,,,
612300,0.22708344,0.22831548,,,,,
612400,0.23236662,0.2283183,,,,,
612500,0.12331126,,0.11667767,,,,
612600,0.17185583,,,0.16752586,,,
612700,0.12588891,,0.11668101,,,,
612800,0.1734354,,,0.16753144,,,
612900,0.22681081,0.22832408,,,,,
613000,0.17232585,,,0.1675348,,,
613100,0.17242269,,,0.16754581,,,
613200,0.18254892,,,0.16754982,,,
613300,0.17323506,,,0.16755318,,,
613400,0.2290314,0.22834311,,,,,
613500,0.17360699,,,0.16755723,,,
613600,0.17165889,,,0.16756405,,,
613700,0.17648103,,,0.16757082,,,
613800,0.23751569,0.22834926,,,,,
613900,0.23057813,0.22835008,,,,,
614000,0.17856457,,,0.16757828,,,
614100,0.17673038,,,0.16758929,,,
614200,0.23398633,0.22835647,,,,,
614300,0.12059673,,0.11670254,,,,
614400,0.23932944,0.22835893,,,,,
614500,0.12924477,,0.11670521,,,,
614600,0.1783987,,,0.16760726,,,
614700,0.12858458,,0.11670751,,,,
614800,0.23023169,0.22837777,,,,,
614900,0.17158336,,,0.16762186,,,
615000,0.22401888,0.22838275,,,,,
615100,0.1806284,,,0.1676337,,,
615200,0.17283438,,,0.1676377,,,
615300,0.22982114,0.22838653,,,,,
615400,0.22864531,0.22838959,,,,,
615500,0.23778626,0.22838959,,,,,
615600,0.17148656,,,0.16765343,,,
615700,0.11786128,,0.11671361,,,,
615800,0.23740875,0.22839224,,,,,
615900,0.22657793,0.22839291,,,,,
616000,0.23904728,0.22839127,,,,,
616100,0.20485498,,,0.16768302,,,
616200,0.22325785,0.22839546,,,,,
616300,0.11167495,,0.11671376,,,,
616400,0.1722228,,,0.167695,,,
616500,0.22038017,0.22838703,,,,,
616600,0.20031422,,,0.16770036,,,
616700,0.14561863,,0.11671068,,,,
616800,0.17153387,,,0.16771365,,,
616900,0.11219357,,0.11671296,,,,
617000,0.17342828,,,0.1677169,,,
617100,0.22947324,,,0.16772305,,,
617200,0.22653207,0.22838595,,,,,
617300,0.22260727,0.22838555,,,,,
617400,0.17271203,,,0.16773638,,,
617500,0.23532598,0.22839285,,,,,
617600,0.17694699,,,0.16774494,,,
617700,0.10854537,,0.11670575,,,,
617800,0.17510417,,,0.16775519,,,
617900,0.22733223,0.22839568,,,,,
618000,0.10706912,,0.11669991,,,,
618100,0.19963516,,,0.16776565,,,
618200,0.21922588,0.22839113,,,,,
618300,0.21900955,0.228388,,,,,
618400,0.10455497,,0.11669306,,,,
618500,0.21874465,0.22838426,,,,,
618600,0.099503571,,0.11668617,,,,
618700,0.22246395,0.22837865,,,,,
618800,0.17334523,,,0.16780791,,,
618900,0.10272375,,0.11667798,,,,
619000,0.17254491,,,0.16781178,,,
619100,0.21145835,,,0.16781896,,,
619200,0.21869724,0.22836523,,,,,
619300,0.17274113,,,0.16782893,,,
619400,0.17181982,,,0.16783204,,,
619500,0.21548346,0.22834924,,,,,
619600,0.1884812,,,0.1678378,,,
619700,0.21690438,0.22833775,,,,,
619800,0.17568995,,,0.16785219,,,
619900,0.17189048,,,0.1678556,,,
620000,0.0957358,,0.11663599,,,,
620100,0.19026903,,,0.1678633,,,
620200,0.21808836,0.22831136,,,,,
620300,0.17278244,,,0.16787408,,,
620400,0.096822848,,0.11662105,,,,
620500,0.21602908,0.22831955,,,,,
620600,0.091096985,,0.11660991,,,,
620700,0.21236686,0.2283101,,,,,
620800,0.17196365,,,0.16789922,,,
620900,0.17272137,,,0.16790226,,,
621000,0.21713184,0.22829297,,,,,
621100,0.20807429,,,0.16791051,,,
621200,0.219632,0.22828165,,,,,
621300,0.17157515,,,0.16792047,,,
621400,0.090197696,,0.11657357,,,,
621500,0.21377405,0.22826494,,,,,
621600,0.22762596,,,0.1679286,,,
621700,0.17406813,,,0.16793915,,,
621800,0.17214983,,,0.16794128,,,
621900,0.088091389,,0.11654722,,,,
622000,0.21683497,0.22822262,,,,,
622100,0.086697714,,0.11653369,,,,
622200,0.19280291,,,0.16795857,,,
622300,0.17185622,,,0.16796387,,,
622400,0.22486627,0.22819683,,,,,
622500,0.17208525,,,0.16796761,,,
622600,0.22671515,,,0.16797613,,,
622700,0.21222954,0.22817001,,,,,
622800,0.17244374,,,0.16798926,,,
622900,0.088336401,,0.11648971,,,,
623000,0.22408809,0.2281504,,,,,
623100,0.2107768,,,0.16799828,,,
623200,0.21662438,0.22813994,,,,,
623300,0.17301421,,,0.16800867,,,
623400,0.17372754,,,0.16801069,,,
623500,0.084080616,,0.11645234,,,,
623600,0.21177355,,,0.16801628,,,
623700,0.085159682,,0.11644113,,,,
623800,0.17707333,,,0.16802827,,,
623900,0.17158503,,,0.16803046,,,
624000,0.21492435,0.22807962,,,,,
624100,0.2233402,0.22807251,,,,,
624200,0.17735429,,,0.16804317,,,
624300,0.083976017,,0.11640262,,,,
624400,0.085915025,,0.11639644,,,,
624500,0.2094197,0.22804339,,,,,
624600,0.20999457,0.22803465,,,,,
624700,0.19086257,,,0.16806142,,,
624800,0.17585644,,,0.16806723,,,
624900,0.21703908,0.2280143,,,,,
625000,0.17221713,,,0.16807144,,,
625100,0.20902205,0.22799577,,,,,
625200,0.18526436,,,0.16808298,,,
625300,0.17298053,,,0.16808668,,,
625400,0.22618248,0.22797517,,,,,
625500,0.17328332,,,0.16809102,,,
625600,0.20922264,,,0.1680973,,,
625700,0.1796139,,,0.16810749,,,
625800,0.22207208,0.22794848,,,,,
625900,0.082718138,,0.11630222,,,,
626000,0.21144628,0.22793993,,,,,
626100,0.21628636,,,0.16811842,,,
626200,0.17949194,,,0.16812939,,,
626300,0.17181471,,,0.16813173,,,
626400,0.082318857,,0.11627156,,,,
626500,0.17506492,,,0.16813544,,,
626600,0.18423765,,,0.16813739,,,
626700,0.21751535,0.22790357,,,,,
626800,0.17196407,,,0.16814945,,,
626900,0.20873741,0.22788632,,,,,
627000,0.17490446,,,0.16815241,,,
627100,0.21729266,0.22787038,,,,,
627200,0.080963408,,0.11621695,,,,
627300,0.20896394,0.22785722,,,,,
627400,0.21136791,0.22784829,,,,,
627500,0.17245686,,,0.16817407,,,
627600,0.21348709,0.2278295,,,,,
627700,0.17142507,,,0.1681862,,,
627800,0.22182179,0.2278164,,,,,
627900,0.22181735,0.2278106,,,,,
628000,0.17370997,,,0.16819149,,,
628100,0.18612239,,,0.16819496,,,
628200,0.21194537,0.22778897,,,,,
628300,0.083009454,,0.11614923,,,,
628400,0.2243644,0.22777374,,,,,
628500,0.082006836,,0.11613386,,,,
628600,0.18908869,,,0.1682143,,,
628700,0.18241035,,,0.16822341,,,
628800,0.2088552,0.2277465,,,,,
628900,0.18095009,,,0.16823357,,,
629000,0.083592189,,0.11610402,,,,
629100,0.08434602,,0.11609877,,,,
629200,0.18532519,,,0.16824733,,,
629300,0.21332288,0.22771245,,,,,
629400,0.18016626,,,0.16826365,,,
629500,0.17688619,,,0.16826574,,,
629600,0.08460485,,0.11606805,,,,
629700,0.085216269,,0.11606367,,,,
629800,0.23000125,0.22768502,,,,,
629900,0.08549825,,0.11605318,,,,
630000,0.17213877,,,0.16828778,,,
630100,0.084787576,,0.11603946,,,,
630200,0.17205949,,,0.16829982,,,
630300,0.091855617,,0.11602997,,,,
630400,0.22553355,0.22765778,,,,,
630500,0.17550678,,,0.1683063,,,
630600,0.2124944,0.22764718,,,,,
630700,0.21716928,0.22764251,,,,,
630800,0.088476557,,0.11600334,,,,
630900,0.087896486,,0.11599838,,,,
631000,0.17199474,,,0.16832476,,,
631100,0.22702995,0.22762036,,,,,
631200,0.21440771,0.2276178,,,,,
631300,0.1765488,,,0.16833957,,,
631400,0.21157897,0.2276048,,,,,
631500,0.089271024,,0.11596659,,,,
631600,0.21580782,0.22758904,,,,,
631700,0.092384312,,0.11595917,,,,
631800,0.21886832,0.22757869,,,,,
631900,0.17426959,,,0.16835997,,,
632000,0.17167987,,,0.16836114,,,
632100,0.093736514,,0.11594032,,,,
632200,0.21816905,0.22755832,,,,,
632300,0.2141833,0.22755714,,,,,
632400,0.21386169,0.22755154,,,,,
632500,0.21465053,0.22754319,,,,,
632600,0.21646666,0.22754,,,,,
632700,0.095231708,,0.11591734,,,,
632800,0.096373486,,0.11591394,,,,
632900,0.17206612,,,0.16840406,,,
633000,0.17272465,,,0.16840526,,,
633100,0.09606273,,0.11590113,,,,
633200,0.21839146,0.22751625,,,,,
633300,0.23159722,0.22751579,,,,,
633400,0.21930684,0.22751504,,,,,
633500,0.0951554,,0.1158863,,,,
633600,0.21708226,0.2275065,,,,,
633700,0.2232348,0.22750376,,,,,
633800,0.2224093,0.22750134,,,,,
633900,0.22187269,0.22750114,,,,,
634000,0.096915629,,0.11586904,,,,
634100,0.18056131,,,0.1684474,,,
634200,0.098848262,,0.1158619,,,,
634300,0.18177587,,,0.16846127,,,
634400,0.17587612,,,0.16846489,,,
634500,0.21991415,0.2274861,,,,,
634600,0.2197408,0.22748259,,,,,
634700,0.21672674,0.22747839,,,,,
634800,0.2153951,0.22747467,,,,,
634900,0.23358676,0.22747303,,,,,
635000,0.099534491,,0.11582996,,,,
635100,0.219135,0.22747249,,,,,
635200,0.21946257,0.22746961,,,,,
635300,0.17613229,,,0.16850338,,,
635400,0.22381885,0.22746498,,,,,
635500,0.21586549,0.22746093,,,,,
635600,0.21646408,0.2274563,,,,,
635700,0.10201549,,0.11580633,,,,
635800,0.22014372,0.22745137,,,,,
635900,0.17214559,,,0.16852369,,,
636000,0.10044526,,0.11579577,,,,
636100,0.17159674,,,0.1685268,,,
636200,0.21635141,0.22744028,,,,,
636300,0.21767719,0.22743523,,,,,
636400,0.17172532,,,0.16854177,,,
636500,0.10048622,,0.11578072,,,,
636600,0.1718893,,,0.16854451,,,
636700,0.21644232,0.22742548,,,,,
636800,0.17394228,,,0.16855803,,,
636900,0.17372209,,,0.16855954,,,
637000,0.10428505,,0.11576679,,,,
637100,0.21775032,0.22742692,,,,,
637200,0.22293602,0.22742405,,,,,
637300,0.17271334,,,0.16857536,,,
637400,0.17215347,,,0.16857745,,,
637500,0.21781852,0.22741984,,,,,
637600,0.1740572,,,0.16858148,,,
637700,0.2161042,0.22741434,,,,,
637800,0.10407124,,0.1157459,,,,
637900,0.1029987,,0.11574301,,,,
638000,0.21607379,0.22740238,,,,,
638100,0.17369153,,,0.16859937,,,
638200,0.17807673,,,0.16860931,,,
638300,0.17500444,,,0.1686118,,,
638400,0.22517259,0.22738699,,,,,
638500,0.22237452,0.22738006,,,,,
638600,0.099103737,,0.11571961,,,,
638700,0.18073614,,,0.16862798,,,
638800,0.22278235,0.2273682,,,,,
638900,0.1046794,,0.11571302,,,,
639000,0.21570171,0.22735767,,,,,
639100,0.22965708,0.22735552,,,,,
639200,0.18034449,,,0.16864386,,,
639300,0.17152635,,,0.1686484,,,
639400,0.22538755,0.22734545,,,,,
639500,0.22162575,0.22734086,,,,,
639600,0.17181599,,,0.16865292,,,
639700,0.21967817,0.22733457,,,,,
639800,0.17200871,,,0.16866367,,,
639900,0.17170673,,,0.16866597,,,
640000,0.2173113,0.22732556,,,,,
640100,0.18118286,,,0.16866904,,,
640200,0.21890424,0.22732371,,,,,
640300,0.17216627,,,0.16868049,,,
640400,0.2271372,0.22731626,,,,,
640500,0.22646203,0.2273114,,,,,
640600,0.17202878,,,0.16868525,,,
640700,0.22091757,0.22730721,,,,,
640800,0.17610238,,,0.16870169,,,
640900,0.10172301,,0.11565856,,,,
641000,0.21537327,0.22730241,,,,,
641100,0.17216108,,,0.16871144,,,
641200,0.21550066,0.22729434,,,,,
641300,0.099792911,,0.11564389,,,,
641400,0.17215892,,,0.16872709,,,
641500,0.22145912,0.22729528,,,,,
641600,0.17568757,,,0.16872979,,,
641700,0.22134028,0.22729069,,,,,
641800,0.17861603,,,0.16874369,,,
641900,0.172733,,,0.16874636,,,
642000,0.17291005,,,0.16874748,,,
642100,0.22567385,0.22728896,,,,,
642200,0.23304657,0.22728945,,,,,
642300,0.17473453,,,0.16875987,,,
642400,0.17317839,,,0.16876226,,,
642500,0.17206354,,,0.16876317,,,
642600,0.17332354,,,0.16876489,,,
642700,0.21980386,0.22730224,,,,,
642800,0.17726941,,,0.16877775,,,
642900,0.17302398,,,0.16878051,,,
643000,0.2426868,0.22729641,,,,,
643100,0.17150614,,,0.16878341,,,
643200,0.23086223,0.22730042,,,,,
643300,0.17382823,,,0.16879442,,,
643400,0.17515445,,,0.16879596,,,
643500,0.24638974,0.22730872,,,,,
643600,0.22345196,0.2273152,,,,,
643700,0.18221698,,,0.16880513,,,
643800,0.22529629,0.22731184,,,,,
643900,0.087882887,,0.11553341,,,,
644000,0.2204366,0.22730829,,,,,
644100,0.17550933,,,0.16881967,,,
644200,0.083265169,,0.11551071,,,,
644300,0.17180073,,,0.16882984,,,
644400,0.22105486,0.22730787,,,,,
644500,0.22022067,0.22730349,,,,,
644600,0.22458119,0.22730489,,,,,
644700,0.17294628,,,0.16884073,,,
644800,0.21462909,0.22729751,,,,,
644900,0.17813215,,,0.16884623,,,
645000,0.21060698,0.22728321,,,,,
645100,0.17166006,,,0.16884916,,,
645200,0.1848362,,,0.16885519,,,
645300,0.17322784,,,0.16886145,,,
645400,0.17301578,,,0.16886374,,,
645500,0.21027805,0.22725302,,,,,
645600,0.17439417,,,0.1688665,,,
645700,0.2155621,0.2272439,,,,,
645800,0.17180594,,,0.16887635,,,
645900,0.21511758,0.22723075,,,,,
646000,0.21020572,0.22722193,,,,,
646100,0.21650087,0.22721358,,,,,
646200,0.21727881,0.22721207,,,,,
646300,0.082195431,,0.11535013,,,,
646400,0.21207319,0.22720007,,,,,
646500,0.21132886,0.22719195,,,,,
646600,0.17231483,,,0.16889502,,,
646700,0.08329605,,0.11531856,,,,
646800,0.17567529,,,0.16890678,,,
646900,0.17281348,,,0.1689108,,,
647000,0.083303684,,0.11529754,,,,
647100,0.17339155,,,0.16891447,,,
647200,0.084354246,,0.11528352,,,,
647300,0.21820819,0.22714817,,,,,
647400,0.21231869,0.22714212,,,,,
647500,0.21497796,0.22713575,,,,,
647600,0.088065115,,0.11525349,,,,
647700,0.1748977,,,0.16894024,,,
647800,0.091819939,,0.1152437,,,,
647900,0.21461902,0.22711934,,,,,
648000,0.21528768,0.22711417,,,,,
648100,0.086628828,,0.11522138,,,,
648200,0.17256403,,,0.16896112,,,
648300,0.21510709,0.22710258,,,,,
648400,0.17471938,,,0.16896536,,,
648500,0.216868,0.22709408,,,,,
648600,0.085897697,,0.11518946,,,,
648700,0.17758905,,,0.16897466,,,
648800,0.21949675,0.22708065,,,,,
648900,0.2132452,0.22707622,,,,,
649000,0.085591066,,0.11516545,,,,
649100,0.22014292,0.22706842,,,,,
649200,0.17465909,,,0.16898923,,,
649300,0.090071142,,0.11514801,,,,
649400,0.17403767,,,0.16899684,,,
649500,0.23042585,0.22705503,,,,,
649600,0.086020222,,0.11512797,,,,
649700,0.18754736,,,0.1690088,,,
649800,0.21649336,0.2270415,,,,,
649900,0.17219679,,,0.16901362,,,
650000,0.21226789,0.22703529,,,,,
650100,0.21422909,0.22702819,,,,,
650200,0.17348738,,,0.16902396,,,
650300,0.21232986,0.22702042,,,,,
650400,0.21663225,0.2270155,,,,,
650500,0.22164791,0.2270092,,,,,
650600,0.23124299,0.22700368,,,,,
650700,0.21747856,0.22700302,,,,,
650800,0.21679834,0.22699984,,,,,
650900,0.17504808,,,0.16904653,,,
651000,0.21548284,0.22699042,,,,,
651100,0.21845711,0.22698403,,,,,
651200,0.17163631,,,0.16905554,,,
651300,0.21785391,0.22697816,,,,,
651400,0.17220181,,,0.16906136,,,
651500,0.21661413,0.22696612,,,,,
651600,0.08361865,,0.11499929,,,,
651700,0.18654403,,,0.16906962,,,
651800,0.22580632,0.22695461,,,,,
651900,0.21325288,0.22695674,,,,,
652000,0.21230593,0.22695034,,,,,
652100,0.21274069,0.22694257,,,,,
652200,0.21079455,0.22693661,,,,,
652300,0.083785193,,0.11495328,,,,
652400,0.2151363,0.22692811,,,,,
652500,0.21008118,0.22692272,,,,,
652600,0.2122814,0.22691409,,,,,
652700,0.17760272,,,0.16910492,,,
652800,0.17995417,,,0.16910948,,,
652900,0.085095291,,0.11491243,,,,
653000,0.23074985,0.22689804,,,,,
653100,0.21571489,0.22689317,,,,,
653200,0.098852644,,0.1148955,,,,
653300,0.1726057,,,0.1691297,,,
653400,0.088212704,,0.11488496,,,,
653500,0.21805491,0.2268815,,,,,
653600,0.2139825,0.22687485,,,,,
653700,0.17357262,,,0.16914086,,,
653800,0.22028064,0.22686638,,,,,
653900,0.23330862,0.22686545,,,,,
654000,0.094804108,,0.11484846,,,,
654100,0.086639014,,0.11484197,,,,
654200,0.17193695,,,0.16916146,,,
654300,0.22230751,0.22684936,,,,,
654400,0.21619605,0.22684627,,,,,
654500,0.22699994,0.22684546,,,,,
654600,0.21319781,0.22684012,,,,,
654700,0.21183922,0.22683606,,,,,
654800,0.21801542,0.22683365,,,,,
654900,0.093363568,,0.11480664,,,,
655000,0.087210908,,0.11480039,,,,
655100,0.08560869,,0.1147921,,,,
655200,0.1724442,,,0.16918436,,,
655300,0.21299179,0.22681241,,,,,
655400,0.21036927,0.22680643,,,,,
655500,0.21262681,0.22679999,,,,,
655600,0.21082239,0.22679174,,,,,
655700,0.17278509,,,0.16920779,,,
655800,0.21540204,0.22678081,,,,,
655900,0.21380579,0.22677434,,,,,
656000,0.092247646,,0.11474166,,,,
656100,0.2133337,0.22676249,,,,,
656200,0.17086706,,,0.16921907,,,
656300,0.25211182,0.2267662,,,,,
656400,0.17168115,,,0.16922837,,,
656500,0.23137767,0.22676688,,,,,
656600,0.21439967,0.22676142,,,,,
656700,0.17680261,,,0.16924083,,,
656800,0.095437425,,0.11472363,,,,
656900,0.21490382,0.2267521,,,,,
657000,0.21735912,0.22674785,,,,,
657100,0.17155423,,,0.16924946,,,
657200,0.2114215,0.22674039,,,,,
657300,0.095478278,,0.11470671,,,,
657400,0.10140377,,0.11470347,,,,
657500,0.22201501,0.22673129,,,,,
657600,0.21817541,0.22672774,,,,,
657700,0.21318273,0.22672429,,,,,
657800,0.22122625,0.22671991,,,,,
657900,0.22019021,0.22671502,,,,,
658000,0.21535985,0.22671276,,,,,
658100,0.17336368,,,0.16928577,,,
658200,0.21442553,0.2267027,,,,,
658300,0.22568597,0.22669947,,,,,
658400,0.22169183,0.22669736,,,,,
658500,0.21617436,0.22669232,,,,,
658600,0.11066409,,0.11466386,,,,
658700,0.24151478,0.22669529,,,,,
658800,0.21888705,0.22669541,,,,,
658900,0.17676132,,,0.16931309,,,
659000,0.10264915,,0.11465631,,,,
659100,0.24094673,0.22668904,,,,,
659200,0.10608414,,0.11465102,,,,
659300,0.17476158,,,0.16932485,,,
659400,0.17172737,,,0.16932638,,,
659500,0.23000541,0.22669591,,,,,
659600,0.22133298,0.22669307,,,,,
659700,0.17204443,,,0.16933326,,,
659800,0.2216465,0.22668974,,,,,
659900,0.17381622,,,0.16933856,,,
660000,0.23772601,0.22668896,,,,,
660100,0.17662415,,,0.16934065,,,
660200,0.23259444,0.22669008,,,,,
660300,0.18248424,,,0.16935198,,,
660400,0.22997407,0.22669108,,,,,
660500,0.2354575,0.22669514,,,,,
660600,0.221056,0.22669452,,,,,
660700,0.17451962,,,0.16936369,,,
660800,0.1725233,,,0.16937015,,,
660900,0.17457115,,,0.16937169,,,
661000,0.11554931,,0.11464044,,,,
661100,0.22964907,0.22670737,,,,,
661200,0.17162157,,,0.16938166,,,
661300,0.18061304,,,0.16938475,,,
661400,0.17181251,,,0.16938661,,,
661500,0.22530883,0.22670842,,,,,
661600,0.23223865,0.22671132,,,,,
661700,0.1927945,,,0.16939357,,,
661800,0.1730412,,,0.16939773,,,
661900,0.17381006,,,0.16939894,,,
662000,0.1177532,,0.11465193,,,,
662100,0.17419892,,,0.16940147,,,
662200,0.2352065,0.22672526,,,,,
662300,0.12145516,,0.11465634,,,,
662400,0.17448906,,,0.16941344,,,
662500,0.12155056,,0.11465888,,,,
662600,0.17155556,,,0.16941596,,,
662700,0.17451316,,,0.16942097,,,
662800,0.17455715,,,0.16942433,,,
662900,0.23039192,0.22674244,,,,,
663000,0.23112171,0.22674356,,,,,
663100,0.17158355,,,0.16942969,,,
663200,0.17297781,,,0.16943685,,,
663300,0.17662528,,,0.1694394,,,
663400,0.17296464,,,0.16944317,,,
663500,0.24070039,0.22675124,,,,,
663600,0.23351924,0.22675443,,,,,
663700,0.17346353,,,0.16945193,,,
663800,0.17562729,,,0.16945556,,,
663900,0.24168544,0.22676497,,,,,
664000,0.23637328,0.22676767,,,,,
664100,0.17254077,,,0.16945971,,,
664200,0.18039058,,,0.16946455,,,
664300,0.18174401,,,0.16946933,,,
664400,0.24483321,0.22679264,,,,,
664500,0.17275887,,,0.16947404,,,
664600,0.12720005,,0.11471389,,,,
664700,0.2013397,,,0.16947861,,,
664800,0.17830813,,,0.16948467,,,
664900,0.24667883,0.22681543,,,,,
665000,0.2443188,0.22682641,,,,,
665100,0.25151303,0.226838,,,,,
665200,0.17116443,,,0.16949779,,,
665300,0.18169347,,,0.16950359,,,
665400,0.13500084,,0.11475543,,,,
665500,0.13363079,,0.11475976,,,,
665600,0.17170068,,,0.16951145,,,
665700,0.23369662,0.22689549,,,,,
665800,0.17152977,,,0.16952406,,,
665900,0.17222897,,,0.16952584,,,
666000,0.25295127,0.22691016,,,,,
666100,0.24166684,0.22691841,,,,,
666200,0.17633007,,,0.16953868,,,
666300,0.18054263,,,0.16954187,,,
666400,0.23711911,0.22693101,,,,,
666500,0.2432532,0.22693828,,,,,
666600,0.13728764,,0.11481276,,,,
666700,0.17194603,,,0.16955419,,,
666800,0.17781856,,,0.16955864,,,
666900,0.23456584,0.22696192,,,,,
667000,0.13540114,,0.11483029,,,,
667100,0.17162619,,,0.16956403,,,
667200,0.24324634,0.22698471,,,,,
667300,0.17782173,,,0.16957732,,,
667400,0.23445788,0.22700184,,,,,
667500,0.23846436,0.22700729,,,,,
667600,0.23570312,0.22701452,,,,,
667700,0.17167904,,,0.16959326,,,
667800,0.18175285,,,0.16959838,,,
667900,0.17240299,,,0.16960283,,,
668000,0.13757855,,0.11488142,,,,
668100,0.24322446,0.2270645,,,,,
668200,0.17130479,,,0.16961632,,,
668300,0.18690969,,,0.16962109,,,
668400,0.13673624,,0.11490223,,,,
668500,0.13534197,,0.11490608,,,,
668600,0.23709926,0.22710042,,,,,
668700,0.23778969,0.22710539,,,,,
668800,0.19045331,,,0.16964179,,,
668900,0.13632911,,0.11492349,,,,
669000,0.23368507,0.22712271,,,,,
669100,0.24130605,0.22712966,,,,,
669200,0.17139037,,,0.16965366,,,
669300,0.18186156,,,0.16965888,,,
669400,0.18107397,,,0.16966332,,,
669500,0.25078248,0.22715447,,,,,
669600,0.25894237,0.22716321,,,,,
669700,0.13712001,,0.11496869,,,,
669800,0.18039507,,,0.16967719,,,
669900,0.17246495,,,0.16968185,,,
670000,0.24584059,0.22719438,,,,,
670100,0.24319021,0.22720159,,,,,
670200,0.20183032,,,0.16969341,,,
670300,0.178206,,,0.16969819,,,
670400,0.14088101,,0.1150035,,,,
670500,0.24365249,0.22722526,,,,,
670600,0.174232,,,0.16970241,,,
670700,0.17228432,,,0.16970799,,,
670800,0.23837416,0.2272506,,,,,
670900,0.24558299,0.22725799,,,,,
671000,0.14158232,,0.11504152,,,,
671100,0.17382334,,,0.16972022,,,
671200,0.23587845,0.22728137,,,,,
671300,0.23755065,0.22728458,,,,,
671400,0.13875751,,0.11506256,,,,
671500,0.24973225,0.22729661,,,,,
671600,0.17580866,,,0.16973876,,,
671700,0.17361594,,,0.16974301,,,
671800,0.1885359,,,0.16975123,,,
671900,0.13983066,,0.11508942,,,,
672000,0.26183782,0.22733427,,,,,
672100,0.17220612,,,0.16975858,,,
672200,0.17115206,,,0.16976432,,,
672300,0.19451355,,,0.16977355,,,
672400,0.14088306,,0.11511601,,,,
672500,0.26763791,0.22737694,,,,,
672600,0.17217386,,,0.16978315,,,
672700,0.1713265,,,0.16979003,,,
672800,0.17226731,,,0.16979422,,,
672900,0.25615686,0.22742504,,,,,
673000,0.13799924,,0.11515296,,,,
673100,0.17301289,,,0.16980071,,,
673200,0.17304094,,,0.16981032,,,
673300,0.17145007,,,0.1698131,,,
673400,0.17179848,,,0.16981444,,,
673500,0.25857215,0.2274708,,,,,
673600,0.17167985,,,0.16981663,,,
673700,0.17131973,,,0.16982152,,,
673800,0.25260168,0.22749237,,,,,
673900,0.13778538,,0.11520509,,,,
674000,0.23681937,0.22750418,,,,,
674100,0.24049194,0.22751171,,,,,
674200,0.23430159,0.22751698,,,,,
674300,0.18257837,,,0.16984495,,,
674400,0.23883749,0.22752489,,,,,
674500,0.25615922,0.22753531,,,,,
674600,0.26067416,0.22755302,,,,,
674700,0.17220843,,,0.16985566,,,
674800,0.23697868,0.22756563,,,,,
674900,0.17266069,,,0.16986127,,,
675000,0.23363056,0.22757785,,,,,
675100,0.24225354,0.22758725,,,,,
675200,0.13468185,,0.11526913,,,,
675300,0.1367403,,0.11527195,,,,
675400,0.24853856,0.22760904,,,,,
675500,0.2321873,0.22761918,,,,,
675600,0.24507294,0.22762506,,,,,
675700,0.18525713,,,0.16988801,,,
675800,0.18546588,,,0.16989294,,,
675900,0.17295776,,,0.16989674,,,
676000,0.24757505,0.2276424,,,,,
676100,0.23082088,0.22764616,,,,,
676200,0.17156866,,,0.16990576,,,
676300,0.17226026,,,0.1699104,,,
676400,0.23251407,0.22765482,,,,,
676500,0.23486373,0.22765874,,,,,
676600,0.17187197,,,0.16991346,,,
676700,0.21222665,,,0.16991988,,,
676800,0.23337314,0.227679,,,,,
676900,0.17282061,,,0.169926,,,
677000,0.23918598,0.22768536,,,,,
677100,0.17424457,,,0.16992844,,,
677200,0.17203498,,,0.16993552,,,
677300,0.17742426,,,0.16993747,,,
677400,0.17456907,,,0.16993917,,,
677500,0.12906013,,0.1153633,,,,
677600,0.17228401,,,0.16994177,,,
677700,0.17327899,,,0.16994738,,,
677800,0.17427,,,0.16995058,,,
677900,0.23511682,0.22772682,,,,,
678000,0.23077989,0.22772898,,,,,
678100,0.17333786,,,0.16995793,,,
678200,0.17806518,,,0.16996262,,,
678300,0.1778051,,,0.16996701,,,
678400,0.12658892,,0.11538568,,,,
678500,0.23090741,0.22774553,,,,,
678600,0.17124146,,,0.16997508,,,
678700,0.18184115,,,0.169982,,,
678800,0.1744384,,,0.16998483,,,
678900,0.17347295,,,0.16998682,,,
679000,0.23546467,0.22775908,,,,,
679100,0.2330198,0.22776531,,,,,
679200,0.171355,,,0.16999579,,,
679300,0.17263393,,,0.17000185,,,
679400,0.22916985,0.22776819,,,,,
679500,0.12083877,,0.11541249,,,,
679600,0.22755168,0.2277711,,,,,
679700,0.19168299,,,0.17001452,,,
679800,0.22592175,0.22777493,,,,,
679900,0.17173235,,,0.17002092,,,
680000,0.12517956,,0.11541826,,,,
680100,0.23072271,0.22777813,,,,,
680200,0.17850861,,,0.17002685,,,
680300,0.17910997,,,0.17003336,,,
680400,0.17347879,,,0.1700378,,,
680500,0.25371514,0.22779239,,,,,
680600,0.17189242,,,0.17003977,,,
680700,0.22742891,0.22780004,,,,,
680800,0.17467554,,,0.17005099,,,
680900,0.173978,,,0.17005235,,,
681000,0.22991588,0.227801,,,,,
681100,0.1721544,,,0.17005411,,,
681200,0.1831602,,,0.17005805,,,
681300,0.18751554,,,0.17006399,,,
681400,0.11791518,,0.11543774,,,,
681500,0.22474795,0.22782228,,,,,
681600,0.17123406,,,0.17006757,,,
681700,0.17435516,,,0.17007127,,,
681800,0.23117443,0.22781945,,,,,
681900,0.17264817,,,0.17007985,,,
682000,0.22432727,0.22782936,,,,,
682100,0.22389509,0.22782829,,,,,
682200,0.18134841,,,0.17008685,,,
682300,0.23226426,0.22782777,,,,,
682400,0.17373003,,,0.17009483,,,
682500,0.22193504,0.22783492,,,,,
682600,0.22282043,0.22783275,,,,,
682700,0.17637848,,,0.17010372,,,
682800,0.2296088,0.22783046,,,,,
682900,0.17780066,,,0.17011216,,,
683000,0.1660417,,0.11544474,,,,
683100,0.14757493,,0.11545322,,,,
683200,0.17215672,,,0.17012968,,,
683300,0.23180994,0.22786256,,,,,
683400,0.17251905,,,0.17013293,,,
683500,0.22985929,0.22786576,,,,,
683600,0.11428115,,0.11545789,,,,
683700,0.22370627,0.22786861,,,,,
683800,0.11369173,,0.11545729,,,,
683900,0.17604709,,,0.17014963,,,
684000,0.222502,0.2278752,,,,,
684100,0.22751593,0.22787297,,,,,
684200,0.22571149,0.2278717,,,,,
684300,0.23003353,0.22787231,,,,,
684400,0.17299697,,,0.17016306,,,
684500,0.11429406,,0.11545433,,,,
684600,0.23700241,0.22787519,,,,,
684700,0.17717547,,,0.17017403,,,
684800,0.2428655,0.22788223,,,,,
684900,0.17556373,,,0.17017988,,,
685000,0.22513687,0.22788663,,,,,
685100,0.17737959,,,0.17018294,,,
685200,0.19140083,,,0.17019066,,,
685300,0.18541989,,,0.17019599,,,
685400,0.23449549,0.22789227,,,,,
685500,0.24096643,0.22789882,,,,,
685600,0.22356319,0.22789912,,,,,
685700,0.22328324,0.22789898,,,,,
685800,0.10889325,,0.1154543,,,,
685900,0.17798903,,,0.17021553,,,
686000,0.23349625,0.22790715,,,,,
686100,0.17843003,,,0.17021741,,,
686200,0.17154654,,,0.17022088,,,
686300,0.10965605,,0.1154509,,,,
686400,0.23341186,0.22791948,,,,,
686500,0.23308171,0.22792515,,,,,
686600,0.22639785,0.22792734,,,,,
686700,0.17272413,,,0.17024614,,,
686800,0.17477855,,,0.17024799,,,
686900,0.17421123,,,0.1702497,,,
687000,0.24520241,0.22792579,,,,,
687100,0.22560264,0.22792778,,,,,
687200,0.17375451,,,0.17026264,,,
687300,0.17233708,,,0.17026428,,,
687400,0.175042,,,0.1702654,,,
687500,0.22702174,0.22792348,,,,,
687600,0.23190935,0.22792103,,,,,
687700,0.17422189,,,0.17027248,,,
687800,0.18745903,,,0.17027818,,,
687900,0.17560856,,,0.17028224,,,
688000,0.10740102,,0.11542834,,,,
688100,0.22087919,0.2279157,,,,,
688200,0.22410259,0.22791395,,,,,
688300,0.1801907,,,0.17029572,,,
688400,0.17209106,,,0.17029782,,,
688500,0.22532413,0.22790859,,,,,
688600,0.21875947,0.22790328,,,,,
688700,0.22538455,0.22790089,,,,,
688800,0.2328413,0.22790115,,,,,
688900,0.17346464,,,0.17031348,,,
689000,0.11429247,,0.11541376,,,,
689100,0.22967993,0.22791065,,,,,
689200,0.22655948,0.22791119,,,,,
689300,0.17841599,,,0.17032745,,,
689400,0.1736674,,,0.17033112,,,
689500,0.24065302,0.22790866,,,,,
689600,0.17176343,,,0.1703341,,,
689700,0.18506055,,,0.17034353,,,
689800,0.22281543,0.22790211,,,,,
689900,0.17237952,,,0.17034857,,,
690000,0.10855522,,0.11539947,,,,
690100,0.17264425,,,0.17035058,,,
690200,0.19189279,,,0.17035469,,,
690300,0.18435568,,,0.17036099,,,
690400,0.2399275,0.22790199,,,,,
690500,0.23331019,0.2279039,,,,,
690600,0.17157288,,,0.17036667,,,
690700,0.19079222,,,0.17037085,,,
690800,0.19477487,,,0.17037957,,,
690900,0.18073392,,,0.17038371,,,
691000,0.10893018,,0.1153836,,,,
691100,0.22963539,0.2278936,,,,,
691200,0.22702493,0.22789271,,,,,
691300,0.25530973,0.22789534,,,,,
691400,0.17403405,,,0.17040008,,,
691500,0.22722074,0.22789862,,,,,
691600,0.22235628,0.22789768,,,,,
691700,0.1854729,,,0.17040767,,,
691800,0.18761516,,,0.17041354,,,
691900,0.17310901,,,0.17041625,,,
692000,0.23379875,0.22790048,,,,,
692100,0.22676288,0.22789942,,,,,
692200,0.17165824,,,0.17042708,,,
692300,0.17544565,,,0.17042901,,,
692400,0.17192531,,,0.17043104,,,
692500,0.24493858,0.22791145,,,,,
692600,0.17266127,,,0.17043308,,,
692700,0.17110372,,,0.17043802,,,
692800,0.17595399,,,0.17044463,,,
692900,0.22889637,0.22791718,,,,,
693000,0.22996417,0.22791957,,,,,
693100,0.17612548,,,0.17045004,,,
693200,0.18807179,,,0.17045824,,,
693300,0.17952532,,,0.17046153,,,
693400,0.22982561,0.22792964,,,,,
693500,0.24596056,0.22793406,,,,,
693600,0.17489067,,,0.17046635,,,
693700,0.17716562,,,0.17047001,,,
693800,0.17903859,,,0.17047519,,,
693900,0.23452905,0.2279481,,,,,
694000,0.17280814,,,0.17048083,,,
694100,0.24257927,0.22796034,,,,,
694200,0.17175383,,,0.1704871,,,
694300,0.17899989,,,0.17049275,,,
694400,0.12464382,,0.11539489,,,,
694500,0.12077486,,0.11539644,,,,
694600,0.17382873,,,0.17050094,,,
694700,0.241346,0.22799955,,,,,
694800,0.17517823,,,0.17051204,,,
694900,0.12677682,,0.11540514,,,,
695000,0.25446235,0.22802478,,,,,
695100,0.17192191,,,0.17051529,,,
695200,0.23816186,0.22803991,,,,,
695300,0.12599139,,0.11541399,,,,
695400,0.12628284,,0.11541612,,,,
695500,0.25226562,0.22805424,,,,,
695600,0.17209071,,,0.17053448,,,
695700,0.12976165,,0.11542377,,,,
695800,0.18083471,,,0.17054535,,,
695900,0.24334539,0.22807851,,,,,
696000,0.24816382,0.22808806,,,,,
696100,0.23880567,0.22809762,,,,,
696200,0.1780855,,,0.17055521,,,
696300,0.17215248,,,0.17056091,,,
696400,0.12695426,,0.11544551,,,,
696500,0.12537587,,0.11544767,,,,
696600,0.17478552,,,0.1705671,,,
696700,0.18290634,,,0.17057803,,,
696800,0.17168959,,,0.17057958,,,
696900,0.1262419,,0.11545796,,,,
697000,0.23351645,0.22817312,,,,,
697100,0.17302937,,,0.17058274,,,
697200,0.18051328,,,0.17059063,,,
697300,0.17625461,,,0.17059274,,,
697400,0.12916733,,0.11547028,,,,
697500,0.12791688,,0.115473,,,,
697600,0.23723614,0.22821202,,,,,
697700,0.17150272,,,0.17059934,,,
697800,0.17451964,,,0.17060727,,,
697900,0.23913833,0.22823571,,,,,
698000,0.25812739,0.2282451,,,,,
698100,0.17421904,,,0.1706134,,,
698200,0.17426767,,,0.1706173,,,
698300,0.24278663,0.22826836,,,,,
698400,0.23641337,0.22827403,,,,,
698500,0.24051858,0.22828008,,,,,
698600,0.17286224,,,0.17063298,,,
698700,0.23851691,0.22829453,,,,,
698800,0.12827139,,0.11551674,,,,
698900,0.13042503,,0.11551956,,,,
699000,0.24821066,0.22832286,,,,,
699100,0.12938496,,0.11552621,,,,
699200,0.18483935,,,0.1706494,,,
699300,0.23411053,0.22834199,,,,,
699400,0.23694818,0.22834509,,,,,
699500,0.17298936,,,0.1706632,,,
699600,0.23319948,0.22835801,,,,,
699700,0.20361639,,,0.17066805,,,
699800,0.18859145,,,0.17067326,,,
699900,0.1250036,,0.11554475,,,,
700000,0.17586642,,,0.17067964,,,
700100,0.24580311,0.22839331,,,,,
700200,0.26965301,0.22840649,,,,,
700300,0.24684885,0.22841325,,,,,
700400,0.18458739,,,0.17069376,,,
700500,0.24004184,0.22842673,,,,,
700600,0.17368979,,,0.17069763,,,
700700,0.17191423,,,0.17070215,,,
700800,0.17802242,,,0.17070677,,,
700900,0.26246761,0.22845287,,,,,
701000,0.25424419,0.2284641,,,,,
701100,0.17249098,,,0.17071038,,,
701200,0.2330956,0.22847561,,,,,
701300,0.11983272,,0.11557231,,,,
701400,0.24786217,0.22848073,,,,,
701500,0.23855592,0.22848745,,,,,
701600,0.17238416,,,0.1707249,,,
701700,0.18189549,,,0.17073038,,,
701800,0.23471402,0.22849686,,,,,
701900,0.2303332,0.2285011,,,,,
702000,0.17195453,,,0.17073547,,,
702100,0.11712618,,0.11558599,,,,
702200,0.19315222,,,0.17073923,,,
702300,0.17909781,,,0.17074595,,,
702400,0.1719569,,,0.17074711,,,
702500,0.23396419,0.22850885,,,,,
702600,0.17303433,,,0.17075182,,,
702700,0.23948925,,,0.17075641,,,
702800,0.26492067,0.22853103,,,,,
702900,0.17458518,,,0.17076676,,,
703000,0.13238677,,0.11560888,,,,
703100,0.13317613,,0.1156128,,,,
703200,0.20589131,,,0.17077019,,,
703300,0.23053957,0.22854693,,,,,
703400,0.17572005,,,0.17077988,,,
703500,0.17215893,,,0.170782,,,
703600,0.11753438,,0.11562263,,,,
703700,0.22558916,,,0.17078696,,,
703800,0.22774511,0.22856038,,,,,
703900,0.22999162,0.22856102,,,,,
704000,0.1720596,,,0.1707967,,,
704100,0.22621821,0.22857457,,,,,
704200,0.17474127,,,0.17079846,,,
704300,0.2304478,0.22857434,,,,,
704400,0.17242517,,,0.17080889,,,
704500,0.12076826,,0.11563561,,,,
704600,0.25234903,0.22858219,,,,,
704700,0.22183528,,,0.17081701,,,
704800,0.12179456,,0.11564789,,,,
704900,0.17536734,,,0.17082357,,,
705000,0.18132606,,,0.17082735,,,
705100,0.23452397,0.2285935,,,,,
705200,0.20395038,,,0.17083304,,,
705300,0.18163104,,,0.17084031,,,
705400,0.22504397,0.22859403,,,,,
705500,0.17159691,,,0.17084406,,,
705600,0.11913297,,0.11565681,,,,
705700,0.22875564,0.22859719,,,,,
705800,0.22938722,0.22859736,,,,,
705900,0.22528264,0.22859728,,,,,
706000,0.1716876,,,0.17085593,,,
706100,0.22664348,0.22860435,,,,,
706200,0.18154424,,,0.17085747,,,
706300,0.13635114,,0.11566972,,,,
706400,0.1886645,,,0.17087123,,,
706500,0.12472377,,0.11567389,,,,
706600,0.22751697,0.2286232,,,,,
706700,0.12531558,,0.11567704,,,,
706800,0.12361953,,0.11567811,,,,
706900,0.17705379,,,0.17088616,,,
707000,0.1793431,,,0.17089001,,,
707100,0.23834106,0.22864023,,,,,
707200,0.19689749,,,0.17089621,,,
707300,0.12402213,,0.11569164,,,,
707400,0.17404285,,,0.17090211,,,
707500,0.17288348,,,0.17090384,,,
707600,0.2321933,0.22865229,,,,,
707700,0.21449034,,,0.17090595,,,
707800,0.17717861,,,0.17091279,,,
707900,0.17270439,,,0.17091378,,,
708000,0.23789197,0.2286614,,,,,
708100,0.17170436,,,0.17091472,,,
708200,0.12415765,,0.11571062,,,,
708300,0.17322435,,,0.17092668,,,
708400,0.12371697,,0.11571359,,,,
708500,0.24047927,0.22866733,,,,,
708600,0.17255725,,,0.17092865,,,
708700,0.23555071,0.22867403,,,,,
708800,0.18004189,,,0.17093865,,,
708900,0.22981401,0.22868041,,,,,
709000,0.22842676,0.22868522,,,,,
709100,0.17793111,,,0.17094179,,,
709200,0.12823654,,0.11573568,,,,
709300,0.17578403,,,0.17094802,,,
709400,0.12752201,,0.11573965,,,,
709500,0.12392709,,0.11574153,,,,
709600,0.22957582,0.22869993,,,,,
709700,0.2264736,0.22869936,,,,,
709800,0.17873318,,,0.17096197,,,
709900,0.22647901,0.22870223,,,,,
710000,0.23193542,0.22870691,,,,,
710100,0.17199778,,,0.17096701,,,
710200,0.12210535,,0.11575435,,,,
710300,0.12196809,,0.11575532,,,,
710400,0.12334096,,0.11575701,,,,
710500,0.23601733,0.22871194,,,,,
710600,0.23748215,0.22871845,,,,,
710700,0.22689732,0.22871899,,,,,
710800,0.12358628,,0.11576491,,,,
710900,0.17692922,,,0.17099179,,,
711000,0.17391204,,,0.17099281,,,
711100,0.22893082,0.22872263,,,,,
711200,0.12146229,,0.11577041,,,,
711300,0.1795535,,,0.17100147,,,
711400,0.24325877,0.2287254,,,,,
711500,0.2468979,0.22873419,,,,,
711600,0.1280626,,0.11577629,,,,
711700,0.19699677,,,0.17100766,,,
711800,0.23990637,0.22873932,,,,,
711900,0.17356948,,,0.17101901,,,
712000,0.1242812,,0.1157809,,,,
712100,0.17306274,,,0.17102347,,,
712200,0.11998797,,0.115783,,,,
712300,0.17499728,,,0.17103114,,,
712400,0.23259655,0.22877751,,,,,
712500,0.2506767,0.22878256,,,,,
712600,0.23425833,0.22878692,,,,,
712700,0.1214233,,0.11578912,,,,
712800,0.17891771,,,0.17104234,,,
712900,0.24636635,0.22880266,,,,,
713000,0.23492935,0.22880559,,,,,
713100,0.17336226,,,0.1710451,,,
713200,0.11909353,,0.11579661,,,,
713300,0.18831834,,,0.17105394,,,
713400,0.2331092,0.22881053,,,,,
713500,0.17953398,,,0.17106055,,,
713600,0.11554324,,0.11579893,,,,
713700,0.17324089,,,0.17106174,,,
713800,0.12867076,,0.11579959,,,,
713900,0.17129765,,,0.17106964,,,
714000,0.17181894,,,0.17107011,,,
714100,0.22845902,0.22881493,,,,,
714200,0.17182564,,,0.17107158,,,
714300,0.11883302,,0.11580688,,,,
714400,0.17479811,,,0.1710802,,,
714500,0.17247278,,,0.17108097,,,
714600,0.22695531,0.22881805,,,,,
714700,0.17215259,,,0.17108255,,,
714800,0.22495369,0.22881979,,,,,
714900,0.2238606,0.22881789,,,,,
715000,0.17205595,,,0.17109368,,,
715100,0.22647057,0.22882142,,,,,
715200,0.1783092,,,0.17109948,,,
715300,0.11820463,,0.11581388,,,,
715400,0.17232661,,,0.17110941,,,
715500,0.17382165,,,0.17110988,,,
715600,0.22276849,0.22883449,,,,,
715700,0.22470835,0.22883209,,,,,
715800,0.23061974,0.22883374,,,,,
715900,0.22656541,0.22883173,,,,,
716000,0.17343552,,,0.17112256,,,
716100,0.22795854,0.2288321,,,,,
716200,0.22175492,0.22882932,,,,,
716300,0.17160685,,,0.17112864,,,
716400,0.24355721,0.22883313,,,,,
716500,0.22236084,0.22883882,,,,,
716600,0.11245567,,0.11581324,,,,
716700,0.17261015,,,0.17113185,,,
716800,0.11501299,,0.11581261,,,,
716900,0.22443327,0.22883434,,,,,
717000,0.17206232,,,0.17114182,,,
717100,0.2245364,0.22883695,,,,,
717200,0.17167347,,,0.17114457,,,
717300,0.2234108,0.22883268,,,,,
717400,0.17340037,,,0.17115259,,,
717500,0.17349943,,,0.17115414,,,
717600,0.2273651,0.22882704,,,,,
717700,0.17251096,,,0.17115552,,,
717800,0.22734894,0.22882361,,,,,
717900,0.17126858,,,0.17116648,,,
718000,0.11780074,,0.11581825,,,,
718100,0.12006878,,0.11581866,,,,
718200,0.19722755,,,0.1711744,,,
718300,0.23486682,0.22882504,,,,,
718400,0.17240918,,,0.17118967,,,
718500,0.11704707,,0.11582445,,,,
718600,0.22725901,0.22882647,,,,,
718700,0.17233626,,,0.17119245,,,
718800,0.22463553,0.22882551,,,,,
718900,0.17181375,,,0.17120278,,,
719000,0.17176359,,,0.17120408,,,
719100,0.22865997,0.22882638,,,,,
719200,0.17523265,,,0.17120595,,,
719300,0.22993921,0.22882552,,,,,
719400,0.18040554,,,0.17121901,,,
719500,0.17220835,,,0.17122139,,,
719600,0.22578877,0.22883206,,,,,
719700,0.17245368,,,0.17122331,,,
719800,0.22423605,0.22883059,,,,,
719900,0.1714343,,,0.17123236,,,
720000,0.17235211,,,0.17123323,,,
720100,0.13024024,,0.11583941,,,,
720200,0.17317325,,,0.17123495,,,
720300,0.19595071,,,0.17124289,,,
720400,0.23835329,0.22883472,,,,,
720500,0.17166979,,,0.17124849,,,
720600,0.22884907,0.228837,,,,,
720700,0.18453216,,,0.17125517,,,
720800,0.23406684,0.22884341,,,,,
720900,0.17308046,,,0.1712697,,,
721000,0.17195465,,,0.17127092,,,
721100,0.17329731,,,0.17127137,,,
721200,0.23036077,0.22884529,,,,,
721300,0.1266386,,0.1158593,,,,
721400,0.17738876,,,0.17128092,,,
721500,0.17429378,,,0.1712821,,,
721600,0.23921546,0.22888759,,,,,
721700,0.17132466,,,0.17128466,,,
721800,0.23452431,0.22889236,,,,,
721900,0.17283705,,,0.17129312,,,
722000,0.13264386,,0.11587972,,,,
722100,0.23716863,0.22890816,,,,,
722200,0.23050026,0.2289095,,,,,
722300,0.2392199,0.22891144,,,,,
722400,0.25400139,0.2289197,,,,,
722500,0.24119091,0.2289287,,,,,
722600,0.12808699,,0.11589861,,,,
722700,0.17194539,,,0.17131259,,,
722800,0.23042056,0.22894075,,,,,
722900,0.17995289,,,0.17132318,,,
723000,0.24092583,0.22894701,,,,,
723100,0.24189676,0.22895067,,,,,
723200,0.17245648,,,0.17132681,,,
723300,0.17907099,,,0.17133276,,,
723400,0.18073521,,,0.17133966,,,
723500,0.17757154,,,0.17134297,,,
723600,0.23242841,0.22897421,,,,,
723700,0.17122728,,,0.1713453,,,
723800,0.2364322,0.22898273,,,,,
723900,0.24990986,0.22898844,,,,,
724000,0.2464518,0.22899515,,,,,
724100,0.23526122,0.22900792,,,,,
724200,0.13610696,,0.1159535,,,,
724300,0.24344445,0.22902286,,,,,
724400,0.24264729,0.2290281,,,,,
724500,0.14089834,,0.11596599,,,,
724600,0.23899758,0.22904876,,,,,
724700,0.14318233,,0.11597846,,,,
724800,0.17920066,,,0.17138567,,,
724900,0.24389988,0.22908047,,,,,
725000,0.26432289,0.22909215,,,,,
725100,0.15229236,,0.11600122,,,,
725200,0.14827531,,0.116009,,,,
725300,0.17790124,,,0.17139773,,,
725400,0.25358525,0.22914401,,,,,
725500,0.17206013,,,0.17140061,,,
725600,0.25128281,0.22917026,,,,,
725700,0.26191831,0.22918596,,,,,
725800,0.17194006,,,0.17140875,,,
725900,0.17612983,,,0.17141187,,,
726000,0.17272602,,,0.17141261,,,
726100,0.26195351,0.22925253,,,,,
726200,0.25346571,0.22926888,,,,,
726300,0.25789412,0.22927885,,,,,
726400,0.2551091,0.22929146,,,,,
726500,0.17673722,,,0.17143684,,,
726600,0.16649386,,0.11611716,,,,
726700,0.17375667,,,0.17143801,,,
726800,0.17287267,,,0.17144706,,,
726900,0.17813374,,,0.17144907,,,
727000,0.16882211,,0.11615688,,,,
727100,0.16769707,,0.1161684,,,,
727200,0.28474399,0.22948695,,,,,
727300,0.17362138,,,0.17146046,,,
727400,0.28587019,0.22952452,,,,,
727500,0.27729952,0.22955418,,,,,
727600,0.17363415,,0.11622396,,,,
727700,0.28574617,0.22961136,,,,,
727800,0.17454561,,,0.17146993,,,
727900,0.27643746,0.22964634,,,,,
728000,0.17873643,,,0.17148073,,,
728100,0.27813777,0.22970225,,,,,
728200,0.17210345,,0.11629396,,,,
728300,0.17799099,,,0.17149006,,,
728400,0.2681288,0.22976355,,,,,
728500,0.17279664,,0.11632114,,,,
728600,0.28017615,0.22982129,,,,,
728700,0.17536189,,0.11634786,,,,
728800,0.28926462,0.22986139,,,,,
728900,0.27017716,0.2298803,,,,,
729000,0.27724103,0.22990581,,,,,
729100,0.26580151,0.22993197,,,,,
729200,0.26820449,0.22995298,,,,,
729300,0.17223154,,,0.17152195,,,
729400,0.17263073,,,0.17152353,,,
729500,0.27581717,0.22999738,,,,,
729600,0.16734103,,0.11644003,,,,
729700,0.26682468,0.23005438,,,,,
729800,0.27737984,0.23007097,,,,,
729900,0.16734636,,0.11646759,,,,
730000,0.27810319,0.23010422,,,,,
730100,0.16663871,,0.11648995,,,,
730200,0.16760798,,0.11649975,,,,
730300,0.1733234,,,0.17154336,,,
730400,0.26268516,0.23019277,,,,,
730500,0.17336594,,,0.17154618,,,
730600,0.27877861,0.23024724,,,,,
730700,0.16376881,,0.11655895,,,,
730800,0.17198084,,,0.17155576,,,
730900,0.28141266,0.23029446,,,,,
731000,0.27391705,0.23032034,,,,,
731100,0.26007772,0.23034445,,,,,
731200,0.26572913,0.23036068,,,,,
731300,0.18700119,,,0.17156381,,,
731400,0.18291548,,,0.1715725,,,
731500,0.17175206,,,0.17157406,,,
731600,0.26390043,0.23044241,,,,,
731700,0.17694333,,,0.17158074,,,
731800,0.17512384,,,0.17159434,,,
731900,0.17480378,,,0.1715955,,,
732000,0.17302775,,,0.17159612,,,
732100,0.15530963,,0.11668544,,,,
732200,0.18275114,,,0.17159716,,,
732300,0.1737893,,,0.17160479,,,
732400,0.17284756,,,0.17160735,,,
732500,0.26978148,0.23055544,,,,,
732600,0.25089462,0.23057106,,,,,
732700,0.15827961,,0.11673348,,,,
732800,0.17502872,,,0.17161739,,,
732900,0.27094359,0.23060489,,,,,
733000,0.174333,,,0.17162098,,,
733100,0.25165275,0.23062786,,,,,
733200,0.17540206,,,0.17162295,,,
733300,0.17189265,,,0.17162756,,,
733400,0.25073932,0.23066166,,,,,
733500,0.25401987,0.23067081,,,,,
733600,0.25015446,0.23068195,,,,,
733700,0.16204076,,0.1168091,,,,
733800,0.18107327,,,0.17165017,,,
733900,0.17715835,,,0.17165251,,,
734000,0.24610098,0.23072416,,,,,
734100,0.24954858,0.23073485,,,,,
734200,0.17165272,,,0.17165639,,,
734300,0.17272298,,,0.17166399,,,
734400,0.17270135,,,0.17166628,,,
734500,0.27766597,0.23079484,,,,,
734600,0.24890127,0.23081177,,,,,
734700,0.24748513,0.23082156,,,,,
734800,0.17738035,,,0.17167515,,,
734900,0.18105911,,,0.17167928,,,
735000,0.15860475,,0.11691568,,,,
735100,0.15977276,,0.11692474,,,,
735200,0.17742184,,,0.17168282,,,
735300,0.1717955,,,0.17169278,,,
735400,0.15423428,,0.11694763,,,,
735500,0.15532996,,0.11695381,,,,
735600,0.25611567,0.23094065,,,,,
735700,0.17618915,,,0.17169889,,,
735800,0.17356949,,,0.17170951,,,
735900,0.15388914,,0.11698142,,,,
736000,0.25986532,0.23098425,,,,,
736100,0.25465116,0.23099701,,,,,
736200,0.14871132,,0.11700472,,,,
736300,0.17843766,,,0.17172397,,,
736400,0.17330354,,,0.17172572,,,
736500,0.25512963,0.23103409,,,,,
736600,0.26273359,0.23105296,,,,,
736700,0.24961982,0.23106683,,,,,
736800,0.17240496,,,0.17173273,,,
736900,0.15625708,,0.11705142,,,,
737000,0.2661918,0.23109638,,,,,
737100,0.26646526,0.23111879,,,,,
737200,0.17197623,,,0.17174067,,,
737300,0.17360034,,,0.17174706,,,
737400,0.24986944,0.23115481,,,,,
737500,0.17413022,,,0.17175059,,,
737600,0.24420637,0.23117983,,,,,
737700,0.18621102,,,0.17175209,,,
737800,0.17374634,,,0.17176117,,,
737900,0.26484961,0.23120634,,,,,
738000,0.26158687,0.23122759,,,,,
738100,0.25724534,0.231242,,,,,
738200,0.14947564,,0.11714565,,,,
738300,0.18482619,,,0.17177761,,,
738400,0.1518948,,0.1171558,,,,
738500,0.17200791,,,0.17178131,,,
738600,0.15132026,,0.11717054,,,,
738700,0.25733356,0.2313094,,,,,
738800,0.15334676,,0.11718717,,,,
738900,0.15204715,,0.117191,,,,
739000,0.16414026,,0.11719835,,,,
739100,0.25385393,0.23134289,,,,,
739200,0.17758294,,,0.17179377,,,
739300,0.24904077,0.23136342,,,,,
739400,0.18713264,,,0.17180476,,,
739500,0.16737799,,0.11723611,,,,
739600,0.26966614,0.23139549,,,,,
739700,0.17352466,,,0.17180896,,,
739800,0.24749561,0.23142521,,,,,
739900,0.17341962,,,0.17182641,,,
740000,0.26059402,0.23143838,,,,,
740100,0.27880966,0.23145663,,,,,
740200,0.17448259,,,0.17182783,,,
740300,0.19377809,,,0.17183096,,,
740400,0.1721623,,,0.17183568,,,
740500,0.26773835,0.23151889,,,,,
740600,0.27211338,0.23153736,,,,,
740700,0.1718337,,,0.17183681,,,
740800,0.25697995,0.23156666,,,,,
740900,0.25729517,0.23157434,,,,,
741000,0.17426018,,,0.17184911,,,
741100,0.26345584,0.23160342,,,,,
741200,0.17398513,,,0.17185118,,,
741300,0.25100132,0.23162704,,,,,
741400,0.26171591,0.23163378,,,,,
741500,0.2480929,0.23164501,,,,,
741600,0.17429242,,,0.17186675,,,
741700,0.24694881,0.2316698,,,,,
741800,0.24340641,0.23167632,,,,,
741900,0.18342102,,,0.17187752,,,
742000,0.14789529,,0.1174242,,,,
742100,0.24954289,0.23169551,,,,,
742200,0.17153109,,,0.17187872,,,
742300,0.19311596,,,0.17188333,,,
742400,0.1794912,,,0.17188661,,,
742500,0.28144749,0.2317397,,,,,
742600,0.27377737,0.23175893,,,,,
742700,0.17207446,,,0.17188962,,,
742800,0.25040233,0.23178254,,,,,
742900,0.25989809,0.23178912,,,,,
743000,0.1795941,,,0.17190323,,,
743100,0.26309938,0.23181541,,,,,
743200,0.15171281,,0.11752398,,,,
743300,0.18638513,,,0.171909,,,
743400,0.24600848,0.23184701,,,,,
743500,0.1826111,,,0.17191611,,,
743600,0.1511946,,0.11755125,,,,
743700,0.1724525,,,0.17191784,,,
743800,0.24814398,0.23188774,,,,,
743900,0.15287604,,0.11757539,,,,
744000,0.15272459,,0.11758283,,,,
744100,0.15300303,,0.1175912,,,,
744200,0.17229984,,,0.17193046,,,
744300,0.24808884,0.23194161,,,,,
744400,0.17172673,,,0.17193772,,,
744500,0.25929476,0.23195444,,,,,
744600,0.15119088,,0.11763098,,,,
744700,0.17170138,,,0.17193889,,,
744800,0.22989565,,,0.17194255,,,
744900,0.17151748,,,0.17194825,,,
745000,0.27422653,0.23200193,,,,,
745100,0.26344535,0.2320166,,,,,
745200,0.24707859,0.23203063,,,,,
745300,0.24853226,0.23203826,,,,,
745400,0.15223359,,0.117696,,,,
745500,0.17384359,,,0.1719687,,,
745600,0.26628756,0.23206597,,,,,
745700,0.17354781,,,0.17196978,,,
745800,0.25358658,0.2320955,,,,,
745900,0.179286,,,0.17197849,,,
746000,0.24556383,0.23210733,,,,,
746100,0.17208972,,,0.17197922,,,
746200,0.27167941,0.23212675,,,,,
746300,0.25124227,0.23213844,,,,,
746400,0.18353813,,,0.17198906,,,
746500,0.15424787,,0.11778884,,,,
746600,0.17735425,,,0.17199028,,,
746700,0.25248615,0.23217793,,,,,
746800,0.25233397,0.23218721,,,,,
746900,0.24885877,0.23219045,,,,,
747000,0.25960831,0.23220088,,,,,
747100,0.1751803,,,0.17200624,,,
747200,0.24731305,0.23222108,,,,,
747300,0.24465646,0.23223252,,,,,
747400,0.25085561,0.23223616,,,,,
747500,0.25197632,0.2322447,,,,,
747600,0.17254307,,,0.17201956,,,
747700,0.24720241,0.2322638,,,,,
747800,0.18552264,,,0.17202134,,,
747900,0.18055897,,,0.17202615,,,
748000,0.25371971,0.23229923,,,,,
748100,0.17512343,,,0.17203145,,,
748200,0.1719652,,,0.17203157,,,
748300,0.2665631,0.232336,,,,,
748400,0.15492095,,0.1179446,,,,
748500,0.26038794,0.23235333,,,,,
748600,0.17402309,,,0.17204275,,,
748700,0.17209893,,,0.1720429,,,
748800,0.2544505,0.23238973,,,,,
748900,0.15156789,,0.1179848,,,,
749000,0.17470845,,,0.17205117,,,
749100,0.24812331,0.23240836,,,,,
749200,0.17242637,,,0.17205165,,,
749300,0.20914124,,,0.1720563,,,
749400,0.17739515,,,0.17205995,,,
749500,0.17208667,,,0.17206111,,,
749600,0.24315421,0.23245905,,,,,
749700,0.14611109,,0.11804485,,,,
749800,0.18286896,,,0.17207229,,,
749900,0.14810446,,0.11805636,,,,
750000,0.25806511,0.23249411,,,,,
750100,0.25457367,0.23250847,,,,,
750200,0.25075327,0.23252274,,,,,
750300,0.19190882,,,0.17207848,,,
750400,0.24600458,0.23253631,,,,,
750500,0.2579741,0.23254364,,,,,
750600,0.24186751,0.23255102,,,,,
750700,0.14966011,,0.11812063,,,,
750800,0.19857227,,,0.17209168,,,
750900,0.14242934,,0.11813227,,,,
751000,0.24698183,0.23257502,,,,,
751100,0.23820656,0.23257876,,,,,
751200,0.17290179,,,0.17210147,,,
751300,0.23870731,0.23258935,,,,,
751400,0.17989822,,,0.17210902,,,
751500,0.17491524,,,0.17211011,,,
751600,0.24686493,0.2326029,,,,,
751700,0.24310443,0.23260981,,,,,
751800,0.23819561,0.2326132,,,,,
751900,0.17418691,,,0.17211565,,,
752000,0.2460764,0.2326192,,,,,
752100,0.17268804,,,0.17211664,,,
752200,0.17307783,,,0.17211699,,,
752300,0.24527956,0.23265253,,,,,
752400,0.23967918,0.23265543,,,,,
752500,0.17598771,,,0.17212558,,,
752600,0.14054832,,0.11822665,,,,
752700,0.25646378,0.23269034,,,,,
752800,0.17216942,,,0.1721272,,,
752900,0.23778139,0.23270038,,,,,
753000,0.17212243,,,0.17213413,,,
753100,0.17190139,,,0.172135,,,
753200,0.13753654,,0.11826651,,,,
753300,0.24152128,0.23272254,,,,,
753400,0.17508372,,,0.17214206,,,
753500,0.14018657,,0.1182792,,,,
753600,0.17199161,,,0.17214409,,,
753700,0.17240781,,,0.17214421,,,
753800,0.24149374,0.23275309,,,,,
753900,0.17316066,,,0.17215198,,,
754000,0.26037271,0.23276739,,,,,
754100,0.13514758,,0.11830665,,,,
754200,0.25282319,0.23279165,,,,,
754300,0.17171274,,,0.17215524,,,
754400,0.13919322,,0.11832348,,,,
754500,0.24387675,0.23280489,,,,,
754600,0.17197566,,,0.17216787,,,
754700,0.23668799,0.23282117,,,,,
754800,0.13389068,,0.11833987,,,,
754900,0.24290636,0.23282431,,,,,
755000,0.13685821,,0.11834642,,,,
755100,0.17300649,,,0.17219248,,,
755200,0.24602087,0.23285403,,,,,
755300,0.18787593,,,0.17219729,,,
755400,0.13222524,,0.11836048,,,,
755500,0.23957115,0.23286211,,,,,
755600,0.23909595,0.23286661,,,,,
755700,0.25812114,0.23287266,,,,,
755800,0.32921888,,,0.17221054,,,
755900,0.13535205,,0.118382,,,,
756000,0.17338537,,,0.17222288,,,
756100,0.13335584,,0.11838901,,,,
756200,0.24122024,0.23290954,,,,,
756300,0.17277804,,,0.17222498,,,
756400,0.17454987,,,0.17223295,,,
756500,0.13225204,,0.11840255,,,,
756600,0.13464329,,0.11840596,,,,
756700,0.24918101,0.23293253,,,,,
756800,0.17249495,,,0.17223578,,,
756900,0.18647125,,,0.17224243,,,
757000,0.13419424,,0.1184224,,,,
757100,0.13223157,,0.11842606,,,,
757200,0.23892037,0.23296267,,,,,
757300,0.13343699,,0.11843366,,,,
757400,0.17904179,,,0.17225065,,,
757500,0.17691656,,,0.17225226,,,
757600,0.2579264,0.23298747,,,,,
757700,0.23907076,0.23299306,,,,,
757800,0.13355157,,0.11845622,,,,
757900,0.17308742,,,0.17226745,,,
758000,0.13838305,,0.11846293,,,,
758100,0.17420283,,,0.17226877,,,
758200,0.13517089,,0.11847187,,,,
758300,0.17438409,,,0.17227003,,,
758400,0.18662519,,,0.17227488,,,
758500,0.2519967,0.23304674,,,,,
758600,0.27006751,0.23305926,,,,,
758700,0.24985344,0.23306758,,,,,
758800,0.17156882,,,0.17228214,,,
758900,0.13674435,,0.11849832,,,,
759000,0.1374976,,0.11850262,,,,
759100,0.1356033,,0.11850646,,,,
759200,0.14071886,,0.11851236,,,,
759300,0.17592267,,,0.17229271,,,
759400,0.17591732,,,0.17230206,,,
759500,0.17245684,,,0.172303,,,
759600,0.2666699,0.23314774,,,,,
759700,0.25187984,0.2331613,,,,,
759800,0.26009367,0.23317947,,,,,
759900,0.17182999,,,0.17231254,,,
760000,0.25876999,0.2331963,,,,,
760100,0.14337263,,0.11857412,,,,
760200,0.26413575,0.23322645,,,,,
760300,0.17639416,,,0.17231432,,,
760400,0.18231177,,,0.17232034,,,
760500,0.26372625,0.23328144,,,,,
760600,0.18047508,,,0.17232655,,,
760700,0.25970667,0.23331718,,,,,
760800,0.17575741,,,0.17232735,,,
760900,0.17488179,,,0.17233841,,,
761000,0.27828581,0.23335565,,,,,
761100,0.25359929,0.23337072,,,,,
761200,0.26694363,0.23338172,,,,,
761300,0.17168902,,,0.17234084,,,
761400,0.18373576,,,0.1723454,,,
761500,0.1439024,,0.11868186,,,,
761600,0.24999448,0.23341619,,,,,
761700,0.25351195,0.23343311,,,,,
761800,0.17259621,,,0.17234806,,,
761900,0.19149296,,,0.1723531,,,
762000,0.17489913,,,0.17235742,,,
762100,0.14855345,,0.11872047,,,,
762200,0.17253674,,,0.1723598,,,
762300,0.17442379,,,0.17236256,,,
762400,0.27154738,0.2335286,,,,,
762500,0.29065555,0.23355384,,,,,
762600,0.26457087,0.23357524,,,,,
762700,0.14304412,,0.11877359,,,,
762800,0.26596201,0.23360267,,,,,
762900,0.18726103,,,0.17237877,,,
763000,0.24272163,0.23361818,,,,,
763100,0.26037979,0.23362786,,,,,
763200,0.25040715,0.23364196,,,,,
763300,0.14169574,,0.11880436,,,,
763400,0.17253717,,,0.17238652,,,
763500,0.24247043,0.23367435,,,,,
763600,0.24381903,0.23367942,,,,,
763700,0.23748134,0.23368836,,,,,
763800,0.23657148,0.23369127,,,,,
763900,0.12628467,,0.11882122,,,,
764000,0.25189434,0.23369783,,,,,
764100,0.17197093,,,0.17239797,,,
764200,0.24071922,0.23370238,,,,,
764300,0.263223,0.23370675,,,,,
764400,0.11977965,,0.11882949,,,,
764500,0.18723409,,,0.17240801,,,
764600,0.23282977,0.23371692,,,,,
764700,0.1164847,,0.11883163,,,,
764800,0.26537547,0.23372777,,,,,
764900,0.11713311,,0.11883224,,,,
765000,0.23074043,0.23373724,,,,,
765100,0.22937452,0.23373514,,,,,
765200,0.23627762,0.23373474,,,,,
765300,0.18934027,,,0.17241756,,,
765400,0.23204364,0.23373321,,,,,
765500,0.17797135,,,0.17242549,,,
765600,0.17260785,,,0.17242703,,,
765700,0.22479402,0.23373119,,,,,
765800,0.17947543,,,0.17242867,,,
765900,0.11092432,,0.11881628,,,,
766000,0.22984936,0.23372023,,,,,
766100,0.1139805,,0.11881118,,,,
766200,0.23670632,0.23371333,,,,,
766300,0.21884494,0.23370891,,,,,
766400,0.10141765,,0.11880222,,,,
766500,0.18466302,,,0.17244598,,,
766600,0.17671737,,,0.17244822,,,
766700,0.096512488,,0.118789,,,,
766800,0.17447855,,,0.17244883,,,
766900,0.2198205,0.23368013,,,,,
767000,0.17798251,,,0.17245618,,,
767100,0.10159528,,0.11877547,,,,
767200,0.098134975,,0.1187706,,,,
767300,0.2159851,0.23365346,,,,,
767400,0.22106124,0.23364748,,,,,
767500,0.1805625,,,0.17246558,,,
767600,0.17827686,,,0.1724681,,,
767700,0.21842621,0.23362512,,,,,
767800,0.23805654,0.23362219,,,,,
767900,0.17389185,,,0.17247613,,,
768000,0.17332049,,,0.17247612,,,
768100,0.17273769,,,0.17247653,,,
768200,0.10421387,,0.11873387,,,,
768300,0.17276896,,,0.17247752,,,
768400,0.1004568,,0.11872696,,,,
768500,0.21893834,0.23358598,,,,,
768600,0.17281186,,,0.1724892,,,
768700,0.10019007,,0.11871405,,,,
768800,0.17188061,,,0.1724899,,,
768900,0.22029779,0.23356927,,,,,
769000,0.21767432,0.23356294,,,,,
769100,0.17196377,,,0.17250199,,,
769200,0.22342947,0.23355305,,,,,
769300,0.17194837,,,0.17250309,,,
769400,0.2357299,0.23354663,,,,,
769500,0.21889791,0.23354169,,,,,
769600,0.21952107,0.23353445,,,,,
769700,0.22296654,0.23352766,,,,,
769800,0.1720516,,,0.17251546,,,
769900,0.10182085,,0.11867105,,,,
770000,0.17944333,,,0.17252584,,,
770100,0.18561429,,,0.17252932,,,
770200,0.10249202,,0.11866101,,,,
770300,0.21791971,0.23349995,,,,,
770400,0.22128027,0.23349434,,,,,
770500,0.21894896,0.23349073,,,,,
770600,0.17758124,,,0.17254232,,,
770700,0.098474919,,0.11863898,,,,
770800,0.17151605,,,0.17254332,,,
770900,0.21981625,0.23345743,,,,,
771000,0.21661273,0.23345102,,,,,
771100,0.17435675,,,0.17254961,,,
771200,0.095775651,,0.11861427,,,,
771300,0.17155785,,,0.17255017,,,
771400,0.22669447,0.23343717,,,,,
771500,0.17336636,,,0.17255717,,,
771600,0.17273855,,,0.17255866,,,
771700,0.096612921,,0.11859574,,,,
771800,0.23642143,0.23341612,,,,,
771900,0.18694188,,,0.17256492,,,
772000,0.094040489,,0.11858316,,,,
772100,0.22048498,0.23339996,,,,,
772200,0.22551419,0.2333902,,,,,
772300,0.21502129,0.23338248,,,,,
772400,0.18615129,,,0.17257568,,,
772500,0.095467673,,0.11855756,,,,
772600,0.23216899,0.23337649,,,,,
772700,0.1000251,,0.11854719,,,,
772800,0.17492938,,,0.17258022,,,
772900,0.18885791,,,0.1725859,,,
773000,0.093163951,,0.11853321,,,,
773100,0.17219449,,,0.17259559,,,
773200,0.22685295,0.23337611,,,,,
773300,0.21909879,0.2333699,,,,,
773400,0.1719236,,,0.17260705,,,
773500,0.09128408,,0.11850775,,,,
773600,0.22073569,0.2333531,,,,,
773700,0.22755094,0.23334414,,,,,
773800,0.23910729,0.23334779,,,,,
773900,0.21440986,0.23334428,,,,,
774000,0.21915275,0.23333709,,,,,
774100,0.17613045,,,0.17261836,,,
774200,0.10536378,,0.118475,,,,
774300,0.21958288,0.23331533,,,,,
774400,0.10737248,,0.11847156,,,,
774500,0.22261323,0.23330692,,,,,
774600,0.17299586,,,0.17262846,,,
774700,0.21611284,0.23329202,,,,,
774800,0.17274136,,,0.17263054,,,
774900,0.21401454,0.23327586,,,,,
775000,0.17394357,,,0.17264333,,,
775100,0.17317531,,,0.17264358,,,
775200,0.21890719,0.23325272,,,,,
775300,0.17424222,,,0.17264537,,,
775400,0.21405084,0.23323783,,,,,
775500,0.088226233,,0.11841189,,,,
775600,0.089019569,,0.11840654,,,,
775700,0.21543298,0.23321221,,,,,
775800,0.21572397,0.23320442,,,,,
775900,0.21994158,0.23319853,,,,,
776000,0.17203937,,,0.17266579,,,
776100,0.1719215,,,0.17266572,,,
776200,0.22072049,0.23318492,,,,,
776300,0.21504488,0.23317592,,,,,
776400,0.095816586,,0.11836582,,,,
776500,0.17613479,,,0.1726782,,,
776600,0.09125888,,0.11835355,,,,
776700,0.21584264,0.23315152,,,,,
776800,0.17285154,,,0.1726818,,,
776900,0.08813005,,0.11833709,,,,
777000,0.1807929,,,0.17269301,,,
777100,0.17481766,,,0.17269583,,,
777200,0.085968552,,0.11831666,,,,
777300,0.17573248,,,0.17269742,,,
777400,0.2098849,0.23309367,,,,,
777500,0.18014198,,,0.17270887,,,
777600,0.089635497,,0.11829094,,,,
777700,0.21865645,0.23307224,,,,,
777800,0.17516461,,,0.1727123,,,
777900,0.22932401,0.23305716,,,,,
778000,0.086034921,,0.1182656,,,,
778100,0.21835686,0.23304243,,,,,
778200,0.21280421,0.23303516,,,,,
778300,0.17250141,,,0.17272639,,,
778400,0.086015907,,0.11823751,,,,
778500,0.17689192,,,0.17273492,,,
778600,0.18113627,,,0.17273708,,,
778700,0.085279272,,0.11821479,,,,
778800,0.17930016,,,0.17273848,,,
778900,0.21066226,0.23297067,,,,,
779000,0.17411955,,,0.17274785,,,
779100,0.17356341,,,0.17275018,,,
779200,0.08804584,,0.11818019,,,,
779300,0.17264952,,,0.17275158,,,
779400,0.2153051,0.23292914,,,,,
779500,0.17205851,,,0.17275916,,,
779600,0.089283107,,0.11816626,,,,
779700,0.084652747,,0.1181582,,,,
779800,0.17144288,,,0.17276055,,,
779900,0.21265189,0.23288227,,,,,
780000,0.17390614,,,0.17276722,,,
780100,0.08763305,,0.11813081,,,,
780200,0.21459276,0.23286696,,,,,
780300,0.21334568,0.23285593,,,,,
780400,0.22240684,0.23285064,,,,,
780500,0.17231664,,,0.17277341,,,
780600,0.17274367,,,0.17277346,,,
780700,0.22972897,0.23285153,,,,,
780800,0.17351449,,,0.17277366,,,
780900,0.2126748,0.23283876,,,,,
781000,0.089960537,,0.11807117,,,,
781100,0.21937901,0.23282201,,,,,
781200,0.21148079,0.23281077,,,,,
781300,0.17420854,,,0.17278154,,,
781400,0.086445583,,0.11804557,,,,
781500,0.22863867,0.23278616,,,,,
781600,0.087916289,,0.11803157,,,,
781700,0.085996518,,0.11802378,,,,
781800,0.17237157,,,0.17279144,,,
781900,0.21726887,0.23276254,,,,,
782000,0.17859849,,,0.17279973,,,
782100,0.21623643,0.23274741,,,,,
782200,0.21564583,0.23274093,,,,,
782300,0.082965201,,0.11797985,,,,
782400,0.17698438,,,0.17280956,,,
782500,0.21022394,0.23271429,,,,,
782600,0.20983334,0.23270518,,,,,
782700,0.083535913,,0.11795407,,,,
782800,0.17432409,,,0.17281245,,,
782900,0.21576214,0.23267507,,,,,
783000,0.17402037,,,0.17281913,,,
783100,0.22327089,0.23265678,,,,,
783200,0.084728045,,0.11791967,,,,
783300,0.17332454,,,0.17281945,,,
783400,0.21085326,0.2326291,,,,,
783500,0.22350157,0.23262125,,,,,
783600,0.21763855,0.23261799,,,,,
783700,0.21528162,0.23261163,,,,,
783800,0.087408523,,0.11787595,,,,
783900,0.18256836,,,0.17282824,,,
784000,0.21097879,0.23258475,,,,,
784100,0.21957569,0.23257673,,,,,
784200,0.10783662,,0.11785374,,,,
784300,0.086462711,,0.11784967,,,,
784400,0.1736546,,,0.17283643,,,
784500,0.20942864,0.23255148,,,,,
784600,0.085516835,,0.11783229,,,,
784700,0.090689755,,0.11782452,,,,
784800,0.20982276,0.2325165,,,,,
784900,0.17122364,,,0.17284564,,,
785000,0.20895164,0.23249991,,,,,
785100,0.21545598,0.23249017,,,,,
785200,0.085145918,,0.11779234,,,,
785300,0.21119583,0.23247038,,,,,
785400,0.18167614,,,0.17285122,,,
785500,0.090877041,,0.11777408,,,,
785600,0.17289414,,,0.17285785,,,
785700,0.21159433,0.23244359,,,,,
785800,0.08572021,,0.11775356,,,,
785900,0.17276021,,,0.17286595,,,
786000,0.20978763,0.23241596,,,,,
786100,0.17186829,,,0.17286645,,,
786200,0.10622385,,0.11773297,,,,
786300,0.087999137,,0.11772804,,,,
786400,0.21182058,0.23238697,,,,,
786500,0.085968095,,0.11771848,,,,
786600,0.21307349,0.23237042,,,,,
786700,0.20987205,0.23236102,,,,,
786800,0.085695508,,0.11769585,,,,
786900,0.176634,,,0.17288299,,,
787000,0.22022438,0.23233327,,,,,
787100,0.2160189,0.2323256,,,,,
787200,0.22157281,0.23232001,,,,,
787300,0.20999444,0.23230706,,,,,
787400,0.17123862,,,0.17289599,,,
787500,0.096214385,,0.11765833,,,,
787600,0.2205627,0.23228864,,,,,
787700,0.10165151,,0.11765138,,,,
787800,0.1723231,,,0.17289884,,,
787900,0.17291542,,,0.17290426,,,
788000,0.1820985,,,0.17290579,,,
788100,0.17237877,,,0.17290605,,,
788200,0.20950693,0.23224988,,,,,
788300,0.20988112,0.23223797,,,,,
788400,0.18144449,,,0.17290931,,,
788500,0.22101647,0.23222379,,,,,
788600,0.2161177,0.23221917,,,,,
788700,0.2086278,0.23221007,,,,,
788800,0.086203703,,0.11758917,,,,
788900,0.17570516,,,0.17292047,,,
789000,0.086387705,,0.1175786,,,,
789100,0.23086803,0.23217883,,,,,
789200,0.21208731,0.23217292,,,,,
789300,0.17253455,,,0.1729246,,,
789400,0.21333933,0.23215534,,,,,
789500,0.22353017,0.232149,,,,,
789600,0.086030947,,0.11754085,,,,
789700,0.21479454,0.23214148,,,,,
789800,0.21704012,0.23213128,,,,,
789900,0.21626021,0.23212657,,,,,
790000,0.093306301,,0.11752043,,,,
790100,0.21910003,0.23211603,,,,,
790200,0.21703144,0.23211135,,,,,
790300,0.21290618,0.23210232,,,,,
790400,0.17124272,,,0.17294324,,,
790500,0.20879864,0.23208573,,,,,
790600,0.21220486,0.23207574,,,,,
790700,0.086075003,,0.11747992,,,,
790800,0.21482877,0.23205695,,,,,
790900,0.18342679,,,0.17294975,,,
791000,0.21492466,0.23204292,,,,,
791100,0.17175196,,,0.17295529,,,
791200,0.21023502,0.23203066,,,,,
791300,0.2089154,0.23201818,,,,,
791400,0.17779859,,,0.17295955,,,
791500,0.22010672,0.2320055,,,,,
791600,0.2231746,0.23200319,,,,,
791700,0.2122612,0.23199744,,,,,
791800,0.21835483,0.23198754,,,,,
791900,0.17249516,,,0.17297109,,,
792000,0.21047101,0.23197495,,,,,
792100,0.17304554,,,0.17297422,,,
792200,0.20875028,0.23195509,,,,,
792300,0.21321532,0.23194495,,,,,
792400,0.17344562,,,0.17298327,,,
792500,0.18135896,,,0.17298467,,,
792600,0.21598823,0.23192533,,,,,
792700,0.22475754,0.23192108,,,,,
792800,0.21296346,0.23191144,,,,,
792900,0.1745756,,,0.1729923,,,
793000,0.20874698,0.23189761,,,,,
793100,0.17250536,,,0.17299512,,,
793200,0.21220158,0.23187899,,,,,
793300,0.17200156,,,0.17299504,,,
793400,0.17279885,,,0.17300336,,,
793500,0.21456629,0.23186376,,,,,
793600,0.17201337,,,0.1730034,,,
793700,0.20915833,0.23184778,,,,,
793800,0.173103,,,0.17300362,,,
793900,0.17186956,,,0.17300787,,,
794000,0.21859933,0.23182108,,,,,
794100,0.21916677,0.23181718,,,,,
794200,0.21751571,0.23181179,,,,,
794300,0.17651707,,,0.17300991,,,
794400,0.17101805,,,0.1730135,,,
794500,0.17104184,,,0.17301551,,,
794600,0.089009688,,0.11724814,,,,
794700,0.20955921,0.23176876,,,,,
794800,0.17486311,,,0.17301816,,,
794900,0.17589051,,,0.17302022,,,
795000,0.17691947,,,0.17302342,,,
795100,0.094502659,,0.1172206,,,,
795200,0.21231837,0.23173276,,,,,
795300,0.17418941,,,0.17302397,,,
795400,0.19418459,,,0.17302763,,,
795500,0.21177838,0.23171651,,,,,
795600,0.21209685,0.23170842,,,,,
795700,0.09367294,,0.11718979,,,,
795800,0.095755812,,0.11718498,,,,
795900,0.18149157,,,0.17303363,,,
796000,0.17758052,,,0.17303707,,,
796100,0.094461475,,0.11717366,,,,
796200,0.09346379,,0.11716858,,,,
796300,0.21778226,0.231671,,,,,
796400,0.17983044,,,0.17304407,,,
796500,0.21551678,0.23167491,,,,,
796600,0.21651927,0.23166795,,,,,
796700,0.092631112,,0.1171467,,,,
796800,0.17172331,,,0.17305358,,,
796900,0.17527991,,,0.17306023,,,
797000,0.17266273,,,0.17306126,,,
797100,0.23027186,0.2316387,,,,,
797200,0.17163791,,,0.17306153,,,
797300,0.17264275,,,0.17306196,,,
797400,0.17208176,,,0.17306515,,,
797500,0.09036253,,0.1171112,,,,
797600,0.22950736,0.23161056,,,,,
797700,0.091130589,,0.11710136,,,,
797800,0.2216457,0.23159698,,,,,
797900,0.17162227,,,0.17307896,,,
798000,0.23279641,0.23159106,,,,,
798100,0.21272085,0.23159024,,,,,
798200,0.21237301,0.2315821,,,,,
798300,0.21550563,0.23157312,,,,,
798400,0.17403057,,,0.17309095,,,
798500,0.22733818,0.23156478,,,,,
798600,0.17272475,,,0.17309425,,,
798700,0.23515761,0.23157405,,,,,
798800,0.17498925,,,0.17309596,,,
798900,0.17254614,,,0.17310138,,,
799000,0.17720907,,,0.17310175,,,
799100,0.172259,,,0.17310185,,,
799200,0.22292981,0.2315562,,,,,
799300,0.21600354,0.23154729,,,,,
799400,0.19047469,,,0.17310571,,,
799500,0.18179277,,,0.17310827,,,
799600,0.21583493,0.23152557,,,,,
799700,0.21723953,0.23152119,,,,,
799800,0.088511713,,0.11699013,,,,
799900,0.18250503,,,0.17311238,,,
800000,0.090548765,,0.11698259,,,,
800100,0.22095378,0.23149247,,,,,
800200,0.21151268,0.23148603,,,,,
800300,0.17898894,,,0.17311603,,,
800400,0.18228554,,,0.17311799,,,
800500,0.21318523,0.23146238,,,,,
800600,0.21209998,0.23145443,,,,,
800700,0.092534331,,0.11694605,,,,
800800,0.17603357,,,0.17312222,,,
800900,0.18203512,,,0.17312418,,,
801000,0.17722698,,,0.17312866,,,
801100,0.093709016,,0.11692593,,,,
801200,0.093463907,,0.11692058,,,,
801300,0.097980413,,0.11691604,,,,
801400,0.17094702,,,0.1731321,,,
801500,0.18314616,,,0.17313607,,,
801600,0.21071764,0.23139117,,,,,
801700,0.20921104,0.23138234,,,,,
801800,0.21632617,0.23137233,,,,,
801900,0.17111915,,,0.173142,,,
802000,0.17961379,,,0.17314359,,,
802100,0.09123973,,0.11687546,,,,
802200,0.22927429,0.23135264,,,,,
802300,0.17159203,,,0.17314483,,,
802400,0.17230561,,,0.17314716,,,
802500,0.092126522,,0.11686289,,,,
802600,0.21924357,0.23133467,,,,,
802700,0.17237879,,,0.17315348,,,
802800,0.17554009,,,0.17315403,,,
802900,0.18111382,,,0.17315591,,,
803000,0.0889808,,0.11683576,,,,
803100,0.087732204,,0.11683057,,,,
803200,0.21188411,0.23129424,,,,,
803300,0.086168813,,0.1168156,,,,
803400,0.17930001,,,0.17316121,,,
803500,0.2126101,0.23127422,,,,,
803600,0.22096657,0.23126707,,,,,
803700,0.22051142,0.23126583,,,,,
803800,0.17842667,,,0.17316245,,,
803900,0.17594013,,,0.1731709,,,
804000,0.17540858,,,0.17317078,,,
804100,0.087780997,,0.11677087,,,,
804200,0.20991516,0.23122835,,,,,
804300,0.20860924,0.23121777,,,,,
804400,0.17934869,,,0.1731757,,,
804500,0.22545612,0.23120733,,,,,
804600,0.18932913,,,0.1731862,,,
804700,0.21029825,0.23120094,,,,,
804800,0.21497729,0.23119069,,,,,
804900,0.17238365,,,0.17319021,,,
805000,0.18496358,,,0.17319572,,,
805100,0.17433819,,,0.17319777,,,
805200,0.21517498,0.23116546,,,,,
805300,0.21220819,0.23115445,,,,,
805400,0.17219261,,,0.17320005,,,
805500,0.1855019,,,0.17320566,,,
805600,0.10136361,,0.11668264,,,,
805700,0.21889464,0.23113113,,,,,
805800,0.17280822,,,0.17321008,,,
805900,0.17382145,,,0.1732127,,,
806000,0.1916191,,,0.17321714,,,
806100,0.21748826,0.23110234,,,,,
806200,0.085826545,,0.11664853,,,,
806300,0.17337523,,,0.17321822,,,
806400,0.17155718,,,0.17322711,,,
806500,0.1840831,,,0.17322825,,,
806600,0.088881693,,0.11662373,,,,
806700,0.085233063,,0.1166181,,,,
806800,0.21141292,0.23106012,,,,,
806900,0.17323641,,,0.17323301,,,
807000,0.18554209,,,0.17323681,,,
807100,0.17315059,,,0.17323934,,,
807200,0.2131775,0.23103945,,,,,
807300,0.21881913,0.23103033,,,,,
807400,0.17171652,,,0.17324608,,,
807500,0.18375993,,,0.17324851,,,
807600,0.17771013,,,0.17325004,,,
807700,0.21570771,0.23100252,,,,,
807800,0.21044793,0.23099194,,,,,
807900,0.17250676,,,0.17325427,,,
808000,0.21408112,0.23098085,,,,,
808100,0.17169032,,,0.17325653,,,
808200,0.22140965,0.2309707,,,,,
808300,0.21189475,0.23096073,,,,,
808400,0.17248097,,,0.17326467,,,
808500,0.21327643,0.23095019,,,,,
808600,0.17323915,,,0.1732672,,,
808700,0.2175289,0.23093542,,,,,
808800,0.17362319,,,0.17326766,,,
808900,0.17455977,,,0.17327962,,,
809000,0.17299225,,,0.17327991,,,
809100,0.17302038,,,0.17327983,,,
809200,0.20799003,0.23088159,,,,,
809300,0.20946362,0.23086679,,,,,
809400,0.17260136,,,0.1732853,,,
809500,0.2270221,0.23085488,,,,,
809600,0.21558406,0.23085236,,,,,
809700,0.084389421,,0.11644403,,,,
809800,0.21243992,0.23083392,,,,,
809900,0.17323319,,,0.17329007,,,
810000,0.083740532,,0.11642555,,,,
810100,0.18088748,,,0.17329452,,,
810200,0.21698832,0.23079784,,,,,
810300,0.21807875,0.23078525,,,,,
810400,0.1714798,,,0.17330099,,,
810500,0.085577436,,0.11639587,,,,
810600,0.17313541,,,0.17330503,,,
810700,0.20805826,0.23074661,,,,,
810800,0.17771789,,,0.17330609,,,
810900,0.17528471,,,0.17331239,,,
811000,0.21237757,0.23071846,,,,,
811100,0.17410935,,,0.17331484,,,
811200,0.086420273,,0.11635115,,,,
811300,0.20921812,0.23069265,,,,,
811400,0.1795597,,,0.17331768,,,
811500,0.21677514,0.23067719,,,,,
811600,0.21218435,0.23067057,,,,,
811700,0.083333527,,0.11631902,,,,
811800,0.21289619,0.23064606,,,,,
811900,0.17670338,,,0.17333159,,,
812000,0.22510527,0.23063298,,,,,
812100,0.21195685,0.23062436,,,,,
812200,0.21852008,0.23061749,,,,,
812300,0.081723153,,0.11627751,,,,
812400,0.17189357,,,0.17333511,,,
812500,0.21407436,0.23058919,,,,,
812600,0.17170896,,,0.17333704,,,
812700,0.082773775,,0.11625495,,,,
812800,0.1720329,,,0.17333664,,,
812900,0.17223076,,,0.17334306,,,
813000,0.20866847,0.23054615,,,,,
813100,0.17406982,,,0.17334647,,,
813200,0.21459259,0.23052971,,,,,
813300,0.2367086,0.23052875,,,,,
813400,0.17471744,,,0.17335164,,,
813500,0.082522564,,0.11622092,,,,
813600,0.20756825,0.23050867,,,,,
813700,0.20724062,0.23049679,,,,,
813800,0.081496162,,0.1161968,,,,
813900,0.1716518,,,0.17335796,,,
814000,0.17968534,,,0.17336017,,,
814100,0.17503219,,,0.17336101,,,
814200,0.21532679,0.23045221,,,,,
814300,0.20876147,0.23043833,,,,,
814400,0.17175147,,,0.17336706,,,
814500,0.17595893,,,0.17336777,,,
814600,0.1724406,,,0.17336824,,,
814700,0.21237958,0.23040554,,,,,
814800,0.1719083,,,0.17336845,,,
814900,0.17194994,,,0.1733719,,,
815000,0.20933925,0.23037436,,,,,
815100,0.17326243,,,0.17337968,,,
815200,0.081337416,,0.11610521,,,,
815300,0.21933148,0.23034072,,,,,
815400,0.17252432,,,0.17338621,,,
815500,0.1767276,,,0.1733869,,,
815600,0.17236579,,,0.17338856,,,
815700,0.20950154,0.23031531,,,,,
815800,0.17562761,,,0.17338893,,,
815900,0.20121568,,,0.17339539,,,
816000,0.21214982,0.23029296,,,,,
816100,0.21035096,0.2302848,,,,,
816200,0.17235308,,,0.17339741,,,
816300,0.21556065,0.23026203,,,,,
816400,0.17584786,,,0.1734033,,,
816500,0.17818067,,,0.17340358,,,
816600,0.17170766,,,0.17340359,,,
816700,0.20806772,0.23022954,,,,,
816800,0.21590454,0.23021925,,,,,
816900,0.17513724,,,0.17340677,,,
817000,0.19513893,,,0.17341305,,,
817100,0.21273485,0.23019799,,,,,
817200,0.083238694,,0.1159729,,,,
817300,0.22065794,0.23017954,,,,,
817400,0.17519514,,,0.17341837,,,
817500,0.17590347,,,0.17342023,,,
817600,0.17337633,,,0.17342285,,,
817700,0.21983684,0.23015268,,,,,
817800,0.17204034,,,0.17342365,,,
817900,0.17477543,,,0.17343022,,,
818000,0.21003123,0.23012671,,,,,
818100,0.17373561,,,0.17343376,,,
818200,0.22121024,0.23011504,,,,,
818300,0.17353386,,,0.17343387,,,
818400,0.17292714,,,0.17343965,,,
818500,0.17761093,,,0.17344057,,,
818600,0.17197108,,,0.17344102,,,
818700,0.082077801,,0.11588102,,,,
818800,0.17358903,,,0.17344151,,,
818900,0.17132671,,,0.17344464,,,
819000,0.17606945,,,0.17344625,,,
819100,0.083524607,,0.11585679,,,,
819200,0.20950731,0.23003866,,,,,
819300,0.20963525,0.23002676,,,,,
819400,0.17236117,,,0.1734501,,,
819500,0.19262156,,,0.1734592,,,
819600,0.17969248,,,0.1734642,,,
819700,0.21831203,0.230008,,,,,
819800,0.210998,0.22999777,,,,,
819900,0.17120889,,,0.17346852,,,
820000,0.17294012,,,0.17347041,,,
820100,0.17276617,,,0.17346997,,,
820200,0.085451575,,0.11579231,,,,
820300,0.17159139,,,0.17346954,,,
820400,0.17391083,,,0.1734775,,,
820500,0.18213503,,,0.17347843,,,
820600,0.17390846,,,0.17347832,,,
820700,0.21512953,0.2299393,,,,,
820800,0.17309252,,,0.17347802,,,
820900,0.17577138,,,0.17348825,,,
821000,0.17224309,,,0.17348848,,,
821100,0.17228229,,,0.17348803,,,
821200,0.21638011,0.22992122,,,,,
821300,0.17271206,,,0.17349121,,,
821400,0.17355705,,,0.17349667,,,
821500,0.21165657,0.22989858,,,,,
821600,0.17497054,,,0.17349948,,,
821700,0.086068422,,0.11571041,,,,
821800,0.10566758,,0.11570626,,,,
821900,0.21342164,0.2298763,,,,,
822000,0.21349122,0.22986816,,,,,
822100,0.21056563,0.22986101,,,,,
822200,0.083888772,,0.11568472,,,,
822300,0.23826573,0.22985099,,,,,
822400,0.17214641,,,0.17351243,,,
822500,0.22030336,0.22985167,,,,,
822600,0.17190419,,,0.17351552,,,
822700,0.21247949,0.22983749,,,,,
822800,0.17282822,,,0.17351782,,,
822900,0.17163914,,,0.17352189,,,
823000,0.17657289,,,0.17352387,,,
823100,0.083278535,,0.11563166,,,,
823200,0.21014247,0.22979225,,,,,
823300,0.17491727,,,0.17352474,,,
823400,0.20284019,,,0.17352775,,,
823500,0.17261775,,,0.17352967,,,
823600,0.21204184,0.22978091,,,,,
823700,0.17168408,,,0.17352956,,,
823800,0.21244831,0.22976545,,,,,
823900,0.18174998,,,0.17353666,,,
824000,0.083555908,,0.11557858,,,,
824100,0.21774387,0.2297515,,,,,
824200,0.17570844,,,0.17354124,,,
824300,0.18164942,,,0.17354174,,,
824400,0.1778624,,,0.17354878,,,
824500,0.21625297,0.22972334,,,,,
824600,0.083073728,,0.11554249,,,,
824700,0.20942313,0.22971095,,,,,
824800,0.17772194,,,0.17355163,,,
824900,0.17497848,,,0.17355424,,,
825000,0.2129152,0.22969549,,,,,
825100,0.21419086,0.22968761,,,,,
825200,0.17245417,,,0.17356092,,,
825300,0.17156463,,,0.17356082,,,
825400,0.17374712,,,0.17356467,,,
825500,0.08359027,,0.11548929,,,,
825600,0.082901427,,0.11548367,,,,
825700,0.17243129,,,0.17357397,,,
825800,0.18065425,,,0.17357417,,,
825900,0.18500789,,,0.17358363,,,
826000,0.17416352,,,0.17358375,,,
826100,0.17190843,,,0.17358362,,,
826200,0.21301473,0.22959967,,,,,
826300,0.17519874,,,0.17358352,,,
826400,0.17522281,,,0.17358596,,,
826500,0.17699272,,,0.17358845,,,
826600,0.21671269,0.22958508,,,,,
826700,0.17373927,,,0.17359182,,,
826800,0.17774652,,,0.17359218,,,
826900,0.18998079,,,0.17359845,,,
827000,0.083036307,,0.11539898,,,,
827100,0.22179421,0.22954815,,,,,
827200,0.12089546,,0.11538842,,,,
827300,0.20829411,0.22953174,,,,,
827400,0.17529521,,,0.17360528,,,
827500,0.17809881,,,0.17360563,,,
827600,0.1725073,,,0.1736054,,,
827700,0.08387529,,0.11535911,,,,
827800,0.17764617,,,0.17360924,,,
827900,0.1759687,,,0.17361296,,,
828000,0.21467277,0.2294852,,,,,
828100,0.21279554,0.22947675,,,,,
828200,0.21818184,0.22947112,,,,,
828300,0.17336427,,,0.17361622,,,
828400,0.18131021,,,0.17362412,,,
828500,0.17400847,,,0.17362479,,,
828600,0.21899855,0.22944088,,,,,
828700,0.21191124,0.22943682,,,,,
828800,0.17625083,,,0.17362411,,,
828900,0.17423318,,,0.17362823,,,
829000,0.17874825,,,0.17363116,,,
829100,0.21853926,0.22940093,,,,,
829200,0.17352197,,,0.17363376,,,
829300,0.081658451,,0.11525705,,,,
829400,0.17145601,,,0.17363848,,,
829500,0.1855192,,,0.17364297,,,
829600,0.20827069,0.22937025,,,,,
829700,0.21320384,0.22936165,,,,,
829800,0.22436023,0.22935406,,,,,
829900,0.17164781,,,0.1736518,,,
830000,0.17809506,,,0.17365356,,,
830100,0.22607662,0.22933661,,,,,
830200,0.1717509,,,0.17365622,,,
830300,0.18500118,,,0.17365647,,,
830400,0.18017054,,,0.17366304,,,
830500,0.21396479,0.22930788,,,,,
830600,0.21748497,0.22930171,,,,,
830700,0.21805812,0.22929829,,,,,
830800,0.17330063,,,0.17366846,,,
830900,0.17656351,,,0.17367131,,,
831000,0.1756091,,,0.17367653,,,
831100,0.21533038,0.22926668,,,,,
831200,0.17197732,,,0.17367637,,,
831300,0.0839165,,0.11514369,,,,
831400,0.1809933,,,0.17368245,,,
831500,0.083899262,,0.11513415,,,,
831600,0.20903504,0.22923711,,,,,
831700,0.17168829,,,0.17368405,,,
831800,0.18158817,,,0.17368409,,,
831900,0.18724792,,,0.17368766,,,
832000,0.21402524,0.22920096,,,,,
832100,0.21216522,0.22919168,,,,,
832200,0.17414211,,,0.17369793,,,
832300,0.081699208,,0.11508082,,,,
832400,0.18433306,,,0.17370336,,,
832500,0.20809019,0.22915547,,,,,
832600,0.082634661,,0.11506485,,,,
832700,0.1717792,,,0.17370563,,,
832800,0.17795067,,,0.17370567,,,
832900,0.17459962,,,0.17370933,,,
833000,0.082303056,,0.11503982,,,,
833100,0.21166476,0.22911536,,,,,
833200,0.21032253,0.22910705,,,,,
833300,0.20795339,0.22909575,,,,,
833400,0.17117396,,,0.1737205,,,
833500,0.17147343,,,0.17372126,,,
833600,0.17229457,,,0.17372063,,,
833700,0.085316212,,0.11499938,,,,
833800,0.20890775,0.22906745,,,,,
833900,0.17162357,,,0.1737273,,,
834000,0.21368523,0.22905145,,,,,
834100,0.21001714,0.22904673,,,,,
834200,0.081501633,,0.11496755,,,,
834300,0.20983205,0.22902587,,,,,
834400,0.1857893,,,0.17372964,,,
834500,0.082732131,,0.11494989,,,,
834600,0.21469641,0.22900695,,,,,
834700,0.08150711,,0.11493689,,,,
834800,0.20826312,0.22899162,,,,,
834900,0.17538455,,,0.17373836,,,
835000,0.20756615,0.22897624,,,,,
835100,0.21001588,0.22896956,,,,,
835200,0.20771882,0.22895995,,,,,
835300,0.20783563,0.22894985,,,,,
835400,0.17771443,,,0.17375002,,,
835500,0.20939636,0.22893606,,,,,
835600,0.17282381,,,0.1737498,,,
835700,0.082271199,,0.1148785,,,,
835800,0.17644068,,,0.1737493,,,
835900,0.18171497,,,0.17375242,,,
836000,0.21995231,0.22889823,,,,,
836100,0.082202938,,0.11485503,,,,
836200,0.20800042,0.22888613,,,,,
836300,0.21709304,0.22887471,,,,,
836400,0.17205431,,,0.17376286,,,
836500,0.21662476,0.22886221,,,,,
836600,0.21524136,0.22885447,,,,,
836700,0.21489566,0.22884713,,,,,
836800,0.2187036,0.22884129,,,,,
836900,0.17964721,,,0.17376389,,,
837000,0.2098263,0.22883005,,,,,
837100,0.21347018,0.22882136,,,,,
837200,0.22011971,0.22881695,,,,,
837300,0.081835468,,0.1147857,,,,
837400,0.17592959,,,0.17377622,,,
837500,0.082107064,,0.11477547,,,,
837600,0.17804626,,,0.17377933,,,
837700,0.08216623,,0.11476219,,,,
837800,0.20774846,0.22877135,,,,,
837900,0.18517855,,,0.17378158,,,
838000,0.081502811,,0.11474383,,,,
838100,0.17239076,,,0.17378893,,,
838200,0.17412229,,,0.17378899,,,
838300,0.084210117,,0.11472748,,,,
838400,0.21202209,0.22873268,,,,,
838500,0.17354476,,,0.17379505,,,
838600,0.083809779,,0.11471142,,,,
838700,0.081128197,,0.11470474,,,,
838800,0.17867206,,,0.1737971,,,
838900,0.21664008,0.22870654,,,,,
839000,0.17269412,,,0.17380154,,,
839100,0.1718727,,,0.17380177,,,
839200,0.21527909,0.22870487,,,,,
839300,0.17163918,,,0.17380132,,,
839400,0.21195983,0.22869073,,,,,
839500,0.082506957,,0.11465692,,,,
839600,0.21697022,0.22868056,,,,,
839700,0.21466768,0.22867559,,,,,
839800,0.082503461,,0.11463609,,,,
839900,0.18998697,,,0.17380862,,,
840000,0.081487971,,0.11462583,,,,
840100,0.21242975,0.22864369,,,,,
840200,0.081144657,,0.11461274,,,,
840300,0.21169068,0.22862454,,,,,
840400,0.18378186,,,0.17381906,,,
840500,0.20749975,0.2286111,,,,,
840600,0.081308178,,0.11458808,,,,
840700,0.20839895,0.22859367,,,,,
840800,0.08291608,,0.11457292,,,,
840900,0.18117524,,,0.17382864,,,
841000,0.21133046,0.22857137,,,,,
841100,0.081218564,,0.11455628,,,,
841200,0.20854845,0.22855371,,,,,
841300,0.081836513,,0.11454083,,,,
841400,0.1976032,,,0.17383353,,,
841500,0.18022363,,,0.17383925,,,
841600,0.21772224,0.22852205,,,,,
841700,0.21187447,0.22851744,,,,,
841800,0.21163694,0.22850716,,,,,
841900,0.1845745,,,0.17384516,,,
842000,0.20873242,0.22849331,,,,,
842100,0.21305269,0.2284855,,,,,
842200,0.21079018,0.22847647,,,,,
842300,0.17455494,,,0.17385162,,,
842400,0.20884799,0.22846263,,,,,
842500,0.17287801,,,0.17385587,,,
842600,0.08379739,,0.11446562,,,,
842700,0.23227888,0.22845411,,,,,
842800,0.1721171,,,0.1738557,,,
842900,0.23858682,0.22845725,,,,,
843000,0.17268251,,,0.17385971,,,
843100,0.23740503,0.2284735,,,,,
843200,0.22996185,0.22847571,,,,,
843300,0.17903938,,,0.17385939,,,
843400,0.23205371,0.22848439,,,,,
843500,0.17492661,,,0.17386725,,,
843600,0.23057756,0.22849837,,,,,
843700,0.22325712,0.22849741,,,,,
843800,0.083434767,,0.11440091,,,,
843900,0.22063348,0.22850013,,,,,
844000,0.082061913,,0.11439015,,,,
844100,0.21848651,0.22848855,,,,,
844200,0.21442686,0.22848131,,,,,
844300,0.21794039,0.22847518,,,,,
844400,0.17224697,,,0.17388474,,,
844500,0.22752036,0.22847186,,,,,
844600,0.081217961,,0.11435524,,,,
844700,0.2206388,0.22845998,,,,,
844800,0.22621007,0.22845831,,,,,
844900,0.17146757,,,0.17388688,,,
845000,0.17406847,,,0.17388787,,,
845100,0.1722735,,,0.1738877,,,
845200,0.21508064,0.22844079,,,,,
845300,0.17242019,,,0.17388722,,,
845400,0.18219239,,,0.17389022,,,
845500,0.17716243,,,0.17389227,,,
845600,0.083459969,,0.11429519,,,,
845700,0.17493867,,,0.17389473,,,
845800,0.084265412,,0.11428093,,,,
845900,0.18448345,,,0.17389654,,,
846000,0.08406563,,0.11427208,,,,
846100,0.17526566,,,0.17390236,,,
846200,0.17265089,,,0.17390221,,,
846300,0.2341575,0.22842297,,,,,
846400,0.20263286,,,0.17391396,,,
846500,0.21640496,0.22842071,,,,,
846600,0.085072386,,0.11425815,,,,
846700,0.17476529,,,0.1739158,,,
846800,0.21449517,0.22840575,,,,,
846900,0.22576933,,,0.17391869,,,
847000,0.087458061,,0.11423852,,,,
847100,0.22289872,0.22839391,,,,,
847200,0.086455442,,0.11422962,,,,
847300,0.21777045,0.22838367,,,,,
847400,0.21814371,,,0.17392806,,,
847500,0.085457351,,0.1142108,,,,
847600,0.17228438,,,0.17393152,,,
847700,0.24017818,0.22837073,,,,,
847800,0.21335818,0.22836677,,,,,
847900,0.1891206,,,0.17393387,,,
848000,0.21459011,0.22835667,,,,,
848100,0.17596943,,,0.17394023,,,
848200,0.1727052,,,0.17394094,,,
848300,0.08480553,,0.11415395,,,,
848400,0.18222851,,,0.17394721,,,
848500,0.08535133,,0.11414297,,,,
848600,0.086254876,,0.11413656,,,,
848700,0.17183457,,,0.17395004,,,
848800,0.21305935,0.22832979,,,,,
848900,0.19767867,,,0.17395328,,,
849000,0.21624343,0.22832057,,,,,
849100,0.17175326,,,0.17395626,,,
849200,0.1771115,,,0.17395599,,,
849300,0.08486863,,0.11408707,,,,
849400,0.18467839,,,0.17395897,,,
849500,0.085694336,,0.11407734,,,,
849600,0.085809285,,0.1140714,,,,
849700,0.17253088,,,0.17396138,,,
849800,0.084430268,,0.11405518,,,,
849900,0.22222555,,,0.17396904,,,
850000,0.21517432,0.2282652,,,,,
850100,0.17402725,,,0.1739731,,,
850200,0.085904813,,0.11402932,,,,
850300,0.17240215,,,0.17397285,,,
850400,0.21216184,0.22824038,,,,,
850500,0.21453425,0.22823731,,,,,
850600,0.084792758,,0.11400192,,,,
850700,0.2160289,0.22822512,,,,,
850800,0.17222501,,,0.17398469,,,
850900,0.23546362,0.22822361,,,,,
851000,0.17729038,,,0.17399,,,
851100,0.085782821,,0.11397091,,,,
851200,0.2188062,0.22821562,,,,,
851300,0.2180147,0.22821008,,,,,
851400,0.21725359,0.22820471,,,,,
851500,0.18124577,,,0.17400109,,,
851600,0.21503034,0.2282015,,,,,
851700,0.085583309,,0.11393578,,,,
851800,0.21485391,0.22818864,,,,,
851900,0.22082654,,,0.17400143,,,
852000,0.21416973,0.22817848,,,,,
852100,0.17611069,,,0.17401136,,,
852200,0.21282466,0.22817169,,,,,
852300,0.21421132,0.22816367,,,,,
852400,0.2158305,,,0.1740169,,,
852500,0.21807074,0.22815347,,,,,
852600,0.21320184,0.22814955,,,,,
852700,0.22070616,0.2281477,,,,,
852800,0.086145704,,0.11386115,,,,
852900,0.085055906,,0.1138557,,,,
853000,0.21252925,0.22813284,,,,,
853100,0.17263868,,,0.17402627,,,
853200,0.1720069,,,0.17402609,,,
853300,0.17847244,,,0.17402588,,,
853400,0.18369506,,,0.17402708,,,
853500,0.22423229,0.22810421,,,,,
853600,0.23764732,0.22810564,,,,,
853700,0.22048668,0.22810893,,,,,
853800,0.17160006,,,0.17403036,,,
853900,0.17128919,,,0.17403287,,,
854000,0.17119843,,,0.17403468,,,
854100,0.087658271,,0.11378364,,,,
854200,0.23456228,0.22810648,,,,,
854300,0.21525019,0.22810384,,,,,
854400,0.19012791,,,0.1740426,,,
854500,0.17324158,,,0.17404246,,,
854600,0.17358709,,,0.17404254,,,
854700,0.088118072,,0.11374766,,,,
854800,0.17539641,,,0.17404349,,,
854900,0.18079832,,,0.17404725,,,
855000,0.21486203,0.22807006,,,,,
855100,0.17673394,,,0.17405874,,,
855200,0.21058155,0.22805694,,,,,
855300,0.21090085,0.22804923,,,,,
855400,0.18660096,,,0.17406245,,,
855500,0.21679855,0.22803937,,,,,
855600,0.17447442,,,0.1740653,,,
855700,0.21108384,0.22802491,,,,,
855800,0.17341547,,,0.17406596,,,
855900,0.17135695,,,0.17406747,,,
856000,0.17602928,,,0.17406989,,,
856100,0.17382096,,,0.17407161,,,
856200,0.20952612,0.22798372,,,,,
856300,0.083646516,,0.1136384,,,,
856400,0.17312254,,,0.17407679,,,
856500,0.17947662,,,0.17407767,,,
856600,0.20980799,0.22795004,,,,,
856700,0.21377439,0.22794339,,,,,
856800,0.22334485,0.22793453,,,,,
856900,0.1761728,,,0.17408013,,,
857000,0.17997289,,,0.1740821,,,
857100,0.17238786,,,0.1740825,,,
857200,0.082660903,,0.11358204,,,,
857300,0.22403185,0.22789813,,,,,
857400,0.18440721,,,0.17408375,,,
857500,0.21283414,0.2278855,,,,,
857600,0.085959091,,0.1135574,,,,
857700,0.21927986,0.22787622,,,,,
857800,0.17821631,,,0.17409777,,,
857900,0.17217973,,,0.17410157,,,
858000,0.21181173,0.22786677,,,,,
858100,0.21175412,0.22785927,,,,,
858200,0.21078752,0.22785328,,,,,
858300,0.1850171,,,0.1741041,,,
858400,0.17138999,,,0.17410726,,,
858500,0.21448395,0.22783143,,,,,
858600,0.2182219,0.22782468,,,,,
858700,0.22553103,0.2278228,,,,,
858800,0.17991684,,,0.1741115,,,
858900,0.17513868,,,0.17411531,,,
859000,0.21591347,0.22781146,,,,,
859100,0.17718355,,,0.17411716,,,
859200,0.084261982,,0.11345716,,,,
859300,0.083856622,,0.11344889,,,,
859400,0.17201586,,,0.17412191,,,
859500,0.17470436,,,0.17412399,,,
859600,0.17694065,,,0.17412396,,,
859700,0.17257053,,,0.1741239,,,
859800,0.084765282,,0.11341606,,,,
859900,0.17377161,,,0.17412533,,,
860000,0.21362499,0.22773514,,,,,
860100,0.17290336,,,0.17413191,,,
860200,0.21340442,0.22771994,,,,,
860300,0.17189134,,,0.17413179,,,
860400,0.17216821,,,0.17413666,,,
860500,0.17341502,,,0.17413699,,,
860600,0.17469614,,,0.17413683,,,
860700,0.085199193,,0.11335906,,,,
860800,0.17225396,,,0.17413649,,,
860900,0.17271852,,,0.1741388,,,
861000,0.1740171,,,0.17414359,,,
861100,0.1746938,,,0.17414437,,,
861200,0.08954558,,0.11332813,,,,
861300,0.17523617,,,0.17414671,,,
861400,0.18129521,,,0.17415603,,,
861500,0.17740208,,,0.17415607,,,
861600,0.086772248,,0.11330302,,,,
861700,0.21934465,0.22763204,,,,,
861800,0.17243786,,,0.17415577,,,
861900,0.1749509,,,0.17415832,,,
862000,0.18493057,,,0.17416215,,,
862100,0.086610876,,0.11327442,,,,
862200,0.17434243,,,0.1741634,,,
862300,0.17824516,,,0.17416327,,,
862400,0.17160117,,,0.17416431,,,
862500,0.1875293,,,0.17417161,,,
862600,0.22600175,0.22760083,,,,,
862700,0.085122617,,0.11323803,,,,
862800,0.21355648,0.22758671,,,,,
862900,0.17593281,,,0.17418395,,,
863000,0.23683817,0.22758319,,,,,
863100,0.23925746,0.22758915,,,,,
863200,0.21438598,0.22758788,,,,,
863300,0.2122696,0.2275783,,,,,
863400,0.17186465,,,0.17419272,,,
863500,0.1803681,,,0.17419301,,,
863600,0.17240033,,,0.17419277,,,
863700,0.2143119,0.22756569,,,,,
863800,0.21151722,0.22755772,,,,,
863900,0.17933232,,,0.17419712,,,
864000,0.22374393,0.2275469,,,,,
864100,0.22692167,0.22754775,,,,,
864200,0.21373135,0.22754658,,,,,
864300,0.081858998,,0.11313582,,,,
864400,0.17374463,,,0.17420124,,,
864500,0.21306657,0.22752323,,,,,
864600,0.17547954,,,0.17420461,,,
864700,0.22074784,0.22751267,,,,,
864800,0.17822987,,,0.17420484,,,
864900,0.17190467,,,0.1742095,,,
865000,0.18053741,,,0.17421442,,,
865100,0.17621137,,,0.17421624,,,
865200,0.21448257,0.22747498,,,,,
865300,0.17624901,,,0.17421836,,,
865400,0.17223344,,,0.17422273,,,
865500,0.17619736,,,0.17422623,,,
865600,0.17271473,,,0.17422629,,,
865700,0.21142955,0.22743754,,,,,
865800,0.21051129,0.22742624,,,,,
865900,0.17360145,,,0.17422817,,,
866000,0.17496648,,,0.17423169,,,
866100,0.17442213,,,0.17423151,,,
866200,0.21797621,0.22740301,,,,,
866300,0.17474588,,,0.17423176,,,
866400,0.17134785,,,0.17423329,,,
866500,0.19311303,,,0.17424079,,,
866600,0.084137862,,0.11298818,,,,
866700,0.22343063,0.22737485,,,,,
866800,0.17788779,,,0.17424126,,,
866900,0.17209076,,,0.17425029,,,
867000,0.18317294,,,0.17425109,,,
867100,0.084991588,,0.11295612,,,,
867200,0.21307948,0.22734619,,,,,
867300,0.21165196,0.22733846,,,,,
867400,0.17385133,,,0.17425304,,,
867500,0.17318115,,,0.1742555,,,
867600,0.17364322,,,0.17425532,,,
867700,0.21094172,0.22732546,,,,,
867800,0.17357094,,,0.17425498,,,
867900,0.17179786,,,0.1742572,,,
868000,0.19140176,,,0.1742616,,,
868100,0.17252936,,,0.17426205,,,
868200,0.17412477,,,0.17426176,,,
868300,0.21012244,0.22727769,,,,,
868400,0.18969587,,,0.17426419,,,
868500,0.21148795,0.22726899,,,,,
868600,0.21026589,0.22726115,,,,,
868700,0.084094142,,0.11285057,,,,
868800,0.2145058,0.22724831,,,,,
868900,0.17307483,,,0.17427199,,,
869000,0.17682093,,,0.17427167,,,
869100,0.17221038,,,0.17427131,,,
869200,0.21590942,0.22722126,,,,,
869300,0.1729128,,,0.17427108,,,
869400,0.17466545,,,0.17427615,,,
869500,0.1758696,,,0.17427685,,,
869600,0.21202403,0.22720231,,,,,
869700,0.21271408,0.22719477,,,,,
869800,0.21765084,0.22718999,,,,,
869900,0.17239794,,,0.1742846,,,
870000,0.17907185,,,0.17428519,,,
870100,0.091778237,,0.11276333,,,,
870200,0.2454335,0.22719126,,,,,
870300,0.18249559,,,0.17428477,,,
870400,0.18020426,,,0.17428883,,,
870500,0.095100179,,0.11273941,,,,
870600,0.17196321,,,0.17429234,,,
870700,0.21665271,0.22720172,,,,,
870800,0.17215505,,,0.17429215,,,
870900,0.17866778,,,0.17429421,,,
871000,0.17998577,,,0.17429797,,,
871100,0.21187713,0.22718017,,,,,
871200,0.22011207,0.22717683,,,,,
871300,0.17366049,,,0.17430028,,,
871400,0.17896878,,,0.17430702,,,
871500,0.1762942,,,0.17430946,,,
871600,0.083552131,,0.11267939,,,,
871700,0.17287515,,,0.17431018,,,
871800,0.1729699,,,0.17430993,,,
871900,0.17148866,,,0.17431464,,,
872000,0.18063133,,,0.17431561,,,
872100,0.22230269,0.22719005,,,,,
872200,0.17236696,,,0.17431492,,,
872300,0.18915393,,,0.17431517,,,
872400,0.18837265,,,0.17431779,,,
872500,0.17471257,,,0.17431952,,,
872600,0.21698068,0.22719791,,,,,
872700,0.22096057,0.22719356,,,,,
872800,0.17161988,,,0.17431912,,,
872900,0.17396875,,,0.17432404,,,
873000,0.17128472,,,0.17432517,,,
873100,0.084146007,,0.11259091,,,,
873200,0.21405033,0.22717452,,,,,
873300,0.082766814,,0.11257433,,,,
873400,0.21628472,,,0.17433385,,,
873500,0.1720176,,,0.1743367,,,
873600,0.23119579,0.22715484,,,,,
873700,0.22400407,0.22715313,,,,,
873800,0.22434624,0.22715009,,,,,
873900,0.17458297,,,0.17433759,,,
874000,0.21275912,0.22714372,,,,,
874100,0.22156556,0.22713861,,,,,
874200,0.17177998,,,0.17434265,,,
874300,0.088788307,,0.11251922,,,,
874400,0.17552808,,,0.17434517,,,
874500,0.212257,0.22712664,,,,,
874600,0.21977508,0.22712166,,,,,
874700,0.21566107,0.22711766,,,,,
874800,0.17414241,,,0.17434785,,,
874900,0.17151678,,,0.17434935,,,
875000,0.19013372,,,0.1743601,,,
875100,0.084879129,,0.11247821,,,,
875200,0.21473622,0.22709697,,,,,
875300,0.21712973,0.22709122,,,,,
875400,0.1783105,,,0.17437078,,,
875500,0.22276285,0.22708356,,,,,
875600,0.17194774,,,0.17437223,,,
875700,0.08447597,,0.11244131,,,,
875800,0.2186436,0.22708252,,,,,
875900,0.18370159,,,0.17437336,,,
876000,0.21365157,0.22707388,,,,,
876100,0.17308172,,,0.17437564,,,
876200,0.17181933,,,0.17437518,,,
876300,0.22100842,0.22705862,,,,,
876400,0.17177901,,,0.17437679,,,
876500,0.17348566,,,0.17437798,,,
876600,0.085869255,,0.11238801,,,,
876700,0.22536576,0.2270494,,,,,
876800,0.17265143,,,0.17437925,,,
876900,0.17622653,,,0.17438064,,,
877000,0.18616311,,,0.17438519,,,
877100,0.21400411,0.22702954,,,,,
877200,0.17318894,,,0.17439013,,,
877300,0.1772492,,,0.17439003,,,
877400,0.1846383,,,0.17439224,,,
877500,0.21549025,0.22701556,,,,,
877600,0.22110109,0.22701085,,,,,
877700,0.17686626,,,0.17439416,,,
877800,0.23467199,0.22700356,,,,,
877900,0.19543767,,,0.17439796,,,
878000,0.21435332,0.22699662,,,,,
878100,0.21511355,0.22699133,,,,,
878200,0.17240394,,,0.1744022,,,
878300,0.21434025,0.22698345,,,,,
878400,0.21113348,,,0.17440747,,,
878500,0.17221048,,,0.17440861,,,
878600,0.22549383,0.22696837,,,,,
878700,0.23161325,0.22697117,,,,,
878800,0.090040196,,0.11226467,,,,
878900,0.17455802,,,0.17440879,,,
879000,0.22149312,0.22696517,,,,,
879100,0.08732162,,0.11225176,,,,
879200,0.17271265,,,0.17441316,,,
879300,0.2159598,0.22695192,,,,,
879400,0.10854114,,0.11223357,,,,
879500,0.21935169,0.22694907,,,,,
879600,0.21737427,0.22694422,,,,,
879700,0.21367697,0.22693768,,,,,
879800,0.21670532,0.22693151,,,,,
879900,0.19839279,,,0.17441668,,,
880000,0.21792054,0.22692354,,,,,
880100,0.21433029,0.22691797,,,,,
880200,0.21741297,0.22691535,,,,,
880300,0.21289989,0.22690864,,,,,
880400,0.2021022,,,0.1744201,,,
880500,0.087132157,,0.11217368,,,,
880600,0.17764417,,,0.17442467,,,
880700,0.2177203,0.22689339,,,,,
880800,0.21879898,0.22688771,,,,,
880900,0.19389906,,,0.17442707,,,
881000,0.22661677,0.22688433,,,,,
881100,0.17596719,,,0.17443035,,,
881200,0.17325058,,,0.17442995,,,
881300,0.2202865,0.22687701,,,,,
881400,0.20179515,,,0.17443024,,,
881500,0.22445938,0.22687074,,,,,
881600,0.22102625,0.22686744,,,,,
881700,0.088256899,,0.112108,,,,
881800,0.22565851,0.22685859,,,,,
881900,0.20457837,,,0.17444503,,,
882000,0.086360128,,0.11209196,,,,
882100,0.17243341,,,0.17444802,,,
882200,0.21468187,0.22684764,,,,,
882300,0.21542882,0.22684069,,,,,
882400,0.24426697,,,0.17445166,,,
882500,0.17362954,,,0.1744609,,,
882600,0.21753913,0.22683115,,,,,
882700,0.2215868,0.22682878,,,,,
882800,0.21296785,0.22682249,,,,,
882900,0.23181039,,,0.17446358,,,
883000,0.21727664,0.22681158,,,,,
883100,0.2132264,0.22680893,,,,,
883200,0.090925846,,0.11202142,,,,
883300,0.17362737,,,0.17446719,,,
883400,0.083716861,,0.11200681,,,,
883500,0.22320973,0.22679099,,,,,
883600,0.17610413,,,0.17447493,,,
883700,0.21228419,0.226782,,,,,
883800,0.17120257,,,0.17447544,,,
883900,0.20210406,,,0.17447599,,,
884000,0.083300947,,0.11197389,,,,
884100,0.18349535,,,0.17448297,,,
884200,0.17182913,,,0.17448457,,,
884300,0.17345241,,,0.17448433,,,
884400,0.19233737,,,0.17448963,,,
884500,0.083447443,,0.11194427,,,,
884600,0.2118586,0.22673445,,,,,
884700,0.21440628,0.22672985,,,,,
884800,0.21010468,0.22672084,,,,,
884900,0.20649507,,,0.17449755,,,
885000,0.21822492,0.2267106,,,,,
885100,0.21695307,0.2267051,,,,,
885200,0.086428326,,0.11190051,,,,
885300,0.21336796,0.22670114,,,,,
885400,0.22830552,,,0.17450717,,,
885500,0.082912363,,0.11188466,,,,
885600,0.17676632,,,0.17451071,,,
885700,0.2262827,0.22668052,,,,,
885800,0.21676001,0.22667849,,,,,
885900,0.18822566,,,0.17451156,,,
886000,0.2131187,0.22666807,,,,,
886100,0.1717488,,,0.17451737,,,
886200,0.21238025,0.22665626,,,,,
886300,0.23035215,0.22664961,,,,,
886400,0.21354876,,,0.17451638,,,
886500,0.21487014,0.22664054,,,,,
886600,0.22429578,0.22663855,,,,,
886700,0.23398757,0.2266402,,,,,
886800,0.23162012,0.22664472,,,,,
886900,0.18408041,,,0.1745242,,,
887000,0.17172503,,,0.17452407,,,
887100,0.22205654,0.22663629,,,,,
887200,0.2169684,0.22663166,,,,,
887300,0.083992943,,0.11178136,,,,
887400,0.19172699,,,0.17452567,,,
887500,0.21580852,0.22661847,,,,,
887600,0.21691044,0.22661609,,,,,
887700,0.085051485,,0.11175993,,,,
887800,0.23268912,0.22662057,,,,,
887900,0.17972734,,,0.17452572,,,
888000,0.17412396,,,0.17453124,,,
888100,0.17192542,,,0.17453049,,,
888200,0.085702853,,0.11173103,,,,
888300,0.083082044,,0.11172372,,,,
888400,0.21156706,,,0.17453306,,,
888500,0.17311647,,,0.1745381,,,
888600,0.17263129,,,0.17453766,,,
888700,0.083843597,,0.11170242,,,,
888800,0.18051404,,,0.17453715,,,
888900,0.23661607,0.22664077,,,,,
889000,0.229389,0.22664313,,,,,
889100,0.21938215,0.226643,,,,,
889200,0.17197687,,,0.17453919,,,
889300,0.090383733,,0.1116643,,,,
889400,0.17336644,,,0.17454035,,,
889500,0.22323143,0.22663252,,,,,
889600,0.17303073,,,0.17454437,,,
889700,0.17217447,,,0.17454375,,,
889800,0.22862646,0.22662022,,,,,
889900,0.17587886,,,0.17454435,,,
890000,0.1798104,,,0.17454799,,,
890100,0.17813116,,,0.17454905,,,
890200,0.21440926,0.2266112,,,,,
890300,0.21819595,0.2266044,,,,,
890400,0.18010032,,,0.17454859,,,
890500,0.21478914,0.22659573,,,,,
890600,0.082502552,,0.11158924,,,,
890700,0.082124384,,0.11158323,,,,
890800,0.21966746,0.22657428,,,,,
890900,0.17191582,,,0.17455426,,,
891000,0.22117739,0.2265677,,,,,
891100,0.17297949,,,0.17455996,,,
891200,0.21272301,0.22655723,,,,,
891300,0.2113242,0.22654902,,,,,
891400,0.17199496,,,0.17455905,,,
891500,0.21245825,0.226539,,,,,
891600,0.17378605,,,0.17456293,,,
891700,0.17270846,,,0.17456247,,,
891800,0.17302441,,,0.17456218,,,
891900,0.21274952,0.22651447,,,,,
892000,0.21281218,0.22651015,,,,,
892100,0.17199532,,,0.17456659,,,
892200,0.17353985,,,0.17456571,,,
892300,0.21591295,0.22649193,,,,,
892400,0.22350007,0.22648913,,,,,
892500,0.21168642,0.22648472,,,,,
892600,0.2179338,0.22647955,,,,,
892700,0.21243393,0.22647503,,,,,
892800,0.081636246,,0.11145291,,,,
892900,0.21067384,0.22646012,,,,,
893000,0.21384472,0.22645539,,,,,
893100,0.21173795,0.22645192,,,,,
893200,0.17371436,,,0.17457768,,,
893300,0.17268963,,,0.17457738,,,
893400,0.191364,,,0.17457767,,,
893500,0.21879999,0.22642808,,,,,
893600,0.22672266,0.22642599,,,,,
893700,0.22072871,0.22642631,,,,,
893800,0.081670867,,0.1113917,,,,
893900,0.17800295,,,0.17458278,,,
894000,0.2105503,0.22640955,,,,,
894100,0.21305204,0.22640465,,,,,
894200,0.17393856,,,0.1745857,,,
894300,0.21386129,0.22639314,,,,,
894400,0.22163361,0.22639102,,,,,
894500,0.18083638,,,0.17458798,,,
894600,0.17151675,,,0.17458854,,,
894700,0.21744503,0.22637553,,,,,
894800,0.211716,0.22636874,,,,,
894900,0.21011462,0.2263615,,,,,
895000,0.21470628,0.22635831,,,,,
895100,0.082347023,,0.11131588,,,,
895200,0.22815604,0.22634769,,,,,
895300,0.21320535,0.22634517,,,,,
895400,0.091591368,,0.11129549,,,,
895500,0.18441713,,,0.17459348,,,
895600,0.086220649,,0.11128593,,,,
895700,0.087277552,,0.1112801,,,,
895800,0.081188443,,0.11127228,,,,
895900,0.17448616,,,0.17459709,,,
896000,0.21262384,0.22630723,,,,,
896100,0.17460189,,,0.17460467,,,
896200,0.17347893,,,0.1746049,,,
896300,0.081049261,,0.11124372,,,,
896400,0.081958984,,0.11123777,,,,
896500,0.21927363,0.22629069,,,,,
896600,0.23089007,0.2262906,,,,,
896700,0.21866162,0.22629233,,,,,
896800,0.17230407,,,0.1746105,,,
896900,0.21344382,0.22627927,,,,,
897000,0.18689444,,,0.17461581,,,
897100,0.08387144,,0.11119807,,,,
897200,0.17799327,,,0.17462192,,,
897300,0.21167355,0.22627246,,,,,
897400,0.17189033,,,0.17462221,,,
897500,0.20992077,0.22626307,,,,,
897600,0.17119262,,,0.17463027,,,
897700,0.17137733,,,0.17462937,,,
897800,0.17882418,,,0.17462945,,,
897900,0.21409982,0.22623503,,,,,
898000,0.082832454,,0.11114248,,,,
898100,0.23797209,0.22623469,,,,,
898200,0.21720123,0.22623158,,,,,
898300,0.083121275,,0.11112272,,,,
898400,0.17203437,,,0.17463509,,,
898500,0.21862595,0.22621382,,,,,
898600,0.21010609,0.22620895,,,,,
898700,0.17235508,,,0.17464043,,,
898800,0.1155531,,0.11109605,,,,
898900,0.1722906,,,0.17464049,,,
899000,0.081713671,,0.11108722,,,,
899100,0.173224,,,0.1746458,,,
899200,0.17183026,,,0.17464499,,,
899300,0.17764351,,,0.17464472,,,
899400,0.17182657,,,0.17464423,,,
899500,0.082126799,,0.11105708,,,,
899600,0.17542602,,,0.17464877,,,
899700,0.17234652,,,0.17464816,,,
899800,0.21167813,0.2261439,,,,,
899900,0.17193517,,,0.17464927,,,
900000,0.2164277,0.22613445,,,,,
900100,0.18427259,,,0.17465379,,,
900200,0.17154785,,,0.1746541,,,
900300,0.21389123,0.22612255,,,,,
900400,0.081294573,,0.11099988,,,,
900500,0.21554334,0.22611229,,,,,
900600,0.17169489,,,0.17465599,,,
900700,0.2162461,0.22610058,,,,,
900800,0.21403116,0.22609355,,,,,
900900,0.081854623,,0.11097027,,,,
901000,0.17521553,,,0.17466038,,,
901100,0.084963699,,0.11096095,,,,
901200,0.082433201,,0.11095557,,,,
901300,0.21121883,0.22607005,,,,,
901400,0.17609245,,,0.17465915,,,
901500,0.17520957,,,0.1746638,,,
901600,0.082467017,,0.11093104,,,,
901700,0.21427449,0.22605097,,,,,
901800,0.20856865,0.22604168,,,,,
901900,0.19032428,,,0.17466349,,,
902000,0.17469075,,,0.1746712,,,
902100,0.17316017,,,0.17467095,,,
902200,0.21007886,0.22601622,,,,,
902300,0.083602283,,0.11088694,,,,
902400,0.081190169,,0.11088026,,,,
902500,0.17694665,,,0.17467265,,,
902600,0.082282579,,0.11087024,,,,
902700,0.21519284,0.22598741,,,,,
902800,0.080591576,,0.1108565,,,,
902900,0.21196568,0.22597474,,,,,
903000,0.17150425,,,0.17467904,,,
903100,0.20950571,0.22596594,,,,,
903200,0.20858166,0.22595744,,,,,
903300,0.21164338,0.22594638,,,,,
903400,0.084255151,,0.11081986,,,,
903500,0.17232542,,,0.17468614,,,
903600,0.082181255,,0.11081034,,,,
903700,0.21174087,0.22591949,,,,,
903800,0.20851503,0.22590977,,,,,
903900,0.081415141,,0.11079153,,,,
904000,0.17457549,,,0.1746884,,,
904100,0.2109242,0.22588987,,,,,
904200,0.21470083,0.22588173,,,,,
904300,0.081566264,,0.1107684,,,,
904400,0.081591334,,0.11076139,,,,
904500,0.20871524,0.22586265,,,,,
904600,0.21030527,0.22585257,,,,,
904700,0.22137735,0.22584757,,,,,
904800,0.081857827,,0.11073794,,,,
904900,0.080985166,,0.11073081,,,,
905000,0.17491783,,,0.17469852,,,
905100,0.21784468,0.22581717,,,,,
905200,0.21976347,0.22581437,,,,,
905300,0.21139088,0.22580919,,,,,
905400,0.20858272,0.2258002,,,,,
905500,0.17230579,,,0.17470784,,,
905600,0.20929201,0.2257881,,,,,
905700,0.21674377,0.22578071,,,,,
905800,0.092384972,,0.11068013,,,,
905900,0.21081677,0.2257661,,,,,
906000,0.17873095,,,0.17471358,,,
906100,0.21495317,0.22575383,,,,,
906200,0.22182822,0.22574885,,,,,
906300,0.21023088,0.22573962,,,,,
906400,0.21236114,0.22573356,,,,,
906500,0.17715074,,,0.17471629,,,
906600,0.082616253,,0.11063462,,,,
906700,0.2125262,0.225717,,,,,
906800,0.21283313,0.22570704,,,,,
906900,0.17283951,,,0.1747189,,,
907000,0.18349082,,,0.17472148,,,
907100,0.083349846,,0.11060597,,,,
907200,0.08275826,,0.11060031,,,,
907300,0.21027044,0.22568017,,,,,
907400,0.2109633,0.22567225,,,,,
907500,0.1715706,,,0.17472929,,,
907600,0.20986984,0.22566001,,,,,
907700,0.21365928,0.22565219,,,,,
907800,0.08200337,,0.11056355,,,,
907900,0.20976937,0.22563332,,,,,
908000,0.17354329,,,0.1747339,,,
908100,0.1718199,,,0.1747349,,,
908200,0.23047392,0.22562078,,,,,
908300,0.21672617,0.22561967,,,,,
908400,0.081892309,,0.11052802,,,,
908500,0.17265384,,,0.17473992,,,
908600,0.21026059,0.22560014,,,,,
908700,0.21004619,0.22559352,,,,,
908800,0.21180988,0.22558371,,,,,
908900,0.22476453,0.2255814,,,,,
909000,0.082922347,,0.1104962,,,,
909100,0.082831514,,0.11049141,,,,
909200,0.17660212,,,0.17474784,,,
909300,0.096981349,,0.11047874,,,,
909400,0.21294344,0.22556149,,,,,
909500,0.17286924,,,0.17475183,,,
909600,0.083049942,,0.11046423,,,,
909700,0.17873437,,,0.17475409,,,
909800,0.22354681,0.22555412,,,,,
909900,0.22265288,0.22555139,,,,,
910000,0.17762743,,,0.17475989,,,
910100,0.083705795,,0.11043541,,,,
910200,0.17374314,,,0.17476288,,,
910300,0.21183444,0.22553744,,,,,
910400,0.2127256,0.22552964,,,,,
910500,0.17147993,,,0.17476764,,,
910600,0.22263191,0.2255218,,,,,
910700,0.17547002,,,0.17476712,,,
910800,0.21119811,0.22550929,,,,,
910900,0.22157546,0.22550499,,,,,
911000,0.083214497,,0.11038502,,,,
911100,0.21182322,0.22549558,,,,,
911200,0.17260992,,,0.17477091,,,
911300,0.082284614,,0.11036769,,,,
911400,0.17206008,,,0.17477018,,,
911500,0.087120821,,0.11035728,,,,
911600,0.1713138,,,0.17477539,,,
911700,0.21205735,0.22547181,,,,,
911800,0.21759187,0.22546366,,,,,
911900,0.21390385,0.22545891,,,,,
912000,0.17239092,,,0.17477711,,,
912100,0.21741999,0.22544895,,,,,
912200,0.17352683,,,0.17477837,,,
912300,0.21036012,0.22543962,,,,,
912400,0.21211587,0.22543071,,,,,
912500,0.17713641,,,0.17477948,,,
912600,0.2313757,0.22542706,,,,,
912700,0.21061739,0.22542199,,,,,
912800,0.20902866,0.22541334,,,,,
912900,0.20913713,0.22540449,,,,,
913000,0.080755301,,0.11027413,,,,
913100,0.20774525,0.22539276,,,,,
913200,0.17336803,,,0.17478643,,,
913300,0.081021645,,0.11025591,,,,
913400,0.17544492,,,0.17478566,,,
913500,0.20808874,0.22536224,,,,,
913600,0.17307961,,,0.17478887,,,
913700,0.22084834,0.22534836,,,,,
913800,0.080974975,,0.11022636,,,,
913900,0.21059669,0.22533219,,,,,
914000,0.21683499,0.22532976,,,,,
914100,0.17163919,,,0.17479352,,,
914200,0.081341366,,0.11020377,,,,
914300,0.21059068,0.22530995,,,,,
914400,0.17625723,,,0.17479236,,,
914500,0.20825369,0.22529565,,,,,
914600,0.081621319,,0.11017981,,,,
914700,0.081109937,,0.11017404,,,,
914800,0.17139618,,,0.17479657,,,
914900,0.080369676,,0.11015922,,,,
915000,0.21437679,0.22525965,,,,,
915100,0.21210791,0.22525191,,,,,
915200,0.20960707,0.22524428,,,,,
915300,0.20846831,0.22523667,,,,,
915400,0.18523384,,,0.17480398,,,
915500,0.18258339,,,0.17480753,,,
915600,0.21015589,0.22522152,,,,,
915700,0.21289963,0.22521479,,,,,
915800,0.21582893,0.22520689,,,,,
915900,0.082483545,,0.11010243,,,,
916000,0.17330868,,,0.17481702,,,
916100,0.21449468,0.22519338,,,,,
916200,0.21411473,0.22518747,,,,,
916300,0.2125059,0.22518027,,,,,
916400,0.082759735,,0.11007499,,,,
916500,0.1822539,,,0.17481625,,,
916600,0.083821132,,0.11006652,,,,
916700,0.21513783,0.22516021,,,,,
916800,0.21111227,0.22515624,,,,,
916900,0.21124755,0.22514817,,,,,
917000,0.17387443,,,0.17481882,,,
917100,0.17224652,,,0.17481931,,,
917200,0.083319669,,0.11003531,,,,
917300,0.21351474,0.22513043,,,,,
917400,0.082774449,,0.1100221,,,,
917500,0.18061539,,,0.17482025,,,
917600,0.084040265,,0.11001395,,,,
917700,0.21019915,0.22510768,,,,,
917800,0.173374,,,0.17482422,,,
917900,0.21708171,0.22509341,,,,,
918000,0.17519655,,,0.17482879,,,
918100,0.084490583,,0.1099885,,,,
918200,0.084585963,,0.10998358,,,,
918300,0.21122382,0.22507537,,,,,
918400,0.21487697,0.22506792,,,,,
918500,0.17128771,,,0.17483537,,,
918600,0.21113609,0.22505885,,,,,
918700,0.21294054,0.22505344,,,,,
918800,0.17179321,,,0.17483328,,,
918900,0.21100801,0.22504253,,,,,
919000,0.1732286,,,0.17483973,,,
919100,0.083806605,,0.10993637,,,,
919200,0.21126897,0.22502841,,,,,
919300,0.21236909,0.22502058,,,,,
919400,0.21550852,0.225016,,,,,
919500,0.17650174,,,0.17484217,,,
919600,0.21597429,0.22500724,,,,,
919700,0.21357867,0.22500213,,,,,
919800,0.21658855,0.22499826,,,,,
919900,0.2234051,0.22499627,,,,,
920000,0.17932932,,,0.17484891,,,
920100,0.087737663,,0.10989081,,,,
920200,0.18036839,,,0.17485404,,,
920300,0.087945579,,0.10988133,,,,
920400,0.17646972,,,0.17485327,,,
920500,0.17884583,,,0.17485571,,,
920600,0.22455548,0.22499129,,,,,
920700,0.23330109,0.2249928,,,,,
920800,0.21502325,0.22498842,,,,,
920900,0.090223006,,0.10985445,,,,
921000,0.17175151,,,0.17485938,,,
921100,0.21695019,0.22498827,,,,,
921200,0.21611879,0.22498628,,,,,
921300,0.22496073,0.22498292,,,,,
921400,0.22163213,0.22498375,,,,,
921500,0.17176555,,,0.17486199,,,
921600,0.22390341,0.22497893,,,,,
921700,0.088120077,,0.10982619,,,,
921800,0.17336056,,,0.17486105,,,
921900,0.086609635,,0.10981524,,,,
922000,0.17936765,,,0.17486196,,,
922100,0.2162025,0.22495853,,,,,
922200,0.17570744,,,0.17486418,,,
922300,0.17723116,,,0.17486412,,,
922400,0.08828459,,0.10979346,,,,
922500,0.22142481,0.22495083,,,,,
922600,0.17124015,,,0.17486814,,,
922700,0.088599431,,0.10978261,,,,
922800,0.21835675,0.22495379,,,,,
922900,0.088226075,,0.10977122,,,,
923000,0.19559541,,,0.17487082,,,
923100,0.17699519,,,0.17487525,,,
923200,0.22264359,0.22493785,,,,,
923300,0.21791113,0.2249362,,,,,
923400,0.21692953,0.22493155,,,,,
923500,0.17666796,,,0.1748778,,,
923600,0.08715909,,0.10974138,,,,
923700,0.086063661,,0.10973693,,,,
923800,0.21689905,0.22492067,,,,,
923900,0.21240958,0.22491435,,,,,
924000,0.21208613,0.22491149,,,,,
924100,0.21495008,0.22490532,,,,,
924200,0.23013898,0.22490388,,,,,
924300,0.21218948,0.22490271,,,,,
924400,0.17743154,,,0.17488387,,,
924500,0.18488273,,,0.17488602,,,
924600,0.22094267,0.22488855,,,,,
924700,0.23713228,0.22489023,,,,,
924800,0.084097323,,0.10968451,,,,
924900,0.17187078,,,0.17488743,,,
925000,0.21818205,0.22487556,,,,,
925100,0.17311133,,,0.1748914,,,
925200,0.085494694,,0.10966679,,,,
925300,0.22085514,0.22488378,,,,,
925400,0.2257361,0.2248834,,,,,
925500,0.1781885,,,0.17489846,,,
925600,0.17139592,,,0.17489862,,,
925700,0.21805626,0.22487264,,,,,
925800,0.090312161,,0.10963713,,,,
925900,0.21414697,0.2248665,,,,,
926000,0.17235332,,,0.17490256,,,
926100,0.21219782,0.22485824,,,,,
926200,0.22190977,0.22485353,,,,,
926300,0.21735215,0.2248557,,,,,
926400,0.08276099,,0.1096101,,,,
926500,0.21586839,0.22484605,,,,,
926600,0.084175936,,0.10960218,,,,
926700,0.23251511,0.22484409,,,,,
926800,0.21772353,0.22484672,,,,,
926900,0.17336294,,,0.17491073,,,
927000,0.21914979,0.22484145,,,,,
927100,0.23301817,0.22484416,,,,,
927200,0.090095625,,0.10957892,,,,
927300,0.21489957,0.22484533,,,,,
927400,0.18707678,,,0.17491506,,,
927500,0.17548971,,,0.17492207,,,
927600,0.21330993,0.22483061,,,,,
927700,0.21508899,0.2248268,,,,,
927800,0.21362893,0.22482285,,,,,
927900,0.20990095,0.2248152,,,,,
928000,0.18262745,,,0.17492108,,,
928100,0.22474922,0.22480828,,,,,
928200,0.21766494,0.22480439,,,,,
928300,0.21200161,0.2248016,,,,,
928400,0.2090559,0.22479356,,,,,
928500,0.17270525,,,0.17493407,,,
928600,0.21235881,0.22478257,,,,,
928700,0.21630086,0.22477615,,,,,
928800,0.21058015,0.22476794,,,,,
928900,0.20832604,0.22475845,,,,,
929000,0.17843603,,,0.17493428,,,
929100,0.083295257,,0.10948119,,,,
929200,0.081359362,,0.10947602,,,,
929300,0.20810062,0.22473485,,,,,
929400,0.08223276,,0.10946314,,,,
929500,0.18359904,,,0.17493869,,,
929600,0.20899474,0.22471903,,,,,
929700,0.20943312,0.22471251,,,,,
929800,0.17286708,,,0.17494545,,,
929900,0.22775036,0.22469858,,,,,
930000,0.17158557,,,0.17494871,,,
930100,0.17420999,,,0.17495048,,,
930200,0.21244748,0.22468986,,,,,
930300,0.088166596,,0.10941578,,,,
930400,0.17455537,,,0.17494841,,,
930500,0.17674129,,,0.1749556,,,
930600,0.17211794,,,0.17495546,,,
930700,0.08237267,,0.10939545,,,,
930800,0.081959219,,0.10938917,,,,
930900,0.17271987,,,0.17495289,,,
931000,0.18090492,,,0.174957,,,
931100,0.17164476,,,0.17495747,,,
931200,0.21406375,0.22463557,,,,,
931300,0.2090758,0.22462746,,,,,
931400,0.17359388,,,0.17495776,,,
931500,0.17964963,,,0.17496489,,,
931600,0.081967197,,0.1093466,,,,
931700,0.21161313,0.22460515,,,,,
931800,0.21001691,0.22459901,,,,,
931900,0.1758571,,,0.1749659,,,
932000,0.17904817,,,0.17496759,,,
932100,0.17352929,,,0.17497148,,,
932200,0.212111,0.22457872,,,,,
932300,0.21605826,0.22457547,,,,,
932400,0.21218233,0.22456794,,,,,
932500,0.17476314,,,0.17497718,,,
932600,0.1743825,,,0.17497758,,,
932700,0.21867822,0.22455432,,,,,
932800,0.22121904,0.22455584,,,,,
932900,0.17225408,,,0.17497968,,,
933000,0.17908252,,,0.17498101,,,
933100,0.21307303,0.22454029,,,,,
933200,0.17643583,,,0.17498517,,,
933300,0.20792943,0.22453166,,,,,
933400,0.21694011,0.22452262,,,,,
933500,0.20916469,,,0.17499196,,,
933600,0.20963415,0.22451319,,,,,
933700,0.21100803,0.22450731,,,,,
933800,0.083119953,,0.10923109,,,,
933900,0.082300112,,0.10922398,,,,
934000,0.19698969,,,0.17499486,,,
934100,0.082732278,,0.10921622,,,,
934200,0.21247964,0.22448123,,,,,
934300,0.081869222,,0.10920566,,,,
934400,0.17190423,,,0.17500219,,,
934500,0.17242634,,,0.17500676,,,
934600,0.1714981,,,0.17500783,,,
934700,0.17199329,,,0.17500757,,,
934800,0.08378417,,0.10917962,,,,
934900,0.17262413,,,0.17500677,,,
935000,0.17755351,,,0.17500863,,,
935100,0.21531088,0.22442985,,,,,
935200,0.20950996,0.22442434,,,,,
935300,0.2097094,0.22441743,,,,,
935400,0.20961779,0.2244118,,,,,
935500,0.226513,,,0.17501339,,,
935600,0.086058389,,0.10913803,,,,
935700,0.08205164,,0.10913341,,,,
935800,0.21471211,0.22439374,,,,,
935900,0.21804289,0.22438789,,,,,
936000,0.17364081,,,0.17501539,,,
936100,0.21477815,0.22438638,,,,,
936200,0.21154608,0.22438097,,,,,
936300,0.2155601,0.22437807,,,,,
936400,0.17300609,,,0.1750218,,,
936500,0.17262176,,,0.17502298,,,
936600,0.082762338,,0.10909127,,,,
936700,0.210199,0.22435907,,,,,
936800,0.20784613,0.2243513,,,,,
936900,0.17286406,,,0.17503184,,,
937000,0.17168629,,,0.17503409,,,
937100,0.17793702,,,0.17503704,,,
937200,0.2084329,0.22433179,,,,,
937300,0.084679336,,0.10905526,,,,
937400,0.081709232,,0.10904855,,,,
937500,0.18066539,,,0.1750454,,,
937600,0.18046422,,,0.17504597,,,
937700,0.17206132,,,0.17504559,,,
937800,0.21330363,0.2242959,,,,,
937900,0.082404534,,0.10902234,,,,
938000,0.17704124,,,0.1750484,,,
938100,0.180459,,,0.17504936,,,
938200,0.082822414,,0.10900776,,,,
938300,0.20856969,0.2242672,,,,,
938400,0.17226665,,,0.17504854,,,
938500,0.171611,,,0.17505013,,,
938600,0.082618538,,0.10898762,,,,
938700,0.21228116,0.22424637,,,,,
938800,0.081627171,,0.10897735,,,,
938900,0.17335988,,,0.17505793,,,
939000,0.17551769,,,0.17506061,,,
939100,0.18226937,,,0.17506185,,,
939200,0.17219237,,,0.17506134,,,
939300,0.086743369,,0.10895221,,,,
939400,0.17200497,,,0.17506004,,,
939500,0.18603182,,,0.17506429,,,
939600,0.1719444,,,0.17506341,,,
939700,0.21159191,0.2241921,,,,,
939800,0.081864759,,0.1089303,,,,
939900,0.20821043,0.22417782,,,,,
940000,0.17343267,,,0.1750679,,,
940100,0.17844842,,,0.17506827,,,
940200,0.08647912,,0.10891061,,,,
940300,0.084867567,,0.10890533,,,,
940400,0.17405488,,,0.17506755,,,
940500,0.17529963,,,0.17506963,,,
940600,0.081233943,,0.10889052,,,,
940700,0.20924263,0.22414121,,,,,
940800,0.20798531,0.22413379,,,,,
940900,0.21041796,0.22412881,,,,,
941000,0.17890867,,,0.17507808,,,
941100,0.17276669,,,0.17507734,,,
941200,0.21690633,0.22412321,,,,,
941300,0.21709097,0.22412075,,,,,
941400,0.17771247,,,0.17507535,,,
941500,0.17668329,,,0.17508136,,,
941600,0.17430518,,,0.17508244,,,
941700,0.21145047,0.22410001,,,,,
941800,0.081196658,,0.10883037,,,,
941900,0.2104806,0.22408972,,,,,
942000,0.19002898,,,0.175086,,,
942100,0.17970288,,,0.17508719,,,
942200,0.082257569,,0.10881084,,,,
942300,0.096201143,,0.10880579,,,,
942400,0.21124745,0.2240634,,,,,
942500,0.17848838,,,0.17509501,,,
942600,0.20867171,0.22405289,,,,,
942700,0.082213077,,0.10878853,,,,
942800,0.20931235,0.22404252,,,,,
942900,0.17307708,,,0.17509571,,,
943000,0.17734522,,,0.1751004,,,
943100,0.21367874,0.22402889,,,,,
943200,0.21296279,0.22402694,,,,,
943300,0.083498146,,0.10875971,,,,
943400,0.17522368,,,0.1750987,,,
943500,0.18319912,,,0.17510577,,,
943600,0.2096725,0.224014,,,,,
943700,0.2199886,0.22401008,,,,,
943800,0.20989741,0.22400377,,,,,
943900,0.17988102,,,0.17510384,,,
944000,0.19504178,,,0.17511482,,,
944100,0.087064496,,0.10872603,,,,
944200,0.082772193,,0.10872146,,,,
944300,0.22037244,0.22398369,,,,,
944400,0.20941173,0.22397789,,,,,
944500,0.18522954,,,0.17511569,,,
944600,0.08764626,,0.10870223,,,,
944700,0.083842037,,0.10869824,,,,
944800,0.22622199,0.22396307,,,,,
944900,0.21813141,0.22396046,,,,,
945000,0.17296398,,,0.17512306,,,
945100,0.21027892,0.22395695,,,,,
945200,0.23036184,0.22395465,,,,,
945300,0.085636991,,0.10867394,,,,
945400,0.17566379,,,0.17512587,,,
945500,0.17736036,,,0.17512688,,,
945600,0.21471019,0.22394229,,,,,
945700,0.18271999,,,0.17513644,,,
945800,0.22011279,0.22394085,,,,,
945900,0.17813691,,,0.17513609,,,
946000,0.177708,,,0.17513808,,,
946100,0.22845729,0.22393109,,,,,
946200,0.21876088,0.22392919,,,,,
946300,0.21726172,0.22392765,,,,,
946400,0.17545971,,,0.17514474,,,
946500,0.1844632,,,0.1751495,,,
946600,0.17830392,,,0.17514884,,,
946700,0.081355766,,0.10861201,,,,
946800,0.081283326,,0.1086061,,,,
946900,0.17699095,,,0.1751479,,,
947000,0.17396538,,,0.17515257,,,
947100,0.085285213,,0.10859136,,,,
947200,0.083584349,,0.10858736,,,,
947300,0.21963945,0.22388578,,,,,
947400,0.17588012,,,0.17515273,,,
947500,0.18072644,,,0.17515782,,,
947600,0.20903188,0.22387402,,,,,
947700,0.21813836,0.22386924,,,,,
947800,0.21114504,0.22386425,,,,,
947900,0.096802667,,0.10855023,,,,
948000,0.18846952,,,0.17515927,,,
948100,0.21199639,0.22385158,,,,,
948200,0.21074913,0.2238464,,,,,
948300,0.21557417,0.22384356,,,,,
948400,0.083709088,,0.10853271,,,,
948500,0.23318239,,,0.17516603,,,
948600,0.20873636,0.22382742,,,,,
948700,0.17366676,,,0.17516965,,,
948800,0.082173608,,0.10851506,,,,
948900,0.17346933,,,0.17516866,,,
949000,0.19215829,,,0.17517356,,,
949100,0.21824925,0.22379982,,,,,
949200,0.20824811,0.22379436,,,,,
949300,0.20995643,0.22378755,,,,,
949400,0.21369685,0.22378099,,,,,
949500,0.22426794,,,0.17517626,,,
949600,0.21452192,0.22377168,,,,,
949700,0.17426653,,,0.17517817,,,
949800,0.210827,0.22375949,,,,,
949900,0.2182277,0.22375397,,,,,
950000,0.1827992,,,0.1751779,,,
950100,0.21396686,0.22374514,,,,,
950200,0.21218875,0.22374082,,,,,
950300,0.08096321,,0.1084442,,,,
950400,0.084194092,,0.10843778,,,,
950500,0.1748465,,,0.17518549,,,
950600,0.083818695,,0.1084311,,,,
950700,0.17813003,,,0.17519319,,,
950800,0.2073121,0.22370043,,,,,
950900,0.21138221,0.22369188,,,,,
951000,0.21128197,,,0.17519569,,,
951100,0.21208989,0.22368133,,,,,
951200,0.20918428,0.22367683,,,,,
951300,0.21354399,0.22367188,,,,,
951400,0.081633228,,0.10838948,,,,
951500,0.22056059,,,0.1752005,,,
951600,0.083741618,,0.10838209,,,,
951700,0.21967021,0.22365077,,,,,
951800,0.22200881,0.22365394,,,,,
951900,0.21128276,0.22364856,,,,,
952000,0.20333595,,,0.17520173,,,
952100,0.21190641,0.2236379,,,,,
952200,0.21262177,0.22363136,,,,,
952300,0.21760045,0.22363004,,,,,
952400,0.21284594,0.2236253,,,,,
952500,0.087669513,,0.10833767,,,,
952600,0.184728,,,0.17521298,,,
952700,0.083571946,,0.10833063,,,,
952800,0.21359602,0.22360505,,,,,
952900,0.21146394,0.22359611,,,,,
953000,0.19210975,,,0.17521156,,,
953100,0.18631037,,,0.17521886,,,
953200,0.17220739,,,0.17521788,,,
953300,0.22208236,0.22357435,,,,,
953400,0.20780005,0.22356447,,,,,
953500,0.2098918,,,0.1752185,,,
953600,0.21427722,0.22355198,,,,,
953700,0.20952413,0.22354501,,,,,
953800,0.083055499,,0.10828066,,,,
953900,0.2193342,0.22353464,,,,,
954000,0.21623014,,,0.17522339,,,
954100,0.084178871,,0.10826927,,,,
954200,0.1721894,,,0.17522864,,,
954300,0.20925876,0.22351911,,,,,
954400,0.17179317,,,0.17522739,,,
954500,0.21034021,,,0.17523117,,,
954600,0.083821173,,0.10824265,,,,
954700,0.17567046,,,0.17523242,,,
954800,0.21369666,0.22349763,,,,,
954900,0.17585824,,,0.17523192,,,
955000,0.19741672,,,0.17523513,,,
955100,0.21878133,0.22348573,,,,,
955200,0.17668867,,,0.17523705,,,
955300,0.22618253,0.22349228,,,,,
955400,0.17286761,,,0.17523647,,,
955500,0.17944659,,,0.17524019,,,
955600,0.22365479,0.22348813,,,,,
955700,0.083177773,,0.10819245,,,,
955800,0.22939772,0.22349572,,,,,
955900,0.1719427,,,0.17523857,,,
956000,0.17599988,,,0.17524148,,,
956100,0.084398508,,0.1081704,,,,
956200,0.21825887,0.22348134,,,,,
956300,0.2259049,0.22348302,,,,,
956400,0.089421084,,0.10815498,,,,
956500,0.18952547,,,0.17524419,,,
956600,0.21288106,0.22347356,,,,,
956700,0.21175462,0.22346756,,,,,
956800,0.21323831,0.2234622,,,,,
956900,0.17576744,,,0.17524727,,,
957000,0.17673533,,,0.17525062,,,
957100,0.084047072,,0.10812782,,,,
957200,0.20821629,0.22344648,,,,,
957300,0.21622867,0.22344021,,,,,
957400,0.21156971,0.22343434,,,,,
957500,0.18849975,,,0.17525091,,,
957600,0.21567293,0.22342898,,,,,
957700,0.08143172,,0.10810002,,,,
957800,0.21610386,0.22341842,,,,,
957900,0.081841812,,0.10808575,,,,
958000,0.21188227,,,0.17525392,,,
958100,0.082005204,,0.10807657,,,,
958200,0.21574231,0.22339729,,,,,
958300,0.082349533,,0.1080643,,,,
958400,0.082258893,,0.10805645,,,,
958500,0.18135362,,,0.17526136,,,
958600,0.21195558,0.2233757,,,,,
958700,0.17542974,,,0.17526795,,,
958800,0.21588535,0.22336502,,,,,
958900,0.22169923,0.22336216,,,,,
959000,0.18741959,,,0.17527248,,,
959100,0.085262007,,0.1080198,,,,
959200,0.1732904,,,0.17527357,,,
959300,0.22076811,0.22335146,,,,,
959400,0.17406908,,,0.1752737,,,
959500,0.18310804,,,0.17527553,,,
959600,0.085727936,,0.10799517,,,,
959700,0.21388462,0.22333685,,,,,
959800,0.21406088,0.22333229,,,,,
959900,0.096477187,,0.10798059,,,,
960000,0.21228694,,,0.1752804,,,
960100,0.21620204,0.22332221,,,,,
960200,0.22543429,0.22332163,,,,,
960300,0.21101693,0.22331782,,,,,
960400,0.21111867,0.22331021,,,,,
960500,0.20100878,,,0.17528005,,,
960600,0.21085937,0.22330143,,,,,
960700,0.17388239,,,0.17528298,,,
960800,0.21090798,0.22328983,,,,,
960900,0.21563596,0.22328772,,,,,
961000,0.2028711,,,0.17528795,,,
961100,0.21701078,0.22328046,,,,,
961200,0.21471241,0.22327845,,,,,
961300,0.21433011,0.2232761,,,,,
961400,0.17530211,,,0.17529,,,
961500,0.1804118,,,0.17529384,,,
961600,0.20951108,0.22326513,,,,,
961700,0.21573098,0.22325976,,,,,
961800,0.2090079,0.22325302,,,,,
961900,0.21703081,0.22324748,,,,,
962000,0.19217159,,,0.1752977,,,
962100,0.20985128,0.22324063,,,,,
962200,0.21726702,0.22323493,,,,,
962300,0.21592095,0.22323286,,,,,
962400,0.17160828,,,0.17529782,,,
962500,0.18395477,,,0.17530001,,,
962600,0.22130735,0.22321984,,,,,
962700,0.22010181,0.22322004,,,,,
962800,0.21852076,0.22321721,,,,,
962900,0.17569474,,,0.17530265,,,
963000,0.18493042,,,0.17530452,,,
963100,0.08349845,,0.10783335,,,,
963200,0.23491628,0.22320983,,,,,
963300,0.2191848,0.22320741,,,,,
963400,0.17459225,,,0.17530227,,,
963500,0.18371831,,,0.17530302,,,
963600,0.21584619,0.22320824,,,,,
963700,0.22984834,0.22320856,,,,,
963800,0.21226412,0.22320565,,,,,
963900,0.17625906,,,0.17530566,,,
964000,0.18726285,,,0.17530631,,,
964100,0.22116789,0.22319132,,,,,
964200,0.22011733,0.2231904,,,,,
964300,0.22286106,0.22318829,,,,,
964400,0.21422584,0.22318364,,,,,
964500,0.20736248,,,0.17531419,,,
964600,0.22932305,0.22318025,,,,,
964700,0.22273734,0.22318021,,,,,
964800,0.22074735,0.22318298,,,,,
964900,0.21128925,0.2231803,,,,,
965000,0.19991713,,,0.17531828,,,
965100,0.17240695,,,0.17531903,,,
965200,0.22427565,0.22316789,,,,,
965300,0.081999911,,0.10773941,,,,
965400,0.083619169,,0.10773297,,,,
965500,0.1792133,,,0.17532129,,,
965600,0.2268676,0.22315293,,,,,
965700,0.087940118,,0.10772027,,,,
965800,0.21477771,0.2231579,,,,,
965900,0.21825723,0.22315306,,,,,
966000,0.19878422,,,0.17532942,,,
966100,0.20813937,0.22314391,,,,,
966200,0.17764082,,,0.17533994,,,
966300,0.083789776,,0.10768965,,,,
966400,0.17482204,,,0.17534031,,,
966500,0.20645602,,,0.17534335,,,
966600,0.21162416,0.22311791,,,,,
966700,0.22613365,0.22311623,,,,,
966800,0.083454552,,0.10766251,,,,
966900,0.17692001,,,0.17534694,,,
967000,0.18402809,,,0.17535103,,,
967100,0.17194809,,,0.17535047,,,
967200,0.17265367,,,0.17534961,,,
967300,0.082705244,,0.10763622,,,,
967400,0.17463969,,,0.17535123,,,
967500,0.19109398,,,0.17535411,,,
967600,0.082758604,,0.10762251,,,,
967700,0.21597159,0.22309888,,,,,
967800,0.21316181,0.22309557,,,,,
967900,0.17147366,,,0.17535116,,,
968000,0.17170315,,,0.17535199,,,
968100,0.17776665,,,0.17535435,,,
968200,0.22011931,0.22308105,,,,,
968300,0.087051406,,0.10758447,,,,
968400,0.17634133,,,0.175354,,,
968500,0.19098562,,,0.17535452,,,
968600,0.17975763,,,0.17535753,,,
968700,0.082014594,,0.10756157,,,,
968800,0.21800156,0.22304936,,,,,
968900,0.080430332,,0.10754715,,,,
969000,0.18692256,,,0.175358,,,
969100,0.21476479,0.22303458,,,,,
969200,0.20980388,0.22302877,,,,,
969300,0.0827609,,0.10752639,,,,
969400,0.21779609,0.22301794,,,,,
969500,0.17626881,,,0.17536185,,,
969600,0.17393318,,,0.1753624,,,
969700,0.21879228,0.22300422,,,,,
969800,0.21872197,0.22299941,,,,,
969900,0.17261858,,,0.17536348,,,
970000,0.17907453,,,0.17536521,,,
970100,0.20989425,0.22298382,,,,,
970200,0.082716336,,0.10748375,,,,
970300,0.20821172,0.22297367,,,,,
970400,0.17179924,,,0.17536374,,,
970500,0.17174969,,,0.17536446,,,
970600,0.20287037,,,0.17537199,,,
970700,0.084009048,,0.10745755,,,,
970800,0.20937874,0.22295459,,,,,
970900,0.1720458,,,0.17537265,,,
971000,0.17267372,,,0.17537437,,,
971100,0.19128866,,,0.17537721,,,
971200,0.17274106,,,0.17537697,,,
971300,0.20985869,0.22292634,,,,,
971400,0.21150939,0.22292037,,,,,
971500,0.17443292,,,0.17537875,,,
971600,0.17655361,,,0.17538473,,,
971700,0.17817828,,,0.17538496,,,
971800,0.084492899,,0.10739789,,,,
971900,0.17185095,,,0.17538401,,,
972000,0.17129661,,,0.17538504,,,
972100,0.1858155,,,0.17538955,,,
972200,0.08232046,,0.10737597,,,,
972300,0.22515376,0.2228843,,,,,
972400,0.17188515,,,0.17538749,,,
972500,0.17347498,,,0.17539082,,,
972600,0.2099573,0.22287019,,,,,
972700,0.18414646,,,0.1753909,,,
972800,0.21274948,0.22286489,,,,,
972900,0.085537265,,0.10733836,,,,
973000,0.21258146,0.22285489,,,,,
973100,0.22299875,0.22285249,,,,,
973200,0.22117164,0.22285477,,,,,
973300,0.21433083,0.22285324,,,,,
973400,0.20913668,0.22284653,,,,,
973500,0.18128345,,,0.17540394,,,
973600,0.21795161,0.22283794,,,,,
973700,0.21832777,0.22283562,,,,,
973800,0.21804473,0.22283527,,,,,
973900,0.21175619,0.22283,,,,,
974000,0.18577635,,,0.17540935,,,
974100,0.08523257,,0.10727702,,,,
974200,0.22826346,0.22282283,,,,,
974300,0.21319068,0.22282262,,,,,
974400,0.17825669,,,0.17541215,,,
974500,0.17777043,,,0.17541661,,,
974600,0.22651453,0.22281245,,,,,
974700,0.21922838,0.2228131,,,,,
974800,0.084274858,,0.10723633,,,,
974900,0.21355793,0.22280567,,,,,
975000,0.17191226,,,0.17542448,,,
975100,0.18063351,,,0.17542367,,,
975200,0.17786885,,,0.17542338,,,
975300,0.21255457,0.22279812,,,,,
975400,0.21182526,0.22279225,,,,,
975500,0.17141958,,,0.17542446,,,
975600,0.17782166,,,0.17542704,,,
975700,0.081752341,,0.10718844,,,,
975800,0.20835128,0.22277153,,,,,
975900,0.080440801,,0.1071752,,,,
976000,0.17406053,,,0.17543195,,,
976100,0.2288006,0.22276119,,,,,
976200,0.17192109,,,0.17543021,,,
976300,0.21805068,0.22276808,,,,,
976400,0.21023355,0.22276438,,,,,
976500,0.1724234,,,0.17543565,,,
976600,0.21074946,0.22275803,,,,,
976700,0.082781135,,0.10713327,,,,
976800,0.20924885,0.22274652,,,,,
976900,0.17490061,,,0.17543718,,,
977000,0.17615482,,,0.17544647,,,
977100,0.21229396,0.22273302,,,,,
977200,0.082963088,,0.1071045,,,,
977300,0.22670244,0.22272268,,,,,
977400,0.17189469,,,0.17544465,,,
977500,0.18185346,,,0.17544786,,,
977600,0.17299732,,,0.17544671,,,
977700,0.081647293,,0.1070792,,,,
977800,0.081447296,,0.10707282,,,,
977900,0.20889613,0.22269032,,,,,
978000,0.17300884,,,0.17544512,,,
978100,0.1875221,,,0.17545226,,,
978200,0.17761964,,,0.17545699,,,
978300,0.083504292,,0.10704512,,,,
978400,0.2124473,0.22266809,,,,,
978500,0.17116096,,,0.17545879,,,
978600,0.19723231,,,0.17546482,,,
978700,0.085177939,,0.10702595,,,,
978800,0.21231532,0.222653,,,,,
978900,0.21653439,0.2226484,,,,,
979000,0.17172826,,,0.17547451,,,
979100,0.17502361,,,0.1754742,,,
979200,0.17186735,,,0.17547302,,,
979300,0.21812243,0.2226387,,,,,
979400,0.21490143,0.22263717,,,,,
979500,0.17935413,,,0.17547571,,,
979600,0.23299582,0.22263759,,,,,
979700,0.088134115,,0.10698992,,,,
979800,0.22172092,0.22264419,,,,,
979900,0.22380305,0.22264437,,,,,
980000,0.17438787,,,0.17549228,,,
980100,0.22926975,0.2226445,,,,,
980200,0.17693825,,,0.17549622,,,
980300,0.22327417,0.22265194,,,,,
980400,0.22345191,0.22265171,,,,,
980500,0.17140128,,,0.17549676,,,
980600,0.23812168,0.22265383,,,,,
980700,0.17343299,,,0.17550254,,,
980800,0.23363963,0.2226612,,,,,
980900,0.1729112,,,0.17550152,,,
981000,0.17124549,,,0.17550569,,,
981100,0.17687774,,,0.1755051,,,
981200,0.17180748,,,0.17550437,,,
981300,0.1063129,,0.10695668,,,,
981400,0.17365105,,,0.17550518,,,
981500,0.17284687,,,0.17550986,,,
981600,0.17829594,,,0.17551264,,,
981700,0.17279508,,,0.17551343,,,
981800,0.2343553,0.22269077,,,,,
981900,0.17275036,,,0.17551182,,,
982000,0.17281831,,,0.1755165,,,
982100,0.18358291,,,0.17551711,,,
982200,0.11121371,,0.10696,,,,
982300,0.11120446,,0.10696073,,,,
982400,0.17153219,,,0.17551677,,,
982500,0.17689971,,,0.17552152,,,
982600,0.11355571,,0.10696446,,,,
982700,0.11414743,,0.10696567,,,,
982800,0.11508165,,0.10696721,,,,
982900,0.17726423,,,0.1755235,,,
983000,0.17626232,,,0.17552911,,,
983100,0.17215393,,,0.17552902,,,
983200,0.22981918,0.22275409,,,,,
983300,0.11090099,,0.10697322,,,,
983400,0.1723129,,,0.17552673,,,
983500,0.17306477,,,0.17552925,,,
983600,0.10677027,,0.10697429,,,,
983700,0.17408093,,,0.17553365,,,
983800,0.23242606,0.22278088,,,,,
983900,0.17230484,,,0.17553456,,,
984000,0.17631243,,,0.17554123,,,
984100,0.10140321,,0.10697121,,,,
984200,0.23056139,0.22278736,,,,,
984300,0.098513086,,0.10696822,,,,
984400,0.22208244,0.22279076,,,,,
984500,0.17131139,,,0.17553806,,,
984600,0.17241369,,,0.1755416,,,
984700,0.26371228,0.22281331,,,,,
984800,0.099506338,,0.10697059,,,,
984900,0.093331675,,0.10696754,,,,
985000,0.20530925,,,0.17555094,,,
985100,0.091241341,,0.10696207,,,,
985200,0.21586748,0.22281787,,,,,
985300,0.24373751,0.22281886,,,,,
985400,0.2334605,0.22282064,,,,,
985500,0.19249721,,,0.17555069,,,
985600,0.21224269,0.222823,,,,,
985700,0.22335626,0.22282013,,,,,
985800,0.088569451,,0.10694555,,,,
985900,0.17351747,,,0.17555604,,,
986000,0.17612068,,,0.17555876,,,
986100,0.10486267,,0.10693638,,,,
986200,0.088628141,,0.1069326,,,,
986300,0.21132508,0.2228132,,,,,
986400,0.21274216,0.22280907,,,,,
986500,0.17265163,,,0.17556362,,,
986600,0.17494713,,,0.17556478,,,
986700,0.20915708,0.22280103,,,,,
986800,0.081077985,,0.10690528,,,,
986900,0.081351784,,0.10689793,,,,
987000,0.19981798,,,0.17556719,,,
987100,0.20967818,0.22278395,,,,,
987200,0.20875551,0.22277866,,,,,
987300,0.21249411,0.22277286,,,,,
987400,0.21668364,0.22276827,,,,,
987500,0.083217243,,0.10686549,,,,
987600,0.086672241,,0.10686306,,,,
987700,0.17281238,,,0.17556811,,,
987800,0.22627482,0.22277661,,,,,
987900,0.22009679,0.22277699,,,,,
988000,0.22040508,0.22277396,,,,,
988100,0.17562655,,,0.17556878,,,
988200,0.082859122,,0.10683116,,,,
988300,0.22137632,0.22277591,,,,,
988400,0.084714228,,0.10682025,,,,
988500,0.082315781,,0.10681502,,,,
988600,0.20311397,,,0.17557407,,,
988700,0.23057294,0.22278145,,,,,
988800,0.087457874,,0.10680402,,,,
988900,0.17269141,,,0.17557456,,,
989000,0.22211538,0.22279413,,,,,
989100,0.17632055,,,0.17558133,,,
989200,0.21945795,0.22279305,,,,,
989300,0.23126088,0.22279362,,,,,
989400,0.17398253,,,0.17557966,,,
989500,0.22064423,0.22279744,,,,,
989600,0.21696592,0.22279602,,,,,
989700,0.17228427,,,0.17558429,,,
989800,0.21716377,0.22279464,,,,,
989900,0.17838183,,,0.17558281,,,
990000,0.090993444,,0.10676406,,,,
990100,0.092480369,,0.10676179,,,,
990200,0.21942985,0.22279313,,,,,
990300,0.17873094,,,0.1755904,,,
990400,0.17220036,,,0.17558995,,,
990500,0.21824289,0.22279705,,,,,
990600,0.17176687,,,0.17559302,,,
990700,0.17193682,,,0.17559225,,,
990800,0.09314441,,0.10674958,,,,
990900,0.17242402,,,0.17559081,,,
991000,0.22231785,0.22279716,,,,,
991100,0.17532804,,,0.17560014,,,
991200,0.1764074,,,0.17559932,,,
991300,0.09647845,,0.1067413,,,,
991400,0.089492024,,0.10673584,,,,
991500,0.22063861,,,0.1756013,,,
991600,0.18429589,,,0.17560605,,,
991700,0.17168822,,,0.17560622,,,
991800,0.093916886,,0.10672636,,,,
991900,0.17263463,,,0.17560526,,,
992000,0.21839851,0.22282509,,,,,
992100,0.22775845,0.222825,,,,,
992200,0.17118168,,,0.17561108,,,
992300,0.21827575,0.22282702,,,,,
992400,0.18049801,,,0.17561002,,,
992500,0.093789087,,0.10671036,,,,
992600,0.18443819,,,0.17561814,,,
992700,0.23125736,0.22282576,,,,,
992800,0.22823484,0.22282936,,,,,
992900,0.17952455,,,0.17561932,,,
993000,0.099699354,,0.10670154,,,,
993100,0.18442268,,,0.17562805,,,
993200,0.23396267,0.22283295,,,,,
993300,0.24089405,0.22283804,,,,,
993400,0.17334893,,,0.17562673,,,
993500,0.10013662,,0.10669561,,,,
993600,0.23861439,0.22284374,,,,,
993700,0.21805408,0.22284559,,,,,
993800,0.22901004,0.22284572,,,,,
993900,0.23369754,0.22285002,,,,,
994000,0.18015712,,,0.17563233,,,
994100,0.22474233,0.22284949,,,,,
994200,0.17302245,,,0.17563727,,,
994300,0.22531546,0.2228598,,,,,
994400,0.10084936,,0.10668559,,,,
994500,0.21172251,,,0.17563541,,,
994600,0.22973799,0.22285946,,,,,
994700,0.23133253,0.22286535,,,,,
994800,0.10666303,,0.10668445,,,,
994900,0.10546675,,0.1066844,,,,
995000,0.22529176,0.22287381,,,,,
995100,0.1953167,,,0.17564771,,,
995200,0.18203969,,,0.17565006,,,
995300,0.22731989,0.22288129,,,,,
995400,0.24696929,0.22288447,,,,,
995500,0.23077968,0.22289104,,,,,
995600,0.11613679,,0.1066844,,,,
995700,0.10617065,,0.10668486,,,,
995800,0.10806104,,0.10668503,,,,
995900,0.17505037,,,0.17564967,,,
996000,0.22288716,0.22290649,,,,,
996100,0.18256964,,,0.17565274,,,
996200,0.22598437,0.22290815,,,,,
996300,0.22360373,0.22290986,,,,,
996400,0.1065682,,0.10668704,,,,
996500,0.21608468,,,0.17565395,,,
996600,0.2284059,0.22291513,,,,,
996700,0.10590826,,0.1066876,,,,
996800,0.22199972,0.22291971,,,,,
996900,0.17283849,,,0.17565313,,,
997000,0.22708302,0.22292501,,,,,
997100,0.1784359,,,0.17565722,,,
997200,0.22469679,0.22292728,,,,,
997300,0.23358044,0.22293336,,,,,
997400,0.17972509,,,0.17565667,,,
997500,0.24012153,0.2229493,,,,,
997600,0.17346485,,,0.1756595,,,
997700,0.17173947,,,0.17565869,,,
997800,0.23824381,0.22297094,,,,,
997900,0.10508397,,0.10668854,,,,
998000,0.22610918,0.22298726,,,,,
998100,0.22619658,0.2229889,,,,,
998200,0.22972104,0.22299203,,,,,
998300,0.22623152,0.22299315,,,,,
998400,0.22918693,0.22299534,,,,,
998500,0.22306024,0.22299717,,,,,
998600,0.17781532,,,0.17566432,,,
998700,0.17705956,,,0.17566551,,,
998800,0.10590792,,0.10668665,,,,
998900,0.17356545,,,0.1756661,,,
999000,0.23557937,0.22303471,,,,,
999100,0.22560921,0.22303713,,,,,
999200,0.22381351,0.22303875,,,,,
999300,0.17197129,,,0.17567505,,,
999400,0.10077557,,0.10668334,,,,
999500,0.18137172,,,0.17567356,,,
999600,0.22363778,0.22304266,,,,,
999700,0.22192097,0.22304241,,,,,
999800,0.23348804,0.22304445,,,,,
999900,0.22041714,0.22304705,,,,,
1000000,0.10157586,,0.10667739,,,,
1000100,0.17292624,,,0.17568957,,,
1000200,0.17344601,,,0.17568856,,,
1000300,0.22782546,0.22304557,,,,,
1000400,0.17431317,,,0.17568653,,,
1000500,0.21787787,0.22304235,,,,,
1000600,0.17772551,,,0.17569001,,,
1000700,0.17279539,,,0.17569051,,,
1000800,0.09893971,,0.10666784,,,,
1000900,0.17231873,,,0.17568936,,,
1001000,0.17284202,,,0.17568797,,,
1001100,0.17244335,,,0.17569258,,,
1001200,0.21745394,0.22304374,,,,,
1001300,0.23237062,0.22304475,,,,,
1001400,0.18833806,,,0.17569158,,,
1001500,0.22183721,0.22304375,,,,,
1001600,0.17190616,,,0.17569566,,,
1001700,0.23314139,0.22304241,,,,,
1001800,0.2245924,0.22304001,,,,,
1001900,0.17356794,,,0.17569318,,,
1002000,0.17381963,,,0.17569212,,,
1002100,0.098102221,,0.10664562,,,,
1002200,0.21421229,0.22302808,,,,,
1002300,0.21588955,0.22302499,,,,,
1002400,0.17166398,,,0.17569438,,,
1002500,0.21408209,0.22301895,,,,,
1002600,0.17382228,,,0.17569573,,,
1002700,0.216226,0.22301768,,,,,
1002800,0.22101906,0.22301389,,,,,
1002900,0.17398879,,,0.17569589,,,
1003000,0.21419226,0.22300474,,,,,
1003100,0.22317832,0.22300318,,,,,
1003200,0.21814231,0.22300233,,,,,
1003300,0.22282628,0.22299911,,,,,
1003400,0.093624392,,0.10661806,,,,
1003500,0.21362128,0.22299111,,,,,
1003600,0.17180412,,,0.17570642,,,
1003700,0.21512368,0.22298428,,,,,
1003800,0.17249041,,,0.17570424,,,
1003900,0.096356142,,0.10660805,,,,
1004000,0.21436448,0.22297462,,,,,
1004100,0.2193383,0.22297176,,,,,
1004200,0.21235037,0.22296886,,,,,
1004300,0.21176638,0.22296425,,,,,
1004400,0.22345332,0.22295922,,,,,
1004500,0.17232349,,,0.17570533,,,
1004600,0.094132667,,0.10659045,,,,
1004700,0.17261547,,,0.17571017,,,
1004800,0.17181227,,,0.17570915,,,
1004900,0.095204318,,0.10658184,,,,
1005000,0.17220059,,,0.17570785,,,
1005100,0.21536402,0.22294048,,,,,
1005200,0.21181695,0.22293681,,,,,
1005300,0.17223692,,,0.17571064,,,
1005400,0.21304605,0.22293401,,,,,
1005500,0.19019983,,,0.17571049,,,
1005600,0.21243985,0.22292706,,,,,
1005700,0.17677509,,,0.17571496,,,
1005800,0.23467483,0.22292272,,,,,
1005900,0.22000221,0.2229241,,,,,
1006000,0.17147697,,,0.17571279,,,
1006100,0.21738498,0.22291984,,,,,
1006200,0.095375279,,0.10654898,,,,
1006300,0.093952728,,0.10654665,,,,
1006400,0.23113219,0.2229156,,,,,
1006500,0.17144356,,,0.17571395,,,
1006600,0.094253766,,0.10653765,,,,
1006700,0.21382806,0.22291134,,,,,
1006800,0.092726851,,0.10653198,,,,
1006900,0.2258466,0.22290331,,,,,
1007000,0.17187154,,,0.17571529,,,
1007100,0.21589209,0.22290294,,,,,
1007200,0.17309911,,,0.17572231,,,
1007300,0.2374979,0.22290136,,,,,
1007400,0.21831812,0.22289833,,,,,
1007500,0.1713404,,,0.17571899,,,
1007600,0.22900525,0.2229025,,,,,
1007700,0.17415557,,,0.17572369,,,
1007800,0.17180767,,,0.17572375,,,
1007900,0.17184242,,,0.17572343,,,
1008000,0.17087791,,,0.17572279,,,
1008100,0.22457463,0.22290311,,,,,
1008200,0.17735466,,,0.17572598,,,
1008300,0.17162374,,,0.1757256,,,
1008400,0.22483481,0.2229155,,,,,
1008500,0.22081787,0.22291639,,,,,
1008600,0.18081661,,,0.17572643,,,
1008700,0.17299031,,,0.17572747,,,
1008800,0.2270441,0.22291168,,,,,
1008900,0.1757462,,,0.17572669,,,
1009000,0.093391632,,0.10647679,,,,
1009100,0.1717689,,,0.17572718,,,
1009200,0.1727832,,,0.17572792,,,
1009300,0.25357385,0.22291923,,,,,
1009400,0.17306669,,,0.17572603,,,
1009500,0.25536105,0.22295164,,,,,
1009600,0.24563532,0.22296107,,,,,
1009700,0.17304884,,,0.17573142,,,
1009800,0.22287914,0.22297244,,,,,
1009900,0.22104204,0.22297196,,,,,
1010000,0.21811739,0.22297052,,,,,
1010100,0.090923521,,0.10644764,,,,
1010200,0.23136975,0.22296997,,,,,
1010300,0.18075788,,,0.17573558,,,
1010400,0.18175152,,,0.1757357,,,
1010500,0.2135754,0.2229641,,,,,
1010600,0.1781288,,,0.17573818,,,
1010700,0.091295203,,0.10642773,,,,
1010800,0.22154209,0.22296637,,,,,
1010900,0.21409929,0.22296523,,,,,
1011000,0.21908748,0.22296148,,,,,
1011100,0.17555501,,,0.17574791,,,
1011200,0.2389931,0.22296576,,,,,
1011300,0.17659181,,,0.17574991,,,
1011400,0.1739201,,,0.17574982,,,
1011500,0.17239312,,,0.1757498,,,
1011600,0.21254076,0.22297101,,,,,
1011700,0.17629988,,,0.17575454,,,
1011800,0.088775084,,0.10638692,,,,
1011900,0.085321856,,0.10638148,,,,
1012000,0.17158951,,,0.17575442,,,
1012100,0.21859662,0.22295571,,,,,
1012200,0.17141766,,,0.17575931,,,
1012300,0.089483866,,0.10636959,,,,
1012400,0.17354194,,,0.17575756,,,
1012500,0.17289359,,,0.1757568,,,
1012600,0.21663439,0.22294613,,,,,
1012700,0.089387444,,0.10635372,,,,
1012800,0.21042193,0.22293899,,,,,
1012900,0.21303664,0.22293401,,,,,
1013000,0.18054988,,,0.17576039,,,
1013100,0.17602518,,,0.17576466,,,
1013200,0.086293744,,0.10633443,,,,
1013300,0.213312,0.22291959,,,,,
1013400,0.21049191,0.22291263,,,,,
1013500,0.17331304,,,0.17576194,,,
1013600,0.21191373,0.2229047,,,,,
1013700,0.094219768,,0.10631546,,,,
1013800,0.22440291,0.22290638,,,,,
1013900,0.088454601,,0.10630953,,,,
1014000,0.18011685,,,0.17576623,,,
1014100,0.2098788,0.22289536,,,,,
1014200,0.22083518,0.22289126,,,,,
1014300,0.21407047,0.22288981,,,,,
1014400,0.21401359,0.22288696,,,,,
1014500,0.089978131,,0.10628766,,,,
1014600,0.2143339,0.22288241,,,,,
1014700,0.17458649,,,0.17577979,,,
1014800,0.21576309,0.2228768,,,,,
1014900,0.176056,,,0.17577792,,,
1015000,0.21352989,0.22286981,,,,,
1015100,0.19178503,,,0.1757787,,,
1015200,0.085425141,,0.10626398,,,,
1015300,0.084498258,,0.10625975,,,,
1015400,0.08430972,,0.10625365,,,,
1015500,0.084039891,,0.10624844,,,,
1015600,0.18072321,,,0.17578001,,,
1015700,0.085571511,,0.1062415,,,,
1015800,0.086454402,,0.10623751,,,,
1015900,0.21643179,0.22283703,,,,,
1016000,0.21217766,0.22283201,,,,,
1016100,0.17532798,,,0.17578039,,,
1016200,0.17127943,,,0.17577998,,,
1016300,0.21576727,0.22281853,,,,,
1016400,0.083841444,,0.10621065,,,,
1016500,0.084023011,,0.1062058,,,,
1016600,0.18039699,,,0.17577843,,,
1016700,0.084854261,,0.10619864,,,,
1016800,0.22124168,0.22279762,,,,,
1016900,0.084315145,,0.10618884,,,,
1017000,0.086971453,,0.10618394,,,,
1017100,0.17674781,,,0.17577841,,,
1017200,0.21302667,0.22278535,,,,,
1017300,0.17825855,,,0.17577999,,,
1017400,0.21076449,0.22277895,,,,,
1017500,0.17127925,,,0.17577829,,,
1017600,0.086198971,,0.10616217,,,,
1017700,0.085161658,,0.1061579,,,,
1017800,0.083846565,,0.10615366,,,,
1017900,0.083049149,,0.10614765,,,,
1018000,0.1736165,,,0.17577937,,,
1018100,0.083940249,,0.10613911,,,,
1018200,0.17281776,,,0.17578435,,,
1018300,0.084514398,,0.10613024,,,,
1018400,0.17511392,,,0.1757823,,,
1018500,0.17179569,,,0.17578138,,,
1018600,0.17921823,,,0.1757846,,,
1018700,0.22256389,0.22273439,,,,,
1018800,0.083557815,,0.10610888,,,,
1018900,0.083301142,,0.10610267,,,,
1019000,0.1715543,,,0.17578338,,,
1019100,0.18875514,,,0.17578464,,,
1019200,0.08450983,,0.10609126,,,,
1019300,0.085457738,,0.10608738,,,,
1019400,0.21079319,0.22270357,,,,,
1019500,0.17503448,,,0.17578289,,,
1019600,0.21054635,0.22269736,,,,,
1019700,0.2109626,0.22269325,,,,,
1019800,0.21168726,0.22268797,,,,,
1019900,0.085004522,,0.10606071,,,,
1020000,0.21141302,0.22267737,,,,,
1020100,0.17322201,,,0.17578912,,,
1020200,0.1736097,,,0.17578874,,,
1020300,0.2256026,0.22266755,,,,,
1020400,0.22117576,0.22267069,,,,,
1020500,0.21441778,0.22266831,,,,,
1020600,0.21223197,0.22266585,,,,,
1020700,0.087397076,,0.10603032,,,,
1020800,0.087417657,,0.10602673,,,,
1020900,0.22117282,0.22266369,,,,,
1021000,0.086354844,,0.10601683,,,,
1021100,0.17714619,,,0.1757897,,,
1021200,0.22242461,0.22265817,,,,,
1021300,0.086873685,,0.10600786,,,,
1021400,0.21337872,0.22265146,,,,,
1021500,0.22343142,0.22265186,,,,,
1021600,0.18317034,,,0.17579235,,,
1021700,0.1764382,,,0.17579248,,,
1021800,0.21898484,0.22264431,,,,,
1021900,0.17185996,,,0.17579163,,,
1022000,0.17647896,,,0.17579109,,,
1022100,0.08506535,,0.10597667,,,,
1022200,0.17951488,,,0.17579675,,,
1022300,0.23770024,0.22263645,,,,,
1022400,0.21809033,0.22263398,,,,,
1022500,0.18040086,,,0.1757956,,,
1022600,0.08524704,,0.10595591,,,,
1022700,0.17240257,,,0.17579982,,,
1022800,0.17295434,,,0.17579864,,,
1022900,0.08540644,,0.1059421,,,,
1023000,0.17502973,,,0.17579708,,,
1023100,0.086205587,,0.10593562,,,,
1023200,0.1857156,,,0.17580235,,,
1023300,0.17827683,,,0.17580341,,,
1023400,0.17553495,,,0.1758036,,,
1023500,0.17428917,,,0.17580322,,,
1023600,0.21128544,0.22260451,,,,,
1023700,0.17434139,,,0.17580869,,,
1023800,0.085843808,,0.1059068,,,,
1023900,0.21788132,0.22259107,,,,,
1024000,0.17336887,,,0.17580667,,,
1024100,0.084910427,,0.10589379,,,,
1024200,0.17193456,,,0.17581148,,,
1024300,0.17585591,,,0.17581068,,,
1024400,0.21732349,0.22257277,,,,,
1024500,0.17491978,,,0.17580911,,,
1024600,0.21174498,0.22256933,,,,,
1024700,0.17557126,,,0.17581406,,,
1024800,0.17335062,,,0.17581449,,,
1024900,0.1726599,,,0.17581413,,,
1025000,0.17227268,,,0.17581289,,,
1025100,0.21012178,0.2225518,,,,,
1025200,0.20960452,0.22254744,,,,,
1025300,0.17218635,,,0.17581363,,,
1025400,0.21210806,0.22253874,,,,,
1025500,0.17181384,,,0.17581192,,,
1025600,0.21530948,0.22253333,,,,,
1025700,0.17266237,,,0.17581498,,,
1025800,0.1719679,,,0.17581455,,,
1025900,0.17298848,,,0.175814,,,
1026000,0.21222671,0.22251737,,,,,
1026100,0.17372169,,,0.17581997,,,
1026200,0.1721298,,,0.17582044,,,
1026300,0.17196998,,,0.17581909,,,
1026400,0.17296035,,,0.17581837,,,
1026500,0.086648318,,0.10579382,,,,
1026600,0.17195613,,,0.17582673,,,
1026700,0.23264015,0.22250987,,,,,
1026800,0.17356024,,,0.17582449,,,
1026900,0.085550722,,0.10577855,,,,
1027000,0.17377671,,,0.17582247,,,
1027100,0.21605112,0.22250741,,,,,
1027200,0.17965116,,,0.17582823,,,
1027300,0.17404944,,,0.17582849,,,
1027400,0.17410851,,,0.17582819,,,
1027500,0.21634106,0.22249594,,,,,
1027600,0.17647781,,,0.17583079,,,
1027700,0.22448261,0.22249168,,,,,
1027800,0.2171756,0.22249306,,,,,
1027900,0.091612459,,0.10574285,,,,
1028000,0.21616466,0.22248873,,,,,
1028100,0.17284172,,,0.17582913,,,
1028200,0.21978817,0.2224853,,,,,
1028300,0.21861614,0.22248547,,,,,
1028400,0.21871203,0.22248395,,,,,
1028500,0.22297255,0.22248389,,,,,
1028600,0.096603404,,0.10572616,,,,
1028700,0.17426695,,,0.17583447,,,
1028800,0.17196983,,,0.17583369,,,
1028900,0.17160509,,,0.17583291,,,
1029000,0.22854176,0.2224869,,,,,
1029100,0.17752315,,,0.17583624,,,
1029200,0.21882704,0.22248764,,,,,
1029300,0.21694894,0.22248596,,,,,
1029400,0.0985931,,0.10570817,,,,
1029500,0.094727745,,0.10570639,,,,
1029600,0.17461678,,,0.17583849,,,
1029700,0.23501629,0.22249948,,,,,
1029800,0.17693613,,,0.17584037,,,
1029900,0.24387513,0.22251834,,,,,
1030000,0.23104478,0.22252604,,,,,
1030100,0.17141603,,,0.17584045,,,
1030200,0.1774944,,,0.17584242,,,
1030300,0.23032421,0.2225345,,,,,
1030400,0.10426314,,0.10569956,,,,
1030500,0.24886398,0.22254619,,,,,
1030600,0.10960549,,0.1057009,,,,
1030700,0.23078214,0.22255479,,,,,
1030800,0.23159303,0.2225593,,,,,
1030900,0.17580147,,,0.17584229,,,
1031000,0.17870633,,,0.1758412,,,
1031100,0.23787925,0.22257211,,,,,
1031200,0.23706777,0.22258013,,,,,
1031300,0.24035538,0.22258686,,,,,
1031400,0.22878735,0.22259699,,,,,
1031500,0.17595882,,,0.17583988,,,
1031600,0.10135063,,0.1056982,,,,
1031700,0.22173119,0.22259917,,,,,
1031800,0.23252195,0.22260111,,,,,
1031900,0.10054478,,0.1056953,,,,
1032000,0.22513111,0.22260828,,,,,
1032100,0.17830968,,,0.17584202,,,
1032200,0.22303155,0.22261001,,,,,
1032300,0.17314493,,,0.17584191,,,
1032400,0.22197505,0.22261651,,,,,
1032500,0.22223798,0.22261615,,,,,
1032600,0.17650095,,,0.17584178,,,
1032700,0.22835504,0.22261608,,,,,
1032800,0.22255721,0.22262031,,,,,
1032900,0.22331825,0.22262032,,,,,
1033000,0.17191418,,,0.17584086,,,
1033100,0.18052418,,,0.17584243,,,
1033200,0.096560896,,0.10567923,,,,
1033300,0.096352214,,0.10567754,,,,
1033400,0.17389217,,,0.17584266,,,
1033500,0.21986951,0.22263777,,,,,
1033600,0.097112801,,0.10567172,,,,
1033700,0.22018962,0.22263665,,,,,
1033800,0.095460115,,0.10566844,,,,
1033900,0.17303278,,,0.17584301,,,
1034000,0.23297611,0.22264331,,,,,
1034100,0.10130345,,0.10566517,,,,
1034200,0.22757742,0.22264534,,,,,
1034300,0.17355786,,,0.17584182,,,
1034400,0.10002231,,0.10566266,,,,
1034500,0.17183127,,,0.17584047,,,
1034600,0.17639522,,,0.17584296,,,
1034700,0.22970223,0.22265298,,,,,
1034800,0.1750299,,,0.17584621,,,
1034900,0.097254807,,0.10565772,,,,
1035000,0.096651662,,0.10565607,,,,
1035100,0.1721041,,,0.17585102,,,
1035200,0.23300569,0.22267753,,,,,
1035300,0.17171428,,,0.17584834,,,
1035400,0.22554367,0.22268938,,,,,
1035500,0.099125716,,0.10564957,,,,
1035600,0.172382,,,0.17585823,,,
1035700,0.097580968,,0.10564736,,,,
1035800,0.23485019,0.22271262,,,,,
1035900,0.22316005,0.22271607,,,,,
1036000,0.22920851,0.22271988,,,,,
1036100,0.17720564,,,0.17585693,,,
1036200,0.096230374,,0.1056388,,,,
1036300,0.22110649,0.22272292,,,,,
1036400,0.24015768,0.22273035,,,,,
1036500,0.10000904,,0.10563651,,,,
1036600,0.22143587,0.22273231,,,,,
1036700,0.22518046,0.22273267,,,,,
1036800,0.17214453,,,0.17586042,,,
1036900,0.10083938,,0.10563206,,,,
1037000,0.22451562,0.22273926,,,,,
1037100,0.1718849,,,0.1758649,,,
1037200,0.17345207,,,0.17586642,,,
1037300,0.1734148,,,0.17586554,,,
1037400,0.23204744,0.22274313,,,,,
1037500,0.17917193,,,0.17586481,,,
1037600,0.22556071,0.22274698,,,,,
1037700,0.10451892,,0.1056263,,,,
1037800,0.2221378,0.22275194,,,,,
1037900,0.099983931,,0.10562486,,,,
1038000,0.1060539,,0.10562444,,,,
1038100,0.17882327,,,0.17587486,,,
1038200,0.10420011,,0.10562397,,,,
1038300,0.102197,,0.10562358,,,,
1038400,0.22594863,0.22276836,,,,,
1038500,0.1069564,,0.10562301,,,,
1038600,0.26582358,0.2227814,,,,,
1038700,0.23035098,0.22279094,,,,,
1038800,0.23612742,0.22279455,,,,,
1038900,0.10953734,,0.10562483,,,,
1039000,0.17373129,,,0.17587984,,,
1039100,0.23117346,0.22281041,,,,,
1039200,0.17285388,,,0.17588754,,,
1039300,0.2261155,0.22282695,,,,,
1039400,0.23359154,0.22283014,,,,,
1039500,0.17477451,,,0.17588616,,,
1039600,0.23216501,0.22283822,,,,,
1039700,0.11762797,,0.10563532,,,,
1039800,0.23464256,0.22285015,,,,,
1039900,0.23812687,0.22286008,,,,,
1040000,0.25363374,0.22287248,,,,,
1040100,0.17707068,,,0.17589133,,,
1040200,0.13385483,,0.10565506,,,,
1040300,0.25292864,0.22290246,,,,,
1040400,0.12982667,,0.10566595,,,,
1040500,0.24828736,0.22293615,,,,,
1040600,0.25768646,0.22294534,,,,,
1040700,0.25364082,0.22295663,,,,,
1040800,0.26510044,0.22297153,,,,,
1040900,0.13612735,,0.10569455,,,,
1041000,0.1715749,,,0.17589929,,,
1041100,0.1359802,,0.10570536,,,,
1041200,0.13482282,,0.10571131,,,,
1041300,0.13740372,,0.10571704,,,,
1041400,0.25652753,0.22306258,,,,,
1041500,0.14991461,,0.10573489,,,,
1041600,0.18311327,,,0.17590728,,,
1041700,0.26031463,0.22310325,,,,,
1041800,0.26392107,0.22311931,,,,,
1041900,0.15490665,,0.10576878,,,,
1042000,0.17863555,,,0.17591084,,,
1042100,0.15963603,,0.1057881,,,,
1042200,0.17262701,,,0.17591677,,,
1042300,0.17166024,,,0.17591559,,,
1042400,0.15835136,,0.10582288,,,,
1042500,0.17251741,,,0.17591385,,,
1042600,0.16288841,,0.10584206,,,,
1042700,0.17135218,,,0.1759173,,,
1042800,0.27391914,0.22332425,,,,,
1042900,0.15127912,,0.10587427,,,,
1043000,0.15410857,,0.10588496,,,,
1043100,0.17380647,,,0.17591572,,,
1043200,0.25881427,0.22339776,,,,,
1043300,0.25992627,0.2234133,,,,,
1043400,0.25445802,0.22343294,,,,,
1043500,0.26539713,0.22345233,,,,,
1043600,0.17852852,,,0.17591285,,,
1043700,0.27205308,0.22347914,,,,,
1043800,0.14627571,,0.10595238,,,,
1043900,0.25643317,0.22351616,,,,,
1044000,0.25548194,0.22353214,,,,,
1044100,0.17699275,,,0.17591277,,,
1044200,0.25952689,0.22355436,,,,,
1044300,0.26280709,0.22356775,,,,,
1044400,0.13874451,,0.10599824,,,,
1044500,0.14723997,,0.10600625,,,,
1044600,0.26116325,0.22362167,,,,,
1044700,0.26226767,0.22363702,,,,,
1044800,0.25772873,0.22365986,,,,,
1044900,0.14552541,,0.10603423,,,,
1045000,0.17357572,,,0.17591984,,,
1045100,0.27022558,0.22372346,,,,,
1045200,0.26643856,0.22374247,,,,,
1045300,0.25662477,0.22376131,,,,,
1045400,0.25650983,0.2237874,,,,,
1045500,0.15314825,,0.10608489,,,,
1045600,0.17721397,,,0.17592652,,,
1045700,0.27728474,0.22384163,,,,,
1045800,0.17421683,,,0.17592417,,,
1045900,0.26782624,0.22388581,,,,,
1046000,0.16238176,,0.10613252,,,,
1046100,0.17404866,,,0.17592684,,,
1046200,0.15907411,,0.10614981,,,,
1046300,0.27609546,0.22398906,,,,,
1046400,0.26799744,0.22402028,,,,,
1046500,0.27682987,0.22405172,,,,,
1046600,0.18899815,,,0.17592617,,,
1046700,0.33920542,,,0.17593147,,,
1046800,0.17247166,,,0.17593115,,,
1046900,0.26203274,0.22414565,,,,,
1047000,0.26769751,0.22417369,,,,,
1047100,0.17875303,,,0.17593206,,,
1047200,0.17170286,,,0.17593321,,,
1047300,0.14969978,,0.1062581,,,,
1047400,0.26058619,0.22425284,,,,,
1047500,0.15025613,,0.1062791,,,,
1047600,0.17366677,,,0.17593023,,,
1047700,0.25844063,0.22430851,,,,,
1047800,0.26846952,0.22432688,,,,,
1047900,0.2639706,0.22436213,,,,,
1048000,0.26149563,0.22438434,,,,,
1048100,0.18277651,,,0.17593024,,,
1048200,0.14059477,,0.10633357,,,,
1048300,0.26873601,0.22442677,,,,,
1048400,0.24238818,0.22444685,,,,,
1048500,0.24113442,0.22445805,,,,,
1048600,0.17860854,,,0.1759324,,,
1048700,0.25977908,0.22447839,,,,,
1048800,0.24541041,0.22449266,,,,,
1048900,0.13088701,,0.1063705,,,,
1049000,0.1300052,,0.10637556,,,,
1049100,0.18667868,,,0.17593091,,,
1049200,0.24628988,0.22453141,,,,,
1049300,0.24483705,0.22454308,,,,,
1049400,0.12908948,,0.10639283,,,,
1049500,0.27749321,0.22457773,,,,,
1049600,0.18476117,,,0.17593282,,,
1049700,0.24131243,0.22460286,,,,,
1049800,0.13282235,,0.10641216,,,,
1049900,0.12844532,,0.10641835,,,,
1050000,0.12944368,,0.1064231,,,,
1050100,0.1743736,,,0.17593684,,,
1050200,0.23821178,0.22464924,,,,,
1050300,0.17386028,,,0.17593697,,,
1050400,0.24839539,0.22467313,,,,,
1050500,0.14001005,,0.10644768,,,,
1050600,0.17225419,,,0.17594395,,,
1050700,0.2513662,0.22471976,,,,,
1050800,0.25916668,0.22473486,,,,,
1050900,0.14048354,,0.10647416,,,,
1051000,0.14267934,,0.10648124,,,,
1051100,0.1729174,,,0.17594657,,,
1051200,0.26260524,0.22479195,,,,,
1051300,0.17403398,,,0.17594511,,,
1051400,0.24782066,0.22482682,,,,,
1051500,0.27592978,0.22484252,,,,,
1051600,0.17387413,,,0.17594813,,,
1051700,0.18036763,,,0.17594823,,,
1051800,0.25082122,0.22489048,,,,,
1051900,0.13880057,,0.10653906,,,,
1052000,0.24799625,0.22491976,,,,,
1052100,0.17582319,,,0.17596365,,,
1052200,0.17788127,,,0.1759628,,,
1052300,0.17257256,,,0.1759618,,,
1052400,0.25455495,0.22498329,,,,,
1052500,0.1741451,,,0.17596052,,,
1052600,0.176673,,,0.17596307,,,
1052700,0.25173094,0.2250263,,,,,
1052800,0.25043406,0.22503821,,,,,
1052900,0.14039411,,0.10660518,,,,
1053000,0.14500917,,0.10661438,,,,
1053100,0.1834616,,,0.17596673,,,
1053200,0.1761059,,,0.17596598,,,
1053300,0.26144886,0.22511808,,,,,
1053400,0.26626956,0.22514382,,,,,
1053500,0.17571781,,,0.17596358,,,
1053600,0.17754155,,,0.17597197,,,
1053700,0.17498781,,,0.17597103,,,
1053800,0.26996414,0.22520407,,,,,
1053900,0.25322861,0.22522773,,,,,
1054000,0.26580948,0.22524612,,,,,
1054100,0.17983064,,,0.17597591,,,
1054200,0.17407926,,,0.17597593,,,
1054300,0.27621552,0.22529857,,,,,
1054400,0.14725268,,0.10672021,,,,
1054500,0.14829736,,0.10672868,,,,
1054600,0.17303018,,,0.17597796,,,
1054700,0.27421144,0.2253625,,,,,
1054800,0.17945326,,,0.17598193,,,
1054900,0.25018844,0.22541263,,,,,
1055000,0.25891877,0.2254303,,,,,
1055100,0.17144207,,,0.17598794,,,
1055200,0.25216298,0.22545399,,,,,
1055300,0.25714958,0.22547068,,,,,
1055400,0.24868982,0.22548962,,,,,
1055500,0.27330936,0.22550908,,,,,
1055600,0.17251496,,,0.17598377,,,
1055700,0.17759331,,,0.17598428,,,
1055800,0.26034074,0.22556341,,,,,
1055900,0.15012403,,0.10684183,,,,
1056000,0.17273235,,,0.17598234,,,
1056100,0.17409914,,,0.17598448,,,
1056200,0.17252197,,,0.17598536,,,
1056300,0.15296574,,0.1068745,,,,
1056400,0.26302954,0.22566657,,,,,
1056500,0.14765571,,0.1068955,,,,
1056600,0.17687653,,,0.17599,,,
1056700,0.17220713,,,0.17598934,,,
1056800,0.25707305,0.22573386,,,,,
1056900,0.26274201,0.22575731,,,,,
1057000,0.17473575,,,0.17598868,,,
1057100,0.17504141,,,0.17599183,,,
1057200,0.14887167,,0.10694758,,,,
1057300,0.14882786,,0.10695478,,,,
1057400,0.25424692,0.22583954,,,,,
1057500,0.1766255,,,0.1759899,,,
1057600,0.18562599,,,0.17599707,,,
1057700,0.26726155,0.22587631,,,,,
1057800,0.14445292,,0.10699222,,,,
1057900,0.14438164,,0.10700008,,,,
1058000,0.17820611,,,0.17599363,,,
1058100,0.18453332,,,0.17599648,,,
1058200,0.17408098,,,0.17599585,,,
1058300,0.14431568,,0.10702687,,,,
1058400,0.14778712,,0.10703554,,,,
1058500,0.15184659,,0.10704682,,,,
1058600,0.1794729,,,0.17599783,,,
1058700,0.15086458,,0.10705923,,,,
1058800,0.25777054,0.22600923,,,,,
1058900,0.25802805,0.22603197,,,,,
1059000,0.24587751,0.22604685,,,,,
1059100,0.17927196,,,0.1760043,,,
1059200,0.17238957,,,0.17600308,,,
1059300,0.25764265,0.22607605,,,,,
1059400,0.25034164,0.22609388,,,,,
1059500,0.17163188,,,0.17600017,,,
1059600,0.17121023,,,0.17600086,,,
1059700,0.14157745,,0.10712476,,,,
1059800,0.17325749,,,0.17600372,,,
1059900,0.15095546,,0.10713983,,,,
1060000,0.17331843,,,0.17600303,,,
1060100,0.17751222,,,0.17600549,,,
1060200,0.14068346,,0.10715961,,,,
1060300,0.23845969,0.22619029,,,,,
1060400,0.23600878,0.2261988,,,,,
1060500,0.17251331,,,0.17600485,,,
1060600,0.17107592,,,0.17600687,,,
1060700,0.17890865,,,0.17600799,,,
1060800,0.1715425,,,0.17600759,,,
1060900,0.23848879,0.22625198,,,,,
1061000,0.17140181,,,0.17600571,,,
1061100,0.173215,,,0.17600652,,,
1061200,0.14089996,,0.10722579,,,,
1061300,0.14012844,,0.10723357,,,,
1061400,0.25882826,0.22629954,,,,,
1061500,0.24754798,0.22631374,,,,,
1061600,0.18202631,,,0.17602066,,,
1061700,0.14238233,,0.10726915,,,,
1061800,0.24779921,0.22633593,,,,,
1061900,0.2584679,0.22635412,,,,,
1062000,0.24972939,0.22636942,,,,,
1062100,0.18594193,,,0.17602015,,,
1062200,0.25380603,0.22638437,,,,,
1062300,0.24420932,0.22639762,,,,,
1062400,0.14391708,,0.10733091,,,,
1062500,0.17295951,,,0.17601732,,,
1062600,0.17694135,,,0.17601946,,,
1062700,0.25633971,0.2264397,,,,,
1062800,0.26150843,0.22645592,,,,,
1062900,0.25207668,0.2264733,,,,,
1063000,0.24407912,0.22648551,,,,,
1063100,0.20528688,,,0.1760237,,,
1063200,0.25400888,0.22650104,,,,,
1063300,0.17634667,,,0.17602289,,,
1063400,0.1465377,,0.1074261,,,,
1063500,0.24944258,0.22653944,,,,,
1063600,0.23204848,,,0.17602268,,,
1063700,0.25082297,0.22655356,,,,,
1063800,0.14816187,,0.10746316,,,,
1063900,0.14702246,,0.1074718,,,,
1064000,0.14442204,,0.10748335,,,,
1064100,0.22833035,,,0.17602418,,,
1064200,0.19061992,,,0.1760289,,,
1064300,0.14804805,,0.10750921,,,,
1064400,0.24901205,0.2266436,,,,,
1064500,0.24498056,0.22665755,,,,,
1064600,0.19487572,,,0.17602791,,,
1064700,0.25865871,0.22667273,,,,,
1064800,0.17662996,,,0.17603739,,,
1064900,0.14616012,,0.10756457,,,,
1065000,0.17206317,,,0.17603867,,,
1065100,0.24440779,0.22673976,,,,,
1065200,0.17711805,,,0.1760406,,,
1065300,0.17388287,,,0.17604192,,,
1065400,0.26834905,0.22677289,,,,,
1065500,0.17275058,,,0.1760415,,,
1065600,0.24780614,0.2267987,,,,,
1065700,0.24863133,0.22680498,,,,,
1065800,0.17407122,,,0.17604432,,,
1065900,0.2468895,0.22682883,,,,,
1066000,0.17144356,,,0.1760426,,,
1066100,0.26133018,0.22685938,,,,,
1066200,0.17755911,,,0.17604406,,,
1066300,0.26032903,0.22688163,,,,,
1066400,0.27539353,0.22690118,,,,,
1066500,0.17142298,,,0.17604133,,,
1066600,0.15210883,,0.10773801,,,,
1066700,0.18075439,,,0.17604389,,,
1066800,0.15454812,,0.1077581,,,,
1066900,0.26230043,0.22697704,,,,,
1067000,0.14994416,,0.10778158,,,,
1067100,0.24487558,0.22700005,,,,,
1067200,0.17668971,,,0.17604581,,,
1067300,0.27707108,0.22702808,,,,,
1067400,0.25714701,0.22704118,,,,,
1067500,0.17717964,,,0.17604421,,,
1067600,0.24486153,0.22706685,,,,,
1067700,0.17772809,,,0.17604605,,,
1067800,0.27197742,0.22709032,,,,,
1067900,0.26913101,0.22710874,,,,,
1068000,0.17425312,,,0.17604331,,,
1068100,0.24662062,0.22713644,,,,,
1068200,0.15447127,,0.10790002,,,,
1068300,0.25370759,0.22715452,,,,,
1068400,0.2537287,0.22716422,,,,,
1068500,0.15258621,,0.10793521,,,,
1068600,0.25131633,0.2271891,,,,,
1068700,0.15586963,,0.1079517,,,,
1068800,0.25950962,0.22721003,,,,,
1068900,0.24696529,0.22722208,,,,,
1069000,0.24857536,0.22723729,,,,,
1069100,0.21240708,,,0.17604674,,,
1069200,0.26051005,0.22725571,,,,,
1069300,0.17207746,,,0.17604752,,,
1069400,0.26366762,0.22729262,,,,,
1069500,0.25570356,0.22730878,,,,,
1069600,0.15746285,,0.10805518,,,,
1069700,0.17423363,,,0.17605242,,,
1069800,0.16036976,,0.10807363,,,,
1069900,0.26193321,0.22735579,,,,,
1070000,0.1653943,,0.10810222,,,,
1070100,0.27428502,0.22738937,,,,,
1070200,0.26499287,0.22740543,,,,,
1070300,0.25235026,0.22741806,,,,,
1070400,0.17151794,,,0.17605221,,,
1070500,0.17103405,,0.10816554,,,,
1070600,0.25287897,0.22746832,,,,,
1070700,0.17458637,,,0.17605868,,,
1070800,0.26281203,0.22748887,,,,,
1070900,0.27721995,0.22750806,,,,,
1071000,0.17545284,,,0.17605836,,,
1071100,0.25345732,0.2275485,,,,,
1071200,0.16278973,,0.1082508,,,,
1071300,0.16369412,,0.10826156,,,,
1071400,0.16260462,,0.10827293,,,,
1071500,0.17166054,,,0.17605848,,,
1071600,0.16573747,,0.10830471,,,,
1071700,0.16538307,,0.10831448,,,,
1071800,0.25580824,0.22763602,,,,,
1071900,0.25903816,0.22764857,,,,,
1072000,0.17526972,,,0.17606298,,,
1072100,0.16828231,,0.10837175,,,,
1072200,0.17571798,,,0.1760714,,,
1072300,0.16997779,,0.10839469,,,,
1072400,0.26970853,0.22771971,,,,,
1072500,0.17225308,,0.10842942,,,,
1072600,0.25536532,0.22775816,,,,,
1072700,0.17474709,,0.1084551,,,,
1072800,0.27426234,0.22778293,,,,,
1072900,0.2689148,0.22779993,,,,,
1073000,0.17842949,,,0.17607409,,,
1073100,0.1829949,,0.10852332,,,,
1073200,0.17984595,,0.10853562,,,,
1073300,0.26007386,0.22786905,,,,,
1073400,0.17877123,,,0.17607974,,,
1073500,0.25783027,0.22791392,,,,,
1073600,0.26211795,0.22793052,,,,,
1073700,0.19086129,,,0.17608342,,,
1073800,0.26230765,0.2279627,,,,,
1073900,0.27803006,0.2279811,,,,,
1074000,0.26221361,0.22800921,,,,,
1074100,0.18104577,,0.10868762,,,,
1074200,0.18003487,,,0.17608783,,,
1074300,0.18222933,,0.10871321,,,,
1074400,0.27227975,0.22807828,,,,,
1074500,0.2610231,0.22810074,,,,,
1074600,0.27659076,0.22812214,,,,,
1074700,0.18611871,,,0.17608905,,,
1074800,0.27503027,0.22816177,,,,,
1074900,0.26550426,0.22818237,,,,,
1075000,0.17317034,,,0.17608711,,,
1075100,0.18250287,,0.10885044,,,,
1075200,0.28052098,0.22823506,,,,,
1075300,0.29024075,0.22825954,,,,,
1075400,0.29133783,0.22828503,,,,,
1075500,0.17604438,,,0.17608841,,,
1075600,0.18037959,,0.10893291,,,,
1075700,0.17384207,,,0.17609307,,,
1075800,0.18212653,,0.10896046,,,,
1075900,0.28200675,0.22838376,,,,,
1076000,0.17402709,,,0.17609121,,,
1076100,0.27874638,0.22842976,,,,,
1076200,0.26921593,0.22844383,,,,,
1076300,0.27279784,0.22846334,,,,,
1076400,0.17601177,,,0.17609257,,,
1076500,0.27765101,0.22851843,,,,,
1076600,0.27123926,0.2285376,,,,,
1076700,0.27325078,0.22855245,,,,,
1076800,0.27687756,0.22857213,,,,,
1076900,0.17492911,,,0.17609503,,,
1077000,0.18572489,,0.10917945,,,,
1077100,0.17196382,,,0.17609306,,,
1077200,0.27365296,0.22865634,,,,,
1077300,0.17302234,,,0.17609668,,,
1077400,0.17187706,,,0.1760948,,,
1077500,0.28187167,0.22872866,,,,,
1077600,0.17250729,,,0.17609339,,,
1077700,0.2744248,0.22876989,,,,,
1077800,0.18883062,,0.10931645,,,,
1077900,0.17449136,,,0.17610002,,,
1078000,0.28377867,0.22885221,,,,,
1078100,0.17219345,,,0.17609954,,,
1078200,0.28985125,0.22889202,,,,,
1078300,0.27874813,0.2289131,,,,,
1078400,0.17221383,,,0.17610277,,,
1078500,0.18703296,,0.1094503,,,,
1078600,0.1723794,,,0.17610108,,,
1078700,0.17545532,,,0.17610589,,,
1078800,0.28178646,0.22903919,,,,,
1078900,0.17172526,,,0.17610786,,,
1079000,0.28547108,0.22910717,,,,,
1079100,0.27582626,0.22912284,,,,,
1079200,0.27524141,0.2291396,,,,,
1079300,0.2964967,0.22916402,,,,,
1079400,0.17284303,,,0.17610708,,,
1079500,0.17482561,,,0.17610732,,,
1079600,0.27611825,0.22924834,,,,,
1079700,0.28590567,0.22926584,,,,,
1079800,0.29633191,0.22929341,,,,,
1079900,0.17383559,,,0.17610937,,,
1080000,0.27457632,0.22934722,,,,,
1080100,0.17326621,,,0.17610733,,,
1080200,0.28474947,0.22937993,,,,,
1080300,0.18166725,,,0.17611217,,,
1080400,0.19116591,,0.10979255,,,,
1080500,0.27913123,0.2294568,,,,,
1080600,0.17573472,,,0.17611033,,,
1080700,0.27921105,0.22949638,,,,,
1080800,0.17714635,,,0.17611537,,,
1080900,0.17292375,,,0.17611616,,,
1081000,0.17433068,,,0.17611575,,,
1081100,0.17144107,,,0.17611444,,,
1081200,0.29423355,0.22960197,,,,,
1081300,0.17597582,,,0.17611687,,,
1081400,0.17764779,,,0.17611628,,,
1081500,0.27787695,0.22969768,,,,,
1081600,0.17099586,,,0.17611449,,,
1081700,0.275714,0.22973003,,,,,
1081800,0.17151271,,,0.17611587,,,
1081900,0.17183898,,,0.17611426,,,
1082000,0.27914033,0.22980767,,,,,
1082100,0.17135875,,,0.17611198,,,
1082200,0.27507072,0.22983942,,,,,
1082300,0.1753079,,,0.17611509,,,
1082400,0.19320876,,0.11017075,,,,
1082500,0.275243,0.22991935,,,,,
1082600,0.17163741,,,0.17611291,,,
1082700,0.28842281,0.2299528,,,,,
1082800,0.17229787,,,0.17612195,,,
1082900,0.28268294,0.2300101,,,,,
1083000,0.27693683,0.2300394,,,,,
1083100,0.1742223,,,0.17611986,,,
1083200,0.19647426,,0.11032098,,,,
1083300,0.2769984,0.23009874,,,,,
1083400,0.17465938,,,0.17612491,,,
1083500,0.28068217,0.23015519,,,,,
1083600,0.17181848,,,0.17612498,,,
1083700,0.27419394,0.23018624,,,,,
1083800,0.17496308,,,0.17612724,,,
1083900,0.17782596,,,0.17612863,,,
1084000,0.19577296,,0.11048004,,,,
1084100,0.19859974,,0.1104997,,,,
1084200,0.17482083,,,0.17613103,,,
1084300,0.1719515,,,0.17613011,,,
1084400,0.274769,0.23033734,,,,,
1084500,0.28199762,0.23036529,,,,,
1084600,0.28630403,0.23039226,,,,,
1084700,0.29997866,0.23040539,,,,,
1084800,0.2019857,,0.1106337,,,,
1084900,0.20074539,,0.110654,,,,
1085000,0.29066941,0.23048058,,,,,
1085100,0.29027163,0.23051043,,,,,
1085200,0.17613909,,,0.1761308,,,
1085300,0.17176827,,,0.17613109,,,
1085400,0.20340651,,0.11075641,,,,
1085500,0.17157259,,,0.17612915,,,
1085600,0.20400123,,0.11080538,,,,
1085700,0.18337081,,,0.17613024,,,
1085800,0.27978166,0.23066695,,,,,
1085900,0.28782291,0.23069256,,,,,
1086000,0.17271706,,,0.17613291,,,
1086100,0.18108207,,,0.17613254,,,
1086200,0.18375574,,,0.17613801,,,
1086300,0.17212961,,,0.17613953,,,
1086400,0.28811842,0.23081897,,,,,
1086500,0.28935623,0.23084893,,,,,
1086600,0.17568187,,,0.17613669,,,
1086700,0.28570488,0.23088634,,,,,
1086800,0.18213935,,,0.17614191,,,
1086900,0.20781548,,0.1110638,,,,
1087000,0.27853558,0.23098015,,,,,
1087100,0.17523719,,,0.17613994,,,
1087200,0.28025932,0.23101346,,,,,
1087300,0.1718551,,,0.1761416,,,
1087400,0.30734027,0.23106574,,,,,
1087500,0.17172426,,,0.17613936,,,
1087600,0.17162349,,,0.17613797,,,
1087700,0.28122472,0.2311436,,,,,
1087800,0.1719127,,,0.17614619,,,
1087900,0.17780031,,,0.17614768,,,
1088000,0.28343497,0.23123112,,,,,
1088100,0.28200873,0.23125284,,,,,
1088200,0.20916066,,0.11134339,,,,
1088300,0.31065706,0.23130116,,,,,
1088400,0.30391719,0.23133454,,,,,
1088500,0.17276621,,,0.17614891,,,
1088600,0.28426281,0.23139038,,,,,
1088700,0.17900315,,,0.17615227,,,
1088800,0.20795931,,0.1114696,,,,
1088900,0.31738343,0.23147235,,,,,
1089000,0.20741679,,0.11152075,,,,
1089100,0.17454694,,,0.1761532,,,
1089200,0.28931641,0.23155295,,,,,
1089300,0.1779111,,,0.17615554,,,
1089400,0.17294557,,,0.17615442,,,
1089500,0.17403101,,,0.17615391,,,
1089600,0.17829393,,,0.17615277,,,
1089700,0.20878117,,0.11165905,,,,
1089800,0.17483931,,,0.1761542,,,
1089900,0.17550571,,,0.17615334,,,
1090000,0.28569799,0.2317604,,,,,
1090100,0.17362772,,,0.17615146,,,
1090200,0.29088226,0.23179728,,,,,
1090300,0.28299715,0.23181738,,,,,
1090400,0.173816,,,0.17615633,,,
1090500,0.29444197,0.23187419,,,,,
1090600,0.17341497,,,0.17615465,,,
1090700,0.17994692,,,0.17615895,,,
1090800,0.21039285,,0.11189989,,,,
1090900,0.17947643,,,0.17615982,,,
1091000,0.2804565,0.23200566,,,,,
1091100,0.28325517,0.23202265,,,,,
1091200,0.2855463,0.23203995,,,,,
1091300,0.30162596,0.23206439,,,,,
1091400,0.17720762,,,0.17616816,,,
1091500,0.17307274,,,0.17616768,,,
1091600,0.20810038,,0.11207495,,,,
1091700,0.17502071,,,0.17617052,,,
1091800,0.30065154,0.23219483,,,,,
1091900,0.29154389,0.23222453,,,,,
1092000,0.1747637,,,0.17616892,,,
1092100,0.20631358,,0.11218058,,,,
1092200,0.18528192,,,0.17617159,,,
1092300,0.3109672,0.2323557,,,,,
1092400,0.29429254,0.23238514,,,,,
1092500,0.28036721,0.2324199,,,,,
1092600,0.28772298,0.23244451,,,,,
1092700,0.18764105,,,0.1761757,,,
1092800,0.20841967,,0.11232109,,,,
1092900,0.3124363,0.232542,,,,,
1093000,0.28917618,0.23258364,,,,,
1093100,0.28458528,0.23260899,,,,,
1093200,0.18527255,,,0.17618133,,,
1093300,0.29940858,0.23266152,,,,,
1093400,0.20625769,,0.11244498,,,,
1093500,0.28296165,0.23274973,,,,,
1093600,0.17181446,,,0.17618638,,,
1093700,0.20629459,,0.11250582,,,,
1093800,0.29148877,0.23281378,,,,,
1093900,0.17318912,,,0.17618713,,,
1094000,0.21347082,,0.11257976,,,,
1094100,0.17368832,,,0.17618634,,,
1094200,0.20963407,,0.11261096,,,,
1094300,0.29939059,0.23297304,,,,,
1094400,0.28216586,0.23300368,,,,,
1094500,0.17207229,,,0.17618744,,,
1094600,0.28949738,0.23306762,,,,,
1094700,0.18253642,,,0.17619078,,,
1094800,0.31055931,0.23312369,,,,,
1094900,0.29490132,0.23315845,,,,,
1095000,0.17392013,,,0.17619133,,,
1095100,0.28066611,0.23322251,,,,,
1095200,0.29153244,0.23324249,,,,,
1095300,0.28562658,0.23327012,,,,,
1095400,0.20197444,,0.1128465,,,,
1095500,0.18060035,,,0.17619876,,,
1095600,0.28145737,0.23335736,,,,,
1095700,0.18199401,,,0.17620481,,,
1095800,0.20271989,,0.11292447,,,,
1095900,0.28338468,0.23342597,,,,,
1096000,0.1759788,,,0.17620837,,,
1096100,0.27706157,0.23348288,,,,,
1096200,0.18385983,,,0.17621162,,,
1096300,0.20314337,,0.1130172,,,,
1096400,0.30140833,0.23355495,,,,,
1096500,0.20124888,,0.11306418,,,,
1096600,0.20301919,,0.11308289,,,,
1096700,0.1773738,,,0.17621886,,,
1096800,0.20164962,,0.11311352,,,,
1096900,0.29915302,0.23369617,,,,,
1097000,0.27925457,0.23372921,,,,,
1097100,0.23021409,,,0.17621629,,,
1097200,0.17846168,,,0.17621917,,,
1097300,0.1751842,,,0.17621834,,,
1097400,0.27615956,0.23383562,,,,,
1097500,0.18214043,,,0.17621836,,,
1097600,0.2778709,0.23389048,,,,,
1097700,0.18010605,,,0.17622419,,,
1097800,0.19887898,,0.11330786,,,,
1097900,0.28704313,0.23395798,,,,,
1098000,0.29449286,0.23398807,,,,,
1098100,0.28750486,0.23401595,,,,,
1098200,0.18405943,,,0.17622464,,,
1098300,0.17952465,,,0.17622775,,,
1098400,0.19923386,,0.11341366,,,,
1098500,0.27677766,0.23411318,,,,,
1098600,0.27576881,0.23413517,,,,,
1098700,0.27486844,0.23414596,,,,,
1098800,0.17526258,,,0.17624245,,,
1098900,0.28422961,0.23420384,,,,,
1099000,0.29262615,0.23423872,,,,,
1099100,0.19932712,,,0.17624543,,,
1099200,0.28240301,0.23427657,,,,,
1099300,0.1789238,,,0.17624922,,,
1099400,0.28957102,0.23433369,,,,,
1099500,0.28944677,0.23437425,,,,,
1099600,0.2218761,,,0.1762488,,,
1099700,0.17626101,,,0.17625229,,,
1099800,0.17194249,,,0.17625099,,,
1099900,0.29158422,0.2344671,,,,,
1100000,0.17211445,,,0.17624886,,,
1100100,0.18357946,,,0.17624793,,,
1100200,0.27703616,0.23453944,,,,,
1100300,0.29398621,0.23456361,,,,,
1100400,0.28176363,0.23459822,,,,,
1100500,0.28119629,0.23462523,,,,,
1100600,0.19426217,,,0.1762541,,,
1100700,0.29449642,0.23466355,,,,,
1100800,0.29784556,0.23469628,,,,,
1100900,0.28728293,0.23473207,,,,,
1101000,0.30412755,0.23476481,,,,,
1101100,0.19135437,,,0.17625421,,,
1101200,0.19509087,,0.11392463,,,,
1101300,0.27630034,0.23482963,,,,,
1101400,0.28376564,0.23485969,,,,,
1101500,0.17443588,,,0.17625337,,,
1101600,0.19057279,,,0.17625414,,,
1101700,0.19518312,,0.11401242,,,,
1101800,0.27288059,0.23495173,,,,,
1101900,0.27231129,0.23497475,,,,,
1102000,0.29220132,0.23500658,,,,,
1102100,0.18348949,,,0.17625315,,,
1102200,0.27833127,0.23505251,,,,,
1102300,0.17519555,,,0.17625292,,,
1102400,0.28449165,0.23510557,,,,,
1102500,0.17234349,,,0.17625098,,,
1102600,0.17582266,,,0.17625205,,,
1102700,0.19224195,,0.11417968,,,,
1102800,0.18025421,,,0.17625554,,,
1102900,0.27212113,0.2352228,,,,,
1103000,0.19624241,,0.11423772,,,,
1103100,0.18745418,,,0.17625611,,,
1103200,0.2767487,0.23529024,,,,,
1103300,0.17975271,,,0.17625908,,,
1103400,0.29329635,0.23533763,,,,,
1103500,0.27705479,0.23536299,,,,,
1103600,0.27391791,0.23538181,,,,,
1103700,0.27083748,0.23539281,,,,,
1103800,0.17751361,,,0.17626911,,,
1103900,0.19836861,,0.11438239,,,,
1104000,0.29152201,0.23548493,,,,,
1104100,0.18523692,,,0.17627139,,,
1104200,0.28052164,0.23552183,,,,,
1104300,0.29269494,0.23554698,,,,,
1104400,0.18942573,,0.11446022,,,,
1104500,0.18850169,,0.11448026,,,,
1104600,0.19401639,,,0.17627759,,,
1104700,0.29000027,0.23566323,,,,,
1104800,0.17385035,,,0.17627636,,,
1104900,0.29252656,0.23571062,,,,,
1105000,0.1925928,,0.11455961,,,,
1105100,0.18679888,,,0.17627628,,,
1105200,0.18817863,,0.11458403,,,,
1105300,0.17327823,,,0.17627822,,,
1105400,0.18613014,,0.11461715,,,,
1105500,0.27390326,0.23586753,,,,,
1105600,0.18516114,,0.11465376,,,,
1105700,0.18961666,,0.1146614,,,,
1105800,0.17479334,,,0.17628406,,,
1105900,0.18705623,,0.11469379,,,,
1106000,0.1729602,,,0.17628245,,,
1106100,0.18510192,,0.11473074,,,,
1106200,0.17295844,,,0.17628436,,,
1106300,0.29542517,0.23606488,,,,,
1106400,0.27752659,0.23608825,,,,,
1106500,0.28156659,0.23611795,,,,,
1106600,0.22499406,,,0.17628265,,,
1106700,0.28102451,0.23614938,,,,,
1106800,0.27698995,0.23617326,,,,,
1106900,0.27042696,0.23619425,,,,,
1107000,0.27713917,0.23622013,,,,,
1107100,0.26893165,0.23623512,,,,,
1107200,0.27709056,0.23624739,,,,,
1107300,0.29279144,0.23626914,,,,,
1107400,0.17190086,,,0.17628506,,,
1107500,0.18014921,,0.11493516,,,,
1107600,0.17164858,,,0.1762832,,,
1107700,0.26652873,0.23636047,,,,,
1107800,0.26771996,0.23637532,,,,,
1107900,0.17332918,,,0.17628563,,,
1108000,0.17358102,,0.11500579,,,,
1108100,0.26852384,0.23642801,,,,,
1108200,0.17789761,,0.11502575,,,,
1108300,0.28835698,0.23646229,,,,,
1108400,0.2714722,0.23648574,,,,,
1108500,0.17359224,,,0.17629205,,,
1108600,0.26475015,0.23652052,,,,,
1108700,0.17459216,,,0.17629532,,,
1108800,0.29591995,0.23655602,,,,,
1108900,0.28423437,0.23658,,,,,
1109000,0.26527436,0.23660419,,,,,
1109100,0.27162432,0.23661838,,,,,
1109200,0.18548213,,,0.17629507,,,
1109300,0.27823639,0.23665545,,,,,
1109400,0.17427995,,,0.17629482,,,
1109500,0.17398719,,,0.17629439,,,
1109600,0.17082532,,0.11520948,,,,
1109700,0.261452,0.23671937,,,,,
1109800,0.18055099,,,0.17629683,,,
1109900,0.17425816,,,0.17629618,,,
1110000,0.17173846,,0.11525818,,,,
1110100,0.17528602,,,0.17629425,,,
1110200,0.27896632,0.2368205,,,,,
1110300,0.16952306,,0.11528755,,,,
1110400,0.17815827,,,0.17630193,,,
1110500,0.26531516,0.23686914,,,,,
1110600,0.25894389,0.23688173,,,,,
1110700,0.17243831,,,0.17630787,,,
1110800,0.26034155,0.23690401,,,,,
1110900,0.16821519,,0.11535678,,,,
1111000,0.18191973,,,0.17630472,,,
1111100,0.26408603,0.23695771,,,,,
1111200,0.17731966,,,0.1763064,,,
1111300,0.17212058,,0.11540876,,,,
1111400,0.27736187,0.23699563,,,,,
1111500,0.17415432,,,0.17630534,,,
1111600,0.25878509,0.2370219,,,,,
1111700,0.1867018,,,0.17630979,,,
1111800,0.28727083,0.23705226,,,,,
1111900,0.27529352,0.23706662,,,,,
1112000,0.17392796,,,0.17631418,,,
1112100,0.17769396,,,0.17631364,,,
1112200,0.27046911,0.23710568,,,,,
1112300,0.25892538,0.23711723,,,,,
1112400,0.27634766,0.23713104,,,,,
1112500,0.1756669,,,0.17631569,,,
1112600,0.19094438,,,0.17631521,,,
1112700,0.27927922,0.23716761,,,,,
1112800,0.28284539,0.23718046,,,,,
1112900,0.25660745,0.23719379,,,,,
1113000,0.17438477,,,0.1763162,,,
1113100,0.25737826,0.23722017,,,,,
1113200,0.25935546,0.23722799,,,,,
1113300,0.265817,0.23723729,,,,,
1113400,0.17261871,,,0.17631662,,,
1113500,0.25509632,0.23728025,,,,,
1113600,0.16739599,,0.11565737,,,,
1113700,0.17634655,,,0.17632187,,,
1113800,0.27130757,0.23730796,,,,,
1113900,0.26168243,0.23732339,,,,,
1114000,0.1725745,,,0.17631946,,,
1114100,0.1740773,,,0.17631798,,,
1114200,0.16267531,,0.11571503,,,,
1114300,0.26123349,0.23736074,,,,,
1114400,0.26106466,0.23737304,,,,,
1114500,0.25608599,0.23738482,,,,,
1114600,0.16571643,,0.1157585,,,,
1114700,0.19000149,,,0.1763207,,,
1114800,0.16553533,,0.11577479,,,,
1114900,0.27998514,0.23743426,,,,,
1115000,0.1722013,,,0.17631872,,,
1115100,0.16172727,,0.11581071,,,,
1115200,0.18421878,,,0.17632166,,,
1115300,0.16438452,,0.11582741,,,,
1115400,0.27770449,0.23750207,,,,,
1115500,0.17250837,,,0.17632021,,,
1115600,0.25706172,0.23752662,,,,,
1115700,0.16220037,,0.11586573,,,,
1115800,0.26564635,0.23754922,,,,,
1115900,0.17219186,,,0.17632269,,,
1116000,0.2564189,0.23758585,,,,,
1116100,0.1740657,,,0.17632654,,,
1116200,0.16038444,,0.11591207,,,,
1116300,0.25120605,0.23760772,,,,,
1116400,0.17266149,,,0.17633019,,,
1116500,0.26313179,0.23763787,,,,,
1116600,0.25845782,0.23764833,,,,,
1116700,0.17258995,,,0.17633518,,,
1116800,0.25493778,0.23766238,,,,,
1116900,0.2502882,0.23767303,,,,,
1117000,0.29116121,0.23768764,,,,,
1117100,0.1617423,,0.11599724,,,,
1117200,0.25365621,0.23770825,,,,,
1117300,0.17198026,,,0.17633478,,,
1117400,0.17390476,,,0.17633319,,,
1117500,0.17171241,,,0.17633264,,,
1117600,0.25163992,0.23775426,,,,,
1117700,0.17574375,,,0.17633427,,,
1117800,0.27995332,0.23777472,,,,,
1117900,0.27205396,0.2377884,,,,,
1118000,0.17295208,,,0.17633681,,,
1118100,0.25194456,0.23780678,,,,,
1118200,0.25942127,0.23781285,,,,,
1118300,0.24847058,0.237821,,,,,
1118400,0.17228001,,,0.176337,,,
1118500,0.15279914,,0.11612431,,,,
1118600,0.1714353,,,0.17633495,,,
1118700,0.17140606,,,0.1763381,,,
1118800,0.25367894,0.23785392,,,,,
1118900,0.17370405,,,0.17633502,,,
1119000,0.25097586,0.23788145,,,,,
1119100,0.25863781,0.23788652,,,,,
1119200,0.17232811,,,0.17634109,,,
1119300,0.25795578,0.23789728,,,,,
1119400,0.25538454,0.23790896,,,,,
1119500,0.17157954,,,0.17633787,,,
1119600,0.15426964,,0.11621311,,,,
1119700,0.15502395,,0.11621912,,,,
1119800,0.15287649,,0.11622627,,,,
1119900,0.26384618,0.23794248,,,,,
1120000,0.17207599,,,0.17634074,,,
1120100,0.17826577,,,0.17633954,,,
1120200,0.25635646,0.23796206,,,,,
1120300,0.25237206,0.23796701,,,,,
1120400,0.25041351,0.23797438,,,,,
1120500,0.14899532,,0.11628538,,,,
1120600,0.17811347,,,0.17633971,,,
1120700,0.15170122,,0.11629567,,,,
1120800,0.24608784,0.23798946,,,,,
1120900,0.24767543,0.2379951,,,,,
1121000,0.17293071,,,0.17634142,,,
1121100,0.19109033,,,0.17634118,,,
1121200,0.14737724,,0.11632769,,,,
1121300,0.14908403,,0.11633394,,,,
1121400,0.18002926,,,0.17635037,,,
1121500,0.15074845,,0.11635018,,,,
1121600,0.14944267,,0.11635627,,,,
1121700,0.14522148,,0.11636123,,,,
1121800,0.23931138,0.23802832,,,,,
1121900,0.2500325,0.23803028,,,,,
1122000,0.17375872,,,0.17635712,,,
1122100,0.21545244,,,0.17635671,,,
1122200,0.1740737,,,0.17636047,,,
1122300,0.17373596,,,0.17635977,,,
1122400,0.23775656,0.23804064,,,,,
1122500,0.17448369,,,0.17635846,,,
1122600,0.24585985,0.23805124,,,,,
1122700,0.24234683,0.2380523,,,,,
1122800,0.2485593,0.23805484,,,,,
1122900,0.24003769,0.23805821,,,,,
1123000,0.2505872,0.23806315,,,,,
1123100,0.24499663,0.23806554,,,,,
1123200,0.17194406,,,0.17636321,,,
1123300,0.14885705,,0.1164553,,,,
1123400,0.14440239,,0.11646086,,,,
1123500,0.17807996,,,0.1763601,,,
1123600,0.17794555,,,0.17636151,,,
1123700,0.1450678,,0.11647778,,,,
1123800,0.24548381,0.23808934,,,,,
1123900,0.24189088,0.23809161,,,,,
1124000,0.2497039,0.23809589,,,,,
1124100,0.25632539,0.23810011,,,,,
1124200,0.17403258,,,0.17636845,,,
1124300,0.24070204,0.23810549,,,,,
1124400,0.17181076,,,0.17636679,,,
1124500,0.14051822,,0.11652483,,,,
1124600,0.24672389,0.238114,,,,,
1124700,0.2400253,0.23811504,,,,,
1124800,0.24422865,0.23811645,,,,,
1124900,0.17240293,,,0.17636632,,,
1125000,0.17604622,,,0.17636594,,,
1125100,0.26105865,0.23814268,,,,,
1125200,0.17529291,,,0.17637327,,,
1125300,0.24075265,0.23814966,,,,,
1125400,0.1727395,,,0.17637101,,,
1125500,0.19696511,,0.11657929,,,,
1125600,0.14645034,,0.11658711,,,,
1125700,0.13979114,,0.1165924,,,,
1125800,0.24818206,0.23817504,,,,,
1125900,0.24495265,0.23817995,,,,,
1126000,0.23784002,0.23818156,,,,,
1126100,0.18564268,,,0.17637278,,,
1126200,0.23563096,0.23818456,,,,,
1126300,0.13347029,,0.11661771,,,,
1126400,0.17535352,,,0.1763818,,,
1126500,0.23853466,0.23818985,,,,,
1126600,0.17135534,,,0.1763805,,,
1126700,0.13292888,,0.1166349,,,,
1126800,0.24358322,0.23819099,,,,,
1126900,0.13008592,,0.11664184,,,,
1127000,0.23082548,0.23818843,,,,,
1127100,0.23686474,0.23818736,,,,,
1127200,0.12796729,,0.11664881,,,,
1127300,0.17266642,,,0.17638828,,,
1127400,0.17170206,,,0.17638697,,,
1127500,0.17258051,,,0.17638628,,,
1127600,0.23458484,0.23819675,,,,,
1127700,0.24601595,0.23819698,,,,,
1127800,0.17199727,,,0.17638886,,,
1127900,0.12656156,,0.11666879,,,,
1128000,0.23610854,0.23820995,,,,,
1128100,0.17682209,,,0.17638491,,,
1128200,0.24235817,0.23820926,,,,,
1128300,0.17143694,,,0.1763882,,,
1128400,0.12668165,,0.11667856,,,,
1128500,0.23800897,0.23821789,,,,,
1128600,0.14528925,,0.11668715,,,,
1128700,0.17447769,,,0.17639001,,,
1128800,0.13097606,,0.11669269,,,,
1128900,0.12367913,,0.11669453,,,,
1129000,0.17293285,,,0.17638838,,,
1129100,0.23713725,0.23821308,,,,,
1129200,0.24045274,0.23821342,,,,,
1129300,0.17242544,,,0.17639485,,,
1129400,0.25049888,0.23821212,,,,,
1129500,0.17262124,,,0.17639219,,,
1129600,0.12307708,,0.11670777,,,,
1129700,0.19301667,,,0.17639351,,,
1129800,0.11732308,,0.11671023,,,,
1129900,0.11473428,,0.11671014,,,,
1130000,0.23746229,0.23820451,,,,,
1130100,0.17240617,,,0.17639298,,,
1130200,0.23723764,0.23819895,,,,,
1130300,0.11543146,,0.11670982,,,,
1130400,0.17215271,,,0.17639418,,,
1130500,0.11105933,,0.11670886,,,,
1130600,0.22459277,0.23818966,,,,,
1130700,0.17208655,,,0.17640048,,,
1130800,0.22440036,0.23818438,,,,,
1130900,0.11438623,,0.11670657,,,,
1131000,0.2312701,0.23817715,,,,,
1131100,0.17269982,,,0.17639489,,,
1131200,0.17772792,,,0.17639915,,,
1131300,0.11405185,,0.11670282,,,,
1131400,0.23543588,0.23817056,,,,,
1131500,0.22659186,0.23816626,,,,,
1131600,0.17432808,,,0.1763956,,,
1131700,0.18031156,,,0.17640052,,,
1131800,0.17271448,,,0.1764007,,,
1131900,0.10886495,,0.11669443,,,,
1132000,0.1716155,,,0.17639815,,,
1132100,0.10820874,,0.11668994,,,,
1132200,0.17361624,,,0.17639886,,,
1132300,0.23604495,0.23812134,,,,,
1132400,0.23175642,0.23811594,,,,,
1132500,0.17198751,,,0.17639786,,,
1132600,0.22055985,0.23810336,,,,,
1132700,0.22737001,0.23810096,,,,,
1132800,0.21864124,0.23809325,,,,,
1132900,0.23455781,0.23808848,,,,,
1133000,0.22215754,0.2380825,,,,,
1133100,0.17750292,,,0.17639614,,,
1133200,0.17788052,,,0.1764019,,,
1133300,0.24925218,0.23807685,,,,,
1133400,0.23769282,0.2380751,,,,,
1133500,0.17234429,,,0.1763992,,,
1133600,0.10294498,,0.1166625,,,,
1133700,0.24424296,0.2380707,,,,,
1133800,0.23023352,0.23806761,,,,,
1133900,0.22424569,0.23806189,,,,,
1134000,0.17255164,,,0.17639986,,,
1134100,0.10849578,,0.11665133,,,,
1134200,0.17616715,,,0.17640033,,,
1134300,0.10334348,,0.11664929,,,,
1134400,0.22405529,0.23806794,,,,,
1134500,0.17468037,,,0.17639713,,,
1134600,0.26524128,0.23807103,,,,,
1134700,0.17316796,,,0.17639796,,,
1134800,0.099617214,,0.11663692,,,,
1134900,0.22279609,0.23806172,,,,,
1135000,0.22315077,0.23805304,,,,,
1135100,0.17941609,,,0.17639274,,,
1135200,0.22263538,0.23804185,,,,,
1135300,0.097046464,,0.11661958,,,,
1135400,0.22115493,0.23803134,,,,,
1135500,0.22709124,0.2380207,,,,,
1135600,0.21817694,0.23801391,,,,,
1135700,0.17249247,,,0.17640219,,,
1135800,0.09456061,,0.1165994,,,,
1135900,0.22500394,0.23799671,,,,,
1136000,0.23043942,0.23799021,,,,,
1136100,0.2166364,0.23798434,,,,,
1136200,0.1729978,,,0.17640526,,,
1136300,0.21376991,0.23797119,,,,,
1136400,0.17173637,,,0.17640193,,,
1136500,0.17333292,,,0.17640107,,,
1136600,0.21841605,0.23794482,,,,,
1136700,0.18115141,,,0.17640413,,,
1136800,0.22371623,0.23793669,,,,,
1136900,0.17400147,,,0.17640621,,,
1137000,0.24367694,0.2379378,,,,,
1137100,0.22353644,0.23793672,,,,,
1137200,0.21823111,0.23793085,,,,,
1137300,0.176691,,,0.17640781,,,
1137400,0.21664414,0.23791341,,,,,
1137500,0.22073067,0.23790134,,,,,
1137600,0.085573418,,0.1165035,,,,
1137700,0.21339422,0.23788897,,,,,
1137800,0.17198502,,,0.17641394,,,
1137900,0.22096504,0.23786983,,,,,
1138000,0.21100543,0.23785663,,,,,
1138100,0.084918409,,0.11647379,,,,
1138200,0.21165694,0.23784125,,,,,
1138300,0.17323176,,,0.17641465,,,
1138400,0.21700802,0.23782102,,,,,
1138500,0.084926878,,0.1164508,,,,
1138600,0.17202905,,,0.17641077,,,
1138700,0.21105662,0.23779195,,,,,
1138800,0.17202332,,,0.17641516,,,
1138900,0.17330056,,,0.1764145,,,
1139000,0.21123213,0.23776232,,,,,
1139100,0.17225886,,,0.17641249,,,
1139200,0.083364461,,0.11640749,,,,
1139300,0.21367324,0.23772668,,,,,
1139400,0.083413804,,0.11639473,,,,
1139500,0.20830528,0.2376962,,,,,
1139600,0.17231706,,,0.17641315,,,
1139700,0.20867869,0.23767165,,,,,
1139800,0.17226988,,,0.17641657,,,
1139900,0.21449038,0.2376436,,,,,
1140000,0.20856396,0.23762531,,,,,
1140100,0.21407717,0.2376096,,,,,
1140200,0.17867529,,,0.17641511,,,
1140300,0.082171789,,0.11633457,,,,
1140400,0.21817906,0.23757409,,,,,
1140500,0.080926348,,0.11631902,,,,
1140600,0.081087355,,0.11631079,,,,
1140700,0.083049724,,0.11630683,,,,
1140800,0.21436348,0.23751621,,,,,
1140900,0.082691245,,0.11629396,,,,
1141000,0.080872933,,0.11628535,,,,
1141100,0.17231455,,,0.17641796,,,
1141200,0.20883576,0.23746817,,,,,
1141300,0.17254822,,,0.17642063,,,
1141400,0.20886374,0.23744165,,,,,
1141500,0.20833756,0.23742252,,,,,
1141600,0.18145143,,,0.17641723,,,
1141700,0.21079825,0.23739613,,,,,
1141800,0.17149391,,,0.17642281,,,
1141900,0.2125174,0.23736918,,,,,
1142000,0.21218222,0.23735413,,,,,
1142100,0.18164224,,,0.17641955,,,
1142200,0.17557465,,,0.17642156,,,
1142300,0.17179247,,,0.17642282,,,
1142400,0.22016007,0.23730442,,,,,
1142500,0.20799979,0.23728765,,,,,
1142600,0.22286492,0.23727639,,,,,
1142700,0.17983908,,,0.17642146,,,
1142800,0.081837699,,0.11616474,,,,
1142900,0.17212332,,,0.17642101,,,
1143000,0.21321166,0.23723373,,,,,
1143100,0.21058223,0.23722022,,,,,
1143200,0.17380579,,,0.176425,,,
1143300,0.22389616,0.23720202,,,,,
1143400,0.21686716,0.23719277,,,,,
1143500,0.082905011,,0.11611525,,,,
1143600,0.21333403,0.23716675,,,,,
1143700,0.17120885,,,0.17642481,,,
1143800,0.20932171,0.23714952,,,,,
1143900,0.21247121,0.23713544,,,,,
1144000,0.082920792,,0.11608357,,,,
1144100,0.2120017,0.23710727,,,,,
1144200,0.17166313,,,0.1764245,,,
1144300,0.21043005,0.23708643,,,,,
1144400,0.17254268,,,0.17642274,,,
1144500,0.084154579,,0.11605198,,,,
1144600,0.21415844,0.23704516,,,,,
1144700,0.17881584,,,0.17642269,,,
1144800,0.21378288,0.2370248,,,,,
1144900,0.17344564,,,0.17642195,,,
1145000,0.21301893,0.23699719,,,,,
1145100,0.18209057,,,0.17641969,,,
1145200,0.21723049,0.23697448,,,,,
1145300,0.21263155,0.2369662,,,,,
1145400,0.22997007,0.23695851,,,,,
1145500,0.085889212,,0.11599527,,,,
1145600,0.17320937,,,0.17642183,,,
1145700,0.088847502,,0.11598603,,,,
1145800,0.21284369,0.23691231,,,,,
1145900,0.21071038,0.23690094,,,,,
1146000,0.20975072,0.23688421,,,,,
1146100,0.18548873,,,0.17642472,,,
1146200,0.17242374,,,0.17643313,,,
1146300,0.17382105,,,0.17643162,,,
1146400,0.091944984,,0.11594811,,,,
1146500,0.22809719,0.23684996,,,,,
1146600,0.21249638,0.23683779,,,,,
1146700,0.21107344,0.23682956,,,,,
1146800,0.17184665,,,0.17643437,,,
1146900,0.21299672,0.23680489,,,,,
1147000,0.089742429,,0.11591661,,,,
1147100,0.21427685,0.23677821,,,,,
1147200,0.1923883,,,0.17643543,,,
1147300,0.17543095,,,0.17643783,,,
1147400,0.22336847,0.23674809,,,,,
1147500,0.21677619,0.23674012,,,,,
1147600,0.21313539,0.23672633,,,,,
1147700,0.21604418,0.23671848,,,,,
1147800,0.17995625,,,0.17644554,,,
1147900,0.095916543,,0.1158774,,,,
1148000,0.094034535,,0.11587208,,,,
1148100,0.17337903,,,0.17644664,,,
1148200,0.21390096,0.23668936,,,,,
1148300,0.22441355,0.23667918,,,,,
1148400,0.21664097,0.23667489,,,,,
1148500,0.094345594,,0.11585217,,,,
1148600,0.22249455,0.23665075,,,,,
1148700,0.18669509,,,0.17645375,,,
1148800,0.22403692,0.23663573,,,,,
1148900,0.22607475,0.23663001,,,,,
1149000,0.22263927,0.23662559,,,,,
1149100,0.21599526,0.23661476,,,,,
1149200,0.17854006,,,0.17645353,,,
1149300,0.21551989,0.23659898,,,,,
1149400,0.21791352,0.23658936,,,,,
1149500,0.21856639,0.2365811,,,,,
1149600,0.10107337,,0.11581332,,,,
1149700,0.2211259,0.23656282,,,,,
1149800,0.21471071,0.23655364,,,,,
1149900,0.22817432,0.23654635,,,,,
1150000,0.21475378,0.23653604,,,,,
1150100,0.18481778,,,0.17645749,,,
1150200,0.23356763,0.23652993,,,,,
1150300,0.23108752,0.23652768,,,,,
1150400,0.1718489,,,0.17645961,,,
1150500,0.21834213,0.23652014,,,,,
1150600,0.10049075,,0.11578427,,,,
1150700,0.1846351,,,0.17645887,,,
1150800,0.23297532,0.23649887,,,,,
1150900,0.21687582,0.23649572,,,,,
1151000,0.21728187,0.23648501,,,,,
1151100,0.21940513,0.23647501,,,,,
1151200,0.17149332,,,0.17646338,,,
1151300,0.21717929,0.23645964,,,,,
1151400,0.17192739,,,0.17646027,,,
1151500,0.21564852,0.23643929,,,,,
1151600,0.1021563,,0.11575862,,,,
1151700,0.17318611,,,0.17646746,,,
1151800,0.23284776,0.23641935,,,,,
1151900,0.17369521,,,0.17646561,,,
1152000,0.10364012,,0.11575072,,,,
1152100,0.18892793,,,0.17646432,,,
1152200,0.18408744,,,0.17646613,,,
1152300,0.23442382,0.23639365,,,,,
1152400,0.18328904,,,0.17647224,,,
1152500,0.23299241,0.23640554,,,,,
1152600,0.21983495,0.23640214,,,,,
1152700,0.17325615,,,0.17647857,,,
1152800,0.21965431,0.23638954,,,,,
1152900,0.1726968,,,0.17647493,,,
1153000,0.21889224,0.2363744,,,,,
1153100,0.21905872,0.23636469,,,,,
1153200,0.1720885,,,0.17647644,,,
1153300,0.17851918,,,0.1764763,,,
1153400,0.17466484,,,0.17647572,,,
1153500,0.10303919,,0.1157211,,,,
1153600,0.22133307,0.23633274,,,,,
1153700,0.17174275,,,0.17648244,,,
1153800,0.1758891,,,0.176483,,,
1153900,0.18118374,,,0.17648462,,,
1154000,0.22237385,0.23630682,,,,,
1154100,0.23124251,0.23630185,,,,,
1154200,0.18817406,,,0.17649623,,,
1154300,0.10519629,,0.115703,,,,
1154400,0.21736761,0.23628316,,,,,
1154500,0.10816352,,0.11569927,,,,
1154600,0.21838817,0.2362681,,,,,
1154700,0.18149013,,,0.17649583,,,
1154800,0.18250975,,,0.17649663,,,
1154900,0.17178506,,,0.1764965,,,
1155000,0.1043003,,0.11569079,,,,
1155100,0.17299606,,,0.17649433,,,
1155200,0.1791116,,,0.17649617,,,
1155300,0.22928163,0.23623329,,,,,
1155400,0.17881893,,,0.17649681,,,
1155500,0.22191005,0.23623462,,,,,
1155600,0.22353517,0.23622646,,,,,
1155700,0.17468009,,,0.17650196,,,
1155800,0.22080587,0.23621506,,,,,
1155900,0.2205648,0.23620705,,,,,
1156000,0.21899572,0.23619689,,,,,
1156100,0.18685957,,,0.17650018,,,
1156200,0.17258667,,,0.17650089,,,
1156300,0.19442786,,,0.17650467,,,
1156400,0.21965493,0.23617633,,,,,
1156500,0.22042761,0.23616647,,,,,
1156600,0.24975019,0.23616419,,,,,
1156700,0.17211075,,,0.17650663,,,
1156800,0.18012954,,,0.1765117,,,
1156900,0.22631597,0.23616749,,,,,
1157000,0.22729282,0.23616092,,,,,
1157100,0.23281935,0.23615927,,,,,
1157200,0.17085253,,,0.17651057,,,
1157300,0.24391132,0.2361571,,,,,
1157400,0.24350589,0.23616272,,,,,
1157500,0.23273426,0.23616548,,,,,
1157600,0.11494623,,0.11564453,,,,
1157700,0.17472015,,,0.17650747,,,
1157800,0.19193968,,,0.17651137,,,
1157900,0.24128294,0.23616348,,,,,
1158000,0.23353554,0.23616826,,,,,
1158100,0.23417382,0.23616619,,,,,
1158200,0.1723654,,,0.17651407,,,
1158300,0.17981939,,,0.17651608,,,
1158400,0.1722185,,,0.17651525,,,
1158500,0.27819214,0.23620271,,,,,
1158600,0.14758304,,0.11565384,,,,
1158700,0.17328439,,,0.17651925,,,
1158800,0.15340175,,0.11566633,,,,
1158900,0.17282842,,,0.1765179,,,
1159000,0.16077192,,0.11568519,,,,
1159100,0.17283423,,,0.17651636,,,
1159200,0.17693012,,,0.17651806,,,
1159300,0.18379194,,,0.17652138,,,
1159400,0.17194936,,,0.17652075,,,
1159500,0.29529199,0.23650384,,,,,
1159600,0.30018723,0.23654125,,,,,
1159700,0.1733884,,,0.17651851,,,
1159800,0.1884926,,,0.17652216,,,
1159900,0.30325186,0.2366156,,,,,
1160000,0.31091532,0.23665006,,,,,
1160100,0.18375632,,0.11580787,,,,
1160200,0.17494189,,,0.17652821,,,
1160300,0.17104009,,0.11582681,,,,
1160400,0.30024491,0.23676732,,,,,
1160500,0.17292769,,0.11584908,,,,
1160600,0.31083275,0.23682658,,,,,
1160700,0.20819223,,,0.17652713,,,
1160800,0.28631911,0.23687473,,,,,
1160900,0.17531322,,,0.17652822,,,
1161000,0.2764526,0.23692473,,,,,
1161100,0.16460493,,0.11591971,,,,
1161200,0.16326763,,0.11592958,,,,
1161300,0.18238045,,,0.17652876,,,
1161400,0.17329449,,,0.17652791,,,
1161500,0.27713302,0.23701424,,,,,
1161600,0.1719431,,,0.17652588,,,
1161700,0.26566655,0.23705185,,,,,
1161800,0.18056217,,,0.17653117,,,
1161900,0.17262751,,,0.17653276,,,
1162000,0.2593591,0.23708427,,,,,
1162100,0.17216237,,,0.1765311,,,
1162200,0.14337355,,0.11600079,,,,
1162300,0.19125368,,,0.17653346,,,
1162400,0.25588143,0.23712884,,,,,
1162500,0.2732156,0.23714166,,,,,
1162600,0.17310625,,,0.17653392,,,
1162700,0.17282891,,,0.17653252,,,
1162800,0.19380897,,,0.17653664,,,
1162900,0.12547881,,0.11602452,,,,
1163000,0.24578007,0.23717492,,,,,
1163100,0.23201657,0.23717326,,,,,
1163200,0.19828135,,,0.17653694,,,
1163300,0.24676449,0.23717248,,,,,
1163400,0.17823408,,,0.17653774,,,
1163500,0.24039822,0.23718711,,,,,
1163600,0.23826232,0.23718801,,,,,
1163700,0.193979,,,0.17653794,,,
1163800,0.2313696,0.23718439,,,,,
1163900,0.17183229,,,0.17653663,,,
1164000,0.23271408,0.2371817,,,,,
1164100,0.22821949,0.23717692,,,,,
1164200,0.23324061,,,0.17653567,,,
1164300,0.23901565,0.23717374,,,,,
1164400,0.22558901,0.23717233,,,,,
1164500,0.22512866,0.23716641,,,,,
1164600,0.10010031,,0.11600632,,,,
1164700,0.2259836,0.23715451,,,,,
1164800,0.10739273,,0.11600255,,,,
1164900,0.17240814,,,0.17653887,,,
1165000,0.10476031,,0.1160002,,,,
1165100,0.23116255,0.23714236,,,,,
1165200,0.1065253,,0.11599855,,,,
1165300,0.1814488,,,0.17653871,,,
1165400,0.17325799,,,0.17653907,,,
1165500,0.10166622,,0.11599162,,,,
1165600,0.22311224,0.23712254,,,,,
1165700,0.22360051,0.23711626,,,,,
1165800,0.22765095,0.2371126,,,,,
1165900,0.17400831,,,0.17653934,,,
1166000,0.24876744,0.23710735,,,,,
1166100,0.22241538,0.2371044,,,,,
1166200,0.2067124,,,0.17653719,,,
1166300,0.22741397,0.23709788,,,,,
1166400,0.17316702,,,0.17654043,,,
1166500,0.22429406,0.23709018,,,,,
1166600,0.23642292,0.23708853,,,,,
1166700,0.18156614,,,0.17654135,,,
1166800,0.10196571,,0.11596618,,,,
1166900,0.17142684,,,0.17653997,,,
1167000,0.21931268,0.2370733,,,,,
1167100,0.17786888,,,0.1765384,,,
1167200,0.1802584,,,0.17654113,,,
1167300,0.23881774,0.23705712,,,,,
1167400,0.22578102,0.23705547,,,,,
1167500,0.22546737,0.23705261,,,,,
1167600,0.17199391,,,0.17654358,,,
1167700,0.17782513,,,0.17654812,,,
1167800,0.23784473,0.2370405,,,,,
1167900,0.25196735,0.23704421,,,,,
1168000,0.22120335,0.23704423,,,,,
1168100,0.089013129,,0.11591666,,,,
1168200,0.23060784,,,0.17655039,,,
1168300,0.17694585,,,0.1765534,,,
1168400,0.17422878,,,0.17655237,,,
1168500,0.089267532,,0.11589381,,,,
1168600,0.17237743,,,0.17655055,,,
1168700,0.21359726,0.23697964,,,,,
1168800,0.17984334,,,0.1765584,,,
1168900,0.17268695,,,0.17655712,,,
1169000,0.22232194,0.23695438,,,,,
1169100,0.17222788,,,0.17655528,,,
1169200,0.090300966,,0.11584496,,,,
1169300,0.18807053,,,0.17655733,,,
1169400,0.21870155,0.23691738,,,,,
1169500,0.21473599,0.23690781,,,,,
1169600,0.23128908,0.23689813,,,,,
1169700,0.21151503,0.23688961,,,,,
1169800,0.17964617,,,0.17656018,,,
1169900,0.17195344,,,0.17656103,,,
1170000,0.21944739,0.23686233,,,,,
1170100,0.17335154,,,0.17655924,,,
1170200,0.21277534,0.23683853,,,,,
1170300,0.17874131,,,0.1765603,,,
1170400,0.20970045,0.23681877,,,,,
1170500,0.17223132,,,0.17656114,,,
1170600,0.081950361,,0.11575135,,,,
1170700,0.2183547,0.236784,,,,,
1170800,0.18272873,,,0.17656328,,,
1170900,0.095048027,,0.11573301,,,,
1171000,0.21293859,0.23675977,,,,,
1171100,0.1747462,,,0.17656046,,,
1171200,0.22104347,0.23673723,,,,,
1171300,0.17807916,,,0.17656215,,,
1171400,0.088030949,,0.11569817,,,,
1171500,0.17916831,,,0.1765641,,,
1171600,0.17254636,,,0.17656418,,,
1171700,0.21825521,0.23669512,,,,,
1171800,0.18414145,,,0.17656642,,,
1171900,0.08198809,,0.11565863,,,,
1172000,0.21141875,0.23666663,,,,,
1172100,0.21117588,0.23665107,,,,,
1172200,0.20901972,0.23664116,,,,,
1172300,0.17299164,,,0.17656387,,,
1172400,0.17309968,,,0.17656482,,,
1172500,0.21524151,0.23660935,,,,,
1172600,0.17187744,,,0.17656258,,,
1172700,0.20858353,0.23658109,,,,,
1172800,0.18583363,,,0.17656434,,,
1172900,0.20961556,0.23656004,,,,,
1173000,0.21537062,0.23654941,,,,,
1173100,0.081328473,,0.11556383,,,,
1173200,0.18367617,,,0.1765651,,,
1173300,0.21589077,0.23651577,,,,,
1173400,0.17242461,,,0.17656669,,,
1173500,0.21559043,0.23650164,,,,,
1173600,0.21109342,0.2364874,,,,,
1173700,0.082125077,,0.11552231,,,,
1173800,0.21009313,0.23646923,,,,,
1173900,0.17884538,,,0.17656495,,,
1174000,0.081628758,,0.11550231,,,,
1174100,0.21428646,0.23643508,,,,,
1174200,0.20864738,0.236425,,,,,
1174300,0.18712105,,,0.17656615,,,
1174400,0.17278785,,,0.17656678,,,
1174500,0.21531914,0.2363964,,,,,
1174600,0.17211187,,,0.17656488,,,
1174700,0.20907796,0.23637144,,,,,
1174800,0.17644379,,,0.17656726,,,
1174900,0.082464653,,0.1154357,,,,
1175000,0.21451772,0.23634396,,,,,
1175100,0.20805894,0.23632848,,,,,
1175200,0.20437158,,,0.17656338,,,
1175300,0.18810698,,,0.17656579,,,
1175400,0.17315235,,,0.17656737,,,
1175500,0.20797212,0.23628978,,,,,
1175600,0.22188542,0.23627587,,,,,
1175700,0.21620504,0.23627007,,,,,
1175800,0.17313326,,,0.17656785,,,
1175900,0.082895774,,0.11536272,,,,
1176000,0.21444821,0.23624178,,,,,
1176100,0.17502757,,,0.17656441,,,
1176200,0.081646286,,0.11533653,,,,
1176300,0.17167482,,,0.17656928,,,
1176400,0.083544447,,0.11532309,,,,
1176500,0.082333457,,0.11531552,,,,
1176600,0.17631163,,,0.1765664,,,
1176700,0.2128076,0.23616551,,,,,
1176800,0.20903938,0.23615722,,,,,
1176900,0.21051879,0.23614714,,,,,
1177000,0.17182048,,,0.17656933,,,
1177100,0.21802666,0.23612222,,,,,
1177200,0.17370927,,,0.17656777,,,
1177300,0.20896316,0.23610606,,,,,
1177400,0.17424579,,,0.17657323,,,
1177500,0.21789347,0.23608425,,,,,
1177600,0.21134471,0.23607148,,,,,
1177700,0.18471258,,,0.17657133,,,
1177800,0.08184381,,0.11521729,,,,
1177900,0.17601602,,,0.17657423,,,
1178000,0.23001084,0.23603458,,,,,
1178100,0.21336207,0.23602499,,,,,
1178200,0.21870583,0.23601573,,,,,
1178300,0.082164144,,0.11518279,,,,
1178400,0.17723556,,,0.17657755,,,
1178500,0.17277119,,,0.17657704,,,
1178600,0.17298676,,,0.17657638,,,
1178700,0.21273946,0.23596624,,,,,
1178800,0.082224537,,0.11514468,,,,
1178900,0.082563938,,0.11513834,,,,
1179000,0.21874402,0.23594429,,,,,
1179100,0.17185514,,,0.17657901,,,
1179200,0.082088081,,0.11511526,,,,
1179300,0.17472021,,,0.17657992,,,
1179400,0.2332676,0.23590833,,,,,
1179500,0.22047284,0.23590434,,,,,
1179600,0.17139949,,,0.17657701,,,
1179700,0.20882115,0.23588038,,,,,
1179800,0.1720293,,,0.17657688,,,
1179900,0.21528041,0.23586282,,,,,
1180000,0.22071066,0.23585359,,,,,
1180100,0.081781359,,0.11504818,,,,
1180200,0.1730372,,,0.17657287,,,
1180300,0.21371253,0.23582266,,,,,
1180400,0.082279066,,0.11502937,,,,
1180500,0.17289863,,,0.17657257,,,
1180600,0.20913154,0.23578968,,,,,
1180700,0.17470843,,,0.17657037,,,
1180800,0.21207232,0.23577384,,,,,
1180900,0.21036023,0.23576337,,,,,
1181000,0.17672761,,,0.17657434,,,
1181100,0.20790545,0.23574344,,,,,
1181200,0.17360679,,,0.17657548,,,
1181300,0.20855129,0.23572799,,,,,
1181400,0.17216831,,,0.17657921,,,
1181500,0.17320242,,,0.17657741,,,
1181600,0.083642862,,0.11493722,,,,
1181700,0.2083699,0.23568157,,,,,
1181800,0.21515599,0.23567469,,,,,
1181900,0.22162391,0.23566733,,,,,
1182000,0.17239748,,,0.17658093,,,
1182100,0.20923256,0.23564718,,,,,
1182200,0.17265114,,,0.17657961,,,
1182300,0.21471903,0.23563,,,,,
1182400,0.22462123,0.23562409,,,,,
1182500,0.17229439,,,0.17658214,,,
1182600,0.21703917,0.23561024,,,,,
1182700,0.17209693,,,0.17658147,,,
1182800,0.082745156,,0.11485415,,,,
1182900,0.20892013,0.23558301,,,,,
1183000,0.17187432,,,0.17658351,,,
1183100,0.21626959,0.23556094,,,,,
1183200,0.17164745,,,0.17658118,,,
1183300,0.2111661,0.23554647,,,,,
1183400,0.17461901,,,0.17658488,,,
1183500,0.17380114,,,0.17658389,,,
1183600,0.20939507,0.23551475,,,,,
1183700,0.17131638,,,0.17658248,,,
1183800,0.082439515,,0.11478753,,,,
1183900,0.17300436,,,0.17658457,,,
1184000,0.18001067,,,0.17658551,,,
1184100,0.20915927,0.23546532,,,,,
1184200,0.17269814,,,0.17658709,,,
1184300,0.2080435,0.23544765,,,,,
1184400,0.17534799,,,0.17658909,,,
1184500,0.17368713,,,0.17658781,,,
1184600,0.17209225,,,0.17658701,,,
1184700,0.20849371,0.23540111,,,,,
1184800,0.17692122,,,0.17659147,,,
1184900,0.083397983,,0.11471053,,,,
1185000,0.17374348,,,0.1765937,,,
1185100,0.082219059,,0.11469241,,,,
1185200,0.17138924,,,0.17659143,,,
1185300,0.20839744,0.23534678,,,,,
1185400,0.17268648,,,0.17659286,,,
1185500,0.08262529,,0.11466652,,,,
1185600,0.2194119,0.23531011,,,,,
1185700,0.19097525,,,0.17659226,,,
1185800,0.17554731,,,0.17659664,,,
1185900,0.21029462,0.23528803,,,,,
1186000,0.20990056,0.23527724,,,,,
1186100,0.20986743,0.23526353,,,,,
1186200,0.082517517,,0.11461235,,,,
1186300,0.17393535,,,0.17659625,,,
1186400,0.17266358,,,0.17659472,,,
1186500,0.083247685,,0.11459413,,,,
1186600,0.17250269,,,0.17659229,,,
1186700,0.20973525,0.23519778,,,,,
1186800,0.18055031,,,0.17659517,,,
1186900,0.20968817,0.23518154,,,,,
1187000,0.08387557,,0.11455982,,,,
1187100,0.086349335,,0.11455134,,,,
1187200,0.2115912,0.23514347,,,,,
1187300,0.090433862,,0.11454077,,,,
1187400,0.1764081,,,0.17660023,,,
1187500,0.17192875,,,0.17659982,,,
1187600,0.21367838,0.23510538,,,,,
1187700,0.17136106,,,0.17659764,,,
1187800,0.21424422,0.23508652,,,,,
1187900,0.17499834,,,0.17660177,,,
1188000,0.21584495,0.23507406,,,,,
1188100,0.21720155,0.2350605,,,,,
1188200,0.17514052,,,0.17660022,,,
1188300,0.18579158,,,0.17660187,,,
1188400,0.1736165,,,0.17660391,,,
1188500,0.22256657,0.23502612,,,,,
1188600,0.21505111,0.23501517,,,,,
1188700,0.18061478,,,0.17660624,,,
1188800,0.180606,,,0.17660806,,,
1188900,0.091339125,,0.11444393,,,,
1189000,0.21665471,0.23498901,,,,,
1189100,0.097258493,,0.11443299,,,,
1189200,0.17236592,,,0.17660684,,,
1189300,0.22861608,0.23496542,,,,,
1189400,0.17815715,,,0.17661305,,,
1189500,0.17663817,,,0.17661285,,,
1189600,0.22373492,0.23495762,,,,,
1189700,0.17222809,,,0.17661156,,,
1189800,0.2212097,0.2349501,,,,,
1189900,0.10086138,,0.11440495,,,,
1190000,0.23120406,0.23494034,,,,,
1190100,0.17284603,,,0.17661287,,,
1190200,0.22279522,0.23493067,,,,,
1190300,0.18221216,,,0.17661297,,,
1190400,0.22596836,0.23492188,,,,,
1190500,0.23075687,0.23491873,,,,,
1190600,0.17169975,,,0.17661025,,,
1190700,0.22895272,0.23491175,,,,,
1190800,0.17370545,,,0.17661409,,,
1190900,0.10881664,,0.11437975,,,,
1191000,0.22967615,0.23490466,,,,,
1191100,0.17747644,,,0.17661483,,,
1191200,0.23548241,0.23490362,,,,,
1191300,0.17509964,,,0.17662213,,,
1191400,0.11242775,,0.11437487,,,,
1191500,0.24640587,0.2349023,,,,,
1191600,0.11180456,,0.11437326,,,,
1191700,0.23001168,0.2349068,,,,,
1191800,0.17345253,,,0.17662022,,,
1191900,0.26607138,0.23491567,,,,,
1192000,0.17378891,,,0.17662016,,,
1192100,0.11466243,,0.1143739,,,,
1192200,0.17243356,,,0.1766187,,,
1192300,0.11170666,,0.1143731,,,,
1192400,0.23894559,0.23493644,,,,,
1192500,0.17181109,,,0.17662059,,,
1192600,0.23037407,0.23493773,,,,,
1192700,0.23011171,0.23493688,,,,,
1192800,0.17232978,,,0.17662783,,,
1192900,0.17229477,,,0.17662619,,,
1193000,0.17393529,,,0.17662691,,,
1193100,0.17522624,,,0.17662649,,,
1193200,0.23079227,0.23492928,,,,,
1193300,0.17265492,,,0.17663402,,,
1193400,0.24566212,0.23493065,,,,,
1193500,0.26019391,0.23493941,,,,,
1193600,0.23230884,0.23494945,,,,,
1193700,0.11005389,,0.11436416,,,,
1193800,0.18308407,,,0.17663132,,,
1193900,0.23885984,0.23495095,,,,,
1194000,0.23252574,0.23494904,,,,,
1194100,0.17240317,,,0.17663221,,,
1194200,0.11119773,,0.11436034,,,,
1194300,0.17189093,,,0.17663471,,,
1194400,0.10795808,,0.11435868,,,,
1194500,0.17373294,,,0.17663169,,,
1194600,0.24045293,0.2349567,,,,,
1194700,0.23515179,0.23495679,,,,,
1194800,0.22764885,0.23495453,,,,,
1194900,0.22824397,0.23495172,,,,,
1195000,0.17300342,,,0.17663794,,,
1195100,0.23329973,0.23495397,,,,,
1195200,0.17223532,,,0.17663683,,,
1195300,0.17142837,,,0.17663905,,,
1195400,0.17664569,,,0.1766393,,,
1195500,0.17157296,,,0.17663843,,,
1195600,0.23727913,0.23497361,,,,,
1195700,0.23774026,0.23497538,,,,,
1195800,0.17127474,,,0.17663944,,,
1195900,0.23957383,0.2349764,,,,,
1196000,0.23885711,0.23498198,,,,,
1196100,0.23781475,0.23498441,,,,,
1196200,0.17471747,,,0.17663494,,,
1196300,0.18909116,,,0.17663707,,,
1196400,0.25157339,0.23498336,,,,,
1196500,0.23135421,0.23498881,,,,,
1196600,0.2372964,0.23498662,,,,,
1196700,0.17675713,,,0.17663687,,,
1196800,0.17648937,,,0.1766393,,,
1196900,0.22830407,0.23498475,,,,,
1197000,0.23450389,0.23498506,,,,,
1197100,0.17200334,,,0.17663669,,,
1197200,0.10670695,,0.11434008,,,,
1197300,0.17188978,,,0.17664391,,,
1197400,0.24106061,0.23498995,,,,,
1197500,0.098853401,,0.1143334,,,,
1197600,0.10036492,,0.11432882,,,,
1197700,0.22707183,0.23498023,,,,,
1197800,0.17301986,,,0.17664745,,,
1197900,0.25440456,0.23499352,,,,,
1198000,0.2324642,0.2350005,,,,,
1198100,0.24676064,0.23500163,,,,,
1198200,0.17342545,,,0.17665008,,,
1198300,0.093398397,,0.11430391,,,,
1198400,0.22792999,0.23500832,,,,,
1198500,0.090218369,,0.11429524,,,,
1198600,0.091576127,,0.11428889,,,,
1198700,0.17324821,,,0.17665229,,,
1198800,0.1864999,,,0.17665394,,,
1198900,0.17237524,,,0.1766532,,,
1199000,0.17448551,,,0.17665185,,,
1199100,0.23023381,0.23498461,,,,,
1199200,0.17274786,,,0.17665117,,,
1199300,0.22350763,0.23497675,,,,,
1199400,0.17650407,,,0.17665249,,,
1199500,0.091543225,,0.11424634,,,,
1199600,0.23876651,0.23496007,,,,,
1199700,0.17387873,,,0.17665083,,,
1199800,0.18413478,,,0.17665133,,,
1199900,0.17393621,,,0.17665896,,,
1200000,0.1726565,,,0.17665825,,,
1200100,0.21126633,0.23492472,,,,,
1200200,0.17348639,,,0.17665641,,,
1200300,0.08225279,,0.11420129,,,,
1200400,0.17172429,,,0.17666068,,,
1200500,0.21620322,0.2348902,,,,,
1200600,0.081090479,,0.11417865,,,,
1200700,0.083262385,,0.11417229,,,,
1200800,0.18094407,,,0.17666038,,,
1200900,0.17148346,,,0.17666083,,,
1201000,0.22853305,0.23484371,,,,,
1201100,0.084203831,,0.11414604,,,,
1201200,0.21037233,0.23482273,,,,,
1201300,0.17414451,,,0.1766666,,,
1201400,0.17249816,,,0.17666663,,,
1201500,0.23895038,0.23480875,,,,,
1201600,0.22424327,0.23480906,,,,,
1201700,0.17466652,,,0.17666301,,,
1201800,0.22102725,0.23479782,,,,,
1201900,0.21158781,0.23478707,,,,,
1202000,0.22476665,0.2347788,,,,,
1202100,0.21872987,0.23477009,,,,,
1202200,0.21556679,0.23476146,,,,,
1202300,0.1775592,,,0.17666631,,,
1202400,0.17571446,,,0.1766672,,,
1202500,0.17438564,,,0.17666741,,,
1202600,0.21634739,0.23474151,,,,,
1202700,0.17802322,,,0.176666,,,
1202800,0.095408644,,0.1140473,,,,
1202900,0.088431236,,0.11404178,,,,
1203000,0.17231158,,,0.17666859,,,
1203100,0.21739758,0.23470711,,,,,
1203200,0.17184772,,,0.17666676,,,
1203300,0.21090372,0.23469186,,,,,
1203400,0.087586197,,0.11401652,,,,
1203500,0.089555038,,0.11401125,,,,
1203600,0.22149432,0.23467281,,,,,
1203700,0.21077496,0.23466092,,,,,
1203800,0.17310097,,,0.17667271,,,
1203900,0.09297681,,0.11398847,,,,
1204000,0.21175502,0.23463424,,,,,
1204100,0.21195532,0.23462267,,,,,
1204200,0.21040686,0.2346105,,,,,
1204300,0.21636019,0.2346031,,,,,
1204400,0.21621356,0.23459796,,,,,
1204500,0.21309208,0.23458694,,,,,
1204600,0.2117546,0.23457557,,,,,
1204700,0.089586121,,0.11393903,,,,
1204800,0.23276756,0.23455994,,,,,
1204900,0.21410632,0.23455362,,,,,
1205000,0.21072523,0.23454372,,,,,
1205100,0.21169947,0.23452977,,,,,
1205200,0.21144586,0.23451957,,,,,
1205300,0.21479003,0.23450965,,,,,
1205400,0.21157934,0.23450281,,,,,
1205500,0.210193,0.23449312,,,,,
1205600,0.21033232,0.23447892,,,,,
1205700,0.21061793,0.2344666,,,,,
1205800,0.1781066,,,0.17668341,,,
1205900,0.18738163,,,0.17668927,,,
1206000,0.18622027,,,0.17669113,,,
1206100,0.21681607,0.23443722,,,,,
1206200,0.21518593,0.23442754,,,,,
1206300,0.17394237,,,0.17669273,,,
1206400,0.22373312,0.23441517,,,,,
1206500,0.18520618,,,0.17669913,,,
1206600,0.21502315,0.23439958,,,,,
1206700,0.21733539,0.23438914,,,,,
1206800,0.1747437,,,0.17670129,,,
1206900,0.17650717,,,0.17670369,,,
1207000,0.17274021,,,0.17670245,,,
1207100,0.2203228,0.23436513,,,,,
1207200,0.22295757,0.23435805,,,,,
1207300,0.17140872,,,0.17670518,,,
1207400,0.097521831,,0.11382396,,,,
1207500,0.096427682,,0.11382037,,,,
1207600,0.21409801,0.23432815,,,,,
1207700,0.21808827,0.23432115,,,,,
1207800,0.17122039,,,0.17670167,,,
1207900,0.22166872,0.23430716,,,,,
1208000,0.17403881,,,0.17669964,,,
1208100,0.10655887,,0.11380359,,,,
1208200,0.17176963,,,0.17669744,,,
1208300,0.17162813,,,0.1766999,,,
1208400,0.21754679,0.23427781,,,,,
1208500,0.17191914,,,0.17669687,,,
1208600,0.21795832,0.23426956,,,,,
1208700,0.22793416,0.23426479,,,,,
1208800,0.17516916,,,0.17669743,,,
1208900,0.10275184,,0.11378696,,,,
1209000,0.22530861,0.234255,,,,,
1209100,0.2222498,0.23424942,,,,,
1209200,0.22090909,0.23424223,,,,,
1209300,0.17137412,,,0.17669933,,,
1209400,0.23437433,0.2342334,,,,,
1209500,0.21982247,0.23422709,,,,,
1209600,0.22420279,0.23422361,,,,,
1209700,0.2232663,0.23421724,,,,,
1209800,0.17342945,,,0.17669784,,,
1209900,0.10554033,,0.11376855,,,,
1210000,0.24153115,0.23420882,,,,,
1210100,0.2300272,0.2342077,,,,,
1210200,0.23166238,0.23420624,,,,,
1210300,0.23196378,0.23420524,,,,,
1210400,0.22143682,0.23420272,,,,,
1210500,0.17179368,,,0.17670145,,,
1210600,0.22104709,0.23419773,,,,,
1210700,0.22058979,0.23419148,,,,,
1210800,0.17148918,,,0.17670268,,,
1210900,0.11357827,,0.11376344,,,,
1211000,0.24054165,0.2341876,,,,,
1211100,0.23613916,0.2341902,,,,,
1211200,0.23621711,0.23418828,,,,,
1211300,0.18806211,,,0.17669829,,,
1211400,0.17183797,,,0.17670057,,,
1211500,0.11451851,,0.11376902,,,,
1211600,0.11262807,,0.11376882,,,,
1211700,0.11173467,,0.11376831,,,,
1211800,0.17355792,,,0.17670081,,,
1211900,0.11507651,,0.11376834,,,,
1212000,0.25043036,0.23417879,,,,,
1212100,0.24070601,0.23418088,,,,,
1212200,0.1717407,,,0.17669998,,,
1212300,0.18971592,,,0.17670227,,,
1212400,0.11627691,,0.11378387,,,,
1212500,0.1154568,,0.11378454,,,,
1212600,0.22805976,0.23419171,,,,,
1212700,0.2280476,0.23419189,,,,,
1212800,0.19126826,,,0.17670384,,,
1212900,0.22886294,0.23418908,,,,,
1213000,0.17310774,,,0.1767068,,,
1213100,0.22672997,0.23418454,,,,,
1213200,0.17991605,,,0.17670582,,,
1213300,0.22994903,0.23418004,,,,,
1213400,0.22604077,0.23417966,,,,,
1213500,0.22842946,0.23417627,,,,,
1213600,0.22530523,0.23417447,,,,,
1213700,0.18038349,,,0.17671113,,,
1213800,0.22787482,0.23417206,,,,,
1213900,0.22642036,0.23417152,,,,,
1214000,0.22832439,0.23417111,,,,,
1214100,0.22883588,0.2341704,,,,,
1214200,0.12102457,,0.11380891,,,,
1214300,0.17190055,,,0.17672038,,,
1214400,0.24993084,0.23417525,,,,,
1214500,0.24662445,0.23417839,,,,,
1214600,0.25568356,0.23419238,,,,,
1214700,0.12603008,,0.11381944,,,,
1214800,0.2676863,0.23421734,,,,,
1214900,0.26999691,0.23423351,,,,,
1215000,0.17992071,,,0.17671822,,,
1215100,0.12727074,,0.11383272,,,,
1215200,0.25532715,0.23427542,,,,,
1215300,0.24432979,0.23428078,,,,,
1215400,0.25888494,0.23428741,,,,,
1215500,0.25601402,0.23429672,,,,,
1215600,0.24429639,0.2343054,,,,,
1215700,0.26966953,0.23431823,,,,,
1215800,0.17339446,,,0.17672107,,,
1215900,0.2401611,0.23433129,,,,,
1216000,0.1757826,,,0.17672143,,,
1216100,0.14140265,,0.113873,,,,
1216200,0.24139704,0.23434741,,,,,
1216300,0.17293438,,,0.17672237,,,
1216400,0.2402046,0.23435127,,,,,
1216500,0.18091696,,,0.17672322,,,
1216600,0.23866646,0.23436507,,,,,
1216700,0.17630283,,,0.17672295,,,
1216800,0.23789202,0.23436793,,,,,
1216900,0.18609477,,,0.17672958,,,
1217000,0.26321581,0.23438343,,,,,
1217100,0.25004946,0.23439822,,,,,
1217200,0.24514383,0.2344039,,,,,
1217300,0.17255439,,,0.17673038,,,
1217400,0.13607184,,0.11393656,,,,
1217500,0.2405297,0.23441149,,,,,
1217600,0.23277987,0.23441205,,,,,
1217700,0.24352327,0.23441617,,,,,
1217800,0.17173062,,,0.17673474,,,
1217900,0.24565943,0.23442356,,,,,
1218000,0.13457343,,0.11396317,,,,
1218100,0.13597899,,0.11396908,,,,
1218200,0.24136969,0.2344306,,,,,
1218300,0.18270608,,,0.17673454,,,
1218400,0.24160396,0.23443595,,,,,
1218500,0.24009309,0.23444001,,,,,
1218600,0.23778537,0.23444236,,,,,
1218700,0.26151501,0.2344511,,,,,
1218800,0.17547075,,,0.17673555,,,
1218900,0.14489785,,0.11401082,,,,
1219000,0.17675115,,,0.17674049,,,
1219100,0.24135144,0.23447801,,,,,
1219200,0.24295869,0.23448235,,,,,
1219300,0.17777426,,,0.17674248,,,
1219400,0.24335113,0.23448829,,,,,
1219500,0.25535564,0.23449338,,,,,
1219600,0.14354736,,0.11405494,,,,
1219700,0.24440396,0.23450365,,,,,
1219800,0.14637937,,0.11406705,,,,
1219900,0.15343951,,0.11407333,,,,
1220000,0.16797482,,0.11408167,,,,
1220100,0.24897245,0.2345285,,,,,
1220200,0.26814306,0.23454498,,,,,
1220300,0.17198439,,,0.17673954,,,
1220400,0.252102,0.23455933,,,,,
1220500,0.25042572,0.23456479,,,,,
1220600,0.25245518,0.23457878,,,,,
1220700,0.27933717,0.2345899,,,,,
1220800,0.17375325,,,0.17674327,,,
1220900,0.25582861,0.23460587,,,,,
1221000,0.17223745,,,0.17674027,,,
1221100,0.25779903,0.23462574,,,,,
1221200,0.17208692,,,0.17673841,,,
1221300,0.15337004,,0.11419118,,,,
1221400,0.17651611,,,0.17673887,,,
1221500,0.15295134,,0.11420582,,,,
1221600,0.25091049,0.23466694,,,,,
1221700,0.18474811,,,0.17673655,,,
1221800,0.15431018,,0.11423463,,,,
1221900,0.25713868,0.2346913,,,,,
1222000,0.25147367,0.23469918,,,,,
1222100,0.15534039,,0.11425791,,,,
1222200,0.27046306,0.23472366,,,,,
1222300,0.19709217,,,0.17673572,,,
1222400,0.26685154,0.23474429,,,,,
1222500,0.25406674,0.23475599,,,,,
1222600,0.16607936,,0.1143035,,,,
1222700,0.18133758,,,0.17673705,,,
1222800,0.15840686,,0.11432508,,,,
1222900,0.27373505,0.23480332,,,,,
1223000,0.17545481,,0.11433994,,,,
1223100,0.1578904,,0.11435135,,,,
1223200,0.17480258,,,0.176736,,,
1223300,0.18041381,,,0.17673818,,,
1223400,0.25669514,0.23487871,,,,,
1223500,0.1605868,,0.11438654,,,,
1223600,0.16273208,,0.1143974,,,,
1223700,0.17628446,,,0.17673549,,,
1223800,0.17894067,,,0.17674085,,,
1223900,0.17610953,,,0.17673933,,,
1224000,0.2614808,0.23493938,,,,,
1224100,0.25645629,0.23495196,,,,,
1224200,0.25288427,0.23496178,,,,,
1224300,0.26102502,0.23497024,,,,,
1224400,0.17380727,,,0.1767477,,,
1224500,0.17277599,,,0.17674625,,,
1224600,0.15998102,,0.11449457,,,,
1224700,0.1724105,,,0.17674443,,,
1224800,0.17253876,,,0.17674645,,,
1224900,0.1725646,,,0.1767455,,,
1225000,0.16486222,,0.11453302,,,,
1225100,0.2645118,0.23506594,,,,,
1225200,0.18104656,,,0.17674265,,,
1225300,0.19488224,,,0.17674568,,,
1225400,0.17553895,,,0.17674592,,,
1225500,0.16618784,,0.11458837,,,,
1225600,0.26046411,0.23513709,,,,,
1225700,0.26156479,0.2351509,,,,,
1225800,0.26338936,0.23516308,,,,,
1225900,0.17364317,,,0.17674967,,,
1226000,0.27867007,0.23518358,,,,,
1226100,0.1644634,,0.11465338,,,,
1226200,0.25536606,0.23521516,,,,,
1226300,0.17715687,,,0.17674721,,,
1226400,0.19201206,,,0.1767499,,,
1226500,0.16833198,,0.11469688,,,,
1226600,0.25744638,0.23527004,,,,,
1226700,0.17583543,,0.11472143,,,,
1226800,0.18442957,,,0.17675347,,,
1226900,0.27823936,0.23530746,,,,,
1227000,0.2828041,0.23533286,,,,,
1227100,0.27072768,0.23536063,,,,,
1227200,0.27477454,0.23537658,,,,,
1227300,0.17143057,,,0.17674981,,,
1227400,0.17775685,,,0.17675015,,,
1227500,0.1669648,,0.11480817,,,,
1227600,0.26273751,0.23541746,,,,,
1227700,0.2589541,0.23543166,,,,,
1227800,0.17375365,,,0.1767536,,,
1227900,0.27207184,0.23545051,,,,,
1228000,0.17176644,,,0.17675107,,,
1228100,0.16665455,,0.11487522,,,,
1228200,0.17190478,,,0.17674902,,,
1228300,0.17301051,,,0.17675119,,,
1228400,0.17129235,,,0.17675103,,,
1228500,0.17169433,,,0.17674979,,,
1228600,0.26361366,0.23555335,,,,,
1228700,0.17550295,,,0.17674797,,,
1228800,0.19517159,,,0.17675425,,,
1228900,0.17190016,,,0.17675336,,,
1229000,0.25726661,0.23559746,,,,,
1229100,0.1697326,,0.11498747,,,,
1229200,0.16750037,,0.11500189,,,,
1229300,0.18702829,,,0.17675134,,,
1229400,0.17138024,,0.11501977,,,,
1229500,0.26886499,0.23565434,,,,,
1229600,0.25843996,0.23566799,,,,,
1229700,0.17165157,,0.11506069,,,,
1229800,0.22272678,,,0.17675686,,,
1229900,0.26471949,0.23570444,,,,,
1230000,0.17532816,,,0.17676061,,,
1230100,0.26723227,0.23573118,,,,,
1230200,0.29038301,0.23575364,,,,,
1230300,0.23507013,,,0.17676232,,,
1230400,0.26949914,0.23578959,,,,,
1230500,0.26541415,0.23580228,,,,,
1230600,0.26768452,0.23581933,,,,,
1230700,0.26586993,0.23583886,,,,,
1230800,0.22746068,,,0.17676133,,,
1230900,0.27077577,0.23585979,,,,,
1231000,0.17307658,,,0.17676368,,,
1231100,0.27267071,0.23589325,,,,,
1231200,0.28179026,0.23591261,,,,,
1231300,0.17416654,,0.11526158,,,,
1231400,0.28254137,0.23594179,,,,,
1231500,0.17473441,,,0.17676677,,,
1231600,0.17505085,,0.11529526,,,,
1231700,0.17178464,,,0.17676499,,,
1231800,0.17513743,,0.1153243,,,,
1231900,0.17957354,,,0.17677213,,,
1232000,0.26253685,0.23602704,,,,,
1232100,0.17533554,,0.11535715,,,,
1232200,0.17178614,,,0.17677059,,,
1232300,0.17440203,,0.11538577,,,,
1232400,0.17609772,,,0.17677456,,,
1232500,0.17476073,,,0.17677356,,,
1232600,0.26873148,0.23610566,,,,,
1232700,0.17254482,,,0.17677056,,,
1232800,0.26843444,0.23613693,,,,,
1232900,0.17452752,,0.11545633,,,,
1233000,0.26286302,0.23615624,,,,,
1233100,0.26402972,0.23616917,,,,,
1233200,0.2622371,0.23618519,,,,,
1233300,0.26995009,0.23619701,,,,,
1233400,0.17924084,,,0.17677431,,,
1233500,0.1727447,,,0.17677257,,,
1233600,0.17659547,,0.11553832,,,,
1233700,0.17198428,,,0.17677016,,,
1233800,0.2620079,0.23628703,,,,,
1233900,0.17634273,,,0.17677826,,,
1234000,0.27181904,0.23630961,,,,,
1234100,0.27963896,0.23633178,,,,,
1234200,0.17169912,,0.1156112,,,,
1234300,0.22365239,,,0.17677774,,,
1234400,0.17822375,,0.11563333,,,,
1234500,0.27501319,0.23640299,,,,,
1234600,0.28063289,0.23643267,,,,,
1234700,0.27582534,0.23646249,,,,,
1234800,0.17953657,,0.11568921,,,,
1234900,0.1855933,,,0.17677726,,,
1235000,0.17933627,,,0.176778,,,
1235100,0.28971843,0.236529,,,,,
1235200,0.27432422,0.23655235,,,,,
1235300,0.27441601,0.23657319,,,,,
1235400,0.1914892,,,0.17677938,,,
1235500,0.1726636,,0.1157663,,,,
1235600,0.26338132,0.23662,,,,,
1235700,0.26882986,0.23664554,,,,,
1235800,0.2050672,,,0.17677678,,,
1235900,0.26978873,0.23667039,,,,,
1236000,0.17401359,,,0.17677616,,,
1236100,0.17948384,,0.11584094,,,,
1236200,0.1988977,,,0.17677584,,,
1236300,0.21112224,,,0.17677942,,,
1236400,0.17098204,,0.11587243,,,,
1236500,0.1720105,,,0.17677796,,,
1236600,0.17228367,,0.1158963,,,,
1236700,0.26275353,0.23684154,,,,,
1236800,0.26161051,0.23685353,,,,,
1236900,0.17621453,,,0.17677666,,,
1237000,0.25789134,0.23687963,,,,,
1237100,0.16662679,,0.11595061,,,,
1237200,0.26806117,0.23691259,,,,,
1237300,0.16577797,,0.11597752,,,,
1237400,0.17720009,,,0.1767763,,,
1237500,0.28300998,0.23695004,,,,,
1237600,0.27855275,0.236968,,,,,
1237700,0.25640954,0.23699199,,,,,
1237800,0.25880336,0.23700131,,,,,
1237900,0.25975634,0.23700985,,,,,
1238000,0.25877409,0.23702015,,,,,
1238100,0.1732302,,,0.17678812,,,
1238200,0.26421147,0.2370612,,,,,
1238300,0.17275324,,,0.17678741,,,
1238400,0.16293141,,0.11608693,,,,
1238500,0.25753326,0.23708423,,,,,
1238600,0.1725911,,,0.17679427,,,
1238700,0.16262081,,0.11612063,,,,
1238800,0.16213407,,0.11612981,,,,
1238900,0.17174079,,,0.17679628,,,
1239000,0.27974729,0.23717239,,,,,
1239100,0.16003385,,0.11615402,,,,
1239200,0.25347493,0.23721052,,,,,
1239300,0.25670487,0.23721896,,,,,
1239400,0.17417997,,,0.17679315,,,
1239500,0.26874819,0.23725101,,,,,
1239600,0.28115404,0.23726948,,,,,
1239700,0.17165173,,,0.17679086,,,
1239800,0.17237536,,,0.17679408,,,
1239900,0.26612039,0.23730433,,,,,
1240000,0.2541054,0.23731382,,,,,
1240100,0.17194725,,,0.17679554,,,
1240200,0.25193503,0.23734381,,,,,
1240300,0.17564752,,,0.17679398,,,
1240400,0.15617766,,0.11626657,,,,
1240500,0.17406461,,,0.17679546,,,
1240600,0.25601086,0.23737422,,,,,
1240700,0.25839188,0.23738902,,,,,
1240800,0.17602412,,,0.17679133,,,
1240900,0.25520303,0.2374013,,,,,
1241000,0.25713627,0.23741188,,,,,
1241100,0.1730598,,,0.17679118,,,
1241200,0.1540069,,0.11633742,,,,
1241300,0.1803324,,,0.17679307,,,
1241400,0.15637188,,0.11634922,,,,
1241500,0.18483253,,,0.17679923,,,
1241600,0.1724673,,,0.17679908,,,
1241700,0.15201148,,0.11637627,,,,
1241800,0.25347573,0.23750055,,,,,
1241900,0.26496559,0.23750862,,,,,
1242000,0.27646791,0.23752417,,,,,
1242100,0.26707346,0.23753703,,,,,
1242200,0.26346763,0.23755886,,,,,
1242300,0.1721412,,,0.17679812,,,
1242400,0.15444826,,0.11643091,,,,
1242500,0.15243123,,0.11643771,,,,
1242600,0.17206098,,,0.17680062,,,
1242700,0.25879101,0.23760365,,,,,
1242800,0.17405139,,,0.17679893,,,
1242900,0.24742376,0.23761348,,,,,
1243000,0.17413348,,,0.176803,,,
1243100,0.17196359,,,0.17680236,,,
1243200,0.2759607,0.23763328,,,,,
1243300,0.17172478,,,0.17679989,,,
1243400,0.25262759,0.23764814,,,,,
1243500,0.17639432,,,0.17680817,,,
1243600,0.17264643,,,0.17681025,,,
1243700,0.26186048,0.2376636,,,,,
1243800,0.18210981,,,0.17681297,,,
1243900,0.24731247,0.23767921,,,,,
1244000,0.175103,,,0.17681865,,,
1244100,0.17213388,,,0.17681776,,,
1244200,0.28356819,0.23770421,,,,,
1244300,0.17344551,,,0.17681566,,,
1244400,0.20923675,,0.11658952,,,,
1244500,0.17555191,,,0.17682011,,,
1244600,0.26855949,0.23774302,,,,,
1244700,0.24952421,0.23775628,,,,,
1244800,0.17248764,,,0.17681682,,,
1244900,0.15772373,,0.11664052,,,,
1245000,0.17189773,,,0.17682075,,,
1245100,0.17220396,,,0.17681892,,,
1245200,0.14991023,,0.11666611,,,,
1245300,0.18526622,,,0.17682166,,,
1245400,0.18047481,,,0.17682508,,,
1245500,0.17411325,,,0.17682495,,,
1245600,0.1452144,,0.1166976,,,,
1245700,0.1746095,,,0.17682414,,,
1245800,0.24363758,0.23785557,,,,,
1245900,0.18052319,,,0.17682476,,,
1246000,0.17736382,,,0.17682707,,,
1246100,0.23916391,0.23786401,,,,,
1246200,0.17323327,,,0.17682842,,,
1246300,0.14777907,,0.11673819,,,,
1246400,0.19298804,,,0.1768295,,,
1246500,0.24455155,0.23788772,,,,,
1246600,0.14184216,,0.11675273,,,,
1246700,0.27086355,0.2379034,,,,,
1246800,0.24360894,0.23791279,,,,,
1246900,0.17535778,,,0.1768368,,,
1247000,0.25932671,0.2379201,,,,,
1247100,0.13980456,,0.11678301,,,,
1247200,0.17232007,,,0.17683594,,,
1247300,0.26408183,0.23794754,,,,,
1247400,0.17711061,,,0.17684195,,,
1247500,0.24513912,0.23795675,,,,,
1247600,0.24166453,0.23795922,,,,,
1247700,0.17213833,,,0.1768445,,,
1247800,0.2429069,0.23796368,,,,,
1247900,0.24970621,0.23796576,,,,,
1248000,0.23746272,0.23797132,,,,,
1248100,0.17243547,,,0.17684345,,,
1248200,0.17713276,,,0.17684257,,,
1248300,0.13401357,,0.11683645,,,,
1248400,0.13487639,,0.11683821,,,,
1248500,0.17268531,,,0.17684594,,,
1248600,0.23487664,0.2379945,,,,,
1248700,0.13293067,,0.11684969,,,,
1248800,0.17193431,,,0.17684354,,,
1248900,0.24892269,0.2379951,,,,,
1249000,0.13604365,,0.11685905,,,,
1249100,0.17220914,,,0.17684494,,,
1249200,0.1320802,,0.11686683,,,,
1249300,0.17185826,,,0.17684272,,,
1249400,0.18648701,,,0.17684443,,,
1249500,0.17999278,,,0.17684583,,,
1249600,0.25021744,0.2380184,,,,,
1249700,0.23696686,0.23802163,,,,,
1249800,0.18912542,,,0.17684641,,,
1249900,0.1854485,,,0.17685035,,,
1250000,0.17277297,,,0.17685026,,,
1250100,0.13114934,,0.11689084,,,,
1250200,0.1719384,,,0.17684814,,,
1250300,0.18936841,,,0.17684847,,,
1250400,0.17781307,,,0.17685459,,,
1250500,0.17177936,,,0.17685398,,,
1250600,0.25000618,0.23803894,,,,,
1250700,0.1731018,,,0.17685138,,,
1250800,0.1909396,,,0.17685092,,,
1250900,0.23251605,0.23803712,,,,,
1251000,0.24196778,0.23803516,,,,,
1251100,0.25232342,0.23803543,,,,,
1251200,0.25864694,0.23804019,,,,,
1251300,0.17268394,,,0.17685207,,,
1251400,0.1899004,,,0.17685506,,,
1251500,0.1716513,,,0.17685659,,,
1251600,0.24266398,0.23803903,,,,,
1251700,0.23253764,0.23803869,,,,,
1251800,0.23802163,0.23803707,,,,,
1251900,0.22758621,0.23803499,,,,,
1252000,0.22848232,0.23803115,,,,,
1252100,0.24608873,0.23802993,,,,,
1252200,0.17266469,,,0.17685436,,,
1252300,0.22835085,0.23802873,,,,,
1252400,0.17452131,,,0.17686175,,,
1252500,0.17311816,,,0.1768604,,,
1252600,0.28683667,0.23804712,,,,,
1252700,0.17411103,,,0.17685755,,,
1252800,0.23362504,0.23806994,,,,,
1252900,0.24586053,0.23807001,,,,,
1253000,0.25271771,0.23807056,,,,,
1253100,0.23410265,0.23807699,,,,,
1253200,0.17191422,,,0.17685723,,,
1253300,0.22831035,0.23807152,,,,,
1253400,0.18140769,,,0.17685723,,,
1253500,0.24360498,0.23806907,,,,,
1253600,0.17256356,,,0.17685847,,,
1253700,0.17302128,,,0.17685757,,,
1253800,0.2233346,0.23806454,,,,,
1253900,0.17169491,,,0.17685867,,,
1254000,0.24443957,0.23806055,,,,,
1254100,0.17333437,,,0.176859,,,
1254200,0.12993619,,0.11696285,,,,
1254300,0.17215134,,,0.17685697,,,
1254400,0.17443527,,,0.17686756,,,
1254500,0.17427223,,,0.17686552,,,
1254600,0.23133206,0.238039,,,,,
1254700,0.23478555,0.23803652,,,,,
1254800,0.1742245,,,0.17686347,,,
1254900,0.17252646,,,0.1768712,,,
1255000,0.17320688,,,0.1768696,,,
1255100,0.11990723,,0.11696417,,,,
1255200,0.1084451,,0.11696374,,,,
1255300,0.19097884,,,0.17686766,,,
1255400,0.17327554,,,0.17687113,,,
1255500,0.2302172,0.23801456,,,,,
1255600,0.22673057,0.23801484,,,,,
1255700,0.22250076,0.23800774,,,,,
1255800,0.11142338,,0.11695636,,,,
1255900,0.17425055,,,0.17687361,,,
1256000,0.23623038,0.23799592,,,,,
1256100,0.22871477,0.23799301,,,,,
1256200,0.23071373,0.23799078,,,,,
1256300,0.23439236,0.23798881,,,,,
1256400,0.17498141,,,0.17687283,,,
1256500,0.22044528,0.23798155,,,,,
1256600,0.17260301,,,0.17687513,,,
1256700,0.10482948,,0.11694738,,,,
1256800,0.18835703,,,0.17687377,,,
1256900,0.17144791,,,0.17687963,,,
1257000,0.10828828,,0.1169417,,,,
1257100,0.10924674,,0.11694005,,,,
1257200,0.22757395,0.2379517,,,,,
1257300,0.10547194,,0.11693705,,,,
1257400,0.17248886,,,0.17687792,,,
1257500,0.23459727,0.23793733,,,,,
1257600,0.10290055,,0.11693059,,,,
1257700,0.22796425,0.23792766,,,,,
1257800,0.17271935,,,0.17687832,,,
1257900,0.17470365,,,0.1768778,,,
1258000,0.11083591,,0.11692341,,,,
1258100,0.17580047,,,0.17687763,,,
1258200,0.22022011,0.23790197,,,,,
1258300,0.10291542,,0.11691412,,,,
1258400,0.17140782,,,0.17687588,,,
1258500,0.10376932,,0.11690932,,,,
1258600,0.099401771,,0.11690714,,,,
1258700,0.22248263,0.23787701,,,,,
1258800,0.22620067,0.23786981,,,,,
1258900,0.21570989,0.23786298,,,,,
1259000,0.17233001,,,0.17688364,,,
1259100,0.17212175,,,0.17688209,,,
1259200,0.23277557,0.237845,,,,,
1259300,0.17179522,,,0.17687977,,,
1259400,0.18675983,,,0.17688201,,,
1259500,0.2308193,0.23781984,,,,,
1259600,0.17223991,,,0.17688025,,,
1259700,0.21501768,0.2378039,,,,,
1259800,0.17144157,,,0.17687801,,,
1259900,0.17589923,,,0.17687847,,,
1260000,0.18629001,,,0.17688146,,,
1260100,0.17355493,,,0.17688343,,,
1260200,0.092164975,,0.11684056,,,,
1260300,0.21487621,0.23774539,,,,,
1260400,0.089857517,,0.11683034,,,,
1260500,0.17780307,,,0.17688463,,,
1260600,0.1733147,,,0.17688284,,,
1260700,0.2178252,0.23771527,,,,,
1260800,0.21362386,0.23770514,,,,,
1260900,0.19396096,,,0.17688293,,,
1261000,0.21329694,0.23769012,,,,,
1261100,0.17241777,,,0.1768828,,,
1261200,0.21585578,0.23766791,,,,,
1261300,0.17189618,,,0.17688161,,,
1261400,0.18181301,,,0.17688382,,,
1261500,0.17431437,,,0.17688463,,,
1261600,0.091410874,,0.1167709,,,,
1261700,0.21588282,0.23762183,,,,,
1261800,0.089836279,,0.11676176,,,,
1261900,0.22316419,0.23760452,,,,,
1262000,0.17281572,,,0.17688956,,,
1262100,0.17293673,,,0.17688812,,,
1262200,0.21434297,0.23758936,,,,,
1262300,0.216764,0.23757725,,,,,
1262400,0.21855561,0.23756734,,,,,
1262500,0.17282645,,,0.17689148,,,
1262600,0.21967929,0.23755226,,,,,
1262700,0.087213606,,0.11671341,,,,
1262800,0.093840962,,0.11670571,,,,
1262900,0.20940661,0.23751842,,,,,
1263000,0.086910745,,0.11669607,,,,
1263100,0.21769244,0.23750014,,,,,
1263200,0.20972581,0.2374869,,,,,
1263300,0.084005987,,0.11667603,,,,
1263400,0.20928926,0.23746634,,,,,
1263500,0.083517025,,0.11666574,,,,
1263600,0.083640924,,0.11665998,,,,
1263700,0.21079992,0.23743468,,,,,
1263800,0.21303556,0.23741804,,,,,
1263900,0.2191566,0.23740677,,,,,
1264000,0.20855875,0.23740063,,,,,
1264100,0.22285025,0.23739093,,,,,
1264200,0.082630596,,0.11662085,,,,
1264300,0.17251988,,,0.17689222,,,
1264400,0.083218055,,0.11660724,,,,
1264500,0.08466622,,0.11660291,,,,
1264600,0.21067383,0.23733638,,,,,
1264700,0.09198607,,0.11659051,,,,
1264800,0.17278465,,,0.1768918,,,
1264900,0.20821195,0.23730002,,,,,
1265000,0.20815179,0.23728931,,,,,
1265100,0.21202795,0.23727654,,,,,
1265200,0.082145471,,0.11656176,,,,
1265300,0.20992075,0.23724957,,,,,
1265400,0.21118744,,,0.17689492,,,
1265500,0.084372503,,0.11654375,,,,
1265600,0.18226511,,,0.17690055,,,
1265700,0.095547703,,0.11653503,,,,
1265800,0.2208433,0.23720925,,,,,
1265900,0.18774754,,,0.17690234,,,
1266000,0.21958477,0.23719191,,,,,
1266100,0.21548323,0.2371822,,,,,
1266200,0.082229587,,0.1165093,,,,
1266300,0.081805247,,0.11650076,,,,
1266400,0.20953173,0.23714993,,,,,
1266500,0.17560516,,,0.17690423,,,
1266600,0.20792623,0.23713122,,,,,
1266700,0.20787239,0.23711659,,,,,
1266800,0.17440665,,,0.17690207,,,
1266900,0.21705449,,,0.17690655,,,
1267000,0.17772905,,,0.17690696,,,
1267100,0.17487973,,,0.17690522,,,
1267200,0.21878162,0.23705884,,,,,
1267300,0.17436668,,,0.17690323,,,
1267400,0.18540181,,,0.1769068,,,
1267500,0.17183562,,,0.17690537,,,
1267600,0.17271297,,,0.1769037,,,
1267700,0.081676196,,0.11641464,,,,
1267800,0.17253795,,,0.1769014,,,
1267900,0.2102722,0.23698031,,,,,
1268000,0.17805685,,,0.17690329,,,
1268100,0.21454036,0.23696028,,,,,
1268200,0.22101761,0.23695333,,,,,
1268300,0.083594789,,0.11637422,,,,
1268400,0.20887924,0.23692988,,,,,
1268500,0.08178198,,0.11636447,,,,
1268600,0.084039513,,0.11635843,,,,
1268700,0.084297893,,0.11635188,,,,
1268800,0.1736565,,,0.17689812,,,
1268900,0.18377432,,,0.17689882,,,
1269000,0.17777743,,,0.1768984,,,
1269100,0.20960318,0.23686735,,,,,
1269200,0.21670227,0.23685482,,,,,
1269300,0.21424303,0.23684265,,,,,
1269400,0.20802534,0.23683237,,,,,
1269500,0.082475493,,0.1163015,,,,
1269600,0.21874173,0.23681363,,,,,
1269700,0.21135066,0.2368031,,,,,
1269800,0.082530094,,0.11627959,,,,
1269900,0.2089517,0.23677524,,,,,
1270000,0.21373385,0.23676874,,,,,
1270100,0.18242736,,,0.17689853,,,
1270200,0.082073908,,0.1162583,,,,
1270300,0.17195005,,,0.17689696,,,
1270400,0.1825861,,,0.17690094,,,
1270500,0.173688,,,0.17690094,,,
1270600,0.1718398,,,0.17690029,,,
1270700,0.21686159,0.23671551,,,,,
1270800,0.17219356,,,0.17689918,,,
1270900,0.082733643,,0.1162146,,,,
1271000,0.083704487,,0.11621031,,,,
1271100,0.17768977,,,0.17690005,,,
1271200,0.2253694,0.2366739,,,,,
1271300,0.17821758,,,0.1768992,,,
1271400,0.19146054,,,0.17690061,,,
1271500,0.17795135,,,0.17689988,,,
1271600,0.085737183,,0.11617801,,,,
1271700,0.21628584,0.23663528,,,,,
1271800,0.17229715,,,0.17689629,,,
1271900,0.2178409,0.23661121,,,,,
1272000,0.083470771,,0.11615346,,,,
1272100,0.21988538,0.23659899,,,,,
1272200,0.088805866,,0.11614027,,,,
1272300,0.21211234,0.23657932,,,,,
1272400,0.21417178,0.23657038,,,,,
1272500,0.21485762,0.23656404,,,,,
1272600,0.20919436,0.23655315,,,,,
1272700,0.21428546,0.2365427,,,,,
1272800,0.084353381,,0.11610499,,,,
1272900,0.20875552,0.23651797,,,,,
1273000,0.083845152,,0.11609519,,,,
1273100,0.20994332,0.23650071,,,,,
1273200,0.20800557,0.23648805,,,,,
1273300,0.08201441,,0.11607428,,,,
1273400,0.082691654,,0.11606765,,,,
1273500,0.2122524,0.23645585,,,,,
1273600,0.17181931,,,0.17689565,,,
1273700,0.083085183,,0.11605268,,,,
1273800,0.17283767,,,0.17689341,,,
1273900,0.225258,0.23642217,,,,,
1274000,0.21400988,0.23641772,,,,,
1274100,0.17887992,,,0.17689909,,,
1274200,0.21462163,0.23639667,,,,,
1274300,0.21887352,0.23638762,,,,,
1274400,0.20630272,,,0.17690086,,,
1274500,0.2125259,0.23637098,,,,,
1274600,0.082645316,,0.11598735,,,,
1274700,0.21145625,0.23635279,,,,,
1274800,0.082485717,,0.11597299,,,,
1274900,0.081627109,,0.11596445,,,,
1275000,0.17809961,,,0.17690716,,,
1275100,0.1725381,,,0.17690599,,,
1275200,0.083568444,,0.11594442,,,,
1275300,0.17206552,,,0.176904,,,
1275400,0.17178093,,,0.17690382,,,
1275500,0.17999386,,,0.1769082,,,
1275600,0.17297018,,,0.17690825,,,
1275700,0.20743787,0.23624344,,,,,
1275800,0.17277148,,,0.17690675,,,
1275900,0.083989398,,0.11588804,,,,
1276000,0.20093189,,,0.17691076,,,
1276100,0.21088199,0.23621055,,,,,
1276200,0.2089769,0.23620142,,,,,
1276300,0.17562264,,,0.1769125,,,
1276400,0.17235422,,,0.17691117,,,
1276500,0.18139278,,,0.17691393,,,
1276600,0.22660831,0.23616007,,,,,
1276700,0.2143814,0.23615281,,,,,
1276800,0.21198866,0.23614504,,,,,
1276900,0.21730068,0.23613453,,,,,
1277000,0.17216852,,,0.17691563,,,
1277100,0.088227245,,0.11580894,,,,
1277200,0.082706192,,0.11580138,,,,
1277300,0.17227703,,,0.1769124,,,
1277400,0.20840415,0.23608642,,,,,
1277500,0.17318254,,,0.17691764,,,
1277600,0.081999898,,0.11576994,,,,
1277700,0.21953162,0.236064,,,,,
1277800,0.08376831,,0.11575108,,,,
1277900,0.2095403,0.23603922,,,,,
1278000,0.21146891,0.23603156,,,,,
1278100,0.081994913,,0.11573102,,,,
1278200,0.21411516,0.23601187,,,,,
1278300,0.1719381,,,0.17691575,,,
1278400,0.082961526,,0.11570514,,,,
1278500,0.21033362,0.2359805,,,,,
1278600,0.083945594,,0.11569301,,,,
1278700,0.22867653,0.23596296,,,,,
1278800,0.10967432,,0.11568403,,,,
1278900,0.17656131,,,0.17691599,,,
1279000,0.18245621,,,0.17691877,,,
1279100,0.2215917,0.23594149,,,,,
1279200,0.17706748,,,0.17691924,,,
1279300,0.21251887,0.23591992,,,,,
1279400,0.22989547,0.23591457,,,,,
1279500,0.17552093,,,0.17692307,,,
1279600,0.21360646,0.23590056,,,,,
1279700,0.17519691,,,0.17691999,,,
1279800,0.21280311,0.23588383,,,,,
1279900,0.22316064,0.23587678,,,,,
1280000,0.17869844,,,0.17692139,,,
1280100,0.2494263,0.23587277,,,,,
1280200,0.17209394,,,0.1769197,,,
1280300,0.2464154,0.23590048,,,,,
1280400,0.10523179,,0.11562295,,,,
1280500,0.17325098,,,0.17692599,,,
1280600,0.22273645,0.23589219,,,,,
1280700,0.23028837,0.23588796,,,,,
1280800,0.17237535,,,0.17692243,,,
1280900,0.2242666,0.23588397,,,,,
1281000,0.23141601,0.2358819,,,,,
1281100,0.17339088,,,0.17692442,,,
1281200,0.1722945,,,0.17692349,,,
1281300,0.23700145,0.23588079,,,,,
1281400,0.1758214,,,0.17692231,,,
1281500,0.18915789,,,0.17692427,,,
1281600,0.17926004,,,0.17692817,,,
1281700,0.18339672,,,0.17692964,,,
1281800,0.22334917,0.23586079,,,,,
1281900,0.17903378,,,0.17692826,,,
1282000,0.18204477,,,0.17693066,,,
1282100,0.17739649,,,0.17693695,,,
1282200,0.10522607,,0.11558155,,,,
1282300,0.17835275,,,0.17693942,,,
1282400,0.17221459,,,0.17693804,,,
1282500,0.17871686,,,0.1769408,,,
1282600,0.17803562,,,0.17694346,,,
1282700,0.10458212,,0.11556942,,,,
1282800,0.22975633,0.23586875,,,,,
1282900,0.17391302,,,0.17694207,,,
1283000,0.10330179,,0.11556063,,,,
1283100,0.1724077,,,0.17694741,,,
1283200,0.24994569,0.23586051,,,,,
1283300,0.17272948,,,0.17694534,,,
1283400,0.10183794,,0.11554879,,,,
1283500,0.22541442,0.23583855,,,,,
1283600,0.22412839,0.23583408,,,,,
1283700,0.10230294,,0.11554089,,,,
1283800,0.17206104,,,0.17694671,,,
1283900,0.10224004,,0.11553274,,,,
1284000,0.22752088,0.23579996,,,,,
1284100,0.2277304,0.23579833,,,,,
1284200,0.228582,0.23579434,,,,,
1284300,0.1719417,,,0.176948,,,
1284400,0.23174505,0.23578159,,,,,
1284500,0.17867554,,,0.176948,,,
1284600,0.21689752,0.23576991,,,,,
1284700,0.177255,,,0.17695374,,,
1284800,0.098064194,,0.11550429,,,,
1284900,0.21784329,0.23574624,,,,,
1285000,0.17461939,,,0.17695565,,,
1285100,0.17682445,,,0.17695588,,,
1285200,0.22609239,0.23573576,,,,,
1285300,0.21951913,0.23572866,,,,,
1285400,0.17397819,,,0.17695415,,,
1285500,0.17982278,,,0.17695773,,,
1285600,0.21800524,0.23570617,,,,,
1285700,0.17773288,,,0.17695798,,,
1285800,0.22123783,0.23569733,,,,,
1285900,0.21762,0.23568967,,,,,
1286000,0.18779374,,,0.17695814,,,
1286100,0.22005753,0.23567556,,,,,
1286200,0.21564783,0.23566511,,,,,
1286300,0.17608466,,,0.17696113,,,
1286400,0.17362987,,,0.17695988,,,
1286500,0.21448817,0.23564181,,,,,
1286600,0.17372828,,,0.17696535,,,
1286700,0.22561791,0.23562523,,,,,
1286800,0.21990411,0.23561364,,,,,
1286900,0.097577479,,0.11542293,,,,
1287000,0.21606471,0.23559728,,,,,
1287100,0.097260303,,0.11541664,,,,
1287200,0.21432513,0.2355799,,,,,
1287300,0.21467191,0.23556423,,,,,
1287400,0.21545965,0.23555642,,,,,
1287500,0.17354623,,,0.17696799,,,
1287600,0.095892071,,0.11539451,,,,
1287700,0.22516246,0.23553511,,,,,
1287800,0.17376562,,,0.17696682,,,
1287900,0.096215118,,0.11538007,,,,
1288000,0.17216282,,,0.17696753,,,
1288100,0.21597126,0.23552012,,,,,
1288200,0.17387495,,,0.17696857,,,
1288300,0.21441721,0.23549782,,,,,
1288400,0.17192786,,,0.17696633,,,
1288500,0.17755706,,,0.17697075,,,
1288600,0.17310499,,,0.17697126,,,
1288700,0.22262158,0.23546387,,,,,
1288800,0.23135343,0.23545966,,,,,
1288900,0.21801357,0.23545643,,,,,
1289000,0.17190935,,,0.17696956,,,
1289100,0.22324432,0.23544032,,,,,
1289200,0.17291777,,,0.17696576,,,
1289300,0.21293369,0.23542169,,,,,
1289400,0.21477705,0.23541109,,,,,
1289500,0.17395734,,,0.17696627,,,
1289600,0.17308087,,,0.1769673,,,
1289700,0.17389323,,,0.17696564,,,
1289800,0.22011433,0.23537735,,,,,
1289900,0.17769174,,,0.17696371,,,
1290000,0.17537113,,,0.17696538,,,
1290100,0.21708881,0.23535187,,,,,
1290200,0.093617081,,0.11527214,,,,
1290300,0.091594737,,0.11526558,,,,
1290400,0.21327004,0.23531962,,,,,
1290500,0.17155901,,,0.17696409,,,
1290600,0.21484324,0.23530376,,,,,
1290700,0.17259128,,,0.17696528,,,
1290800,0.091405467,,0.11524079,,,,
1290900,0.21680258,0.23527593,,,,,
1291000,0.17503217,,,0.17697109,,,
1291100,0.17214216,,,0.17696966,,,
1291200,0.17218967,,,0.17696789,,,
1291300,0.21405907,0.23523724,,,,,
1291400,0.17390174,,,0.17696557,,,
1291500,0.1746832,,,0.17696551,,,
1291600,0.19977178,,,0.17697193,,,
1291700,0.21583018,0.23519864,,,,,
1291800,0.21849605,0.23518768,,,,,
1291900,0.09171563,,0.11517716,,,,
1292000,0.17454037,,,0.17697512,,,
1292100,0.17291621,,,0.17697274,,,
1292200,0.17641254,,,0.17697086,,,
1292300,0.086757236,,0.11515287,,,,
1292400,0.17494083,,,0.17696871,,,
1292500,0.17991451,,,0.17697139,,,
1292600,0.087540308,,0.11513605,,,,
1292700,0.21279145,0.23512618,,,,,
1292800,0.08614463,,0.11512185,,,,
1292900,0.21981055,0.23510465,,,,,
1293000,0.17240801,,,0.17696865,,,
1293100,0.21283415,0.235089,,,,,
1293200,0.21340436,0.23507983,,,,,
1293300,0.21273157,0.23506866,,,,,
1293400,0.17306358,,,0.17696614,,,
1293500,0.17530502,,,0.17696831,,,
1293600,0.34477851,,,0.17697086,,,
1293700,0.210517,0.2350243,,,,,
1293800,0.21043716,0.23500919,,,,,
1293900,0.17554544,,,0.1769677,,,
1294000,0.17118433,,,0.17696763,,,
1294100,0.22012506,0.23498108,,,,,
1294200,0.21435102,0.23497221,,,,,
1294300,0.21855787,0.23495888,,,,,
1294400,0.085300926,,0.11501967,,,,
1294500,0.17253247,,,0.17696579,,,
1294600,0.21229149,0.23493543,,,,,
1294700,0.22240158,0.23492634,,,,,
1294800,0.21569445,0.23491616,,,,,
1294900,0.087403421,,0.11498724,,,,
1295000,0.17172261,,,0.17696497,,,
1295100,0.22734614,0.23490958,,,,,
1295200,0.22523951,0.23490642,,,,,
1295300,0.083564274,,0.11496229,,,,
1295400,0.22850267,0.23490234,,,,,
1295500,0.17282788,,,0.17696353,,,
1295600,0.19099287,,,0.17696764,,,
1295700,0.17789159,,,0.17696814,,,
1295800,0.22753552,0.23489586,,,,,
1295900,0.08305854,,0.11492079,,,,
1296000,0.082374803,,0.11491317,,,,
1296100,0.21339559,0.23487276,,,,,
1296200,0.21671545,0.23486532,,,,,
1296300,0.21827294,0.23485822,,,,,
1296400,0.17154241,,,0.17696292,,,
1296500,0.22003388,,,0.17696574,,,
1296600,0.22915017,0.23484818,,,,,
1296700,0.1719208,,,0.17696648,,,
1296800,0.084327428,,0.11485798,,,,
1296900,0.081812065,,0.11484837,,,,
1297000,0.081912625,,0.11484133,,,,
1297100,0.18386446,,,0.1769675,,,
1297200,0.082695324,,0.11483054,,,,
1297300,0.17376891,,,0.17696889,,,
1297400,0.17474747,,,0.17696828,,,
1297500,0.21630695,0.23478425,,,,,
1297600,0.083275267,,0.1148009,,,,
1297700,0.21332624,0.23476855,,,,,
1297800,0.083469561,,0.11478629,,,,
1297900,0.23308678,0.23475215,,,,,
1298000,0.21497164,0.23474506,,,,,
1298100,0.17337246,,,0.17696913,,,
1298200,0.17297989,,,0.17696831,,,
1298300,0.22032856,0.23472322,,,,,
1298400,0.084449278,,0.11474286,,,,
1298500,0.17184882,,,0.17696685,,,
1298600,0.21555287,0.2347051,,,,,
1298700,0.17205643,,,0.17697068,,,
1298800,0.2145216,0.23468674,,,,,
1298900,0.23110195,0.23467671,,,,,
1299000,0.17845182,,,0.17697074,,,
1299100,0.22763653,0.23466811,,,,,
1299200,0.22108099,0.23466061,,,,,
1299300,0.085268273,,0.11468643,,,,
1299400,0.085034318,,0.11467703,,,,
1299500,0.17646583,,,0.17697854,,,
1299600,0.17841082,,,0.17698245,,,
1299700,0.085878668,,0.11466124,,,,
1299800,0.22055622,0.2346128,,,,,
1299900,0.085919846,,0.11464424,,,,
1300000,0.17351217,,,0.1769807,,,
1300100,0.17243834,,,0.17698613,,,
1300200,0.21768676,0.23458501,,,,,
1300300,0.21907795,0.23457653,,,,,
1300400,0.21520506,0.2345651,,,,,
1300500,0.21903258,0.23455773,,,,,
1300600,0.21788869,0.23455223,,,,,
1300700,0.17517653,,,0.17698372,,,
1300800,0.085880915,,0.11459078,,,,
1300900,0.1825582,,,0.17698188,,,
1301000,0.21690907,0.23452813,,,,,
1301100,0.18083442,,,0.17698341,,,
1301200,0.086734349,,0.11456528,,,,
1301300,0.085979745,,0.11456001,,,,
1301400,0.1718537,,,0.17698181,,,
1301500,0.2172655,0.23448876,,,,,
1301600,0.18335458,,,0.17698215,,,
1301700,0.088923846,,0.11453356,,,,
1301800,0.21957367,0.23446972,,,,,
1301900,0.21952194,0.23445966,,,,,
1302000,0.086148306,,0.11451261,,,,
1302100,0.17543468,,,0.17698188,,,
1302200,0.087084981,,0.1145028,,,,
1302300,0.17187805,,,0.17697949,,,
1302400,0.086926365,,0.11448917,,,,
1302500,0.23242163,0.23443392,,,,,
1302600,0.18749125,,,0.17697893,,,
1302700,0.22857305,0.23443743,,,,,
1302800,0.17273226,,,0.17698201,,,
1302900,0.17410311,,,0.17698145,,,
1303000,0.087813541,,0.11445572,,,,
1303100,0.08847066,,0.11445191,,,,
1303200,0.08875603,,0.11444794,,,,
1303300,0.17531713,,,0.17698223,,,
1303400,0.088350092,,0.11443475,,,,
1303500,0.087860834,,0.11442912,,,,
1303600,0.17686355,,,0.17698266,,,
1303700,0.23425225,0.23443672,,,,,
1303800,0.17190083,,,0.17697972,,,
1303900,0.1744702,,,0.17697944,,,
1304000,0.21589427,0.23441671,,,,,
1304100,0.17521754,,,0.17698179,,,
1304200,0.17321083,,,0.17698404,,,
1304300,0.17225878,,,0.17698274,,,
1304400,0.085086946,,0.11437642,,,,
1304500,0.17183133,,,0.17698037,,,
1304600,0.18739077,,,0.17698225,,,
1304700,0.23650385,0.23437054,,,,,
1304800,0.18017352,,,0.17698435,,,
1304900,0.17708522,,,0.17698412,,,
1305000,0.212954,0.23434821,,,,,
1305100,0.17441154,,,0.17698626,,,
1305200,0.1786858,,,0.1769863,,,
1305300,0.084383404,,0.11432331,,,,
1305400,0.22118768,0.23431825,,,,,
1305500,0.21215489,0.23431075,,,,,
1305600,0.17902213,,,0.17698597,,,
1305700,0.1729875,,,0.17698703,,,
1305800,0.17501342,,,0.17698538,,,
1305900,0.084043706,,0.11428237,,,,
1306000,0.084381512,,0.11427529,,,,
1306100,0.18221688,,,0.17698441,,,
1306200,0.2173103,0.2342459,,,,,
1306300,0.17767319,,,0.17698437,,,
1306400,0.21734977,0.23422876,,,,,
1306500,0.084227033,,0.11424283,,,,
1306600,0.17741338,,,0.17698352,,,
1306700,0.086498436,,0.11423243,,,,
1306800,0.17172744,,,0.17698258,,,
1306900,0.17204516,,,0.17698199,,,
1307000,0.21041055,0.23417347,,,,,
1307100,0.084269628,,0.11420762,,,,
1307200,0.084780669,,0.11420104,,,,
1307300,0.17496615,,,0.176983,,,
1307400,0.17302877,,,0.1769826,,,
1307500,0.21138477,0.23412673,,,,,
1307600,0.20000107,,,0.17698428,,,
1307700,0.21440473,0.23410991,,,,,
1307800,0.17775914,,,0.17699069,,,
1307900,0.21674408,0.23409015,,,,,
1308000,0.17488728,,,0.17698953,,,
1308100,0.18336993,,,0.176992,,,
1308200,0.2244784,0.23406828,,,,,
1308300,0.21593021,0.23406368,,,,,
1308400,0.094211892,,0.11412992,,,,
1308500,0.17293361,,,0.17698716,,,
1308600,0.17628585,,,0.17699127,,,
1308700,0.22608949,0.23404278,,,,,
1308800,0.21786682,0.23403977,,,,,
1308900,0.17235704,,,0.17699034,,,
1309000,0.22824696,0.23403437,,,,,
1309100,0.17870815,,,0.17699281,,,
1309200,0.17184087,,,0.17699229,,,
1309300,0.17368338,,,0.17699112,,,
1309400,0.17341144,,,0.17699082,,,
1309500,0.17346136,,,0.17698914,,,
1309600,0.2352717,0.23404659,,,,,
1309700,0.17203422,,,0.17699305,,,
1309800,0.22802721,0.23404308,,,,,
1309900,0.22654694,0.23403894,,,,,
1310000,0.17203926,,,0.17698998,,,
1310100,0.22760677,0.23403449,,,,,
1310200,0.22415237,0.23403039,,,,,
1310300,0.22655797,0.23402784,,,,,
1310400,0.2403607,0.23402722,,,,,
1310500,0.18371055,,,0.17698917,,,
1310600,0.17767089,,,0.17699226,,,
1310700,0.17172127,,,0.17699217,,,
1310800,0.17317599,,,0.17699058,,,
1310900,0.1143941,,0.11407236,,,,
1311000,0.11123383,,0.11407211,,,,
1311100,0.17237475,,,0.17699104,,,
1311200,0.17318149,,,0.17699208,,,
1311300,0.17292046,,,0.17699179,,,
1311400,0.11473756,,0.11407034,,,,
1311500,0.23560987,0.23404561,,,,,
1311600,0.17349621,,,0.17699643,,,
1311700,0.17519164,,,0.17699517,,,
1311800,0.17268213,,,0.17699552,,,
1311900,0.1128239,,0.11406748,,,,
1312000,0.23208815,0.23404939,,,,,
1312100,0.17314572,,,0.17699677,,,
1312200,0.10951969,,0.11406533,,,,
1312300,0.231213,0.23405667,,,,,
1312400,0.23859191,0.23405691,,,,,
1312500,0.24212877,0.23405996,,,,,
1312600,0.19260802,,,0.17699579,,,
1312700,0.12108745,,0.11406498,,,,
1312800,0.1721234,,,0.17699594,,,
1312900,0.26653834,0.2341014,,,,,
1313000,0.17173664,,,0.17699435,,,
1313100,0.23999849,0.23411268,,,,,
1313200,0.12088837,,0.11407287,,,,
1313300,0.24046186,0.23412438,,,,,
1313400,0.12105355,,0.11407578,,,,
1313500,0.17510045,,,0.17699291,,,
1313600,0.12581374,,0.11407849,,,,
1313700,0.17185693,,,0.17699718,,,
1313800,0.17362961,,,0.17699746,,,
1313900,0.24081908,0.23415191,,,,,
1314000,0.24037314,0.23415388,,,,,
1314100,0.11730394,,0.11408411,,,,
1314200,0.23577941,0.23415644,,,,,
1314300,0.23441492,0.23415732,,,,,
1314400,0.24295378,0.23416347,,,,,
1314500,0.11653429,,0.11408649,,,,
1314600,0.23594027,0.23416631,,,,,
1314700,0.11392655,,0.11408692,,,,
1314800,0.24514333,0.23417167,,,,,
1314900,0.23441115,0.23417738,,,,,
1315000,0.11185511,,0.11408545,,,,
1315100,0.17139009,,,0.17700446,,,
1315200,0.23281986,0.23417669,,,,,
1315300,0.17341722,,,0.17700716,,,
1315400,0.237646,0.23418152,,,,,
1315500,0.17683996,,,0.17700559,,,
1315600,0.17192726,,,0.17700651,,,
1315700,0.17847768,,,0.17700849,,,
1315800,0.22462887,0.23417595,,,,,
1315900,0.22411748,0.23417379,,,,,
1316000,0.10171929,,0.11406946,,,,
1316100,0.17504732,,,0.17701105,,,
1316200,0.10299216,,0.11406603,,,,
1316300,0.17863601,,,0.17701274,,,
1316400,0.10084795,,0.11406088,,,,
1316500,0.10168454,,0.11405754,,,,
1316600,0.19313833,,,0.17701123,,,
1316700,0.1897088,,,0.17701485,,,
1316800,0.17314698,,,0.17701351,,,
1316900,0.23749771,0.23417149,,,,,
1317000,0.17228473,,,0.17701152,,,
1317100,0.22439606,0.2341662,,,,,
1317200,0.23204145,0.23416427,,,,,
1317300,0.22601424,0.23416121,,,,,
1317400,0.23044481,0.23415982,,,,,
1317500,0.17513893,,,0.17701406,,,
1317600,0.22178296,0.23414852,,,,,
1317700,0.23314196,0.23414645,,,,,
1317800,0.18323512,,,0.17701835,,,
1317900,0.23435754,0.23414356,,,,,
1318000,0.21851771,0.23413698,,,,,
1318100,0.1757151,,,0.17701732,,,
1318200,0.17951692,,,0.17702114,,,
1318300,0.22668512,0.23412464,,,,,
1318400,0.17228275,,,0.17701876,,,
1318500,0.17323126,,,0.17701841,,,
1318600,0.21950268,0.23410953,,,,,
1318700,0.17917173,,,0.17702086,,,
1318800,0.22482453,0.23409899,,,,,
1318900,0.23954016,0.2340975,,,,,
1319000,0.091735582,,0.11396403,,,,
1319100,0.22985447,0.23409099,,,,,
1319200,0.22612347,0.23408992,,,,,
1319300,0.095802622,,0.1139535,,,,
1319400,0.11164783,,0.11395222,,,,
1319500,0.25394015,0.23408373,,,,,
1319600,0.17370268,,,0.17702457,,,
1319700,0.094373686,,0.1139476,,,,
1319800,0.23975708,0.23408232,,,,,
1319900,0.22294995,0.2340777,,,,,
1320000,0.21629487,0.23406883,,,,,
1320100,0.17266863,,,0.17702298,,,
1320200,0.21524315,0.23405413,,,,,
1320300,0.17770877,,,0.17702492,,,
1320400,0.23393038,0.23405689,,,,,
1320500,0.22545789,0.23405479,,,,,
1320600,0.17223122,,,0.17702115,,,
1320700,0.1728753,,,0.17702646,,,
1320800,0.22725478,0.23403751,,,,,
1320900,0.084804352,,0.11388513,,,,
1321000,0.22771561,0.23402858,,,,,
1321100,0.084967327,,0.11387153,,,,
1321200,0.17187361,,,0.17702823,,,
1321300,0.084568127,,0.11386093,,,,
1321400,0.21263151,0.23400837,,,,,
1321500,0.21547233,0.23399592,,,,,
1321600,0.21500185,0.23398954,,,,,
1321700,0.17290606,,,0.17703034,,,
1321800,0.17575414,,,0.1770286,,,
1321900,0.22480477,0.2339705,,,,,
1322000,0.22066675,0.2339635,,,,,
1322100,0.17309847,,,0.17702524,,,
1322200,0.17187747,,,0.17702559,,,
1322300,0.18335165,,,0.1770276,,,
1322400,0.21313145,0.23394381,,,,,
1322500,0.082850988,,0.11378378,,,,
1322600,0.1717006,,,0.17702515,,,
1322700,0.1787324,,,0.17702547,,,
1322800,0.17955287,,,0.17702734,,,
1322900,0.21560004,0.23391943,,,,,
1323000,0.22689782,0.23391441,,,,,
1323100,0.21780125,0.23390933,,,,,
1323200,0.2207199,,,0.17702673,,,
1323300,0.21351565,0.23389635,,,,,
1323400,0.18174673,,,0.17702793,,,
1323500,0.21484718,0.23387847,,,,,
1323600,0.21675791,0.23387048,,,,,
1323700,0.20107684,,,0.17702897,,,
1323800,0.21297154,0.23385956,,,,,
1323900,0.179076,,,0.17703023,,,
1324000,0.083512728,,0.11369244,,,,
1324100,0.21371231,0.23383374,,,,,
1324200,0.1824844,,,0.1770292,,,
1324300,0.085688352,,0.11367453,,,,
1324400,0.22358082,0.23382001,,,,,
1324500,0.21509626,0.23381689,,,,,
1324600,0.21097521,0.2338057,,,,,
1324700,0.21315681,,,0.17703919,,,
1324800,0.21681732,0.23379147,,,,,
1324900,0.21957319,0.23378336,,,,,
1325000,0.22525313,0.23377962,,,,,
1325100,0.20955948,0.23376739,,,,,
1325200,0.17999873,,,0.17703816,,,
1325300,0.21295208,0.23375103,,,,,
1325400,0.22654136,0.23374511,,,,,
1325500,0.20959792,0.23373648,,,,,
1325600,0.082287558,,0.1135906,,,,
1325700,0.19492439,,,0.1770442,,,
1325800,0.20946225,0.23370743,,,,,
1325900,0.2090424,0.23369768,,,,,
1326000,0.082946841,,0.11356691,,,,
1326100,0.21976114,0.23367744,,,,,
1326200,0.18507175,,,0.17704602,,,
1326300,0.083784806,,0.11354948,,,,
1326400,0.37572532,,,,,,0.39851612
1326500,0.21862293,0.23365584,,,,,
1326600,0.22240617,,,,,,0.24279241
1326700,0.26424428,,,,,0.24458303,
1326800,0.31333411,,,,,0.2530949,
1326900,0.38278703,,,,,,0.27067217
1327000,0.23036699,0.2336534,,,,,
1327100,0.46097714,,,,,0.30939068,
1327200,0.21173261,0.23364554,,,,,
1327300,0.20963248,0.23364145,,,,,
1327400,0.54060164,,,,,0.36126233,
1327500,0.5406356,,,,,,0.3723703
1327600,0.61558109,,,,,,0.39166037
1327700,0.69841397,,,,,0.42012453,
1327800,0.76725279,,,,,0.44655472,
1327900,0.82015455,,,,,,0.47063078
1328000,0.86207583,,,,,0.500336,
1328100,0.89445969,,,,,,0.52324207
1328200,0.92163329,,,,,0.55049453,
1328300,0.94026308,,,,,,0.57037832
1328400,0.95593314,,,,,0.59370898,
1328500,0.96491412,,,,,,0.61122074
1328600,0.97373561,,,,,,0.62862807
1328700,0.97887573,,,,,,0.64377949
1328800,0.98189208,,,,,,0.65693308
1328900,0.9855448,,,,,,0.67119393
1329000,0.98850285,,,,,,0.68464817
1329100,0.99077691,,,,,0.69741607,
1329200,0.99269754,,,,,,0.70755939
1329300,0.99443565,,,,,,0.71840638
1329400,0.21075542,0.23363283,,,,,
1329500,0.99617757,,,,,0.73673805,
1329600,0.99705319,,,,,0.74597727,
1329700,0.99773026,,,,,0.7544472,
1329800,0.99808896,,,,,,0.76093359
1329900,0.99855277,,,,,0.76912009,
1330000,0.99881869,,,,,,0.77540595
1330100,0.99903229,,,,,,0.78194946
1330200,0.99915423,,,,,0.78773338,
1330300,0.99916286,,,,,,0.79143366
1330400,0.99920878,,,,,0.79729195,
1330500,0.99932832,,,,,,0.8020333
1330600,0.17185315,,,0.1770497,,,
1330700,0.99950697,,,,,,0.8109468
1330800,0.99960142,,,,,0.81615796,
1330900,0.99964847,,,,,0.82057878,
1331000,0.99970441,,,,,,0.82412446
1331100,0.99975118,,,,,,0.82825171
1331200,0.99979351,,,,,0.83258143,
1331300,0.99983928,,,,,0.83633043,
1331400,0.99986857,,,,,,0.83934404
1331500,0.99989485,,,,,0.84315026,
1331600,0.99990197,,,,,0.84632021,
1331700,0.99992152,,,,,,0.84897205
1331800,0.99993478,,,,,,0.85185198
1331900,0.99994641,,,,,,0.85468097
1332000,0.99995521,,,,,,0.85745861
1332100,0.9999621,,,,,0.86047917,
1332200,0.99996534,,,,,,0.86270734
1332300,0.99997139,,,,,,0.86518946
1332400,0.99997626,,,,,,0.86753645
1332500,0.99998147,,,,,0.87020329,
1332600,0.9999819,,,,,0.87185566,
1332700,0.99998478,,,,,,0.87368519
1332800,0.99998664,,,,,0.87603564,
1332900,0.9999886,,,,,0.87806498,
1333000,0.99999009,,,,,,0.87975586
1333100,0.99999167,,,,,0.88189327,
1333200,0.99999218,,,,,,0.88347681
1333300,0.99999225,,,,,,0.88498672
1333400,0.99999321,,,,,,0.88652714
1333500,0.99999413,,,,,,0.88822829
1333600,0.999995,,,,,0.89011739,
1333700,0.99999585,,,,,,0.89151363
1333800,0.99999633,,,,,0.89326667,
1333900,0.99999673,,,,,0.89477458,
1334000,0.99999716,,,,,,0.8960514
1334100,0.99999667,,,,,,0.89705612
1334200,0.99999731,,,,,0.89869609,
1334300,0.99999767,,,,,0.90002865,
1334400,0.99999794,,,,,,0.90117705
1334500,0.99999813,,,,,0.90264222,
1334600,0.99999831,,,,,,0.90370437
1334700,0.99999852,,,,,0.90512263,
1334800,0.99999861,,,,,,0.90615294
1334900,0.17214299,,,0.17704855,,,
1335000,0.9999985,,,,,,0.90811914
1335100,0.99999878,,,,,,0.90925981
1335200,0.99999896,,,,,,0.91032938
1335300,0.99999907,,,,,0.91160835,
1335400,0.99999899,,,,,,0.91229156
1335500,0.99999903,,,,,,0.91331142
1335600,0.99999916,,,,,0.91447079,
1335700,0.99999928,,,,,0.91544182,
1335800,0.082528764,,0.11350917,,,,
1335900,0.99999917,,,,,,0.91688716
1336000,0.9999993,,,,,0.91795675,
1336100,0.9999994,,,,,,0.91868213
1336200,0.99999945,,,,,0.91972529,
1336300,0.99999951,,,,,,0.92043518
1336400,0.99999957,,,,,0.92140261,
1336500,0.99999962,,,,,0.92225586,
1336600,0.99999962,,,,,0.92297943,
1336700,0.99999962,,,,,0.92378336,
1336800,0.99999965,,,,,0.9244176,
1336900,0.99999969,,,,,,0.92499773
1337000,0.99999974,,,,,0.92589164,
1337100,0.99999977,,,,,,0.92647706
1337200,0.9999998,,,,,,0.92719505
1337300,0.99999983,,,,,,0.92789916
1337400,0.99999985,,,,,0.92871467,
1337500,0.99999987,,,,,0.92941725,
1337600,0.99999986,,,,,,0.9299189
1337700,0.99999986,,,,,,0.93055861
1337800,0.99999988,,,,,,0.93116133
1337900,0.99999988,,,,,0.9319081,
1338000,0.9999999,,,,,,0.93242179
1338100,0.99999991,,,,,0.93313079,
1338200,0.99999991,,,,,,0.93360146
1338300,0.99999992,,,,,0.93431035,
1338400,0.99999993,,,,,,0.93474065
1338500,0.99999993,,,,,,0.93528448
1338600,0.99999994,,,,,,0.93584141
1338700,0.99999994,,,,,0.93638629,
1338800,0.99999995,,,,,,0.9368308
1338900,0.99999995,,,,,0.93746522,
1339000,0.99999995,,,,,0.93798591,
1339100,0.99999996,,,,,,0.93839672
1339200,0.99999996,,,,,0.9389917,
1339300,0.99999995,,,,,,0.93934894
1339400,0.99999994,,,,,,0.93973138
1339500,0.99999992,,,,,,0.94010902
1339600,0.21613375,0.23360131,,,,,
1339700,0.22151952,0.23359915,,,,,
1339800,0.99999987,,,,,0.94140131,
1339900,0.99999955,,,,,,0.94153678
1340000,0.9999995,,,,,0.94208481,
1340100,0.99999958,,,,,,0.94244843
1340200,0.99999965,,,,,,0.94288055
1340300,0.9999997,,,,,0.94340505,
1340400,0.99999975,,,,,,0.94372561
1340500,0.99999977,,,,,0.94426062,
1340600,0.99999981,,,,,0.94467467,
1340700,0.99999984,,,,,0.94507451,
1340800,0.99999982,,,,,,0.94535089
1340900,0.99999984,,,,,,0.94574857
1341000,0.99999986,,,,,0.94620904,
1341100,0.99999988,,,,,,0.94651914
1341200,0.99999988,,,,,,0.94681672
1341300,0.99999989,,,,,0.94729019,
1341400,0.9999999,,,,,,0.94755745
1341500,0.99999991,,,,,,0.94793105
1341600,0.99999993,,,,,0.94837887,
1341700,0.99999993,,,,,0.94872713,
1341800,0.99999994,,,,,,0.94899266
1341900,0.99999995,,,,,0.94941662,
1342000,0.99999995,,,,,,0.94967441
1342100,0.99999996,,,,,,0.95001185
1342200,0.99999997,,,,,0.95040686,
1342300,0.99999997,,,,,,0.95061451
1342400,0.99999997,,,,,0.95098133,
1342500,0.99999997,,,,,,0.95122198
1342600,0.99999998,,,,,0.95161818,
1342700,0.99999998,,,,,,0.95185824
1342800,0.99999998,,,,,,0.95216712
1342900,0.99999998,,,,,,0.95239315
1343000,0.99999998,,,,,0.95277173,
1343100,0.99999998,,,,,,0.95298163
1343200,0.99999999,,,,,0.95331057,
1343300,0.99999999,,,,,0.95360144,
1343400,0.99999999,,,,,,0.95382613
1343500,0.99999999,,,,,0.95417806,
1343600,0.99999999,,,,,,0.95439108
1343700,0.99999999,,,,,0.95465235,
1343800,0.99999999,,,,,,0.95486054
1343900,0.99999999,,,,,,0.9551322
1344000,0.99999999,,,,,,0.95540061
1344100,0.99999999,,,,,,0.95566583
1344200,0.99999999,,,,,0.9559921,
1344300,0.99999999,,,,,,0.95619207
1344400,0.99999999,,,,,,0.95644799
1344500,0.99999999,,,,,,0.95662536
1344600,0.99999999,,,,,0.95693861,
1344700,0.99999999,,,,,,0.95712426
1344800,0.99999999,,,,,0.95743085,
1344900,0.99999999,,,,,,0.95761182
1345000,0.99999999,,,,,,0.95784669
1345100,0.99999999,,,,,0.95814847,
1345200,1,,,,,,0.95832271
1345300,1,,,,,,0.95851289
1345400,1,,,,,,0.95871964
1345500,1,,,,,,0.95894695
1345600,1,,,,,0.95923428,
1345700,1,,,,,,0.95939858
1345800,1,,,,,,0.95961849
1345900,1,,,,,0.95988853,
1346000,1,,,,,0.9601034,
1346100,1,,,,,0.96031598,
1346200,1,,,,,,0.96047066
1346300,1,,,,,0.96073027,
1346400,1,,,,,,0.96087724
1346500,1,,,,,0.96112788,
1346600,1,,,,,,0.96124736
1346700,1,,,,,0.96149365,
1346800,1,,,,,0.96168777,
1346900,1,,,,,,0.96183067
1347000,1,,,,,0.96207791,
1347100,1,,,,,0.96225855,
1347200,1,,,,,0.96241093,
1347300,1,,,,,,0.96254781
1347400,1,,,,,,0.96273501
1347500,1,,,,,,0.96291667
1347600,1,,,,,0.96315476,
1347700,0.22198491,0.23357999,,,,,
1347800,1,,,,,0.96348354,
1347900,0.083565473,,0.11347641,,,,
1348000,1,,,,,0.96379947,
1348100,1,,,,,,0.96392513
1348200,1,,,,,,0.96409539
1348300,1,,,,,,0.9642709
1348400,1,,,,,,0.96444132
1348500,1,,,,,0.96465836,
1348600,1,,,,,,0.96476733
1348700,1,,,,,,0.96492645
1348800,1,,,,,,0.96508741
1348900,1,,,,,0.96530051,
1349000,0.2154997,0.23357865,,,,,
1349100,1,,,,,,0.96555519
1349200,1,,,,,0.96575679,
1349300,1,,,,,,0.96587057
1349400,1,,,,,,0.966023
1349500,1,,,,,,0.96617715
1349600,1,,,,,0.96635999,
1349700,1,,,,,,0.96646922
1349800,1,,,,,,0.96661636
1349900,1,,,,,,0.96676815
1350000,1,,,,,0.9669335,
1350100,1,,,,,0.96707675,
1350200,1,,,,,0.96722164,
1350300,1,,,,,0.96736241,
1350400,1,,,,,,0.96746429
1350500,1,,,,,,0.96760566
1350600,1,,,,,0.96778033,
1350700,1,,,,,,0.96787091
1350800,1,,,,,,0.9679813
1350900,1,,,,,,0.9681155
1351000,1,,,,,,0.96825399
1351100,1,,,,,,0.9683886
1351200,1,,,,,,0.96852207
1351300,1,,,,,0.96869316,
1351400,1,,,,,0.96881637,
1351500,1,,,,,0.9689438,
1351600,1,,,,,0.96907276,
1351700,1,,,,,0.96919811,
1351800,0.20991377,0.23357154,,,,,
1351900,1,,,,,0.96942571,
1352000,1,,,,,0.96954074,
1352100,1,,,,,,0.96961512
1352200,1,,,,,0.96975104,
1352300,1,,,,,,0.96983641
1352400,1,,,,,,0.96995796
1352500,1,,,,,,0.9700593
1352600,1,,,,,,0.97017668
1352700,1,,,,,0.97033655,
1352800,1,,,,,0.97043781,
1352900,1,,,,,0.97055469,
1353000,1,,,,,,0.97061861
1353100,1,,,,,,0.97070865
1353200,1,,,,,,0.97082785
1353300,1,,,,,0.9709407,
1353400,1,,,,,0.97105589,
1353500,0.99999999,,,,,,0.97112836
1353600,0.99999999,,,,,,0.97121976
1353700,0.1724088,,,0.17705648,,,
1353800,0.99999998,,,,,,0.97139643
1353900,0.99999998,,,,,,0.97147086
1354000,0.99999997,,,,,0.97161408,
1354100,0.99999997,,,,,0.971724,
1354200,0.99999994,,,,,,0.97176476
1354300,0.99999993,,,,,0.97190745,
1354400,0.99999992,,,,,,0.97197702
1354500,0.99999991,,,,,0.97209689,
1354600,0.99999991,,,,,,0.97215495
1354700,0.99999991,,,,,,0.97225856
1354800,0.9999999,,,,,,0.97236141
1354900,0.99999989,,,,,0.97249871,
1355000,0.99999988,,,,,,0.97253855
1355100,0.99999987,,,,,0.97267428,
1355200,0.99999986,,,,,0.97277218,
1355300,0.99999986,,,,,,0.97283672
1355400,0.99999984,,,,,0.97294624,
1355500,0.99999983,,,,,0.97304025,
1355600,0.99999966,,,,,,0.97308968
1355700,0.99999964,,,,,,0.97318068
1355800,0.99999963,,,,,0.97331076,
1355900,0.17282352,,,0.17705587,,,
1356000,0.99999941,,,,,0.97347425,
1356100,0.99999942,,,,,,0.9735292
1356200,0.99999943,,,,,0.97365999,
1356300,0.99999911,,,,,0.97372874,
1356400,0.99999903,,,,,0.97382108,
1356500,0.99999904,,,,,0.9739146,
1356600,0.99999869,,,,,0.97397475,
1356700,0.9999986,,,,,,0.97401449
1356800,0.99999866,,,,,,0.97408494
1356900,0.99999865,,,,,,0.97416039
1357000,0.99999866,,,,,,0.97424963
1357100,0.99999864,,,,,0.97434939,
1357200,0.99999867,,,,,0.97443567,
1357300,0.99999865,,,,,,0.97449278
1357400,0.99999854,,,,,0.97461169,
1357500,0.99999856,,,,,,0.97464028
1357600,0.99999859,,,,,,0.97472624
1357700,0.99999857,,,,,,0.97481163
1357800,0.99999811,,,,,0.97490762,
1357900,0.99999804,,,,,0.97499019,
1358000,0.99999798,,,,,0.97507555,
1358100,0.20885068,0.23352121,,,,,
1358200,0.99999658,,,,,0.97521488,
1358300,0.99999692,,,,,0.97529707,
1358400,0.9999973,,,,,0.97538035,
1358500,0.99999761,,,,,,0.97542758
1358600,0.99999793,,,,,,0.97550829
1358700,0.99999801,,,,,,0.97557889
1358800,0.99999833,,,,,0.97568892,
1358900,0.9999986,,,,,0.97576801,
1359000,0.99999877,,,,,,0.9758024
1359100,0.99999897,,,,,0.97591376,
1359200,0.99999908,,,,,,0.9759569
1359300,0.99999912,,,,,0.97606546,
1359400,0.99999926,,,,,,0.97611098
1359500,0.99999937,,,,,0.97621679,
1359600,0.99999946,,,,,,0.97626461
1359700,0.99999949,,,,,,0.97633843
1359800,0.99999957,,,,,0.97643053,
1359900,0.99999963,,,,,0.97650192,
1360000,0.99999968,,,,,0.97657582,
1360100,0.9999997,,,,,0.97663314,
1360200,0.99999974,,,,,0.97670185,
1360300,0.99999977,,,,,0.9767745,
1360400,0.18583617,,,0.17705625,,,
1360500,0.99999981,,,,,0.97691273,
1360600,0.99999983,,,,,0.97698407,
1360700,0.99999985,,,,,,0.9770253
1360800,0.99999987,,,,,0.97712545,
1360900,0.99999988,,,,,0.97717872,
1361000,0.99999989,,,,,0.97724287,
1361100,0.9999999,,,,,0.97731081,
1361200,0.99999991,,,,,,0.97735331
1361300,0.17782984,,,0.17705695,,,
1361400,0.99999993,,,,,,0.97748735
1361500,0.1904017,,,0.17705756,,,
1361600,0.99999994,,,,,0.97764317,
1361700,0.99999995,,,,,0.9776994,
1361800,0.99999995,,,,,,0.97773743
1361900,0.99999995,,,,,0.97783083,
1362000,0.99999996,,,,,0.97789662,
1362100,0.99999996,,,,,0.97795811,
1362200,0.99999997,,,,,0.97802444,
1362300,0.99999997,,,,,,0.97805072
1362400,0.99999997,,,,,0.97814311,
1362500,0.99999998,,,,,,0.97817921
1362600,0.99999998,,,,,,0.97824289
1362700,0.99999998,,,,,0.97833133,
1362800,0.99999998,,,,,,0.97836663
1362900,0.99999998,,,,,,0.97842923
1363000,0.99999999,,,,,0.97852006,
1363100,0.99999999,,,,,0.97857567,
1363200,0.99999999,,,,,,0.97861117
1363300,0.99999999,,,,,,0.97867114
1363400,0.99999999,,,,,0.97875897,
1363500,0.99999999,,,,,,0.97879369
1363600,0.99999999,,,,,,0.97885264
1363700,0.99999999,,,,,,0.97891245
1363800,0.99999999,,,,,,0.97897312
1363900,1,,,,,0.97905642,
1364000,1,,,,,,0.97908167
1364100,1,,,,,,0.97913553
1364200,1,,,,,,0.97919492
1364300,1,,,,,,0.97925282
1364400,1,,,,,0.9793342,
1364500,1,,,,,0.97938225,
1364600,1,,,,,0.97943803,
1364700,1,,,,,,0.97946993
1364800,1,,,,,0.97955319,
1364900,1,,,,,,0.97958238
1365000,1,,,,,,0.97963258
1365100,1,,,,,,0.97968807
1365200,1,,,,,0.97976869,
1365300,1,,,,,,0.97979815
1365400,1,,,,,0.979878,
1365500,1,,,,,0.97993222,
1365600,1,,,,,0.97998507,
1365700,1,,,,,,0.98001584
1365800,1,,,,,,0.98006073
1365900,1,,,,,0.98013667,
1366000,1,,,,,,0.98016049
1366100,1,,,,,,0.98021209
1366200,1,,,,,0.98028807,
1366300,1,,,,,0.9803401,
1366400,1,,,,,0.98039393,
1366500,1,,,,,0.98044335,
1366600,1,,,,,0.98049559,
1366700,1,,,,,0.98053433,
1366800,1,,,,,0.98058406,
1366900,1,,,,,,0.98061143
1367000,1,,,,,0.98068276,
1367100,1,,,,,0.98073373,
1367200,1,,,,,0.98078245,
1367300,1,,,,,0.9808319,
1367400,1,,,,,0.98088209,
1367500,1,,,,,0.98093201,
1367600,1,,,,,,0.98095711
1367700,1,,,,,,0.98100563
1367800,1,,,,,0.98106677,
1367900,1,,,,,0.98111477,
1368000,1,,,,,,0.98113731
1368100,1,,,,,0.98120627,
1368200,1,,,,,,0.98123133
1368300,1,,,,,0.9812997,
1368400,1,,,,,,0.98132536
1368500,1,,,,,,0.98137109
1368600,1,,,,,0.98143025,
1368700,1,,,,,0.98147643,
1368800,1,,,,,,0.98148674
1368900,1,,,,,0.98155442,
1369000,1,,,,,0.9816009,
1369100,1,,,,,0.98164534,
1369200,1,,,,,,0.98166972
1369300,1,,,,,0.98173536,
1369400,1,,,,,,0.98175674
1369500,1,,,,,0.98182007,
1369600,1,,,,,,0.98184205
1369700,1,,,,,,0.98188617
1369800,1,,,,,,0.98193095
1369900,1,,,,,0.98199585,
1370000,1,,,,,0.98203147,
1370100,1,,,,,0.98207385,
1370200,1,,,,,0.98211604,
1370300,1,,,,,0.98215631,
1370400,1,,,,,0.98219811,
1370500,0.20861602,0.23348003,,,,,
1370600,1,,,,,0.98227521,
1370700,1,,,,,,0.98229736
1370800,1,,,,,0.98236001,
1370900,1,,,,,0.98240169,
1371000,1,,,,,,0.98242257
1371100,1,,,,,0.9824721,
1371200,1,,,,,0.98251407,
1371300,1,,,,,0.98255503,
1371400,1,,,,,0.98258603,
1371500,1,,,,,,0.98260304
1371600,1,,,,,0.98266385,
1371700,0.1721692,,,0.17705883,,,
1371800,1,,,,,,0.98270395
1371900,1,,,,,,0.98274398
1372000,1,,,,,,0.98278383
1372100,1,,,,,,0.98282349
1372200,1,,,,,0.98287275,
1372300,0.18280521,,,0.17706228,,,
1372400,1,,,,,0.98293945,
1372500,1,,,,,0.98297766,
1372600,1,,,,,0.98301725,
1372700,1,,,,,,0.98302529
1372800,1,,,,,0.98308283,
1372900,1,,,,,,0.98310224
1373000,1,,,,,,0.98314045
1373100,1,,,,,0.98318594,
1373200,0.99999999,,,,,,0.98320502
1373300,0.99999999,,,,,0.98326227,
1373400,0.99999999,,,,,0.98329905,
1373500,0.99999999,,,,,0.98332672,
1373600,0.99999999,,,,,,0.98334385
1373700,0.99999999,,,,,0.9834003,
1373800,0.99999998,,,,,0.98343058,
1373900,0.99999998,,,,,,0.98344446
1374000,0.99999998,,,,,,0.98348187
1374100,0.99999997,,,,,,0.98351839
1374200,0.99999997,,,,,,0.98354531
1374300,0.99999996,,,,,,0.98357938
1374400,0.99999996,,,,,,0.98361618
1374500,0.17492516,,,0.17706087,,,
1374600,0.99999994,,,,,,0.98368074
1374700,0.99999992,,,,,,0.98371709
1374800,0.99999991,,,,,,0.98374762
1374900,0.99999988,,,,,0.98379963,
1375000,0.99999987,,,,,0.9838348,
1375100,0.99999987,,,,,,0.98384972
1375200,0.99999982,,,,,,0.98387487
1375300,0.99999982,,,,,,0.98390898
1375400,0.99999983,,,,,,0.98394502
1375500,0.17185043,,,0.17705928,,,
1375600,0.99999973,,,,,0.98402137,
1375700,0.99999971,,,,,0.98404738,
1375800,0.9999997,,,,,0.98407195,
1375900,0.99999966,,,,,0.98410322,
1376000,0.99999964,,,,,,0.98411063
1376100,0.99999964,,,,,,0.98414374
1376200,0.99999961,,,,,0.98419766,
1376300,0.22208497,0.23341587,,,,,
1376400,0.99999958,,,,,0.98425379,
1376500,0.99999958,,,,,,0.98426821
1376600,0.99999959,,,,,,0.98430133
1376700,0.99999959,,,,,,0.98433564
1376800,0.99999957,,,,,0.98437731,
1376900,0.99999957,,,,,,0.98439139
1377000,0.99999941,,,,,,0.984424
1377100,0.17334406,,,0.17705828,,,
1377200,0.99999925,,,,,0.98449762,
1377300,0.99999923,,,,,,0.98451265
1377400,0.9999991,,,,,0.98456252,
1377500,0.99999913,,,,,,0.98456715
1377600,0.99999888,,,,,0.98461609,
1377700,0.99999886,,,,,,0.98463014
1377800,0.21185705,0.23340531,,,,,
1377900,0.99999865,,,,,,0.98467563
1378000,0.99999868,,,,,,0.98470769
1378100,0.99999842,,,,,0.98475588,
1378200,0.99999838,,,,,,0.98475896
1378300,0.99999846,,,,,,0.98479067
1378400,0.99999812,,,,,,0.98482101
1378500,0.20868346,0.23339941,,,,,
1378600,0.99999806,,,,,,0.98487336
1378700,0.9999981,,,,,,0.98490338
1378800,0.99999801,,,,,,0.98493449
1378900,0.99999817,,,,,0.98498451,
1379000,0.99999808,,,,,0.98500446,
1379100,0.99999795,,,,,0.98503338,
1379200,0.99999801,,,,,,0.98504688
1379300,0.99999797,,,,,,0.98507561
1379400,0.99999811,,,,,,0.98509947
1379500,0.99999796,,,,,,0.9851286
1379600,0.99999787,,,,,,0.98515879
1379700,0.99999795,,,,,0.9852052,
1379800,0.99999797,,,,,,0.98521177
1379900,0.99999539,,,,,,0.98523227
1380000,0.99999057,,,,,,0.98525621
1380100,0.99998367,,,,,,0.98528238
1380200,0.99997932,,,,,0.9853206,
1380300,0.99997278,,,,,0.98534597,
1380400,0.99997075,,,,,,0.98534592
1380500,0.99996673,,,,,,0.98536315
1380600,0.99996165,,,,,,0.9853849
1380700,0.99995959,,,,,0.98543061,
1380800,0.99995893,,,,,,0.98544069
1380900,0.99995922,,,,,,0.9854622
1381000,0.99996038,,,,,,0.98549041
1381100,0.99996074,,,,,,0.98551796
1381200,0.99995719,,,,,,0.98553981
1381300,0.99994229,,,,,,0.98556659
1381400,0.99992251,,,,,0.98560298,
1381500,0.17564861,,,0.1770567,,,
1381600,0.9998722,,,,,0.9856498,
1381700,0.99985446,,,,,,0.9856499
1381800,0.99984099,,,,,0.98568911,
1381900,0.99982392,,,,,0.98570811,
1382000,0.99981045,,,,,0.98573568,
1382100,0.99980758,,,,,,0.98574639
1382200,0.99981419,,,,,0.98578295,
1382300,0.99982761,,,,,0.98580969,
1382400,0.99983613,,,,,0.98583635,
1382500,0.99984279,,,,,,0.98584633
1382600,0.9998474,,,,,,0.98586544
1382700,0.99986161,,,,,0.9859079,
1382800,0.99986266,,,,,,0.98591881
1382900,0.17253294,,,0.17706082,,,
1383000,0.99987841,,,,,0.98597935,
1383100,0.99988,,,,,,0.98598905
1383200,0.21124231,0.23333032,,,,,
1383300,0.99971193,,,,,,0.98602747
1383400,0.999618,,,,,0.98606112,
1383500,0.99951418,,,,,0.98608684,
1383600,0.99948346,,,,,,0.98608912
1383700,0.99942655,,,,,0.98613017,
1383800,0.99941519,,,,,0.98614647,
1383900,0.99938208,,,,,,0.98614314
1384000,0.081325717,,0.11330112,,,,
1384100,0.99940086,,,,,0.98620089,
1384200,0.99931397,,,,,0.98622514,
1384300,0.99932826,,,,,,0.98622702
1384400,0.99939265,,,,,0.98626718,
1384500,0.99943117,,,,,,0.98627539
1384600,0.99945306,,,,,,0.9862981
1384700,0.99950272,,,,,,0.98631743
1384800,0.1956204,,,0.17705831,,,
1384900,0.9988279,,,,,0.98636789,
1385000,0.21694567,,,0.17705962,,,
1385100,0.99839646,,,,,,0.98638423
1385200,0.1840195,,,0.17706122,,,
1385300,0.99811076,,,,,0.98643483,
1385400,0.99811216,,,,,,0.98643538
1385500,0.99808181,,,,,0.98647167,
1385600,0.20822336,0.23328573,,,,,
1385700,0.99809777,,,,,,0.98649273
1385800,0.99825483,,,,,0.98652841,
1385900,0.99842878,,,,,,0.98653464
1386000,0.99854075,,,,,,0.9865501
1386100,0.99866893,,,,,0.98658672,
1386200,0.99882352,,,,,0.98660894,
1386300,0.99883229,,,,,0.98662601,
1386400,0.99863822,,,,,0.98664597,
1386500,0.99857494,,,,,0.98666172,
1386600,0.99839859,,,,,,0.9866679
1386700,0.99828209,,,,,0.98669729,
1386800,0.99822591,,,,,,0.9867035
1386900,0.99813625,,,,,0.98673291,
1387000,0.9982179,,,,,,0.9867384
1387100,0.17289462,,,0.17706146,,,
1387200,0.081649725,,0.11327301,,,,
1387300,0.99831475,,,,,,0.98678512
1387400,0.99824268,,,,,,0.98680172
1387500,0.99840595,,,,,0.98683136,
1387600,0.99855006,,,,,0.9868514,
1387700,0.99872583,,,,,,0.98685746
1387800,0.99888243,,,,,0.98689293,
1387900,0.9989812,,,,,0.98691015,
1388000,0.99911157,,,,,0.98693087,
1388100,0.99910243,,,,,0.98695251,
1388200,0.99899195,,,,,0.98696847,
1388300,0.9989316,,,,,0.98698964,
1388400,0.99881138,,,,,0.98700399,
1388500,0.99880369,,,,,0.98702484,
1388600,0.99875843,,,,,,0.98702754
1388700,0.99880594,,,,,,0.98704571
1388800,0.99882404,,,,,,0.98706544
1388900,0.9987499,,,,,,0.98707919
1389000,0.99885452,,,,,0.98710878,
1389100,0.99887849,,,,,0.98712899,
1389200,0.20824789,0.2332425,,,,,
1389300,0.99890192,,,,,,0.98714892
1389400,0.99906656,,,,,,0.98716912
1389500,0.99917365,,,,,0.98720366,
1389600,0.99923501,,,,,,0.98720785
1389700,0.99929219,,,,,,0.98722465
1389800,0.99939317,,,,,0.98726014,
1389900,0.99945572,,,,,,0.98726499
1390000,0.99953492,,,,,0.98730056,
1390100,0.99957468,,,,,0.98731916,
1390200,0.99962051,,,,,,0.98732166
1390300,0.99963667,,,,,0.98735638,
1390400,0.99967907,,,,,0.98737745,
1390500,0.99969659,,,,,,0.98738371
1390600,0.99970282,,,,,0.98741292,
1390700,0.99945014,,,,,0.98742765,
1390800,0.99912791,,,,,,0.98742801
1390900,0.081998412,,0.11324779,,,,
1391000,0.99865962,,,,,,0.98746219
1391100,0.17596726,,,0.1770603,,,
1391200,0.99821852,,,,,0.98750786,
1391300,0.2226711,0.23322306,,,,,
1391400,0.99827048,,,,,,0.98752079
1391500,0.99835669,,,,,,0.98753363
1391600,0.99845633,,,,,,0.98755155
1391700,0.9985292,,,,,,0.98756491
1391800,0.99862779,,,,,,0.98758237
1391900,0.99878919,,,,,,0.98760143
1392000,0.99893793,,,,,,0.98761919
1392100,0.99904088,,,,,0.98764656,
1392200,0.99916114,,,,,0.98766494,
1392300,0.99928573,,,,,0.98768419,
1392400,0.99935897,,,,,,0.98768888
1392500,0.99943333,,,,,,0.9877087
1392600,0.99945397,,,,,,0.98772167
1392700,0.99951181,,,,,0.98775349,
1392800,0.20973718,0.23320082,,,,,
1392900,0.999378,,,,,0.98778564,
1393000,0.99925938,,,,,,0.98779052
1393100,0.99930849,,,,,,0.98780426
1393200,0.99932613,,,,,0.98783619,
1393300,0.99939944,,,,,0.9878551,
1393400,0.17799865,,,0.17705843,,,
1393500,0.17522901,,,0.17706143,,,
1393600,0.99941913,,,,,,0.98788626
1393700,0.99946804,,,,,0.98791799,
1393800,0.99944306,,,,,0.9879313,
1393900,0.99951192,,,,,0.98794936,
1394000,0.99951401,,,,,0.98796854,
1394100,0.99952829,,,,,,0.98797081
1394200,0.99954144,,,,,,0.98798625
1394300,0.99960611,,,,,0.98801853,
1394400,0.99964011,,,,,0.98803656,
1394500,0.99967452,,,,,,0.98804112
1394600,0.22625818,0.23318878,,,,,
1394700,0.99972379,,,,,0.98808584,
1394800,0.99976247,,,,,,0.98809153
1394900,0.99979198,,,,,,0.98810954
1395000,0.99981501,,,,,0.98814127,
1395100,0.08345189,,0.11322072,,,,
1395200,0.9998468,,,,,,0.98815979
1395300,0.99985352,,,,,0.98819175,
1395400,0.99985622,,,,,,0.98819631
1395500,0.99981459,,,,,,0.98821048
1395600,0.99970342,,,,,,0.98822451
1395700,0.9996331,,,,,0.98825552,
1395800,0.99959035,,,,,0.98826893,
1395900,0.9995521,,,,,0.98828541,
1396000,0.21701119,0.23318377,,,,,
1396100,0.9995216,,,,,,0.98830288
1396200,0.9995162,,,,,0.98833257,
1396300,0.22404408,0.23318148,,,,,
1396400,0.99950811,,,,,,0.98834943
1396500,0.9994796,,,,,0.98837209,
1396600,0.9995191,,,,,0.98838645,
1396700,0.99951296,,,,,0.98839908,
1396800,0.99956548,,,,,0.98841684,
1396900,0.99960732,,,,,,0.98842064
1397000,0.99963914,,,,,,0.9884381
1397100,0.99966511,,,,,,0.98845248
1397200,0.99969752,,,,,0.98848114,
1397300,0.99972636,,,,,,0.98848466
1397400,0.99975021,,,,,0.9885143,
1397500,0.1735177,,,0.17705919,,,
1397600,0.99975021,,,,,,0.98853107
1397700,0.99976867,,,,,,0.98854772
1397800,0.99975699,,,,,,0.98856502
1397900,0.99958751,,,,,0.98858852,
1398000,0.99945393,,,,,0.9885994,
1398100,0.99936836,,,,,,0.98860361
1398200,0.99932304,,,,,,0.98861136
1398300,0.99926386,,,,,0.98863879,
1398400,0.99919022,,,,,0.98864992,
1398500,0.99914765,,,,,0.98866567,
1398600,0.99911095,,,,,,0.98866592
1398700,0.99914497,,,,,,0.98867999
1398800,0.99912018,,,,,,0.98869584
1398900,0.99914108,,,,,,0.98870827
1399000,0.99922963,,,,,0.98873578,
1399100,0.99930059,,,,,0.98875113,
1399200,0.99938285,,,,,0.98876717,
1399300,0.99940317,,,,,,0.98876697
1399400,0.99947678,,,,,0.98879493,
1399500,0.99948602,,,,,,0.98879887
1399600,0.99947099,,,,,0.98882361,
1399700,0.99939706,,,,,0.98883769,
1399800,0.99933527,,,,,,0.98883834
1399900,0.99932874,,,,,0.98886428,
1400000,0.99927391,,,,,,0.98886793
1400100,0.99930843,,,,,,0.98887833
1400200,0.99928176,,,,,,0.98889389
1400300,0.99927919,,,,,,0.98890911
1400400,0.99933631,,,,,,0.98892095
1400500,0.9993867,,,,,0.98894691,
1400600,0.99939037,,,,,,0.98895015
1400700,0.99944636,,,,,,0.98896568
1400800,0.99940084,,,,,,0.98897295
1400900,0.21093039,0.23312722,,,,,
1401000,0.081537971,,0.11317452,,,,
1401100,0.99954452,,,,,,0.98901314
1401200,0.99958928,,,,,,0.98902444
1401300,0.99963853,,,,,0.98905159,
1401400,0.99968292,,,,,0.98906719,
1401500,0.99967131,,,,,0.98908186,
1401600,0.9996815,,,,,,0.98908135
1401700,0.99972367,,,,,0.9891087,
1401800,0.99973911,,,,,,0.98911187
1401900,0.99976506,,,,,,0.98912713
1402000,0.99979284,,,,,,0.98914268
1402100,0.99981005,,,,,0.98916505,
1402200,0.99982633,,,,,,0.98916886
1402300,0.99983793,,,,,0.98919543,
1402400,0.99981371,,,,,,0.98919678
1402500,0.99981959,,,,,0.98922112,
1402600,0.99981387,,,,,0.98923645,
1402700,0.99983167,,,,,,0.98923985
1402800,0.99981842,,,,,0.98926163,
1402900,0.99980068,,,,,0.98927627,
1403000,0.99982336,,,,,0.98929115,
1403100,0.99981184,,,,,0.98930275,
1403200,0.9998264,,,,,,0.98930425
1403300,0.99984646,,,,,0.98932852,
1403400,0.99983402,,,,,,0.98933003
1403500,0.99984346,,,,,,0.9893433
1403600,0.99984488,,,,,0.98936714,
1403700,0.99983613,,,,,,0.98937035
1403800,0.99985181,,,,,,0.9893847
1403900,0.99983578,,,,,,0.98939522
1404000,0.99984737,,,,,0.9894212,
1404100,0.99985491,,,,,,0.98942434
1404200,0.99986658,,,,,,0.98943915
1404300,0.99987023,,,,,0.98946065,
1404400,0.99987948,,,,,0.98947539,
1404500,0.99989079,,,,,,0.98947848
1404600,0.99989283,,,,,0.98950391,
1404700,0.18663687,,,0.17706516,,,
1404800,0.99989349,,,,,0.98952831,
1404900,0.9998906,,,,,,0.98953162
1405000,0.99989446,,,,,,0.98954559
1405100,0.99990072,,,,,0.98956736,
1405200,0.99989232,,,,,0.98958184,
1405300,0.99985573,,,,,0.98959343,
1405400,0.9998035,,,,,0.98960661,
1405500,0.99978646,,,,,0.98961665,
1405600,0.99975564,,,,,0.98963053,
1405700,0.99973675,,,,,,0.98963292
1405800,0.99972174,,,,,0.98965422,
1405900,0.9997101,,,,,0.98966765,
1406000,0.99972104,,,,,,0.98967022
1406100,0.99970935,,,,,0.9896884,
1406200,0.99971478,,,,,0.98969874,
1406300,0.99970844,,,,,0.98971015,
1406400,0.99972559,,,,,,0.98970996
1406500,0.99975448,,,,,,0.98972244
1406600,0.99977447,,,,,0.98974729,
1406700,0.99979525,,,,,,0.98974984
1406800,0.99981481,,,,,0.98977437,
1406900,0.99982772,,,,,,0.98977314
1407000,0.99983117,,,,,0.98979788,
1407100,0.99984187,,,,,,0.98979935
1407200,0.99985026,,,,,,0.98981363
1407300,0.99986102,,,,,,0.98982331
1407400,0.99987471,,,,,0.98984791,
1407500,0.99988667,,,,,0.98986077,
1407600,0.99988795,,,,,0.98987415,
1407700,0.99989671,,,,,,0.98987425
1407800,0.99988967,,,,,0.98989816,
1407900,0.999882,,,,,,0.98990035
1408000,0.18732972,,,0.17706385,,,
1408100,0.99987934,,,,,,0.98992286
1408200,0.9998701,,,,,,0.98993604
1408300,0.22194944,0.2330576,,,,,
1408400,0.99987474,,,,,0.98996834,
1408500,0.99987484,,,,,0.98997854,
1408600,0.99986037,,,,,0.98999157,
1408700,0.99983835,,,,,0.99000015,
1408800,0.99984829,,,,,0.9900131,
1408900,0.99983887,,,,,,0.99001534
1409000,0.99984574,,,,,0.9900353,
1409100,0.99983394,,,,,0.99004841,
1409200,0.99984407,,,,,,0.99005058
1409300,0.99985189,,,,,0.99007248,
1409400,0.99986016,,,,,0.99008372,
1409500,0.99987511,,,,,0.99009674,
1409600,0.99988675,,,,,0.99010923,
1409700,0.99989724,,,,,,0.99011164
1409800,0.99989828,,,,,0.9901311,
1409900,0.99988141,,,,,0.99014378,
1410000,0.17205893,,,0.17706917,,,
1410100,0.99985831,,,,,0.9901657,
1410200,0.99984907,,,,,,0.99016723
1410300,0.17282928,,,0.17706892,,,
1410400,0.99985003,,,,,0.9901997,
1410500,0.99984055,,,,,,0.99020118
1410600,0.99983055,,,,,,0.99021185
1410700,0.9998275,,,,,0.99023317,
1410800,0.99982398,,,,,,0.99023532
1410900,0.99981766,,,,,0.99025533,
1411000,0.99981868,,,,,0.99026759,
1411100,0.99982407,,,,,0.9902803,
1411200,0.99981546,,,,,0.99029126,
1411300,0.99982788,,,,,,0.99029015
1411400,0.99984022,,,,,0.99031023,
1411500,0.99985245,,,,,,0.99030962
1411600,0.99986382,,,,,,0.99032056
1411700,0.99986574,,,,,0.99034058,
1411800,0.99987295,,,,,0.99035196,
1411900,0.99988521,,,,,0.9903638,
1412000,0.99988846,,,,,,0.9903656
1412100,0.17195922,,,0.17706697,,,
1412200,0.99989373,,,,,0.9903968,
1412300,0.99990496,,,,,0.99040904,
1412400,0.99991222,,,,,,0.99041057
1412500,0.99990515,,,,,,0.99041894
1412600,0.99989439,,,,,,0.99043112
1412700,0.99986651,,,,,,0.99044062
1412800,0.99984312,,,,,0.99046119,
1412900,0.083558046,,0.11310165,,,,
1413000,0.99978985,,,,,,0.99047076
1413100,0.9997816,,,,,0.99049277,
1413200,0.99978215,,,,,0.99050207,
1413300,0.99976587,,,,,,0.99049938
1413400,0.99976655,,,,,0.9905208,
1413500,0.99975717,,,,,0.99052979,
1413600,0.99978398,,,,,0.99054037,
1413700,0.99978271,,,,,,0.99054159
1413800,0.99978711,,,,,0.99056288,
1413900,0.99980366,,,,,,0.99056109
1414000,0.99981708,,,,,0.99058235,
1414100,0.99983491,,,,,0.99059402,
1414200,0.99984731,,,,,,0.99059524
1414300,0.99986198,,,,,,0.9906069
1414400,0.99987299,,,,,,0.99061513
1414500,0.9998865,,,,,,0.99062631
1414600,0.99989268,,,,,0.99064766,
1414700,0.9998988,,,,,,0.9906491
1414800,0.17148782,,,0.17706765,,,
1414900,0.99991554,,,,,0.99067922,
1415000,0.99992189,,,,,,0.99068064
1415100,0.99992306,,,,,,0.99069195
1415200,0.99991758,,,,,0.99071062,
1415300,0.99991616,,,,,,0.99071178
1415400,0.99990285,,,,,0.99073306,
1415500,0.99989063,,,,,,0.99073104
1415600,0.99989737,,,,,,0.9907422
1415700,0.99988963,,,,,,0.99075287
1415800,0.99989032,,,,,0.99077177,
1415900,0.999896,,,,,0.99078239,
1416000,0.99988776,,,,,0.9907932,
1416100,0.99989697,,,,,,0.99079423
1416200,0.99989145,,,,,,0.99080215
1416300,0.99988558,,,,,,0.99081312
1416400,0.99988622,,,,,,0.99082406
1416500,0.99988448,,,,,,0.99083193
1416600,0.99989264,,,,,0.99085057,
1416700,0.99989787,,,,,0.99086014,
1416800,0.99988613,,,,,0.99086774,
1416900,0.99988962,,,,,,0.99086629
1417000,0.99989422,,,,,,0.99087689
1417100,0.99990606,,,,,0.99089735,
1417200,0.99991164,,,,,,0.99089849
1417300,0.99991276,,,,,0.99091588,
1417400,0.99991928,,,,,0.99092705,
1417500,0.99992176,,,,,0.99093734,
1417600,0.99992679,,,,,0.99094826,
1417700,0.17484637,,,0.17706419,,,
1417800,0.99993657,,,,,0.99096662,
1417900,0.99994175,,,,,0.99097727,
1418000,0.99994652,,,,,,0.99097835
1418100,0.9999495,,,,,,0.99098897
1418200,0.17255217,,,0.17706364,,,
1418300,0.99994706,,,,,,0.99100719
1418400,0.22041089,0.2329777,,,,,
1418500,0.99986161,,,,,,0.99102526
1418600,0.99983466,,,,,0.99103994,
1418700,0.99978278,,,,,,0.99103894
1418800,0.99974867,,,,,,0.99104797
1418900,0.9997261,,,,,,0.99105736
1419000,0.99968614,,,,,0.99107533,
1419100,0.99966601,,,,,,0.9910762
1419200,0.9996679,,,,,,0.99108325
1419300,0.99966845,,,,,,0.99109309
1419400,0.99967631,,,,,0.9911129,
1419500,0.99969081,,,,,0.99111991,
1419600,0.99970713,,,,,,0.99112074
1419700,0.99973334,,,,,0.99113992,
1419800,0.99975025,,,,,,0.99114058
1419900,0.99977109,,,,,0.99115714,
1420000,0.99977445,,,,,0.99116714,
1420100,0.99975915,,,,,0.99117751,
1420200,0.99974827,,,,,0.99118447,
1420300,0.99976567,,,,,,0.9911851
1420400,0.99975287,,,,,0.99120429,
1420500,0.17390155,,,0.1770663,,,
1420600,0.99977543,,,,,0.99122147,
1420700,0.99976022,,,,,,0.99122188
1420800,0.99978163,,,,,,0.99123094
1420900,0.99977104,,,,,,0.99123901
1421000,0.99979451,,,,,0.99125785,
1421100,0.99982345,,,,,,0.99125865
1421200,0.99979783,,,,,0.99127451,
1421300,0.99981711,,,,,,0.99127333
1421400,0.99982913,,,,,,0.99128116
1421500,0.99981296,,,,,0.99129834,
1421600,0.99980578,,,,,,0.99129656
1421700,0.99982531,,,,,,0.99130628
1421800,0.99983602,,,,,,0.99131581
1421900,0.99985208,,,,,,0.99132572
1422000,0.99986107,,,,,0.99134184,
1422100,0.99986961,,,,,0.99135152,
1422200,0.9998823,,,,,,0.99135151
1422300,0.99988472,,,,,0.99137048,
1422400,0.99988331,,,,,0.99137704,
1422500,0.99987631,,,,,,0.99137758
1422600,0.99987357,,,,,,0.9913872
1422700,0.99988011,,,,,0.99140412,
1422800,0.9998712,,,,,,0.99140329
1422900,0.99984842,,,,,0.99142186,
1423000,0.9998286,,,,,,0.99142023
1423100,0.99981904,,,,,,0.99142968
1423200,0.99979567,,,,,,0.9914374
1423300,0.99980399,,,,,,0.99144416
1423400,0.99979553,,,,,,0.99145277
1423500,0.99977507,,,,,,0.99145932
1423600,0.99979329,,,,,,0.99146882
1423700,0.99977074,,,,,,0.9914781
1423800,0.99979508,,,,,0.99149614,
1423900,0.99980521,,,,,0.99150263,
1424000,0.99982103,,,,,0.9915119,
1424100,0.9998318,,,,,,0.99151224
1424200,0.99984576,,,,,0.99153042,
1424300,0.99984379,,,,,,0.99152817
1424400,0.99986349,,,,,,0.99153742
1424500,0.99987847,,,,,,0.99154685
1424600,0.99988895,,,,,,0.99155609
1424700,0.99989259,,,,,0.99157233,
1424800,0.99990502,,,,,,0.99157195
1424900,0.99990633,,,,,,0.99158116
1425000,0.99991483,,,,,,0.99159035
1425100,0.99991604,,,,,0.99160798,
1425200,0.99990582,,,,,0.99161474,
1425300,0.22121729,0.23292365,,,,,
1425400,0.99984993,,,,,,0.99162157
1425500,0.99983929,,,,,,0.99163078
1425600,0.99983434,,,,,,0.9916378
1425700,0.9998093,,,,,0.9916557,
1425800,0.99979442,,,,,0.99166283,
1425900,0.99978738,,,,,,0.99166209
1426000,0.9997986,,,,,0.99167953,
1426100,0.9997876,,,,,0.99168767,
1426200,0.2202999,0.23291682,,,,,
1426300,0.99978254,,,,,0.99169967,
1426400,0.99979538,,,,,,0.99169837
1426500,0.9997981,,,,,0.99171359,
1426600,0.99981998,,,,,,0.99171353
1426700,0.99983809,,,,,,0.9917227
1426800,0.99985249,,,,,,0.9917315
1426900,0.99986902,,,,,0.99174914,
1427000,0.99986873,,,,,0.99175529,
1427100,0.99987824,,,,,0.99176442,
1427200,0.99988881,,,,,,0.99176421
1427300,0.99989866,,,,,0.99178177,
1427400,0.99989018,,,,,0.99178755,
1427500,0.99989043,,,,,0.99179645,
1427600,0.21134021,0.23289962,,,,,
1427700,0.18830148,,,0.17706401,,,
1427800,0.99956985,,,,,0.99181547,
1427900,0.99949062,,,,,0.99182045,
1428000,0.18448498,,,0.17706612,,,
1428100,0.99931986,,,,,0.99183474,
1428200,0.99931056,,,,,,0.99183213
1428300,0.99922745,,,,,,0.99183973
1428400,0.21524757,0.23288995,,,,,
1428500,0.99928914,,,,,0.99186199,
1428600,0.99934204,,,,,,0.99186129
1428700,0.99938375,,,,,,0.99186928
1428800,0.99942393,,,,,0.99188354,
1428900,0.99949091,,,,,,0.99188313
1429000,0.99954053,,,,,0.99189953,
1429100,0.99958525,,,,,,0.99189936
1429200,0.99959725,,,,,,0.99190572
1429300,0.99964349,,,,,,0.99191373
1429400,0.99965577,,,,,,0.99192192
1429500,0.17817226,,,0.17706835,,,
1429600,0.99874433,,,,,,0.9919321
1429700,0.9984883,,,,,,0.99193871
1429800,0.99844601,,,,,,0.99194243
1429900,0.9984069,,,,,0.99195543,
1430000,0.17248247,,,0.17706691,,,
1430100,0.99846951,,,,,0.99196701,
1430200,0.99849529,,,,,0.99197411,
1430300,0.99850609,,,,,,0.99197057
1430400,0.99851343,,,,,,0.99197732
1430500,0.99855935,,,,,,0.99198322
1430600,0.99863199,,,,,,0.99198875
1430700,0.99880034,,,,,0.99200422,
1430800,0.99888083,,,,,,0.99200309
1430900,0.99883802,,,,,,0.99200809
1431000,0.21246305,0.2328536,,,,,
1431100,0.21057733,0.23285124,,,,,
1431200,0.99793427,,,,,0.99203086,
1431300,0.085466488,,0.11298262,,,,
1431400,0.99753456,,,,,0.99204081,
1431500,0.99744028,,,,,0.99204512,
1431600,0.99749545,,,,,0.9920508,
1431700,0.99745028,,,,,,0.99204754
1431800,0.99771948,,,,,,0.99205283
1431900,0.99779704,,,,,0.99206686,
1432000,0.21210595,0.23283922,,,,,
1432100,0.99805853,,,,,,0.99206895
1432200,0.99825731,,,,,,0.99207525
1432300,0.99845709,,,,,0.9920899,
1432400,0.99862199,,,,,,0.99208827
1432500,0.99869129,,,,,0.99210117,
1432600,0.99871651,,,,,,0.99209994
1432700,0.99833542,,,,,0.99211306,
1432800,0.21103792,0.23283214,,,,,
1432900,0.99811405,,,,,,0.99211558
1433000,0.22975428,0.23282928,,,,,
1433100,0.9980487,,,,,0.99213404,
1433200,0.99793296,,,,,,0.99213198
1433300,0.99804296,,,,,0.99214423,
1433400,0.22579745,0.23282377,,,,,
1433500,0.99810888,,,,,0.99215286,
1433600,0.17579007,,,0.17706335,,,
1433700,0.99830173,,,,,,0.99215556
1433800,0.99841996,,,,,0.99216976,
1433900,0.99857302,,,,,,0.99216827
1434000,0.99870892,,,,,0.99218131,
1434100,0.99888074,,,,,0.99218816,
1434200,0.99901084,,,,,,0.99218671
1434300,0.99905337,,,,,,0.9921939
1434400,0.99914133,,,,,,0.99219864
1434500,0.9991482,,,,,0.99221357,
1434600,0.9991751,,,,,0.99222058,
1434700,0.9992162,,,,,,0.99221765
1434800,0.99928133,,,,,,0.99222417
1434900,0.99922259,,,,,,0.99223155
1435000,0.99916059,,,,,0.99224401,
1435100,0.99908663,,,,,0.99225092,
1435200,0.99906292,,,,,0.99225684,
1435300,0.99908104,,,,,,0.99225313
1435400,0.99912524,,,,,0.99226795,
1435500,0.99916313,,,,,,0.99226706
1435600,0.99921983,,,,,0.99227986,
1435700,0.99918178,,,,,,0.99227886
1435800,0.99929085,,,,,0.99229373,
1435900,0.99927712,,,,,0.99229861,
1436000,0.99936891,,,,,,0.99229771
1436100,0.99938344,,,,,0.99231264,
1436200,0.21705961,0.23280606,,,,,
1436300,0.9994247,,,,,0.99232479,
1436400,0.99947163,,,,,0.99233215,
1436500,0.99951411,,,,,,0.99233096
1436600,0.99956767,,,,,,0.99233798
1436700,0.99960519,,,,,0.99235118,
1436800,0.99965123,,,,,0.9923584,
1436900,0.99968838,,,,,0.99236578,
1437000,0.99971564,,,,,,0.9923649
1437100,0.99969101,,,,,0.99237796,
1437200,0.99963779,,,,,,0.99237719
1437300,0.99958135,,,,,0.99239072,
1437400,0.99948061,,,,,0.99239791,
1437500,0.99947498,,,,,0.99240321,
1437600,0.99947696,,,,,,0.99240251
1437700,0.99946586,,,,,0.99241709,
1437800,0.99943762,,,,,,0.99241428
1437900,0.99947306,,,,,,0.99242119
1438000,0.99946086,,,,,,0.99242795
1438100,0.99942755,,,,,0.99244067,
1438200,0.99944913,,,,,,0.99243813
1438300,0.99949938,,,,,0.99245139,
1438400,0.99953508,,,,,,0.99244945
1438500,0.99954109,,,,,,0.99245443
1438600,0.99957137,,,,,,0.99246136
1438700,0.99962293,,,,,,0.99246832
1438800,0.99965646,,,,,,0.9924753
1438900,0.99967433,,,,,0.99248805,
1439000,0.99969691,,,,,,0.99248721
1439100,0.99974274,,,,,0.99250249,
1439200,0.99976598,,,,,0.99250939,
1439300,0.9997681,,,,,,0.99250734
1439400,0.99979969,,,,,0.99252122,
1439500,0.99980655,,,,,0.99252826,
1439600,0.99978682,,,,,,0.99252764
1439700,0.99979055,,,,,0.99254063,
1439800,0.99978951,,,,,0.99254707,
1439900,0.99979145,,,,,,0.99254642
1440000,0.99980419,,,,,,0.99255341
1440100,0.99979321,,,,,,0.99255801
1440200,0.99981388,,,,,0.99257273,
1440300,0.99980851,,,,,,0.99257179
1440400,0.99982004,,,,,0.99258524,
1440500,0.17966323,,,0.1770598,,,
1440600,0.99983354,,,,,,0.99258887
1440700,0.99981405,,,,,0.99260283,
1440800,0.99983449,,,,,0.99260849,
1440900,0.99982813,,,,,0.9926154,
1441000,0.99984585,,,,,,0.99261487
1441100,0.99982359,,,,,0.99262698,
1441200,0.9998352,,,,,0.99263399,
1441300,0.9998419,,,,,0.99264085,
1441400,0.99984946,,,,,,0.9926399
1441500,0.9998681,,,,,0.99265471,
1441600,0.99987624,,,,,,0.99265185
1441700,0.9998863,,,,,,0.99265871
1441800,0.99989097,,,,,0.99267294,
1441900,0.99990005,,,,,,0.99267228
1442000,0.99991037,,,,,,0.99267845
1442100,0.99991498,,,,,,0.99268447
1442200,0.99991847,,,,,,0.99269158
1442300,0.99992489,,,,,,0.99269826
1442400,0.99993231,,,,,0.99271255,
1442500,0.99993267,,,,,,0.99271053
1442600,0.9999243,,,,,0.99272479,
1442700,0.99991802,,,,,0.99273142,
1442800,0.99991705,,,,,,0.99272871
1442900,0.9999063,,,,,,0.99273546
1443000,0.99990207,,,,,0.99274961,
1443100,0.99989517,,,,,0.9927543,
1443200,0.99989976,,,,,0.99276113,
1443300,0.99988959,,,,,,0.9927604
1443400,0.17260508,,,0.17705662,,,
1443500,0.99990102,,,,,,0.99277174
1443600,0.99991123,,,,,0.99278592,
1443700,0.99991403,,,,,0.99279243,
1443800,0.99991752,,,,,,0.99279104
1443900,0.99992544,,,,,0.99280372,
1444000,0.99993053,,,,,0.99280982,
1444100,0.99993355,,,,,,0.99280789
1444200,0.99993852,,,,,,0.99281359
1444300,0.9999393,,,,,0.99282622,
1444400,0.083343988,,0.1129023,,,,
1444500,0.99994708,,,,,,0.99283037
1444600,0.99994927,,,,,0.99284428,
1444700,0.99995147,,,,,,0.99284342
1444800,0.99995466,,,,,0.99285611,
1444900,0.99995457,,,,,0.99286254,
1445000,0.99995341,,,,,0.99286921,
1445100,0.99995488,,,,,,0.9928682
1445200,0.99995703,,,,,,0.99287342
1445300,0.999957,,,,,0.9928867,
1445400,0.9999584,,,,,,0.99288593
1445500,0.99995586,,,,,0.99289969,
1445600,0.99995808,,,,,0.9929041,
1445700,0.9999565,,,,,,0.99290319
1445800,0.99995666,,,,,,0.99290979
1445900,0.99995937,,,,,0.99292335,
1446000,0.9999551,,,,,0.99292811,
1446100,0.99995414,,,,,0.99293441,
1446200,0.99995744,,,,,0.99294095,
1446300,0.21471348,0.23274474,,,,,
1446400,0.99995673,,,,,,0.9929445
1446500,0.99996041,,,,,,0.99294949
1446600,0.99995512,,,,,,0.99295562
1446700,0.99995844,,,,,,0.99296199
1446800,0.9999614,,,,,0.99297362,
1446900,0.99995529,,,,,,0.99297254
1447000,0.9999597,,,,,0.99298629,
1447100,0.99995445,,,,,,0.99298407
1447200,0.99995639,,,,,,0.99299026
1447300,0.99994921,,,,,,0.99299644
1447400,0.21309103,0.23273623,,,,,
1447500,0.99995363,,,,,0.99301489,
1447600,0.99995517,,,,,,0.99301403
1447700,0.99995868,,,,,,0.99302029
1447800,0.99996034,,,,,0.99303366,
1447900,0.99996229,,,,,0.99303803,
1448000,0.9999645,,,,,0.99304426,
1448100,0.99996707,,,,,,0.99304327
1448200,0.99996864,,,,,0.99305682,
1448300,0.99997041,,,,,0.99306278,
1448400,0.99997212,,,,,0.99306724,
1448500,0.99997201,,,,,0.9930738,
1448600,0.99997462,,,,,0.99307985,
1448700,0.99997619,,,,,0.9930859,
1448800,0.21125451,0.23272589,,,,,
1448900,0.99996769,,,,,,0.99308932
1449000,0.99995631,,,,,,0.9930941
1449100,0.99994281,,,,,,0.99310009
1449200,0.17290798,,,0.17705615,,,
1449300,0.99992189,,,,,,0.9931108
1449400,0.99991819,,,,,,0.99311698
1449500,0.99991026,,,,,0.99312798,
1449600,0.99990922,,,,,,0.99312471
1449700,0.99990047,,,,,0.99313713,
1449800,0.99990498,,,,,0.99314157,
1449900,0.99990187,,,,,0.99314745,
1450000,0.99990758,,,,,,0.99314646
1450100,0.99989818,,,,,,0.99315088
1450200,0.99990367,,,,,,0.99315661
1450300,0.99991391,,,,,0.99316978,
1450400,0.99992041,,,,,,0.99316866
1450500,0.99992444,,,,,0.99318156,
1450600,0.99993053,,,,,0.99318585,
1450700,0.9999273,,,,,0.99319167,
1450800,0.9999239,,,,,0.9931976,
1450900,0.9999229,,,,,0.99320162,
1451000,0.99989856,,,,,,0.99320059
1451100,0.99988187,,,,,,0.99320494
1451200,0.99985301,,,,,,0.99321078
1451300,0.19160201,,,0.17706574,,,
1451400,0.99983165,,,,,0.99322605,
1451500,0.99982673,,,,,,0.99322494
1451600,0.21364904,0.23269465,,,,,
1451700,0.99983366,,,,,0.99324141,
1451800,0.99983902,,,,,0.99324705,
1451900,0.99982274,,,,,,0.99324409
1452000,0.999839,,,,,0.99325669,
1452100,0.99983037,,,,,,0.99325534
1452200,0.99984883,,,,,,0.99326131
1452300,0.99985142,,,,,0.99327205,
1452400,0.9998659,,,,,0.99327789,
1452500,0.99987514,,,,,,0.99327656
1452600,0.99989076,,,,,0.99328935,
1452700,0.083872444,,0.11285694,,,,
1452800,0.9998958,,,,,,0.99329261
1452900,0.99990401,,,,,0.99330537,
1453000,0.99991023,,,,,0.99331119,
1453100,0.17375483,,,0.17706367,,,
1453200,0.99991853,,,,,0.993321,
1453300,0.99992197,,,,,,0.99331991
1453400,0.99992382,,,,,,0.99332548
1453500,0.99991882,,,,,0.99333681,
1453600,0.99992424,,,,,0.99334248,
1453700,0.99992179,,,,,0.99334814,
1453800,0.99992529,,,,,,0.99334692
1453900,0.99992424,,,,,0.99335785,
1454000,0.99992927,,,,,0.99336349,
1454100,0.99992893,,,,,0.993369,
1454200,0.22159443,0.23268268,,,,,
1454300,0.99992296,,,,,,0.99337171
1454400,0.99992868,,,,,0.99338404,
1454500,0.99991917,,,,,0.99338918,
1454600,0.084192073,,0.11284781,,,,
1454700,0.9999166,,,,,,0.99339016
1454800,0.999921,,,,,,0.99339484
1454900,0.99992756,,,,,,0.99340041
1455000,0.99991984,,,,,0.99341122,
1455100,0.99992669,,,,,,0.99340996
1455200,0.23492562,0.23267567,,,,,
1455300,0.99992408,,,,,0.99342615,
1455400,0.99993046,,,,,0.99343179,
1455500,0.99993625,,,,,0.9934373,
1455600,0.99993933,,,,,0.9934427,
1455700,0.99993699,,,,,,0.99344023
1455800,0.99993953,,,,,,0.99344573
1455900,0.99993085,,,,,0.99345776,
1456000,0.99992097,,,,,,0.99345517
1456100,0.99991485,,,,,,0.9934603
1456200,0.99990105,,,,,,0.99346487
1456300,0.99985677,,,,,,0.99346974
1456400,0.99983839,,,,,0.99347948,
1456500,0.99981867,,,,,0.99348429,
1456600,0.99980011,,,,,,0.99348194
1456700,0.99977845,,,,,0.99349299,
1456800,0.2123903,0.23266456,,,,,
1456900,0.99976081,,,,,,0.99349525
1457000,0.99975889,,,,,,0.99350051
1457100,0.99975792,,,,,,0.99350565
1457200,0.99975242,,,,,,0.99350995
1457300,0.99976653,,,,,,0.99351508
1457400,0.99979377,,,,,0.99352688,
1457500,0.99981188,,,,,0.99353181,
1457600,0.99983001,,,,,0.99353581,
1457700,0.99983005,,,,,0.99354106,
1457800,0.99984817,,,,,0.99354632,
1457900,0.99985987,,,,,0.99355157,
1458000,0.99986952,,,,,,0.99354872
1458100,0.99984667,,,,,0.9935606,
1458200,0.99982327,,,,,0.99356425,
1458300,0.99981481,,,,,0.99356945,
1458400,0.99980657,,,,,0.99357473,
1458500,0.99981659,,,,,0.99357856,
1458600,0.99980774,,,,,,0.99357702
1458700,0.21499511,0.23264834,,,,,
1458800,0.99981017,,,,,,0.99358599
1458900,0.99979403,,,,,,0.99359123
1459000,0.9998176,,,,,,0.99359637
1459100,0.99979987,,,,,0.99360622,
1459200,0.99981462,,,,,0.99361032,
1459300,0.99980765,,,,,,0.99360733
1459400,0.99980713,,,,,,0.99361194
1459500,0.99981712,,,,,,0.99361613
1459600,0.99982341,,,,,,0.99362143
1459700,0.99982167,,,,,,0.99362653
1459800,0.99982543,,,,,,0.9936301
1459900,0.99981878,,,,,,0.99363529
1460000,0.99982621,,,,,0.9936469,
1460100,0.99982972,,,,,,0.99364423
1460200,0.99979493,,,,,0.99365551,
1460300,0.99977845,,,,,,0.99365301
1460400,0.99978269,,,,,,0.99365772
1460500,0.99979566,,,,,,0.99366264
1460600,0.2133588,0.23262257,,,,,
1460700,0.17949321,,,0.17706777,,,
1460800,0.99942696,,,,,,0.99367286
1460900,0.99926261,,,,,,0.99367665
1461000,0.9991295,,,,,0.99368606,
1461100,0.99893028,,,,,0.99368919,
1461200,0.99876774,,,,,,0.99368696
1461300,0.99873152,,,,,,0.99369001
1461400,0.99882905,,,,,0.99370047,
1461500,0.99870135,,,,,0.99370353,
1461600,0.99860155,,,,,0.99370758,
1461700,0.99829509,,,,,0.99371028,
1461800,0.99822348,,,,,,0.99370662
1461900,0.99852031,,,,,,0.99371048
1462000,0.9987507,,,,,0.9937207,
1462100,0.99892582,,,,,,0.99371846
1462200,0.99908736,,,,,0.9937292,
1462300,0.99923265,,,,,,0.9937272
1462400,0.99937454,,,,,0.99373801,
1462500,0.9994958,,,,,0.9937427,
1462600,0.99958069,,,,,,0.99374098
1462700,0.99966326,,,,,,0.99374581
1462800,0.99970271,,,,,0.9937564,
1462900,0.99975171,,,,,0.99376034,
1463000,0.99979805,,,,,,0.99375889
1463100,0.99983124,,,,,,0.99376375
1463200,0.99984905,,,,,0.9937748,
1463300,0.99988,,,,,,0.99377351
1463400,0.9999026,,,,,0.99378458,
1463500,0.99992281,,,,,,0.99378322
1463600,0.99993868,,,,,,0.99378814
1463700,0.99995096,,,,,0.9937993,
1463800,0.99996105,,,,,0.99380412,
1463900,0.99996827,,,,,0.99380903,
1464000,0.99997431,,,,,,0.99380771
1464100,0.99997885,,,,,0.99381875,
1464200,0.99998285,,,,,0.99382356,
1464300,0.99998506,,,,,0.99382836,
1464400,0.17247284,,,0.17707155,,,
1464500,0.081827932,,0.11278577,,,,
1464600,0.9999895,,,,,0.99384146,
1464700,0.99999141,,,,,,0.99384023
1464800,0.99999317,,,,,0.9938512,
1464900,0.99999439,,,,,0.99385606,
1465000,0.9999953,,,,,0.99386092,
1465100,0.99999603,,,,,0.99386586,
1465200,0.99999664,,,,,,0.99386433
1465300,0.99999719,,,,,,0.99386927
1465400,0.99999786,,,,,0.99388056,
1465500,0.99999791,,,,,0.99388383,
1465600,0.20814224,0.23258689,,,,,
1465700,0.99999841,,,,,,0.99388576
1465800,0.9999987,,,,,0.99389643,
1465900,0.99999898,,,,,0.99390132,
1466000,0.99999914,,,,,0.99390515,
1466100,0.21019926,0.23257761,,,,,
1466200,0.99999943,,,,,0.99391394,
1466300,0.99999953,,,,,,0.9939122
1466400,0.99999956,,,,,0.99392309,
1466500,0.99999962,,,,,,0.99392125
1466600,0.99999969,,,,,,0.9939261
1466700,0.99999975,,,,,,0.99393094
1466800,0.9999998,,,,,0.99394177,
1466900,0.99999983,,,,,0.9939465,
1467000,0.99999986,,,,,,0.99394522
1467100,0.99999989,,,,,,0.99394975
1467200,0.99999991,,,,,,0.99395455
1467300,0.99999993,,,,,0.9939656,
1467400,0.99999994,,,,,0.9939701,
1467500,0.99999996,,,,,0.99397563,
1467600,0.99999996,,,,,,0.99397256
1467700,0.99999997,,,,,0.99398515,
1467800,0.99999997,,,,,,0.99398208
1467900,0.99999998,,,,,0.99399408,
1468000,0.99999999,,,,,0.99399808,
1468100,0.99999999,,,,,0.99400253,
1468200,0.99999999,,,,,0.99400679,
1468300,0.99999999,,,,,0.9940116,
1468400,0.99999999,,,,,0.99401631,
1468500,0.99999999,,,,,0.99401999,
1468600,1,,,,,,0.99401776
1468700,1,,,,,0.9940291,
1468800,1,,,,,,0.99402696
1468900,1,,,,,0.99403837,
1469000,1,,,,,0.99404276,
1469100,1,,,,,0.99404742,
1469200,1,,,,,0.99405198,
1469300,1,,,,,0.99405653,
1469400,1,,,,,,0.99405447
1469500,1,,,,,0.99406562,
1469600,1,,,,,0.99407015,
1469700,1,,,,,0.99407468,
1469800,0.17253731,,,0.17706996,,,
1469900,0.18350843,,,0.17707132,,,
1470000,0.21194958,0.23256088,,,,,
1470100,0.17864179,,,0.1770749,,,
1470200,0.21988688,0.23253917,,,,,
1470300,0.17765791,,,0.17707352,,,
1470400,0.17548521,,,0.1770792,,,
1470500,0.17181755,,,0.17707803,,,
1470600,0.21532668,0.23250612,,,,,
1470700,0.17201509,,,0.17707529,,,
1470800,0.20877898,0.23247884,,,,,
1470900,0.18169761,,,0.17707567,,,
1471000,0.082686355,,0.1126998,,,,
1471100,0.21145404,0.23245613,,,,,
1471200,0.2107412,0.2324407,,,,,
1471300,0.17710573,,,0.17708118,,,
1471400,0.17820786,,,0.17708709,,,
1471500,0.084225898,,0.11267018,,,,
1471600,0.17843262,,,0.17708569,,,
1471700,0.17500574,,,0.17708526,,,
1471800,0.081964443,,0.11264898,,,,
1471900,0.17474768,,,0.17708498,,,
1472000,0.21493659,0.23237256,,,,,
1472100,0.21142926,0.23236427,,,,,
1472200,0.17285941,,,0.17708525,,,
1472300,0.21071719,0.23233949,,,,,
1472400,0.17584274,,,0.17708767,,,
1472500,0.084188918,,0.11261078,,,,
1472600,0.17233371,,,0.17708352,,,
1472700,0.17173604,,,0.17708312,,,
1472800,0.2108585,0.2322961,,,,,
1472900,0.17380473,,,0.17708418,,,
1473000,0.21424363,0.23228053,,,,,
1473100,0.17839589,,,0.17708286,,,
1473200,0.21385015,0.23225736,,,,,
1473300,0.21195365,0.23224871,,,,,
1473400,0.17166681,,,0.17708828,,,
1473500,0.21239663,0.23223512,,,,,
1473600,0.17250321,,,0.177086,,,
1473700,0.17319586,,,0.17708503,,,
1473800,0.21690326,0.23220867,,,,,
1473900,0.17342999,,,0.17708414,,,
1474000,0.08713998,,0.11252904,,,,
1474100,0.17322608,,,0.17708424,,,
1474200,0.2125612,0.23218338,,,,,
1474300,0.08731863,,0.11251246,,,,
1474400,0.17323408,,,0.1770827,,,
1474500,0.2340528,0.23216556,,,,,
1474600,0.21465261,0.23215859,,,,,
1474700,0.17361808,,,0.1770797,,,
1474800,0.22066864,0.23213979,,,,,
1474900,0.088349869,,0.11248311,,,,
1475000,0.17983273,,,0.177082,,,
1475100,0.18272957,,,0.17708345,,,
1475200,0.22751119,0.23211209,,,,,
1475300,0.2168771,0.23210674,,,,,
1475400,0.21689002,0.23210054,,,,,
1475500,0.17309573,,,0.17708805,,,
1475600,0.091643551,,0.11245184,,,,
1475700,0.21887342,0.23208305,,,,,
1475800,0.22803008,0.23207633,,,,,
1475900,0.22811596,0.23207576,,,,,
1476000,0.17371075,,,0.17708814,,,
1476100,0.17397352,,,0.17708764,,,
1476200,0.094747316,,0.11242746,,,,
1476300,0.17325777,,,0.17708509,,,
1476400,0.22225006,0.23204569,,,,,
1476500,0.22226687,0.2320428,,,,,
1476600,0.096885785,,0.11241549,,,,
1476700,0.22298166,0.23203778,,,,,
1476800,0.17165178,,,0.17708515,,,
1476900,0.21934788,0.2320324,,,,,
1477000,0.17139342,,,0.17708989,,,
1477100,0.17292401,,,0.17708815,,,
1477200,0.2302275,0.23203384,,,,,
1477300,0.17385618,,,0.17708863,,,
1477400,0.17269738,,,0.17709407,,,
1477500,0.17630691,,,0.17709263,,,
1477600,0.25188987,0.23202649,,,,,
1477700,0.24287538,0.23202588,,,,,
1477800,0.17273577,,,0.17708875,,,
1477900,0.096924312,,0.11238406,,,,
1478000,0.17140029,,,0.17709096,,,
1478100,0.23620845,0.23202693,,,,,
1478200,0.22422708,0.23201936,,,,,
1478300,0.17593807,,,0.17708818,,,
1478400,0.096026179,,0.11236762,,,,
1478500,0.22059937,0.23200738,,,,,
1478600,0.093816148,,0.1123611,,,,
1478700,0.21689176,0.23199262,,,,,
1478800,0.17644161,,,0.17708766,,,
1478900,0.096119408,,0.11235013,,,,
1479000,0.1718558,,,0.17709263,,,
1479100,0.094950546,,0.11234376,,,,
1479200,0.23020827,0.23196575,,,,,
1479300,0.1855635,,,0.17708984,,,
1479400,0.18251262,,,0.17709105,,,
1479500,0.17144583,,,0.17709297,,,
1479600,0.22325708,0.23195545,,,,,
1479700,0.21858222,0.23194804,,,,,
1479800,0.094042145,,0.1123203,,,,
1479900,0.21623124,0.23193651,,,,,
1480000,0.21915276,0.23193032,,,,,
1480100,0.21700778,0.23192378,,,,,
1480200,0.21791064,0.23191518,,,,,
1480300,0.095147949,,0.11230255,,,,
1480400,0.18124918,,,0.17709433,,,
1480500,0.094129983,,0.11229781,,,,
1480600,0.21592927,0.23189478,,,,,
1480700,0.22177084,0.2318884,,,,,
1480800,0.17690378,,,0.17709283,,,
1480900,0.095521659,,0.11228362,,,,
1481000,0.1715128,,,0.17709685,,,
1481100,0.096602954,,0.11227704,,,,
1481200,0.22321828,0.2318652,,,,,
1481300,0.18569278,,,0.17709365,,,
1481400,0.18464834,,,0.17709517,,,
1481500,0.21928743,0.23185042,,,,,
1481600,0.22882616,0.23184652,,,,,
1481700,0.23473603,0.23184064,,,,,
1481800,0.1750918,,,0.17709499,,,
1481900,0.19306446,,,0.17709533,,,
1482000,0.24442663,0.23183715,,,,,
1482100,0.10082162,,0.1122503,,,,
1482200,0.10056995,,0.11224731,,,,
1482300,0.22373419,0.23183763,,,,,
1482400,0.17341461,,,0.17709645,,,
1482500,0.22441972,0.23183501,,,,,
1482600,0.2280903,0.2318317,,,,,
1482700,0.22242969,0.2318301,,,,,
1482800,0.10387558,,0.11223735,,,,
1482900,0.1725722,,,0.17710416,,,
1483000,0.10553589,,0.11223504,,,,
1483100,0.22696782,0.23182179,,,,,
1483200,0.22792981,0.23181878,,,,,
1483300,0.22409075,0.23181574,,,,,
1483400,0.17254055,,,0.17710063,,,
1483500,0.17161813,,,0.17709902,,,
1483600,0.17371569,,,0.17709692,,,
1483700,0.22798632,0.23180845,,,,,
1483800,0.22936345,0.23180654,,,,,
1483900,0.17348399,,,0.17709504,,,
1484000,0.22621772,0.23180449,,,,,
1484100,0.17352847,,,0.17709585,,,
1484200,0.10773916,,0.11222451,,,,
1484300,0.17145655,,,0.17709325,,,
1484400,0.1740944,,,0.17709286,,,
1484500,0.19491775,,,0.17709729,,,
1484600,0.17406642,,,0.1770962,,,
1484700,0.11047783,,0.11222151,,,,
1484800,0.22814024,0.23180791,,,,,
1484900,0.1744317,,,0.17710793,,,
1485000,0.10808372,,0.11221964,,,,
1485100,0.17620017,,,0.17710433,,,
1485200,0.10530648,,0.11221768,,,,
1485300,0.22380464,0.23181006,,,,,
1485400,0.17443661,,,0.17710521,,,
1485500,0.22371717,0.23180476,,,,,
1485600,0.17588148,,,0.17710512,,,
1485700,0.23626428,0.23181145,,,,,
1485800,0.17158621,,,0.17710292,,,
1485900,0.17137018,,,0.17710708,,,
1486000,0.17265361,,,0.17710523,,,
1486100,0.22546647,0.23180392,,,,,
1486200,0.2265591,0.23180021,,,,,
1486300,0.10962408,,0.11220749,,,,
1486400,0.17148283,,,0.17710416,,,
1486500,0.22890089,0.23179788,,,,,
1486600,0.23793404,0.23179747,,,,,
1486700,0.22542965,0.2318006,,,,,
1486800,0.1098558,,0.1122045,,,,
1486900,0.17234872,,,0.17710925,,,
1487000,0.2384756,0.23179709,,,,,
1487100,0.17251747,,,0.17710603,,,
1487200,0.11055877,,0.11220334,,,,
1487300,0.23631527,0.23179848,,,,,
1487400,0.17387214,,,0.17711358,,,
1487500,0.2290453,0.23180067,,,,,
1487600,0.17450215,,,0.17711098,,,
1487700,0.11013922,,0.11220386,,,,
1487800,0.2518082,0.23181334,,,,,
1487900,0.17194558,,,0.1771113,,,
1488000,0.23326192,0.23182262,,,,,
1488100,0.17619785,,,0.17711186,,,
1488200,0.23148474,0.23183154,,,,,
1488300,0.11803428,,0.11220936,,,,
1488400,0.17641601,,,0.17711083,,,
1488500,0.2328559,0.23183553,,,,,
1488600,0.23446078,0.23183777,,,,,
1488700,0.23203486,0.23184122,,,,,
1488800,0.23251376,0.23184295,,,,,
1488900,0.17288611,,,0.1771097,,,
1489000,0.23314834,0.23184752,,,,,
1489100,0.17208536,,,0.17710639,,,
1489200,0.11850079,,0.11222036,,,,
1489300,0.17377024,,,0.17710669,,,
1489400,0.18261483,,,0.17711082,,,
1489500,0.17300615,,,0.1771087,,,
1489600,0.1734992,,,0.17710722,,,
1489700,0.24185087,0.23186594,,,,,
1489800,0.17477287,,,0.1771061,,,
1489900,0.19074716,,,0.17711114,,,
1490000,0.24597965,0.2318888,,,,,
1490100,0.24668155,0.23189326,,,,,
1490200,0.24355976,0.23190286,,,,,
1490300,0.17422292,,,0.17710683,,,
1490400,0.17747073,,,0.1771102,,,
1490500,0.17938364,,,0.17710878,,,
1490600,0.24639435,0.23192191,,,,,
1490700,0.24334858,0.23193125,,,,,
1490800,0.17469643,,,0.17710549,,,
1490900,0.17186054,,,0.17710953,,,
1491000,0.17275644,,,0.17710865,,,
1491100,0.25642546,0.23197006,,,,,
1491200,0.24714527,0.23198306,,,,,
1491300,0.1249487,,0.11227249,,,,
1491400,0.17176106,,,0.17710738,,,
1491500,0.17733908,,,0.17710593,,,
1491600,0.17203901,,,0.17710437,,,
1491700,0.1234392,,0.11228105,,,,
1491800,0.23710078,0.23201337,,,,,
1491900,0.17445037,,,0.17710667,,,
1492000,0.25446891,0.2320215,,,,,
1492100,0.24883452,0.2320351,,,,,
1492200,0.23514931,0.23204147,,,,,
1492300,0.25548309,0.23204897,,,,,
1492400,0.17346999,,,0.17711016,,,
1492500,0.17904445,,,0.17710867,,,
1492600,0.17190096,,,0.17710749,,,
1492700,0.12026906,,0.11230133,,,,
1492800,0.23468638,0.23206384,,,,,
1492900,0.1734384,,,0.17710444,,,
1493000,0.18183959,,,0.17710665,,,
1493100,0.17648196,,,0.17710672,,,
1493200,0.23249439,0.23208562,,,,,
1493300,0.11745831,,0.11231003,,,,
1493400,0.18445809,,,0.17710603,,,
1493500,0.11761706,,0.11231165,,,,
1493600,0.18370223,,,0.1771139,,,
1493700,0.23731761,0.23212853,,,,,
1493800,0.11274458,,0.11231386,,,,
1493900,0.172393,,,0.17711942,,,
1494000,0.25679957,0.2321401,,,,,
1494100,0.26589832,0.23215344,,,,,
1494200,0.23443536,0.23216065,,,,,
1494300,0.17559853,,,0.17711572,,,
1494400,0.24166835,0.23216358,,,,,
1494500,0.25713662,0.23217109,,,,,
1494600,0.18173927,,,0.17712206,,,
1494700,0.23004085,0.23219431,,,,,
1494800,0.10777577,,0.11231282,,,,
1494900,0.17557734,,,0.17712666,,,
1495000,0.25296459,0.23220557,,,,,
1495100,0.17293223,,,0.17712615,,,
1495200,0.1068532,,0.11231065,,,,
1495300,0.17190692,,,0.17712443,,,
1495400,0.17201173,,,0.17712968,,,
1495500,0.23249082,0.23223465,,,,,
1495600,0.2267069,0.23223572,,,,,
1495700,0.22599414,0.2322345,,,,,
1495800,0.22449823,0.23223226,,,,,
1495900,0.17644761,,,0.1771253,,,
1496000,0.23011715,0.23222774,,,,,
1496100,0.23226054,0.23222824,,,,,
1496200,0.1043737,,0.11229923,,,,
1496300,0.10522012,,0.11229782,,,,
1496400,0.18144582,,,0.17712106,,,
1496500,0.22573345,0.23221868,,,,,
1496600,0.23199594,0.23221584,,,,,
1496700,0.10604708,,0.11229316,,,,
1496800,0.22182279,0.23221181,,,,,
1496900,0.18156762,,,0.17713007,,,
1497000,0.22208882,0.23220598,,,,,
1497100,0.24182379,0.23220552,,,,,
1497200,0.10364528,,0.11228686,,,,
1497300,0.17375994,,,0.17712928,,,
1497400,0.18910986,,,0.17713011,,,
1497500,0.23796813,0.23220134,,,,,
1497600,0.25052151,0.23220572,,,,,
1497700,0.23013946,0.23221298,,,,,
1497800,0.17686231,,,0.17713116,,,
1497900,0.22807741,0.23220865,,,,,
1498000,0.24321766,0.2322106,,,,,
1498100,0.10429538,,0.11227581,,,,
1498200,0.10426189,,0.11227392,,,,
1498300,0.17197432,,,0.17713045,,,
1498400,0.23624644,0.23221075,,,,,
1498500,0.1715976,,,0.17713288,,,
1498600,0.10418424,,0.11226856,,,,
1498700,0.10276188,,0.11226636,,,,
1498800,0.17715984,,,0.17713012,,,
1498900,0.22549144,0.23221049,,,,,
1499000,0.17326368,,,0.17713266,,,
1499100,0.10508147,,0.11226079,,,,
1499200,0.22271491,0.23220262,,,,,
1499300,0.17410205,,,0.17712959,,,
1499400,0.22737082,0.23219779,,,,,
1499500,0.17296813,,,0.17713185,,,
1499600,0.10604367,,0.11225308,,,,
1499700,0.22835234,0.2322001,,,,,
1499800,0.19478237,,,0.17713132,,,
1499900,0.22068994,0.2321952,,,,,
1500000,0.17390441,,,0.17713921,,,
1500100,0.17374173,,,0.17713742,,,
1500200,0.22462392,0.23218661,,,,,
1500300,0.17260795,,,0.17713497,,,
1500400,0.22964405,0.2321789,,,,,
1500500,0.2323142,0.23217865,,,,,
1500600,0.23607917,0.23217666,,,,,
1500700,0.10097777,,0.11223461,,,,
1500800,0.17903929,,,0.17713408,,,
1500900,0.1735891,,,0.17713618,,,
1501000,0.22268395,0.23216856,,,,,
1501100,0.17772962,,,0.17713628,,,
1501200,0.10304386,,0.11222699,,,,
1501300,0.1729512,,,0.17713573,,,
1501400,0.10587371,,0.11222448,,,,
1501500,0.23493342,0.23215853,,,,,
1501600,0.17194022,,,0.17713573,,,
1501700,0.23030013,0.23215605,,,,,
1501800,0.17158307,,,0.17713329,,,
1501900,0.22393801,0.23215349,,,,,
1502000,0.17420172,,,0.17713623,,,
1502100,0.17328384,,,0.17713583,,,
1502200,0.24776346,0.23214625,,,,,
1502300,0.17878702,,,0.17713466,,,
1502400,0.17737712,,,0.17713729,,,
1502500,0.1717251,,,0.17713592,,,
1502600,0.10797326,,0.11221368,,,,
1502700,0.22262696,0.23214653,,,,,
1502800,0.1059039,,0.11221108,,,,
1502900,0.17512406,,,0.17713715,,,
1503000,0.22631368,0.23214317,,,,,
1503100,0.23619312,0.23214157,,,,,
1503200,0.1070956,,0.11220895,,,,
1503300,0.17414993,,,0.17713246,,,
1503400,0.22381625,0.23214795,,,,,
1503500,0.23670511,0.23214599,,,,,
1503600,0.22266366,0.23214293,,,,,
1503700,0.10446817,,0.11220271,,,,
1503800,0.10402712,,0.11220093,,,,
1503900,0.22623573,0.23213103,,,,,
1504000,0.22821675,0.232132,,,,,
1504100,0.10676714,,0.11219792,,,,
1504200,0.22312441,0.23213068,,,,,
1504300,0.21978933,0.23212668,,,,,
1504400,0.10738749,,0.11219585,,,,
1504500,0.17721257,,,0.17713664,,,
1504600,0.17227236,,,0.17713487,,,
1504700,0.22476317,0.23213111,,,,,
1504800,0.1750688,,,0.17713487,,,
1504900,0.104717,,0.11219056,,,,
1505000,0.17249086,,,0.17713789,,,
1505100,0.10532628,,0.11218789,,,,
1505200,0.22259444,0.23212252,,,,,
1505300,0.17198233,,,0.17713581,,,
1505400,0.22978218,0.23211697,,,,,
1505500,0.22663003,0.23211674,,,,,
1505600,0.17741671,,,0.1771364,,,
1505700,0.17301696,,,0.17713566,,,
1505800,0.2183492,0.23210599,,,,,
1505900,0.17499791,,,0.1771377,,,
1506000,0.1054827,,0.11217356,,,,
1506100,0.17409173,,,0.17713775,,,
1506200,0.22070842,0.23210231,,,,,
1506300,0.17679182,,,0.17713541,,,
1506400,0.10383245,,0.11216642,,,,
1506500,0.1773066,,,0.17713722,,,
1506600,0.17230759,,,0.17713605,,,
1506700,0.17423744,,,0.17713539,,,
1506800,0.22428794,0.23209979,,,,,
1506900,0.23130541,0.23209829,,,,,
1507000,0.17775807,,,0.17713585,,,
1507100,0.17300793,,,0.17713507,,,
1507200,0.10171368,,0.11215436,,,,
1507300,0.17157931,,,0.17713332,,,
1507400,0.21961026,0.23208331,,,,,
1507500,0.17150793,,,0.17713297,,,
1507600,0.22539961,0.2320765,,,,,
1507700,0.10243687,,0.11214678,,,,
1507800,0.21917294,0.23206362,,,,,
1507900,0.17306585,,,0.17713662,,,
1508000,0.22013923,0.23205351,,,,,
1508100,0.10300315,,0.11214065,,,,
1508200,0.21893272,0.23204478,,,,,
1508300,0.10178468,,0.11213586,,,,
1508400,0.1838081,,,0.17713271,,,
1508500,0.22328034,0.2320289,,,,,
1508600,0.10170611,,0.11213147,,,,
1508700,0.10077366,,0.11212883,,,,
1508800,0.22571648,0.23200966,,,,,
1508900,0.17251619,,,0.17713496,,,
1509000,0.21586391,0.2319981,,,,,
1509100,0.22607886,0.23199169,,,,,
1509200,0.22056744,0.23198827,,,,,
1509300,0.22078403,0.23198032,,,,,
1509400,0.21701476,0.23197652,,,,,
1509500,0.22031553,0.23196956,,,,,
1509600,0.17190959,,,0.17713629,,,
1509700,0.21738401,0.23196575,,,,,
1509800,0.21676323,0.23195687,,,,,
1509900,0.17635877,,,0.1771372,,,
1510000,0.2383954,0.23195212,,,,,
1510100,0.22677458,0.23194921,,,,,
1510200,0.10082933,,0.11210211,,,,
1510300,0.21636413,0.23193647,,,,,
1510400,0.17172048,,,0.17714199,,,
1510500,0.21543443,0.23192456,,,,,
1510600,0.17754378,,,0.17713927,,,
1510700,0.10185396,,0.11209253,,,,
1510800,0.09987832,,0.11209016,,,,
1510900,0.18113965,,,0.17714089,,,
1511000,0.23195966,0.23189208,,,,,
1511100,0.10165554,,0.1120858,,,,
1511200,0.21514429,0.23187588,,,,,
1511300,0.21519323,0.2318669,,,,,
1511400,0.17840404,,,0.17714587,,,
1511500,0.10263309,,0.11207812,,,,
1511600,0.22493344,0.2318517,,,,,
1511700,0.21710718,0.23184756,,,,,
1511800,0.21635152,0.23183871,,,,,
1511900,0.18390854,,,0.17714082,,,
1512000,0.10167461,,0.11206565,,,,
1512100,0.1770389,,,0.17714155,,,
1512200,0.099556616,,0.1120602,,,,
1512300,0.21864775,0.23181265,,,,,
1512400,0.1741557,,,0.17714722,,,
1512500,0.17337773,,,0.17714499,,,
1512600,0.17702937,,,0.17714334,,,
1512700,0.10052798,,0.11204809,,,,
1512800,0.22189907,0.23179505,,,,,
1512900,0.17286639,,,0.17714712,,,
1513000,0.22624582,0.23179212,,,,,
1513100,0.17237707,,,0.17714376,,,
1513200,0.10084404,,0.1120363,,,,
1513300,0.17200768,,,0.17714166,,,
1513400,0.19504125,,,0.17715019,,,
1513500,0.17463619,,,0.17714911,,,
1513600,0.10392873,,0.11202745,,,,
1513700,0.22767512,0.23177832,,,,,
1513800,0.17599062,,,0.17714617,,,
1513900,0.17304684,,,0.17714652,,,
1514000,0.18255399,,,0.17714866,,,
1514100,0.24402526,0.2317668,,,,,
1514200,0.22160948,0.23176179,,,,,
1514300,0.22089731,0.23175934,,,,,
1514400,0.17137632,,,0.17715122,,,
1514500,0.17371852,,,0.17715055,,,
1514600,0.17222905,,,0.17714906,,,
1514700,0.1023745,,0.11200607,,,,
1514800,0.17536435,,,0.17714775,,,
1514900,0.17557921,,,0.17714924,,,
1515000,0.10489268,,0.11200088,,,,
1515100,0.10503041,,0.11199918,,,,
1515200,0.10321561,,0.11199725,,,,
1515300,0.22640133,0.23172914,,,,,
1515400,0.21286062,,,0.17714828,,,
1515500,0.2227522,0.23172416,,,,,
1515600,0.17980543,,,0.17715105,,,
1515700,0.22242712,0.23171681,,,,,
1515800,0.10326091,,0.11198621,,,,
1515900,0.20106317,,,0.17715373,,,
1516000,0.104384,,0.11198418,,,,
1516100,0.10627331,,0.11198265,,,,
1516200,0.23392452,0.23172559,,,,,
1516300,0.23641833,0.23173126,,,,,
1516400,0.17851907,,,0.1771469,,,
1516500,0.22635146,0.23172826,,,,,
1516600,0.22663487,0.23172592,,,,,
1516700,0.2355118,0.23172791,,,,,
1516800,0.22120992,0.23172213,,,,,
1516900,0.19425892,,,0.17714955,,,
1517000,0.10609047,,0.11196808,,,,
1517100,0.22453271,0.23171186,,,,,
1517200,0.10717271,,0.11196552,,,,
1517300,0.10512598,,0.11196318,,,,
1517400,0.20031322,,,0.17715548,,,
1517500,0.22128463,0.23169989,,,,,
1517600,0.17150399,,,0.17715445,,,
1517700,0.10429258,,0.11195789,,,,
1517800,0.2292149,0.2316915,,,,,
1517900,0.21740041,,,0.17715254,,,
1518000,0.2231507,0.23168627,,,,,
1518100,0.18507065,,,0.17715919,,,
1518200,0.2280407,0.23167856,,,,,
1518300,0.22006844,0.23167167,,,,,
1518400,0.19920459,,,0.17715933,,,
1518500,0.10518431,,0.11194647,,,,
1518600,0.22565866,0.23165889,,,,,
1518700,0.17760677,,,0.17716182,,,
1518800,0.22439103,0.23165461,,,,,
1518900,0.18881456,,,0.1771637,,,
1519000,0.21904757,0.23164684,,,,,
1519100,0.22022212,0.23164304,,,,,
1519200,0.1045461,,0.11193662,,,,
1519300,0.10607121,,0.11193469,,,,
1519400,0.20641478,,,0.17716277,,,
1519500,0.22688462,0.23162415,,,,,
1519600,0.22166864,0.23162398,,,,,
1519700,0.10532656,,0.11192967,,,,
1519800,0.25117132,0.2316251,,,,,
1519900,0.20691457,,,0.17716196,,,
1520000,0.10713742,,0.1119265,,,,
1520100,0.10597336,,0.11192539,,,,
1520200,0.10744953,,0.11192395,,,,
1520300,0.22573743,0.23161185,,,,,
1520400,0.18858764,,,0.17716421,,,
1520500,0.22128196,0.23160579,,,,,
1520600,0.22435725,0.23160232,,,,,
1520700,0.22870711,0.23159864,,,,,
1520800,0.10547731,,0.11191666,,,,
1520900,0.18233669,,,0.17716442,,,
1521000,0.10871414,,0.11191518,,,,
1521100,0.2236654,0.23158905,,,,,
1521200,0.22574843,0.23158489,,,,,
1521300,0.22852644,0.23158102,,,,,
1521400,0.22691187,,,0.17716126,,,
1521500,0.10847977,,0.11190819,,,,
1521600,0.17849959,,,0.17716297,,,
1521700,0.1089642,,0.11190693,,,,
1521800,0.22566566,0.23156847,,,,,
1521900,0.22289176,,,0.17716254,,,
1522000,0.22705473,0.23156465,,,,,
1522100,0.17340944,,,0.17716204,,,
1522200,0.10913068,,0.11190355,,,,
1522300,0.18348486,,,0.17715971,,,
1522400,0.18359171,,,0.1771625,,,
1522500,0.24576606,0.23156156,,,,,
1522600,0.23481768,0.23156985,,,,,
1522700,0.22429422,0.23157075,,,,,
1522800,0.22363956,0.2315674,,,,,
1522900,0.23864196,,,0.17716714,,,
1523000,0.23352928,0.23156387,,,,,
1523100,0.17296509,,,0.17717067,,,
1523200,0.10645798,,0.11189617,,,,
1523300,0.17798719,,,0.1771681,,,
1523400,0.18457086,,,0.17716974,,,
1523500,0.23858692,0.2315493,,,,,
1523600,0.2345605,0.23155225,,,,,
1523700,0.10616223,,0.11188999,,,,
1523800,0.10794145,,0.11188865,,,,
1523900,0.19779842,,,0.1771746,,,
1524000,0.23009984,0.2315467,,,,,
1524100,0.22926872,0.23154415,,,,,
1524200,0.22301205,0.23154046,,,,,
1524300,0.17226082,,,0.17716984,,,
1524400,0.17257597,,,0.17717068,,,
1524500,0.22093109,0.23153255,,,,,
1524600,0.17248913,,,0.17717566,,,
1524700,0.22283949,0.23152639,,,,,
1524800,0.17196966,,,0.17717368,,,
1524900,0.17429001,,,0.17717437,,,
1525000,0.10417517,,0.11187317,,,,
1525100,0.21732426,0.23151237,,,,,
1525200,0.21804433,0.23150429,,,,,
1525300,0.23533657,0.23150117,,,,,
1525400,0.18615451,,,0.17717195,,,
1525500,0.10034801,,0.11185982,,,,
1525600,0.22907366,0.23148903,,,,,
1525700,0.22278266,0.23148944,,,,,
1525800,0.17577984,,,0.1771723,,,
1525900,0.18673051,,,0.17717706,,,
1526000,0.099112687,,0.1118458,,,,
1526100,0.22151048,0.23146469,,,,,
1526200,0.21187726,0.23145859,,,,,
1526300,0.17197692,,,0.17717404,,,
1526400,0.1737719,,,0.17717459,,,
1526500,0.17933718,,,0.17717562,,,
1526600,0.17254961,,,0.17717614,,,
1526700,0.21638289,0.23142964,,,,,
1526800,0.17320904,,,0.17717454,,,
1526900,0.17615192,,,0.1771757,,,
1527000,0.11057624,,0.11181747,,,,
1527100,0.2152059,0.23141213,,,,,
1527200,0.097190549,,0.11180985,,,,
1527300,0.1810028,,,0.17717573,,,
1527400,0.17712829,,,0.17717903,,,
1527500,0.22585841,0.23138521,,,,,
1527600,0.21683398,0.23137753,,,,,
1527700,0.21470058,0.23137112,,,,,
1527800,0.093890826,,0.11178835,,,,
1527900,0.17961463,,,0.17717859,,,
1528000,0.18148412,,,0.17718168,,,
1528100,0.2264438,0.23134281,,,,,
1528200,0.094188421,,0.11177472,,,,
1528300,0.10339292,,0.11177115,,,,
1528400,0.17687387,,,0.17718349,,,
1528500,0.21432736,0.23132069,,,,,
1528600,0.085056701,,0.11176142,,,,
1528700,0.082378921,,0.1117544,,,,
1528800,0.083746335,,0.11174567,,,,
1528900,0.18861409,,,0.17718107,,,
1529000,0.083053591,,0.11173628,,,,
1529100,0.20926418,0.23127324,,,,,
1529200,0.20889272,0.23126326,,,,,
1529300,0.21278073,0.23125115,,,,,
1529400,0.18888108,,,0.17718483,,,
1529500,0.17327859,,,0.17718323,,,
1529600,0.22867355,0.23123069,,,,,
1529700,0.20938946,0.23122039,,,,,
1529800,0.1745641,,,0.1771786,,,
1529900,0.17603287,,,0.17718039,,,
1530000,0.081887934,,0.11167191,,,,
1530100,0.081950352,,0.1116659,,,,
1530200,0.2079709,0.23117273,,,,,
1530300,0.17585953,,,0.17717414,,,
1530400,0.17647436,,,0.1771741,,,
1530500,0.081634253,,0.1116382,,,,
1530600,0.08187113,,0.1116318,,,,
1530700,0.21007192,0.23112714,,,,,
1530800,0.080864487,,0.11161516,,,,
1530900,0.18224116,,,0.17717629,,,
1531000,0.21007667,0.2310984,,,,,
1531100,0.22260294,0.23109207,,,,,
1531200,0.20778287,0.23108266,,,,,
1531300,0.20869814,0.23106939,,,,,
1531400,0.20253118,,,0.17718121,,,
1531500,0.082893085,,0.11157274,,,,
1531600,0.21048212,0.23104426,,,,,
1531700,0.20861456,0.23103276,,,,,
1531800,0.20878207,0.23102085,,,,,
1531900,0.19695592,,,0.17717747,,,
1532000,0.21395411,0.23100658,,,,,
1532100,0.17989369,,,0.17717957,,,
1532200,0.083616445,,0.11152641,,,,
1532300,0.20988488,0.2309722,,,,,
1532400,0.20878425,,,0.17718144,,,
1532500,0.22587714,0.23096121,,,,,
1532600,0.082649368,,0.11150193,,,,
1532700,0.082374141,,0.11149416,,,,
1532800,0.20881266,0.23093423,,,,,
1532900,0.22161567,,,0.17717658,,,
1533000,0.21866658,0.23092023,,,,,
1533100,0.17347434,,,0.17717961,,,
1533200,0.082577623,,0.11146237,,,,
1533300,0.08301114,,0.11145374,,,,
1533400,0.19352381,,,0.17718295,,,
1533500,0.22387594,0.2308761,,,,,
1533600,0.21093168,0.23086826,,,,,
1533700,0.20911274,0.23085723,,,,,
1533800,0.22959213,0.23084955,,,,,
1533900,0.21070154,,,0.17717746,,,
1534000,0.21189637,0.2308383,,,,,
1534100,0.21898732,0.23083308,,,,,
1534200,0.21614118,0.23082775,,,,,
1534300,0.21541725,0.23081874,,,,,
1534400,0.081806787,,0.11138886,,,,
1534500,0.21257017,0.23080497,,,,,
1534600,0.21110821,0.23079727,,,,,
1534700,0.085670647,,0.11137255,,,,
1534800,0.20900247,0.23077691,,,,,
1534900,0.21108941,0.23076748,,,,,
1535000,0.20932697,0.23076253,,,,,
1535100,0.082980598,,0.11134836,,,,
1535200,0.210789,0.23074406,,,,,
1535300,0.081166517,,0.11133346,,,,
1535400,0.082167196,,0.11132682,,,,
1535500,0.17512807,,,0.17716804,,,
1535600,0.17233717,,,0.1771666,,,
1535700,0.082172496,,0.11130986,,,,
1535800,0.17413276,,,0.17716429,,,
1535900,0.20893123,0.23068472,,,,,
1536000,0.081740908,,0.11129,,,,
1536100,0.083797142,,0.111285,,,,
1536200,0.17288452,,,0.17716999,,,
1536300,0.22361143,0.23065628,,,,,
1536400,0.22080554,0.23065154,,,,,
1536500,0.2183858,0.23064796,,,,,
1536600,0.20886298,0.23064018,,,,,
1536700,0.083008645,,0.11125008,,,,
1536800,0.21188505,0.23062022,,,,,
1536900,0.21039504,0.23061139,,,,,
1537000,0.21508291,0.23060577,,,,,
1537100,0.2119604,0.23060041,,,,,
1537200,0.17499266,,,0.17717529,,,
1537300,0.17483466,,,0.17717469,,,
1537400,0.20906835,0.23057276,,,,,
1537500,0.083345734,,0.11120304,,,,
1537600,0.21436376,0.23055814,,,,,
1537700,0.17415316,,,0.17717623,,,
1537800,0.08275111,,0.11118203,,,,
1537900,0.17417508,,,0.17717364,,,
1538000,0.21129241,0.23052765,,,,,
1538100,0.18061415,,,0.17717574,,,
1538200,0.22429737,0.23051282,,,,,
1538300,0.22130281,0.23050299,,,,,
1538400,0.17715044,,,0.17717331,,,
1538500,0.21189933,0.23049064,,,,,
1538600,0.1746565,,,0.17717646,,,
1538700,0.23188957,0.23047886,,,,,
1538800,0.17162622,,,0.17717391,,,
1538900,0.17177763,,,0.17717258,,,
1539000,0.2265531,0.23047067,,,,,
1539100,0.21491693,0.23046367,,,,,
1539200,0.23022199,0.23046028,,,,,
1539300,0.17192271,,,0.17717666,,,
1539400,0.17408566,,,0.17717493,,,
1539500,0.087510448,,0.11109017,,,,
1539600,0.17226023,,,0.1771767,,,
1539700,0.17260194,,,0.17717495,,,
1539800,0.2184747,0.23043691,,,,,
1539900,0.21172439,0.23042911,,,,,
1540000,0.21585064,0.23042294,,,,,
1540100,0.23497138,0.23042041,,,,,
1540200,0.17166675,,,0.17717046,,,
1540300,0.095474675,,0.11106049,,,,
1540400,0.18077529,,,0.17717044,,,
1540500,0.21486818,0.2304027,,,,,
1540600,0.21502383,0.23039731,,,,,
1540700,0.086804821,,0.11104417,,,,
1540800,0.21017013,0.23038068,,,,,
1540900,0.17771658,,,0.17717214,,,
1541000,0.17419713,,,0.1771729,,,
1541100,0.1716056,,,0.17717091,,,
1541200,0.091577171,,0.11101999,,,,
1541300,0.21057632,0.23034297,,,,,
1541400,0.1725912,,,0.17716656,,,
1541500,0.21992181,0.23033153,,,,,
1541600,0.17466407,,,0.1771674,,,
1541700,0.17165068,,,0.1771662,,,
1541800,0.21354653,0.23032097,,,,,
1541900,0.17187423,,,0.17716359,,,
1542000,0.18648648,,,0.17716542,,,
1542100,0.1725589,,,0.17716665,,,
1542200,0.091114907,,0.11097691,,,,
1542300,0.2447661,0.23029485,,,,,
1542400,0.17426169,,,0.17716341,,,
1542500,0.18562412,,,0.17716693,,,
1542600,0.17336081,,,0.17716795,,,
1542700,0.22440508,0.23027965,,,,,
1542800,0.17578351,,,0.1771676,,,
1542900,0.094061507,,0.11096337,,,,
1543000,0.22120328,0.23026106,,,,,
1543100,0.21244098,0.23025388,,,,,
1543200,0.21339375,0.23024875,,,,,
1543300,0.17205184,,,0.17716717,,,
1543400,0.17976873,,,0.17716683,,,
1543500,0.17256343,,,0.17717234,,,
1543600,0.10011525,,0.11094493,,,,
1543700,0.21645262,0.23022472,,,,,
1543800,0.22160834,0.23021899,,,,,
1543900,0.17968594,,,0.17716988,,,
1544000,0.22377102,0.23020976,,,,,
1544100,0.21848335,0.2302073,,,,,
1544200,0.2192639,0.23020382,,,,,
1544300,0.21420065,0.23019637,,,,,
1544400,0.17351248,,,0.1771725,,,
1544500,0.2181979,0.23018632,,,,,
1544600,0.1727797,,,0.17717554,,,
1544700,0.1726693,,,0.17717417,,,
1544800,0.10227276,,0.11091756,,,,
1544900,0.22154953,0.23016785,,,,,
1545000,0.23276239,0.23016673,,,,,
1545100,0.23252662,0.23016908,,,,,
1545200,0.1731952,,,0.17717319,,,
1545300,0.2368399,0.2301685,,,,,
1545400,0.17252342,,,0.17717157,,,
1545500,0.10643692,,0.11092104,,,,
1545600,0.18244059,,,0.17717492,,,
1545700,0.10962665,,0.11092083,,,,
1545800,0.21955166,0.23016404,,,,,
1545900,0.17399656,,,0.1771726,,,
1546000,0.21978958,0.23015785,,,,,
1546100,0.17264331,,,0.17717646,,,
1546200,0.24311645,0.23015642,,,,,
1546300,0.23721391,0.23015819,,,,,
1546400,0.17529074,,,0.17717656,,,
1546500,0.2304677,0.23015624,,,,,
1546600,0.1721376,,,0.17717975,,,
1546700,0.13213518,,0.11092555,,,,
1546800,0.23187422,0.2301642,,,,,
1546900,0.17999469,,,0.17717871,,,
1547000,0.1851562,,,0.17718145,,,
1547100,0.17726101,,,0.17718154,,,
1547200,0.11393199,,0.11093365,,,,
1547300,0.17347459,,,0.17717978,,,
1547400,0.11873936,,0.11093981,,,,
1547500,0.22257455,0.23016677,,,,,
1547600,0.11872051,,0.1109422,,,,
1547700,0.22424741,0.23016374,,,,,
1547800,0.22448276,0.23016246,,,,,
1547900,0.17173207,,,0.17717786,,,
1548000,0.23612572,0.23016135,,,,,
1548100,0.17260304,,,0.17718321,,,
1548200,0.1229099,,0.11095564,,,,
1548300,0.22679085,0.23017559,,,,,
1548400,0.17200713,,,0.17718176,,,
1548500,0.12327467,,0.11096151,,,,
1548600,0.18158295,,,0.17718709,,,
1548700,0.12406849,,0.1109671,,,,
1548800,0.23264197,0.23018919,,,,,
1548900,0.22865499,0.23018841,,,,,
1549000,0.24305795,0.2301902,,,,,
1549100,0.17355215,,,0.17718675,,,
1549200,0.13601688,,0.11098192,,,,
1549300,0.23833177,0.23020521,,,,,
1549400,0.18316012,,,0.17718623,,,
1549500,0.18322458,,,0.17718931,,,
1549600,0.24737226,0.23021223,,,,,
1549700,0.12706496,,0.11100277,,,,
1549800,0.23111432,0.23021629,,,,,
1549900,0.17369527,,,0.17718863,,,
1550000,0.23783254,0.23021729,,,,,
1550100,0.17185849,,,0.17719115,,,
1550200,0.24890026,0.23023561,,,,,
1550300,0.23482564,0.23023935,,,,,
1550400,0.17461879,,,0.17718765,,,
1550500,0.24659442,0.23024431,,,,,
1550600,0.26695426,0.23025717,,,,,
1550700,0.25240137,0.23027041,,,,,
1550800,0.23757156,0.23027595,,,,,
1550900,0.17202025,,,0.17718748,,,
1551000,0.25445447,0.23028592,,,,,
1551100,0.13265611,,0.11106052,,,,
1551200,0.26700924,0.23031608,,,,,
1551300,0.2435251,0.23032587,,,,,
1551400,0.17147533,,,0.1771879,,,
1551500,0.26321132,0.23034239,,,,,
1551600,0.17272205,,,0.17719164,,,
1551700,0.13124908,,0.11108621,,,,
1551800,0.24775041,0.23036594,,,,,
1551900,0.2361531,0.23037104,,,,,
1552000,0.17471689,,,0.17719103,,,
1552100,0.1723383,,,0.17719003,,,
1552200,0.2568441,0.23038899,,,,,
1552300,0.24247453,0.23039549,,,,,
1552400,0.24587675,0.23040097,,,,,
1552500,0.17438098,,,0.17718717,,,
1552600,0.23964775,0.23041296,,,,,
1552700,0.13368015,,0.11113387,,,,
1552800,0.1335769,,0.11114133,,,,
1552900,0.13481933,,0.11114573,,,,
1553000,0.18101392,,,0.17718574,,,
1553100,0.24174955,0.23043761,,,,,
1553200,0.17841091,,,0.17718691,,,
1553300,0.24083882,0.23045679,,,,,
1553400,0.13910606,,0.111177,,,,
1553500,0.17413433,,,0.17718821,,,
1553600,0.26142667,0.23047262,,,,,
1553700,0.14568683,,0.11119348,,,,
1553800,0.24960529,0.23049477,,,,,
1553900,0.17255471,,,0.17718507,,,
1554000,0.18914703,,,0.17718655,,,
1554100,0.15610862,,0.11121971,,,,
1554200,0.24441868,0.23052443,,,,,
1554300,0.17548032,,,0.17718835,,,
1554400,0.15191987,,0.11124843,,,,
1554500,0.17136244,,,0.1771918,,,
1554600,0.24759573,0.23057639,,,,,
1554700,0.26885043,0.23059106,,,,,
1554800,0.17436055,,,0.17718821,,,
1554900,0.25228479,0.23062154,,,,,
1555000,0.17896583,,,0.17718912,,,
1555100,0.15258534,,0.11130362,,,,
1555200,0.17374415,,,0.17718987,,,
1555300,0.25745552,0.23067524,,,,,
1555400,0.27944827,0.2306983,,,,,
1555500,0.17405521,,,0.1771913,,,
1555600,0.25985005,0.23072818,,,,,
1555700,0.17671521,,,0.177188,,,
1555800,0.17529284,,,0.17718727,,,
1555900,0.26066282,0.23079762,,,,,
1556000,0.17719229,,,0.17718989,,,
1556100,0.28084685,0.2308339,,,,,
1556200,0.27781571,0.23085749,,,,,
1556300,0.17420257,,,0.17718954,,,
1556400,0.26144174,0.23089988,,,,,
1556500,0.17494277,,,0.1771891,,,
1556600,0.26833885,0.23093545,,,,,
1556700,0.26943985,0.23095137,,,,,
1556800,0.25624689,0.23098182,,,,,
1556900,0.25991934,0.23100108,,,,,
1557000,0.17339262,,,0.17718721,,,
1557100,0.27648838,0.231043,,,,,
1557200,0.28653753,0.23106889,,,,,
1557300,0.17174493,,,0.17718617,,,
1557400,0.17413531,,,0.17718445,,,
1557500,0.19078422,,,0.17718616,,,
1557600,0.27598506,0.23115124,,,,,
1557700,0.28280459,0.23117064,,,,,
1557800,0.17444042,,,0.17718966,,,
1557900,0.29236196,0.2312111,,,,,
1558000,0.18440428,,,0.17719025,,,
1558100,0.27053989,0.23124889,,,,,
1558200,0.26101867,0.23127096,,,,,
1558300,0.16896098,,0.11166595,,,,
1558400,0.26868654,0.2313266,,,,,
1558500,0.1717338,,,0.17719234,,,
1558600,0.25413675,0.2313503,,,,,
1558700,0.25694709,0.23136425,,,,,
1558800,0.1616214,,0.11171704,,,,
1558900,0.26888855,0.23141023,,,,,
1559000,0.1816248,,,0.17719051,,,
1559100,0.26158688,0.23143584,,,,,
1559200,0.17302567,,0.11175519,,,,
1559300,0.18108167,,0.1117746,,,,
1559400,0.25768162,0.23150143,,,,,
1559500,0.17171299,,,0.1771946,,,
1559600,0.26230437,0.23152183,,,,,
1559700,0.1738095,,,0.17719114,,,
1559800,0.25456881,0.23155342,,,,,
1559900,0.25395152,0.23156452,,,,,
1560000,0.17184886,,,0.17719293,,,
1560100,0.161035,,0.11185357,,,,
1560200,0.26285356,0.23160049,,,,,
1560300,0.26718492,0.23161636,,,,,
1560400,0.18241761,,,0.17718866,,,
1560500,0.17687868,,,0.17718993,,,
1560600,0.26020219,0.23165569,,,,,
1560700,0.25809635,0.23167032,,,,,
1560800,0.17483747,,,0.17718805,,,
1560900,0.25736927,0.23171074,,,,,
1561000,0.17945258,,,0.17718835,,,
1561100,0.25717852,0.23173092,,,,,
1561200,0.26050069,0.23174715,,,,,
1561300,0.1813796,,,0.17719524,,,
1561400,0.25823173,0.23177751,,,,,
1561500,0.17349442,,,0.17719963,,,
1561600,0.28167408,0.23180889,,,,,
1561700,0.28036643,0.2318346,,,,,
1561800,0.17427714,,,0.17719868,,,
1561900,0.16210587,,0.11204895,,,,
1562000,0.1752314,,,0.17719864,,,
1562100,0.25627756,0.23189789,,,,,
1562200,0.27550374,0.23191457,,,,,
1562300,0.17280997,,,0.17719959,,,
1562400,0.27592911,0.23195699,,,,,
1562500,0.17215157,,,0.17720191,,,
1562600,0.25567736,0.23198241,,,,,
1562700,0.17739398,,,0.17719953,,,
1562800,0.17234723,,,0.17719887,,,
1562900,0.25907008,0.23202832,,,,,
1563000,0.17152538,,,0.17720237,,,
1563100,0.28657063,0.23206145,,,,,
1563200,0.27705191,0.232083,,,,,
1563300,0.17377923,,,0.17720083,,,
1563400,0.25588655,0.23211575,,,,,
1563500,0.16620483,,0.11222082,,,,
1563600,0.17348263,,0.11223015,,,,
1563700,0.28059136,0.23216518,,,,,
1563800,0.17248331,,,0.17720167,,,
1563900,0.27342053,0.23221606,,,,,
1564000,0.17531901,,,0.17720284,,,
1564100,0.27643123,0.23224577,,,,,
1564200,0.28364563,0.23226987,,,,,
1564300,0.16232298,,0.1123235,,,,
1564400,0.16620812,,0.11233463,,,,
1564500,0.17243878,,,0.17720468,,,
1564600,0.26700531,0.23233149,,,,,
1564700,0.25444268,0.23234443,,,,,
1564800,0.17314067,,,0.17720429,,,
1564900,0.17680429,,,0.17720301,,,
1565000,0.27328439,0.23239768,,,,,
1565100,0.29087948,0.23242858,,,,,
1565200,0.18136943,,0.1124318,,,,
1565300,0.17256603,,,0.17720363,,,
1565400,0.18133834,,,0.17720269,,,
1565500,0.17223749,,,0.17720748,,,
1565600,0.28384539,0.23256874,,,,,
1565700,0.1726827,,,0.17720463,,,
1565800,0.17636413,,,0.17720428,,,
1565900,0.26989042,0.2326585,,,,,
1566000,0.27251245,0.23267188,,,,,
1566100,0.26454981,0.23268771,,,,,
1566200,0.17406678,,,0.17720683,,,
1566300,0.26128287,0.23273178,,,,,
1566400,0.26493612,0.23274701,,,,,
1566500,0.17231319,,,0.17721257,,,
1566600,0.28930462,0.23278437,,,,,
1566700,0.1737785,,,0.17721158,,,
1566800,0.27533991,0.23282668,,,,,
1566900,0.26683818,0.23284474,,,,,
1567000,0.27054236,0.2328604,,,,,
1567100,0.28291654,0.23288031,,,,,
1567200,0.27271344,0.23290207,,,,,
1567300,0.2905842,0.23292854,,,,,
1567400,0.17180903,,,0.17721373,,,
1567500,0.26855314,0.232965,,,,,
1567600,0.17994022,,,0.17721721,,,
1567700,0.17573642,,,0.17721742,,,
1567800,0.29420527,0.2330402,,,,,
1567900,0.28915586,0.23306427,,,,,
1568000,0.17137407,,,0.17722034,,,
1568100,0.19939503,,0.11283101,,,,
1568200,0.17267456,,,0.17721902,,,
1568300,0.1954039,,0.1128742,,,,
1568400,0.17276144,,,0.17721679,,,
1568500,0.28072704,0.23323631,,,,,
1568600,0.29215869,0.23326036,,,,,
1568700,0.30684572,0.23328885,,,,,
1568800,0.17214262,,,0.17721518,,,
1568900,0.28516306,0.23335765,,,,,
1569000,0.19625977,,0.11298412,,,,
1569100,0.20221804,,0.11300167,,,,
1569200,0.17373702,,,0.17721701,,,
1569300,0.28890914,0.2334687,,,,,
1569400,0.17165545,,,0.17721497,,,
1569500,0.2010292,,0.11307589,,,,
1569600,0.3035328,0.23354926,,,,,
1569700,0.33518195,0.23359769,,,,,
1569800,0.32769972,0.23365304,,,,,
1569900,0.3392457,0.23370331,,,,,
1570000,0.18424281,,,0.17722152,,,
1570100,0.21064461,,0.11320095,,,,
1570200,0.30044498,0.23380156,,,,,
1570300,0.30551213,0.23384399,,,,,
1570400,0.21071317,,0.11326729,,,,
1570500,0.17561282,,,0.17721644,,,
1570600,1,,,,,0.99406832,
1570700,0.29716422,0.23396126,,,,,
1570800,0.29402986,0.23399261,,,,,
1570900,0.17281506,,,0.17721615,,,
1571000,0.30980016,0.23406608,,,,,
1571100,0.18309707,,,0.17721788,,,
1571200,0.17297936,,,0.17721869,,,
1571300,0.21651253,,0.11344266,,,,
1571400,0.21751852,,0.11347307,,,,
1571500,0.21464111,,0.11348986,,,,
1571600,0.29671923,0.23426647,,,,,
1571700,0.29491503,0.2342944,,,,,
1571800,0.30234118,0.23432789,,,,,
1571900,0.21607503,,0.11358011,,,,
1572000,0.17517953,,,0.1772169,,,
1572100,0.21820639,,0.11361299,,,,
1572200,0.17194988,,,0.17721898,,,
1572300,0.30853944,0.23451094,,,,,
1572400,0.17366445,,,0.17721855,,,
1572500,0.17417694,,,0.17721805,,,
1572600,0.31281135,0.23463855,,,,,
1572700,0.1724674,,,0.17722269,,,
1572800,0.31545506,0.2347176,,,,,
1572900,0.33843581,0.23477182,,,,,
1573000,0.19194104,,,0.17722546,,,
1573100,0.17416045,,,0.17723501,,,
1573200,0.17288859,,,0.17723382,,,
1573300,0.32691536,0.23493303,,,,,
1573400,0.32820192,0.23499579,,,,,
1573500,0.17458915,,,0.1772301,,,
1573600,0.30951615,0.23505988,,,,,
1573700,0.17235993,,,0.17723053,,,
1573800,0.31140975,0.23513986,,,,,
1573900,0.17304325,,,0.17722812,,,
1574000,0.23328955,,0.11407184,,,,
1574100,0.17598953,,,0.17722936,,,
1574200,0.32084489,0.23529528,,,,,
1574300,0.17722645,,,0.17722996,,,
1574400,0.33136487,0.23540149,,,,,
1574500,0.33092604,0.23544847,,,,,
1574600,0.23605154,,0.11421204,,,,
1574700,0.23556407,,0.11423335,,,,
1574800,0.17537894,,,0.17723159,,,
1574900,0.24475069,,0.11429825,,,,
1575000,0.23797632,,0.11432414,,,,
1575100,0.23900677,,0.11434428,,,,
1575200,0.36603656,0.2357316,,,,,
1575300,0.1735408,,,0.17723462,,,
1575400,0.24639884,,0.11443435,,,,
1575500,0.24148692,,0.11445945,,,,
1575600,0.24146851,,0.11447875,,,,
1575700,0.31715405,0.23596507,,,,,
1575800,0.17306434,,,0.17723902,,,
1575900,0.24272125,,0.11456301,,,,
1576000,0.17253408,,,0.17723703,,,
1576100,0.17207345,,,0.17723872,,,
1576200,0.33823168,0.23617288,,,,,
1576300,0.18263642,,,0.17724249,,,
1576400,0.17339351,,,0.17724228,,,
1576500,0.32094137,0.23631935,,,,,
1576600,0.17370443,,,0.17724214,,,
1576700,0.18489085,,,0.17724541,,,
1576800,0.1809591,,,0.17724705,,,
1576900,0.2503065,,0.11483246,,,,
1577000,0.32073243,0.23653267,,,,,
1577100,0.32067178,0.23656403,,,,,
1577200,0.32076683,0.23659709,,,,,
1577300,0.24935753,,0.11493257,,,,
1577400,0.33852036,0.23670042,,,,,
1577500,0.17698289,,,0.1772455,,,
1577600,0.32322659,0.23677972,,,,,
1577700,0.17157702,,,0.17724612,,,
1577800,0.33541456,0.23686206,,,,,
1577900,0.33211906,0.23691807,,,,,
1578000,0.33361726,0.23696897,,,,,
1578100,0.3255931,0.23699481,,,,,
1578200,0.33125645,0.23703745,,,,,
1578300,0.32677468,0.23708079,,,,,
1578400,0.32177319,0.23713575,,,,,
1578500,0.19278992,,,0.17725123,,,
1578600,0.18345612,,,0.17725472,,,
1578700,0.25079509,,0.11532363,,,,
1578800,0.17687092,,,0.17725335,,,
1578900,0.25703522,,0.11538571,,,,
1579000,0.25238996,,0.1154185,,,,
1579100,0.32157737,0.2374204,,,,,
1579200,0.25225584,,0.11546168,,,,
1579300,0.32515956,0.23750368,,,,,
1579400,0.25200889,,0.11552471,,,,
1579500,0.17394552,,,0.17725144,,,
1579600,0.36112851,0.23763363,,,,,
1579700,0.35554048,0.23768822,,,,,
1579800,0.1767943,,,0.1772597,,,
1579900,0.25391025,,0.11566418,,,,
1580000,0.17743269,,,0.17725781,,,
1580100,0.17447799,,,0.17726128,,,
1580200,0.25798917,,0.11574076,,,,
1580300,0.34862449,0.23797754,,,,,
1580400,0.34180787,0.23803923,,,,,
1580500,0.34657566,0.23809529,,,,,
1580600,0.18558127,,,0.17725728,,,
1580700,0.3454033,0.23817286,,,,,
1580800,0.17470467,,,0.17726522,,,
1580900,0.33117896,0.2382762,,,,,
1581000,0.33331656,0.23833036,,,,,
1581100,0.17140562,,,0.17726875,,,
1581200,0.33623816,0.23840886,,,,,
1581300,0.17282305,,,0.17726686,,,
1581400,0.3493938,0.23851501,,,,,
1581500,0.35341458,0.23857337,,,,,
1581600,0.18191192,,,0.17726432,,,
1581700,0.18835834,,,0.17726654,,,
1581800,0.18322528,,,0.17726767,,,
1581900,0.26044001,,0.11624587,,,,
1582000,0.17467601,,,0.17726599,,,
1582100,0.17234623,,,0.17726927,,,
1582200,0.17974412,,,0.17726789,,,
1582300,0.37267283,0.23897258,,,,,
1582400,0.41735011,0.23903902,,,,,
1582500,0.17184375,,,0.17726494,,,
1582600,0.17993634,,,0.17727216,,,
1582700,0.17331179,,,0.17726992,,,
1582800,0.2553602,,0.11654611,,,,
1582900,0.41462033,0.23932635,,,,,
1583000,0.33364405,0.23938883,,,,,
1583100,0.17351899,,,0.1772665,,,
1583200,0.18495349,,,0.17726842,,,
1583300,0.17211687,,,0.17726904,,,
1583400,0.25957118,,0.11675429,,,,
1583500,0.17884504,,,0.17726957,,,
1583600,0.18301648,,,0.1772731,,,
1583700,0.26110787,,0.1168327,,,,
1583800,0.33146733,0.23974597,,,,,
1583900,0.27365806,,0.11689397,,,,
1584000,0.18267492,,,0.1772683,,,
1584100,0.18157956,,,0.17727294,,,
1584200,0.1727883,,,0.17727141,,,
1584300,0.28781419,,0.11702209,,,,
1584400,0.26786929,,0.1170597,,,,
1584500,0.33712787,0.24009629,,,,,
1584600,0.1715257,,,0.17726821,,,
1584700,0.17767264,,,0.17726953,,,
1584800,0.17312038,,,0.17727008,,,
1584900,0.34915435,0.24026572,,,,,
1585000,0.17273304,,,0.17726851,,,
1585100,0.17955765,,,0.1772697,,,
1585200,0.33717309,0.24039445,,,,,
1585300,0.25697574,,0.11732936,,,,
1585400,0.32483557,0.24048271,,,,,
1585500,0.25599198,,0.11739786,,,,
1585600,0.17431787,,,0.17727095,,,
1585700,0.32998321,0.24059641,,,,,
1585800,0.33016558,0.24063659,,,,,
1585900,0.3255917,0.24067872,,,,,
1586000,0.18533953,,,0.17727025,,,
1586100,0.17991523,,,0.17727228,,,
1586200,0.30302998,,0.11758508,,,,
1586300,0.33487432,0.24084404,,,,,
1586400,0.25948335,,0.11765249,,,,
1586500,0.17203,,,0.17727159,,,
1586600,0.17134132,,,0.17727506,,,
1586700,0.34661533,0.24102796,,,,,
1586800,0.36040587,0.24107677,,,,,
1586900,0.35741179,,0.11779903,,,,
1587000,0.27667416,,0.11783948,,,,
1587100,0.17246313,,,0.17727253,,,
1587200,0.19240782,,,0.17727654,,,
1587300,0.18023731,,,0.17727729,,,
1587400,0.26061668,,0.11794668,,,,
1587500,0.35995059,0.24142156,,,,,
1587600,0.17162945,,,0.17727763,,,
1587700,0.17157517,,,0.17727813,,,
1587800,0.25869355,,0.11807175,,,,
1587900,0.40988098,0.24161341,,,,,
1588000,0.33952376,0.24166393,,,,,
1588100,0.18021463,,,0.17727479,,,
1588200,0.33304732,0.24173426,,,,,
1588300,0.17516424,,,0.17727502,,,
1588400,0.3527366,0.24183886,,,,,
1588500,0.32560835,0.24188889,,,,,
1588600,0.1742773,,,0.1772734,,,
1588700,0.41500491,0.24195414,,,,,
1588800,0.17203333,,,0.17727246,,,
1588900,0.34048777,0.24207733,,,,,
1589000,0.34157502,0.24212714,,,,,
1589100,0.17183273,,,0.17726994,,,
1589200,0.18442498,,,0.17727294,,,
1589300,0.17863005,,,0.17727405,,,
1589400,0.25865578,,0.1185735,,,,
1589500,0.17212992,,,0.17727234,,,
1589600,0.17986183,,,0.17727379,,,
1589700,0.17370028,,,0.1772734,,,
1589800,0.25274549,,0.11868361,,,,
1589900,0.31602889,0.24252554,,,,,
1590000,0.31675894,0.24256382,,,,,
1590100,0.17348533,,,0.17727597,,,
1590200,0.17626464,,,0.17727457,,,
1590300,0.17250685,,,0.17727293,,,
1590400,0.24749476,,0.11884274,,,,
1590500,0.1746296,,,0.17727033,,,
1590600,0.17112769,,,0.17727125,,,
1590700,0.25304941,,0.11891992,,,,
1590800,0.17242713,,,0.17727579,,,
1590900,0.31611077,0.24289686,,,,,
1591000,0.17279467,,,0.17727368,,,
1591100,0.17137291,,,0.17727416,,,
1591200,0.17433155,,,0.17727961,,,
1591300,0.29365909,,0.1191116,,,,
1591400,0.32869968,0.24313491,,,,,
1591500,0.17340986,,,0.17728041,,,
1591600,0.17363566,,,0.17728208,,,
1591700,0.19109316,,,0.17728523,,,
1591800,0.34983498,0.24332251,,,,,
1591900,0.34733325,0.24337887,,,,,
1592000,0.40851648,0.24344925,,,,,
1592100,0.17308937,,,0.17728851,,,
1592200,0.1747556,,,0.17728743,,,
1592300,0.32118593,0.24355494,,,,,
1592400,0.2449004,,0.11946366,,,,
1592500,0.33424621,0.24364478,,,,,
1592600,0.17221572,,,0.17728372,,,
1592700,0.34454369,0.24371358,,,,,
1592800,0.17449199,,,0.17728722,,,
1592900,0.33302279,0.24380073,,,,,
1593000,0.33999853,0.24384662,,,,,
1593100,0.18536466,,,0.17728563,,,
1593200,0.18289927,,,0.17728756,,,
1593300,0.3417892,0.24394784,,,,,
1593400,0.34090278,0.24400607,,,,,
1593500,0.35156441,0.24406107,,,,,
1593600,0.1718664,,,0.17729131,,,
1593700,0.17842746,,,0.17729104,,,
1593800,0.25224944,,0.11980679,,,,
1593900,0.34593125,0.24424571,,,,,
1594000,0.17334049,,,0.17728856,,,
1594100,0.17732215,,,0.17729239,,,
1594200,0.34750288,0.24438138,,,,,
1594300,0.33220492,0.24441995,,,,,
1594400,0.3377014,0.24446752,,,,,
1594500,0.19155024,,,0.17729056,,,
1594600,0.17292541,,,0.17729585,,,
1594700,0.1727059,,,0.17729499,,,
1594800,0.24505979,,0.12007607,,,,
1594900,0.32211771,0.24469175,,,,,
1595000,0.17245622,,,0.17729114,,,
1595100,0.17498072,,,0.17729572,,,
1595200,0.17484083,,,0.17729414,,,
1595300,0.17262827,,,0.17729272,,,
1595400,0.32498898,0.24487054,,,,,
1595500,0.33573402,0.24491607,,,,,
1595600,0.2053762,,,0.17729233,,,
1595700,0.31760559,0.24497253,,,,,
1595800,0.24518168,,0.12031856,,,,
1595900,0.17386853,,,0.17728871,,,
1596000,0.24281416,,0.12037762,,,,
1596100,0.24179625,,0.12040049,,,,
1596200,0.24056698,,0.12041299,,,,
1596300,0.17821111,,,0.17728868,,,
1596400,0.32441313,0.24521244,,,,,
1596500,0.32722049,0.2452617,,,,,
1596600,0.20021634,,,0.1772885,,,
1596700,0.31527231,0.24531138,,,,,
1596800,0.33246244,0.24534634,,,,,
1596900,0.17237775,,,0.17729365,,,
1597000,0.33397956,0.24543451,,,,,
1597100,0.23901092,,,0.17729332,,,
1597200,0.33487321,0.24549198,,,,,
1597300,0.34192274,0.24553746,,,,,
1597400,0.38808875,0.24557588,,,,,
1597500,0.33843586,0.24563045,,,,,
1597600,0.17242431,,,0.17729072,,,
1597700,0.18630281,,,0.17729275,,,
1597800,0.34507428,0.24571782,,,,,
1597900,0.28634039,,0.12085184,,,,
1598000,0.17297129,,,0.17729372,,,
1598100,0.24059433,,0.1209099,,,,
1598200,0.17742526,,,0.17729534,,,
1598300,0.33896024,0.24591111,,,,,
1598400,0.31986178,0.24595502,,,,,
1598500,0.30196174,0.24599789,,,,,
1598600,0.22843631,,,0.17729368,,,
1598700,0.1795668,,,0.17729563,,,
1598800,0.32313997,0.24608213,,,,,
1598900,0.31726624,0.24611686,,,,,
1599000,0.17193819,,,0.17729126,,,
1599100,0.3043493,0.24617983,,,,,
1599200,0.30350344,0.24619798,,,,,
1599300,0.30544617,0.24622039,,,,,
1599400,0.23944941,,0.12121168,,,,
1599500,0.30795172,0.24628837,,,,,
1599600,0.30737065,0.24631301,,,,,
1599700,0.31776044,0.24633322,,,,,
1599800,0.23584838,,0.12129337,,,,
1599900,0.30933737,0.24639519,,,,,
1600000,0.23093967,,0.1213436,,,,
1600100,0.17743367,,,0.17729442,,,
1600200,0.30092106,0.24646514,,,,,
1600300,0.30245366,0.24648875,,,,,
1600400,0.30582394,0.24651622,,,,,
1600500,0.31027044,0.2465498,,,,,
1600600,0.17180329,,,0.17729089,,,
1600700,0.30703382,0.24659943,,,,,
1600800,0.31391326,0.2466242,,,,,
1600900,0.23085642,,0.1215296,,,,
1601000,0.32789564,0.24670086,,,,,
1601100,0.17195594,,,0.17728887,,,
1601200,0.1713825,,,0.17729165,,,
1601300,0.30637195,0.24679544,,,,,
1601400,0.30879991,0.24683329,,,,,
1601500,0.31021551,0.24687602,,,,,
1601600,0.31973889,0.24690269,,,,,
1601700,0.22723831,,0.12169027,,,,
1601800,0.30765906,0.24696241,,,,,
1601900,0.31265348,0.24700586,,,,,
1602000,0.1717091,,,0.1772912,,,
1602100,0.30556913,0.24707633,,,,,
1602200,0.31680872,0.24709921,,,,,
1602300,0.30691762,0.24713221,,,,,
1602400,0.30417164,0.24716878,,,,,
1602500,0.17427245,,,0.17728869,,,
1602600,0.30328808,0.24723621,,,,,
1602700,0.22740646,,0.12189067,,,,
1602800,0.30633022,0.24728723,,,,,
1602900,0.31275097,0.24732772,,,,,
1603000,0.17362008,,,0.17728594,,,
1603100,0.30660295,0.24740953,,,,,
1603200,0.18095972,,,0.17728606,,,
1603300,0.30279659,0.24745861,,,,,
1603400,0.31980193,0.24749714,,,,,
1603500,0.2302673,,0.12206546,,,,
1603600,0.32138646,0.24758124,,,,,
1603700,0.17221826,,,0.17729389,,,
1603800,0.305833,0.24764107,,,,,
1603900,0.22743445,,0.12214047,,,,
1604000,0.17200341,,,0.17728966,,,
1604100,0.31402277,0.24775261,,,,,
1604200,0.31971198,0.2477778,,,,,
1604300,0.31060134,0.2478106,,,,,
1604400,0.23941475,,0.12224135,,,,
1604500,0.22400458,,0.12226957,,,,
1604600,0.17345381,,,0.17728917,,,
1604700,0.3092525,0.24794294,,,,,
1604800,0.31688616,0.24797235,,,,,
1604900,0.2981414,0.24800599,,,,,
1605000,0.314917,0.24804623,,,,,
1605100,0.30240829,0.24807551,,,,,
1605200,0.30092178,0.24809451,,,,,
1605300,0.29905124,0.24812108,,,,,
1605400,0.30097269,0.24815338,,,,,
1605500,0.29848214,0.24818786,,,,,
1605600,0.17279431,,,0.17729755,,,
1605700,0.30470391,0.24823093,,,,,
1605800,0.2990079,0.24825534,,,,,
1605900,0.22410253,,0.12253947,,,,
1606000,0.29999237,0.24833173,,,,,
1606100,0.17143961,,,0.17730037,,,
1606200,0.22748602,,0.12259523,,,,
1606300,0.29950257,0.24840077,,,,,
1606400,0.30877293,0.24843817,,,,,
1606500,0.22164511,,0.12265898,,,,
1606600,0.30577265,0.24849788,,,,,
1606700,0.29746457,0.24852044,,,,,
1606800,0.30570493,0.24854512,,,,,
1606900,0.22081325,,0.12273104,,,,
1607000,0.17602684,,,0.17730568,,,
1607100,0.18750398,,,0.17730475,,,
1607200,0.22141984,,0.12278338,,,,
1607300,0.31654297,0.24868563,,,,,
1607400,0.29373,0.24871417,,,,,
1607500,0.22369076,,0.122847,,,,
1607600,0.17187996,,,0.17730405,,,
1607700,0.22014304,,0.1228761,,,,
1607800,0.21916966,,0.122894,,,,
1607900,0.29981148,0.24885191,,,,,
1608000,0.29850254,0.24888543,,,,,
1608100,0.17275649,,,0.17730057,,,
1608200,0.29924154,0.24892676,,,,,
1608300,0.298467,0.24895232,,,,,
1608400,0.30309308,0.24898458,,,,,
1608500,0.30424081,0.24901989,,,,,
1608600,0.17181859,,,0.17729682,,,
1608700,0.22000539,,0.12306634,,,,
1608800,0.17161536,,,0.17729623,,,
1608900,0.29375943,0.24911077,,,,,
1609000,0.30159191,0.24914392,,,,,
1609100,0.21604735,,0.12314592,,,,
1609200,0.29670532,0.24918064,,,,,
1609300,0.17210089,,,0.17729824,,,
1609400,0.21736023,,0.12319362,,,,
1609500,0.29255618,0.24925857,,,,,
1609600,0.17240328,,,0.17729457,,,
1609700,0.18064355,,,0.17729827,,,
1609800,0.17209764,,,0.17729694,,,
1609900,0.21668092,,0.12327928,,,,
1610000,0.30456737,0.249384,,,,,
1610100,0.17451562,,,0.1772948,,,
1610200,0.17286605,,,0.17729946,,,
1610300,0.31877922,0.24945939,,,,,
1610400,0.31076099,0.24949893,,,,,
1610500,0.28984786,0.24952881,,,,,
1610600,0.30546571,0.24954929,,,,,
1610700,0.17580429,,,0.17729705,,,
1610800,0.29590689,0.24958966,,,,,
1610900,0.28872268,0.24961429,,,,,
1611000,0.30340288,0.2496394,,,,,
1611100,0.29219184,0.24966127,,,,,
1611200,0.21221025,,0.12350656,,,,
1611300,0.31503462,0.24970361,,,,,
1611400,0.29507854,0.24973477,,,,,
1611500,0.18507229,,,0.17730073,,,
1611600,0.17228598,,,0.17729996,,,
1611700,0.29977664,0.24980021,,,,,
1611800,0.20741484,,0.12360515,,,,
1611900,0.30212575,0.24985145,,,,,
1612000,0.3014916,0.24988157,,,,,
1612100,0.17295699,,,0.17729641,,,
1612200,0.28876917,0.24991455,,,,,
1612300,0.20978055,,0.12368602,,,,
1612400,0.30569329,0.24997135,,,,,
1612500,0.30274354,0.25000342,,,,,
1612600,0.29108912,0.25002448,,,,,
1612700,0.17800874,,,0.17729921,,,
1612800,0.31748353,0.25006731,,,,,
1612900,0.30103663,0.25010252,,,,,
1613000,0.17187104,,,0.17729903,,,
1613100,0.29551502,0.2501505,,,,,
1613200,0.1816471,,,0.17730106,,,
1613300,0.28704883,0.25018623,,,,,
1613400,0.17186132,,,0.17729937,,,
1613500,0.17885332,,,0.17729819,,,
1613600,0.28248718,0.25025239,,,,,
1613700,0.2948733,0.25026454,,,,,
1613800,0.20010979,,0.12392086,,,,
1613900,0.2037032,,0.12393736,,,,
1614000,0.18457884,,,0.17729674,,,
1614100,0.20643656,,0.12397338,,,,
1614200,0.1756396,,,0.17729761,,,
1614300,0.29420109,0.25039761,,,,,
1614400,0.19879336,,0.12401708,,,,
1614500,0.17176076,,,0.17729565,,,
1614600,0.28112019,0.25045136,,,,,
1614700,0.29273086,0.25046601,,,,,
1614800,0.1956423,,0.1240715,,,,
1614900,0.27582851,0.25049862,,,,,
1615000,0.1940666,,0.12410475,,,,
1615100,0.17890583,,,0.17729357,,,
1615200,0.17842433,,,0.17729546,,,
1615300,0.19231741,,0.12413749,,,,
1615400,0.19204827,,0.12415215,,,,
1615500,0.17329877,,,0.17729336,,,
1615600,0.27336208,0.25061301,,,,,
1615700,0.18672013,,,0.17729545,,,
1615800,0.27624197,0.25063923,,,,,
1615900,0.18854451,,0.12421396,,,,
1616000,0.17323335,,,0.17729821,,,
1616100,0.28387006,0.25068365,,,,,
1616200,0.18176146,,,0.17730102,,,
1616300,0.2780931,0.25070977,,,,,
1616400,0.17313675,,,0.17730085,,,
1616500,0.18279012,,,0.17730005,,,
1616600,0.27760229,0.25075275,,,,,
1616700,0.27397429,0.25076074,,,,,
1616800,0.17299614,,,0.17729867,,,
1616900,0.17751578,,0.12432795,,,,
1617000,0.17211329,,,0.1772964,,,
1617100,0.1790162,,0.12434999,,,,
1617200,0.18074242,,,0.17730046,,,
1617300,0.27234367,0.25081807,,,,,
1617400,0.17737101,,0.1243794,,,,
1617500,0.17274036,,,0.17729747,,,
1617600,0.27525315,0.25085446,,,,,
1617700,0.17594796,,,0.17729886,,,
1617800,0.17280112,,0.12441562,,,,
1617900,0.1723249,,,0.1773009,,,
1618000,0.25705854,0.25087762,,,,,
1618100,0.25736978,0.2508811,,,,,
1618200,0.18346828,,,0.17729988,,,
1618300,0.16861615,,0.1244571,,,,
1618400,0.173412,,,0.17729799,,,
1618500,0.16359084,,0.124477,,,,
1618600,0.19662798,,,0.17729645,,,
1618700,0.19313665,,,0.17730024,,,
1618800,0.17188965,,,0.17729939,,,
1618900,0.25763459,0.25095026,,,,,
1619000,0.17183732,,,0.17729701,,,
1619100,0.25134453,0.25095283,,,,,
1619200,0.17923396,,,0.1773005,,,
1619300,0.16197129,,0.12454533,,,,
1619400,0.15877666,,0.12455448,,,,
1619500,0.1719896,,,0.17729655,,,
1619600,0.22427954,,,0.17730086,,,
1619700,0.18178415,,,0.17730364,,,
1619800,0.2629067,0.25096798,,,,,
1619900,0.15816084,,0.12459068,,,,
1620000,0.17244968,,,0.17730148,,,
1620100,0.15392386,,0.12460884,,,,
1620200,0.18307781,,,0.1773041,,,
1620300,0.17522488,,,0.17730596,,,
1620400,0.17326135,,,0.17730688,,,
1620500,0.15087179,,0.12463507,,,,
1620600,0.19840266,,,0.1773079,,,
1620700,0.26588628,0.2509802,,,,,
1620800,0.24923393,0.25098198,,,,,
1620900,0.17793831,,,0.17730938,,,
1621000,0.15084333,,0.12466991,,,,
1621100,0.18712788,,,0.17731316,,,
1621200,0.24886137,0.25098257,,,,,
1621300,0.17338676,,,0.17731716,,,
1621400,0.16026468,,0.12470708,,,,
1621500,0.17316593,,,0.1773163,,,
1621600,0.24620893,0.25100137,,,,,
1621700,0.24539135,0.25100139,,,,,
1621800,0.17226274,,,0.17732064,,,
1621900,0.17331438,,,0.17731889,,,
1622000,0.28150603,0.25101276,,,,,
1622100,0.18531414,,,0.17731726,,,
1622200,0.15767295,,0.12477507,,,,
1622300,0.17199914,,,0.17731989,,,
1622400,0.17307094,,,0.17731807,,,
1622500,0.28077746,0.25104042,,,,,
1622600,0.19248002,,,0.17731962,,,
1622700,0.27711994,0.25104888,,,,,
1622800,0.17987355,,,0.17731911,,,
1622900,0.17272429,,,0.17731829,,,
1623000,0.17265525,,,0.17731671,,,
1623100,0.263869,0.25110003,,,,,
1623200,0.17819172,,,0.17732152,,,
1623300,0.17213024,,,0.1773208,,,
1623400,0.25262481,0.25111145,,,,,
1623500,0.17342522,,,0.17731892,,,
1623600,0.25889258,0.2511145,,,,,
1623700,0.17828175,,,0.17732254,,,
1623800,0.14898603,,0.1249012,,,,
1623900,0.24934187,0.25112275,,,,,
1624000,0.14208475,,0.12491216,,,,
1624100,0.16349486,,0.12491768,,,,
1624200,0.18043796,,,0.17732039,,,
1624300,0.17758674,,0.12493064,,,,
1624400,0.26135285,0.25113675,,,,,
1624500,0.17564969,,,0.17732457,,,
1624600,0.24371147,0.2511393,,,,,
1624700,0.25808107,0.25114054,,,,,
1624800,0.17869621,,,0.17732831,,,
1624900,0.17259393,,,0.17732773,,,
1625000,0.17854206,,,0.17732677,,,
1625100,0.24106699,0.2511636,,,,,
1625200,0.17326869,,,0.17732894,,,
1625300,0.14007209,,0.12500029,,,,
1625400,0.13863215,,0.12500425,,,,
1625500,0.26851671,0.25115668,,,,,
1625600,0.26583076,0.25116177,,,,,
1625700,0.17173953,,,0.17732683,,,
1625800,0.1750469,,,0.17732502,,,
1625900,0.24849751,0.25116722,,,,,
1626000,0.1735432,,,0.1773221,,,
1626100,0.24938524,0.25115798,,,,,
1626200,0.17361869,,,0.17732413,,,
1626300,0.24413178,0.25115558,,,,,
1626400,0.25122512,0.25115576,,,,,
1626500,0.23843038,0.25114951,,,,,
1626600,0.26335026,0.25114698,,,,,
1626700,0.23445556,0.25114547,,,,,
1626800,0.24571525,0.25113987,,,,,
1626900,0.23881005,0.25113582,,,,,
1627000,0.17953553,,,0.17731999,,,
1627100,0.24182396,0.25112351,,,,,
1627200,0.12933492,,0.12505737,,,,
1627300,0.24965494,0.25111839,,,,,
1627400,0.24672714,0.25111657,,,,,
1627500,0.1244713,,0.12506008,,,,
1627600,0.23651942,0.25110096,,,,,
1627700,0.17225678,,,0.17732104,,,
1627800,0.23131083,0.25108767,,,,,
1627900,0.2299552,0.25107878,,,,,
1628000,0.23026984,0.25107081,,,,,
1628100,0.24198221,0.25106329,,,,,
1628200,0.1757673,,,0.17731689,,,
1628300,0.17438379,,,0.1773159,,,
1628400,0.24766708,0.25106083,,,,,
1628500,0.1736384,,,0.17731359,,,
1628600,0.2434847,0.25104949,,,,,
1628700,0.17496285,,,0.17732328,,,
1628800,0.23846046,0.2510436,,,,,
1628900,0.12485331,,0.12506461,,,,
1629000,0.18240016,,,0.17732028,,,
1629100,0.24416912,0.25102421,,,,,
1629200,0.12513172,,0.12506779,,,,
1629300,0.23038579,0.25101429,,,,,
1629400,0.23383376,0.25100819,,,,,
1629500,0.17289901,,,0.17732156,,,
1629600,0.23976903,0.25099362,,,,,
1629700,0.17708919,,,0.17732405,,,
1629800,0.17382232,,,0.17732446,,,
1629900,0.25558462,0.25099955,,,,,
1630000,0.17199478,,,0.17732294,,,
1630100,0.23319471,0.25098424,,,,,
1630200,0.1857859,,,0.17732523,,,
1630300,0.23424026,0.25096904,,,,,
1630400,0.22720253,0.25095922,,,,,
1630500,0.24143784,0.25094913,,,,,
1630600,0.22853345,0.250943,,,,,
1630700,0.17177308,,,0.1773327,,,
1630800,0.11595214,,0.12505297,,,,
1630900,0.22622951,0.25092063,,,,,
1631000,0.11707695,,0.12504839,,,,
1631100,0.23540543,0.25090595,,,,,
1631200,0.18006089,,,0.17732847,,,
1631300,0.11603415,,0.12504335,,,,
1631400,0.2425374,0.25088808,,,,,
1631500,0.17212162,,,0.17732556,,,
1631600,0.23933729,0.25088062,,,,,
1631700,0.11666129,,0.12503754,,,,
1631800,0.11717576,,0.12503596,,,,
1631900,0.23404024,0.25086067,,,,,
1632000,0.17190399,,,0.17732508,,,
1632100,0.23324507,0.25084445,,,,,
1632200,0.25436329,0.25084276,,,,,
1632300,0.22946936,0.25084051,,,,,
1632400,0.11806738,,0.12503439,,,,
1632500,0.24763516,0.25083612,,,,,
1632600,0.17852502,,,0.17732056,,,
1632700,0.17215602,,,0.17732195,,,
1632800,0.22962342,0.25081312,,,,,
1632900,0.11219098,,0.12502712,,,,
1633000,0.11010023,,0.12502293,,,,
1633100,0.24083668,0.25079026,,,,,
1633200,0.17822126,,,0.17731902,,,
1633300,0.2382929,0.25077335,,,,,
1633400,0.22838489,0.25076573,,,,,
1633500,0.23580517,0.25075585,,,,,
1633600,0.23100946,0.25074688,,,,,
1633700,0.17170727,,,0.1773244,,,
1633800,0.10642976,,0.12500425,,,,
1633900,0.22590312,0.25072951,,,,,
1634000,0.17248423,,,0.17732056,,,
1634100,0.10330108,,0.12499109,,,,
1634200,0.17451843,,,0.17732711,,,
1634300,0.23014649,0.25068327,,,,,
1634400,0.22404805,0.25066919,,,,,
1634500,0.17610693,,,0.17732279,,,
1634600,0.22783907,0.25064222,,,,,
1634700,0.17742555,,,0.17732443,,,
1634800,0.22862227,0.25061961,,,,,
1634900,0.23140665,0.25061191,,,,,
1635000,0.21931396,0.25059714,,,,,
1635100,0.10060588,,0.12493878,,,,
1635200,0.21534185,0.25057456,,,,,
1635300,0.22740547,0.25056195,,,,,
1635400,0.21658889,0.25054517,,,,,
1635500,0.17342078,,,0.1773304,,,
1635600,0.097244193,,0.12490829,,,,
1635700,0.23075509,0.25050584,,,,,
1635800,0.10405058,,0.12489873,,,,
1635900,0.22349007,0.25048975,,,,,
1636000,0.17173097,,,0.17733067,,,
1636100,0.21644287,0.25045711,,,,,
1636200,0.18359871,,,0.17733218,,,
1636300,0.22220879,0.25043185,,,,,
1636400,0.22279525,0.2504181,,,,,
1636500,0.17460975,,,0.17732929,,,
1636600,0.21349354,0.2503864,,,,,
1636700,0.2139095,0.25037582,,,,,
1636800,0.2136357,0.25036122,,,,,
1636900,0.21292051,0.2503434,,,,,
1637000,0.21435752,0.25032378,,,,,
1637100,0.091507975,,0.12480833,,,,
1637200,0.22845483,0.25029946,,,,,
1637300,0.21768269,0.25028819,,,,,
1637400,0.21517107,0.25027153,,,,,
1637500,0.21493469,0.25025354,,,,,
1637600,0.21675168,0.25023679,,,,,
1637700,0.17789101,,,0.17733095,,,
1637800,0.09058083,,0.12475987,,,,
1637900,0.22769695,0.25020423,,,,,
1638000,0.17242541,,,0.17732979,,,
1638100,0.22437943,0.25017153,,,,,
1638200,0.18135155,,,0.17733155,,,
1638300,0.23035644,0.25015599,,,,,
1638400,0.0972132,,0.12471314,,,,
1638500,0.22593611,0.25013786,,,,,
1638600,0.192021,,,0.17732921,,,
1638700,0.088994695,,0.12469583,,,,
1638800,0.17185562,,,0.17732922,,,
1638900,0.095930523,,0.12467783,,,,
1639000,0.17183544,,,0.17732647,,,
1639100,0.21754434,0.2500612,,,,,
1639200,0.18144453,,,0.17732617,,,
1639300,0.24198512,0.25004368,,,,,
1639400,0.22839973,0.25003674,,,,,
1639500,0.21378076,0.25002005,,,,,
1639600,0.22631007,0.25000487,,,,,
1639700,0.18811245,,,0.17732468,,,
1639800,0.17328786,,,0.17732798,,,
1639900,0.096054623,,0.12459516,,,,
1640000,0.21376998,0.24996438,,,,,
1640100,0.19115417,,,0.17732467,,,
1640200,0.21860719,0.24993892,,,,,
1640300,0.22544689,0.24992563,,,,,
1640400,0.21682045,0.24990971,,,,,
1640500,0.099312642,,0.12455275,,,,
1640600,0.19120283,,,0.1773299,,,
1640700,0.21290255,0.24987241,,,,,
1640800,0.21034019,0.24985785,,,,,
1640900,0.21490029,0.24984077,,,,,
1641000,0.21178537,0.24981833,,,,,
1641100,0.19613573,,,0.1773305,,,
1641200,0.22693763,0.24979573,,,,,
1641300,0.21867328,0.24978337,,,,,
1641400,0.21741912,0.24977003,,,,,
1641500,0.090730528,,0.12447473,,,,
1641600,0.20337598,,,0.17732833,,,
1641700,0.17151119,,,0.17732863,,,
1641800,0.21839118,0.24971111,,,,,
1641900,0.21420595,0.24969429,,,,,
1642000,0.093897029,,0.12443507,,,,
1642100,0.17285637,,,0.17732343,,,
1642200,0.085675554,,0.12442268,,,,
1642300,0.22498111,0.2496389,,,,,
1642400,0.084056176,,0.12440657,,,,
1642500,0.17215643,,,0.17732152,,,
1642600,0.17876351,,,0.1773227,,,
1642700,0.17381836,,,0.17732205,,,
1642800,0.20985578,0.24957089,,,,,
1642900,0.17399913,,,0.17732285,,,
1643000,0.21064632,0.24953333,,,,,
1643100,0.17243386,,,0.17732085,,,
1643200,0.18887545,,,0.17732318,,,
1643300,0.17589203,,,0.17732277,,,
1643400,0.17598286,,,0.17732253,,,
1643500,0.17620139,,,0.17732148,,,
1643600,0.17231582,,,0.1773272,,,
1643700,0.17453894,,,0.17732596,,,
1643800,0.23154826,0.24941956,,,,,
1643900,0.215736,0.24940154,,,,,
1644000,0.20945371,0.24938452,,,,,
1644100,0.17366511,,,0.17732399,,,
1644200,0.082473669,,0.12425608,,,,
1644300,0.17152239,,,0.17732278,,,
1644400,0.082257378,,0.12423496,,,,
1644500,0.20970855,0.24930987,,,,,
1644600,0.19109963,,,0.17732024,,,
1644700,0.22279614,0.24928754,,,,,
1644800,0.17433946,,,0.1773252,,,
1644900,0.21579632,0.24926908,,,,,
1645000,0.2195234,0.24925281,,,,,
1645100,0.083278388,,0.12417341,,,,
1645200,0.17274147,,,0.17732518,,,
1645300,0.21174886,0.24921706,,,,,
1645400,0.21314836,0.2491966,,,,,
1645500,0.083042328,,0.12413653,,,,
1645600,0.1827167,,,0.17732412,,,
1645700,0.17185979,,,0.1773251,,,
1645800,0.23191299,0.24914249,,,,,
1645900,0.23960921,0.24913482,,,,,
1646000,0.22291023,0.24912614,,,,,
1646100,0.18443459,,,0.17732716,,,
1646200,0.18236291,,,0.17732922,,,
1646300,0.17861772,,,0.17732827,,,
1646400,0.088160062,,0.12406827,,,,
1646500,0.23918018,0.24908803,,,,,
1646600,0.17432229,,,0.17732948,,,
1646700,0.1797344,,,0.17732885,,,
1646800,0.084590742,,0.12403729,,,,
1646900,0.22734442,0.24904795,,,,,
1647000,0.17255449,,,0.17732909,,,
1647100,0.17279629,,,0.17733238,,,
1647200,0.092593689,,0.12400405,,,,
1647300,0.22149047,0.24900113,,,,,
1647400,0.21615251,0.24898579,,,,,
1647500,0.17657456,,,0.17732726,,,
1647600,0.17863457,,,0.17733241,,,
1647700,0.17767838,,,0.17733056,,,
1647800,0.21391913,0.24892919,,,,,
1647900,0.089355916,,0.1239462,,,,
1648000,0.21796147,0.24889954,,,,,
1648100,0.17933374,,,0.17733522,,,
1648200,0.1728929,,,0.17733385,,,
1648300,0.088062681,,0.1239174,,,,
1648400,0.22638738,0.24885863,,,,,
1648500,0.21396188,0.24884053,,,,,
1648600,0.18075724,,,0.17733376,,,
1648700,0.086109164,,0.12388572,,,,
1648800,0.085641815,,0.12387735,,,,
1648900,0.21174702,0.24877124,,,,,
1649000,0.084458698,,0.12385612,,,,
1649100,0.18131481,,,0.1773304,,,
1649200,0.21408529,0.24872223,,,,,
1649300,0.087455642,,0.12384008,,,,
1649400,0.21817584,0.24868558,,,,,
1649500,0.17388149,,,0.17732751,,,
1649600,0.17116207,,,0.17733156,,,
1649700,0.22238464,0.24865945,,,,,
1649800,0.17615147,,,0.17732782,,,
1649900,0.17456464,,,0.17732681,,,
1650000,0.1809853,,,0.1773254,,,
1650100,0.17471173,,,0.17732863,,,
1650200,0.23792987,0.24859814,,,,,
1650300,0.23445069,0.24859141,,,,,
1650400,0.084107217,,0.12375495,,,,
1650500,0.17211634,,,0.17732262,,,
1650600,0.18211797,,,0.17732267,,,
1650700,0.17930156,,,0.17732428,,,
1650800,0.21946883,0.24852502,,,,,
1650900,0.22452229,0.24850586,,,,,
1651000,0.17225468,,,0.17732258,,,
1651100,0.17841462,,,0.17732288,,,
1651200,0.22103747,0.24846754,,,,,
1651300,0.22987998,0.2484553,,,,,
1651400,0.21406477,0.24843835,,,,,
1651500,0.17258227,,,0.17731943,,,
1651600,0.17455283,,,0.17731961,,,
1651700,0.22545686,0.24839112,,,,,
1651800,0.17749016,,,0.17732286,,,
1651900,0.17282362,,,0.17732191,,,
1652000,0.21057391,0.2483401,,,,,
1652100,0.17984255,,,0.17732252,,,
1652200,0.17878902,,,0.17732267,,,
1652300,0.084853808,,0.12359473,,,,
1652400,0.17264584,,,0.177321,,,
1652500,0.17305215,,,0.17731954,,,
1652600,0.17539502,,,0.17732053,,,
1652700,0.2139306,0.24823218,,,,,
1652800,0.21160018,0.24821445,,,,,
1652900,0.21090338,0.24819007,,,,,
1653000,0.23270178,0.2481778,,,,,
1653100,0.20301919,,,0.17731989,,,
1653200,0.21827583,0.2481542,,,,,
1653300,0.21348948,0.24813714,,,,,
1653400,0.21389052,0.24811673,,,,,
1653500,0.21074851,0.2480963,,,,,
1653600,0.18761092,,,0.17732339,,,
1653700,0.21034557,0.24806663,,,,,
1653800,0.1831436,,,0.17732372,,,
1653900,0.21559929,0.24803411,,,,,
1654000,0.21806083,0.24801571,,,,,
1654100,0.18680119,,,0.17732547,,,
1654200,0.084890727,,0.12343338,,,,
1654300,0.2376296,0.24798335,,,,,
1654400,0.17274838,,,0.17732686,,,
1654500,0.17194169,,,0.17732521,,,
1654600,0.17209528,,,0.17732922,,,
1654700,0.17964469,,,0.17732833,,,
1654800,0.087667819,,0.12338466,,,,
1654900,0.082594644,,0.1233732,,,,
1655000,0.17381418,,,0.17732735,,,
1655100,0.17366783,,,0.17732957,,,
1655200,0.21475312,0.24784895,,,,,
1655300,0.083714064,,0.12334043,,,,
1655400,0.2255563,0.24781314,,,,,
1655500,0.17450801,,,0.17732782,,,
1655600,0.17576435,,,0.17732755,,,
1655700,0.084307655,,0.12330683,,,,
1655800,0.21268644,0.24775474,,,,,
1655900,0.17288014,,,0.17732969,,,
1656000,0.083823113,,0.12327645,,,,
1656100,0.19289539,,,0.17732813,,,
1656200,0.21643472,0.24768931,,,,,
1656300,0.21149562,0.24767311,,,,,
1656400,0.081367243,,0.12324703,,,,
1656500,0.21022372,0.24762928,,,,,
1656600,0.1990834,,,0.17733175,,,
1656700,0.22741507,0.24760438,,,,,
1656800,0.2231324,0.24759122,,,,,
1656900,0.21745155,0.24757591,,,,,
1657000,0.21961495,0.24755832,,,,,
1657100,0.21265498,,,0.1773312,,,
1657200,0.21742995,0.24753334,,,,,
1657300,0.22620197,0.24752001,,,,,
1657400,0.086939194,,0.12316737,,,,
1657500,0.21074275,0.24748173,,,,,
1657600,0.17235367,,,0.1773272,,,
1657700,0.18216298,,,0.17732983,,,
1657800,0.22228664,0.24744756,,,,,
1657900,0.2129485,0.24743269,,,,,
1658000,0.17639309,,,0.17733011,,,
1658100,0.19239802,,,0.17733267,,,
1658200,0.086392103,,0.12310422,,,,
1658300,0.21229969,0.24737054,,,,,
1658400,0.21009358,0.24734697,,,,,
1658500,0.17205913,,,0.17732647,,,
1658600,0.17159112,,,0.17732974,,,
1658700,0.17283161,,,0.17733005,,,
1658800,0.17256789,,,0.17732842,,,
1658900,0.17272847,,,0.17732746,,,
1659000,0.1721098,,,0.17732594,,,
1659100,0.18840749,,,0.17732912,,,
1659200,0.1743262,,,0.17732773,,,
1659300,0.21717861,0.24721943,,,,,
1659400,0.08397445,,0.12300162,,,,
1659500,0.17657741,,,0.17732403,,,
1659600,0.17109762,,,0.177324,,,
1659700,0.17929796,,,0.1773265,,,
1659800,0.17277107,,,0.17732746,,,
1659900,0.17286926,,,0.17732732,,,
1660000,0.1727459,,,0.17732662,,,
1660100,0.17487346,,,0.17732681,,,
1660200,0.22568449,0.24708414,,,,,
1660300,0.21828254,0.2470742,,,,,
1660400,0.083757744,,0.12291945,,,,
1660500,0.082797306,,0.12291007,,,,
1660600,0.20234114,,,0.17732851,,,
1660700,0.083378502,,0.12289399,,,,
1660800,0.21961183,0.24699504,,,,,
1660900,0.21041271,0.2469738,,,,,
1661000,0.082276026,,0.12286535,,,,
1661100,0.18218929,,,0.17732564,,,
1661200,0.084558741,,0.12285334,,,,
1661300,0.22133818,0.24691374,,,,,
1661400,0.083818651,,0.12283478,,,,
1661500,0.1718841,,,0.17732738,,,
1661600,0.17464451,,,0.17732829,,,
1661700,0.17775944,,,0.17733154,,,
1661800,0.21036509,0.24683326,,,,,
1661900,0.21417089,0.2468119,,,,,
1662000,0.21670446,0.2467971,,,,,
1662100,0.17727921,,,0.1773318,,,
1662200,0.21474592,0.24677106,,,,,
1662300,0.1718909,,,0.1773327,,,
1662400,0.08161165,,0.12275194,,,,
1662500,0.21533074,0.24671699,,,,,
1662600,0.1934838,,,0.17733341,,,
1662700,0.084893986,,0.12273112,,,,
1662800,0.22689357,0.2466842,,,,,
1662900,0.21524331,0.24666961,,,,,
1663000,0.10326896,,0.12270882,,,,
1663100,0.17423281,,,0.17732949,,,
1663200,0.17296799,,,0.17733009,,,
1663300,0.22308398,0.24661684,,,,,
1663400,0.21263776,0.24659928,,,,,
1663500,0.21155363,0.24658072,,,,,
1663600,0.21954223,,,0.177326,,,
1663700,0.17175402,,,0.17732656,,,
1663800,0.21043775,0.24653684,,,,,
1663900,0.2141493,0.2465166,,,,,
1664000,0.21772669,0.24650056,,,,,
1664100,0.19920751,,,0.17732432,,,
1664200,0.21275538,0.24648064,,,,,
1664300,0.23107622,0.2464681,,,,,
1664400,0.22916979,0.24645819,,,,,
1664500,0.17675933,,,0.1773198,,,
1664600,0.19633625,,,0.17731954,,,
1664700,0.22605725,0.2464187,,,,,
1664800,0.17431252,,,0.1773185,,,
1664900,0.21405992,0.24639763,,,,,
1665000,0.17252737,,,0.17731674,,,
1665100,0.18887059,,,0.17731822,,,
1665200,0.09135337,,0.12254994,,,,
1665300,0.21626717,0.24636067,,,,,
1665400,0.091220656,,0.12253517,,,,
1665500,0.21499617,0.24632627,,,,,
1665600,0.20249807,,,0.17731962,,,
1665700,0.085692203,,0.12251327,,,,
1665800,0.085039008,,0.12250634,,,,
1665900,0.21191998,0.24626303,,,,,
1666000,0.21199618,0.24624692,,,,,
1666100,0.17765926,,,0.17731829,,,
1666200,0.084743196,,0.12247426,,,,
1666300,0.17241746,,,0.17731616,,,
1666400,0.17181447,,,0.17731508,,,
1666500,0.087722025,,0.12244983,,,,
1666600,0.17374961,,,0.17731426,,,
1666700,0.096780657,,0.12243806,,,,
1666800,0.22365099,0.24614251,,,,,
1666900,0.21163381,0.24612382,,,,,
1667000,0.17266016,,,0.17731957,,,
1667100,0.18362631,,,0.17732201,,,
1667200,0.21684373,0.24608845,,,,,
1667300,0.084190389,,0.12239337,,,,
1667400,0.21466328,0.24605822,,,,,
1667500,0.084158527,,0.12237418,,,,
1667600,0.18486847,,,0.17732087,,,
1667700,0.21995138,0.24601688,,,,,
1667800,0.086216456,,0.12235459,,,,
1667900,0.21473765,0.24598622,,,,,
1668000,0.21285461,0.24596829,,,,,
1668100,0.19118097,,,0.17732404,,,
1668200,0.085695695,,0.12232262,,,,
1668300,0.21933342,0.24593196,,,,,
1668400,0.084469114,,0.12230591,,,,
1668500,0.17588593,,,0.17732148,,,
1668600,0.18220817,,,0.17732173,,,
1668700,0.086249961,,0.12228525,,,,
1668800,0.21117281,0.24586096,,,,,
1668900,0.0844884,,0.12226831,,,,
1669000,0.084083195,,0.1222592,,,,
1669100,0.20544478,,,0.17732218,,,
1669200,0.086741329,,0.12224715,,,,
1669300,0.22166211,0.24578921,,,,,
1669400,0.21266661,0.24577256,,,,,
1669500,0.21474477,0.24575475,,,,,
1669600,0.18361488,,,0.17732742,,,
1669700,0.087047136,,0.12220962,,,,
1669800,0.17196291,,,0.17732383,,,
1669900,0.094196641,,0.12219441,,,,
1670000,0.084103583,,0.12218576,,,,
1670100,0.20083923,,,0.17732654,,,
1670200,0.22528148,0.24567729,,,,,
1670300,0.17836551,,,0.17732788,,,
1670400,0.085944353,,0.12215677,,,,
1670500,0.17273623,,,0.17732585,,,
1670600,0.17903392,,,0.17733106,,,
1670700,0.17499636,,,0.17733039,,,
1670800,0.21957513,0.24561176,,,,,
1670900,0.21320991,0.24559712,,,,,
1671000,0.17316774,,,0.17732946,,,
1671100,0.17104506,,,0.17732884,,,
1671200,0.18019893,,,0.17733226,,,
1671300,0.22252611,0.24555019,,,,,
1671400,0.086858359,,0.12208472,,,,
1671500,0.17489848,,,0.17733115,,,
1671600,0.18775739,,,0.17733631,,,
1671700,0.17266269,,,0.17733583,,,
1671800,0.21739978,0.24548373,,,,,
1671900,0.22671151,0.24546864,,,,,
1672000,0.17318425,,,0.17733042,,,
1672100,0.18037338,,,0.17733032,,,
1672200,0.22377469,0.24544794,,,,,
1672300,0.17321434,,,0.17733762,,,
1672400,0.18686693,,,0.17733799,,,
1672500,0.17843854,,,0.17733737,,,
1672600,0.17141868,,,0.17734092,,,
1672700,0.21417471,0.2453825,,,,,
1672800,0.17464375,,,0.17733726,,,
1672900,0.1048577,,0.12198272,,,,
1673000,0.17476253,,,0.17733399,,,
1673100,0.17398302,,,0.1773351,,,
1673200,0.26540088,0.24535304,,,,,
1673300,0.231055,0.24535114,,,,,
1673400,0.17174784,,,0.17733496,,,
1673500,0.17180762,,,0.17733287,,,
1673600,0.17653753,,,0.17733398,,,
1673700,0.17667208,,,0.17733291,,,
1673800,0.21587973,0.24529011,,,,,
1673900,0.21488813,0.24527229,,,,,
1674000,0.086065447,,0.12190734,,,,
1674100,0.19479277,,,0.17733109,,,
1674200,0.21712867,0.24524594,,,,,
1674300,0.2264772,0.2452363,,,,,
1674400,0.2165646,0.24521966,,,,,
1674500,0.086289845,,0.12187084,,,,
1674600,0.21835123,0.24520244,,,,,
1674700,0.18927642,,,0.17732904,,,
1674800,0.17177673,,,0.17732867,,,
1674900,0.22320806,0.24516769,,,,,
1675000,0.17142753,,,0.17732568,,,
1675100,0.2135023,0.24514048,,,,,
1675200,0.18915578,,,0.17732616,,,
1675300,0.085565376,,0.12181813,,,,
1675400,0.21326439,0.2451002,,,,,
1675500,0.17175315,,,0.17732435,,,
1675600,0.088488581,,0.12179646,,,,
1675700,0.18059566,,,0.17732477,,,
1675800,0.21212044,0.24505238,,,,,
1675900,0.21004034,0.24503437,,,,,
1676000,0.21273837,0.24501825,,,,,
1676100,0.23520501,,,0.17732252,,,
1676200,0.21422181,0.24499369,,,,,
1676300,0.20841324,0.24498213,,,,,
1676400,0.2081651,0.24496141,,,,,
1676500,0.21144233,0.24494295,,,,,
1676600,0.081762855,,0.12171584,,,,
1676700,0.18148077,,,0.17732511,,,
1676800,0.1716679,,,0.17732318,,,
1676900,0.2082404,0.24488812,,,,,
1677000,0.20822314,0.24486899,,,,,
1677100,0.20549662,,,0.17732285,,,
1677200,0.083057718,,0.12167261,,,,
1677300,0.21663704,0.24483362,,,,,
1677400,0.21086863,0.24481518,,,,,
1677500,0.08600772,,0.1216476,,,,
1677600,0.2082792,,,0.17731761,,,
1677700,0.21664878,0.24477517,,,,,
1677800,0.21477512,0.24476094,,,,,
1677900,0.080977126,,0.12161927,,,,
1678000,0.08194428,,0.12160965,,,,
1678100,0.081614767,,0.12160068,,,,
1678200,0.21553764,0.24470223,,,,,
1678300,0.17159982,,,0.1773167,,,
1678400,0.20891009,0.24466956,,,,,
1678500,0.082894001,,0.12157142,,,,
1678600,0.1929945,,,0.1773175,,,
1678700,0.2097759,0.24462706,,,,,
1678800,0.1793808,,,0.17731444,,,
1678900,0.090789036,,0.12154167,,,,
1679000,0.17183637,,,0.17731205,,,
1679100,0.17213998,,,0.17731162,,,
1679200,0.092844059,,0.12152877,,,,
1679300,0.23555307,0.24456266,,,,,
1679400,0.22424782,0.24455935,,,,,
1679500,0.083884529,,0.12150457,,,,
1679600,0.22499995,,,0.17731506,,,
1679700,0.21815085,0.24452569,,,,,
1679800,0.17344883,,,0.17731584,,,
1679900,0.088270863,,0.12147621,,,,
1680000,0.17274976,,,0.17731447,,,
1680100,0.22793865,,,0.17731551,,,
1680200,0.083827302,,0.12145619,,,,
1680300,0.2390784,0.24445017,,,,,
1680400,0.085674236,,0.12144037,,,,
1680500,0.21332511,0.24442006,,,,,
1680600,0.17839296,,,0.17731017,,,
1680700,0.21067026,0.24439624,,,,,
1680800,0.20903982,0.24438101,,,,,
1680900,0.2084713,0.24436134,,,,,
1681000,0.21873303,0.2443461,,,,,
1681100,0.21016361,0.24433388,,,,,
1681200,0.21134917,0.24432479,,,,,
1681300,0.17243006,,,0.17730909,,,
1681400,0.089864796,,0.12136271,,,,
1681500,0.1727607,,,0.1773074,,,
1681600,0.20904006,0.24426037,,,,,
1681700,0.20988657,0.24425123,,,,,
1681800,0.17166797,,,0.17730547,,,
1681900,0.220839,0.24422184,,,,,
1682000,0.17182625,,,0.17730253,,,
1682100,0.081000896,,0.12130654,,,,
1682200,0.18136339,,,0.17730374,,,
1682300,0.08175743,,0.12129383,,,,
1682400,0.20944214,0.24414872,,,,,
1682500,0.17228065,,,0.17730138,,,
1682600,0.085142906,,0.12126742,,,,
1682700,0.17593457,,,0.17730244,,,
1682800,0.17354817,,,0.17730388,,,
1682900,0.2087029,0.24407429,,,,,
1683000,0.17227063,,,0.17730218,,,
1683100,0.21155254,0.24404081,,,,,
1683200,0.17583265,,,0.17730286,,,
1683300,0.081779042,,0.12121447,,,,
1683400,0.21791038,0.24400378,,,,,
1683500,0.22143601,0.24399367,,,,,
1683600,0.23592538,,,0.17730226,,,
1683700,0.22164016,0.24397209,,,,,
1683800,0.1722479,,,0.17730444,,,
1683900,0.08920165,,0.12117092,,,,
1684000,0.17591104,,,0.17730231,,,
1684100,0.22000177,0.24392748,,,,,
1684200,0.21975829,0.24392143,,,,,
1684300,0.22118178,0.24391289,,,,,
1684400,0.21393606,0.24389919,,,,,
1684500,0.092527809,,0.12113064,,,,
1684600,0.17180201,,,0.17729806,,,
1684700,0.23728913,0.24387678,,,,,
1684800,0.17236271,,,0.17730129,,,
1684900,0.085846326,,0.12110898,,,,
1685000,0.087159068,,0.1211007,,,,
1685100,0.1711964,,,0.17729758,,,
1685200,0.22793957,0.2438347,,,,,
1685300,0.17434635,,,0.17730098,,,
1685400,0.21983671,0.24381747,,,,,
1685500,0.17190372,,,0.17729889,,,
1685600,0.17740298,,,0.17729811,,,
1685700,0.22651717,0.24379541,,,,,
1685800,0.2374714,0.24379043,,,,,
1685900,0.22537428,0.24378922,,,,,
1686000,0.22198898,0.24378223,,,,,
1686100,0.17149701,,,0.17729793,,,
1686200,0.085170899,,0.12101832,,,,
1686300,0.17357412,,,0.1772998,,,
1686400,0.09020304,,0.12100455,,,,
1686500,0.17162784,,,0.17729667,,,
1686600,0.096011166,,0.12098889,,,,
1686700,0.17411871,,,0.17729752,,,
1686800,0.17221694,,,0.17729572,,,
1686900,0.08438118,,0.12097013,,,,
1687000,0.083645462,,0.12096056,,,,
1687100,0.21443585,0.24366233,,,,,
1687200,0.21587632,0.24365461,,,,,
1687300,0.086865137,,0.12094139,,,,
1687400,0.2154378,0.24363208,,,,,
1687500,0.23414148,0.24361696,,,,,
1687600,0.22077551,0.24360929,,,,,
1687700,0.18208504,,,0.17729639,,,
1687800,0.083324941,,0.12090531,,,,
1687900,0.083485657,,0.12089786,,,,
1688000,0.17442944,,,0.17729716,,,
1688100,0.21244849,0.24355009,,,,,
1688200,0.17158076,,,0.17729702,,,
1688300,0.083877195,,0.12086879,,,,
1688400,0.083389436,,0.12086195,,,,
1688500,0.17199229,,,0.1772966,,,
1688600,0.21118846,0.2434868,,,,,
1688700,0.18097761,,,0.17729625,,,
1688800,0.2112657,0.2434642,,,,,
1688900,0.21260779,0.2434517,,,,,
1689000,0.081324229,,0.12081344,,,,
1689100,0.1759897,,,0.17729139,,,
1689200,0.18310315,,,0.17729216,,,
1689300,0.083650003,,0.12079238,,,,
1689400,0.23004262,0.24339714,,,,,
1689500,0.21159403,0.24338743,,,,,
1689600,0.17464125,,,0.17728788,,,
1689700,0.18530575,,,0.17729148,,,
1689800,0.083555274,,0.12075955,,,,
1689900,0.21657617,0.24335249,,,,,
1690000,0.2113444,0.24333552,,,,,
1690100,0.17867908,,,0.17729079,,,
1690200,0.21378712,0.24331193,,,,,
1690300,0.081706541,,0.12072208,,,,
1690400,0.082497385,,0.12071488,,,,
1690500,0.17244849,,,0.17729339,,,
1690600,0.18236019,,,0.17729233,,,
1690700,0.18075821,,,0.17729557,,,
1690800,0.22644861,0.24323273,,,,,
1690900,0.22319706,0.24322294,,,,,
1691000,0.17337423,,,0.17729264,,,
1691100,0.082006598,,0.12066015,,,,
1691200,0.17334397,,,0.17729362,,,
1691300,0.17163204,,,0.17729301,,,
1691400,0.22951687,0.24316506,,,,,
1691500,0.17164719,,,0.17729093,,,
1691600,0.20934255,0.24313505,,,,,
1691700,0.1775526,,,0.1772916,,,
1691800,0.081374541,,0.1206071,,,,
1691900,0.21055262,0.24309862,,,,,
1692000,0.083111738,,0.12058965,,,,
1692100,0.21219806,0.24307015,,,,,
1692200,0.18194508,,,0.17728937,,,
1692300,0.1763489,,,0.17728951,,,
1692400,0.084407456,,0.12056369,,,,
1692500,0.083915222,,0.12055423,,,,
1692600,0.21104009,0.24301782,,,,,
1692700,0.17553447,,,0.17728932,,,
1692800,0.081661292,,0.12053367,,,,
1692900,0.20933897,0.24298636,,,,,
1693000,0.17484759,,,0.17728738,,,
1693100,0.20843658,0.24295203,,,,,
1693200,0.18046053,,,0.1772873,,,
1693300,0.2203809,0.2429315,,,,,
1693400,0.23304922,0.24292351,,,,,
1693500,0.17277709,,,0.17729229,,,
1693600,0.20903789,0.24289649,,,,,
1693700,0.19217717,,,0.17729239,,,
1693800,0.21779328,0.24287412,,,,,
1693900,0.20940825,0.24286276,,,,,
1694000,0.17203968,,,0.17729272,,,
1694100,0.2108589,0.24283099,,,,,
1694200,0.17236888,,,0.1772914,,,
1694300,0.21364167,0.24280996,,,,,
1694400,0.17443608,,,0.17729034,,,
1694500,0.20977677,0.24277575,,,,,
1694600,0.21962589,0.24276369,,,,,
1694700,0.20849367,0.24275412,,,,,
1694800,0.17528052,,,0.17729284,,,
1694900,0.083132169,,0.12037206,,,,
1695000,0.20805393,0.24270827,,,,,
1695100,0.21308274,0.24269505,,,,,
1695200,0.21700302,0.24268547,,,,,
1695300,0.17284742,,,0.17729437,,,
1695400,0.17178962,,,0.17729261,,,
1695500,0.080441976,,0.12032507,,,,
1695600,0.17144818,,,0.17729024,,,
1695700,0.21001615,0.24261578,,,,,
1695800,0.19353254,,,0.1772959,,,
1695900,0.21713741,0.24258386,,,,,
1696000,0.2205419,0.24256559,,,,,
1696100,0.1759151,,,0.17729245,,,
1696200,0.1718011,,,0.17729591,,,
1696300,0.17135396,,,0.17729451,,,
1696400,0.21981423,0.24251095,,,,,
1696500,0.17512235,,,0.1772921,,,
1696600,0.17152778,,,0.17729029,,,
1696700,0.085811709,,0.12024019,,,,
1696800,0.08527079,,0.12023357,,,,
1696900,0.21359655,0.24244197,,,,,
1697000,0.22016899,0.24242533,,,,,
1697100,0.17194399,,,0.17729274,,,
1697200,0.21334437,0.24240141,,,,,
1697300,0.18147596,,,0.17729655,,,
1697400,0.08557229,,0.12019275,,,,
1697500,0.17232353,,,0.17729676,,,
1697600,0.21269439,0.24234155,,,,,
1697700,0.21601512,0.24233323,,,,,
1697800,0.17204148,,,0.17730031,,,
