packet_index,eval_index,label,rmse,tanh_rmse
55000,0,0,0.016149654,0.01614825
55100,100,0,0.014252139,0.014251174
55200,200,0,0.011617857,0.011617335
55300,300,0,0.013349338,0.013348546
55400,400,0,0.010815954,0.010815533
55500,500,0,0.010983776,0.010983335
55600,600,0,0.014329967,0.014328986
55700,700,0,0.029108868,0.029100649
55800,800,0,0.013372599,0.013371802
55900,900,0,0.014568586,0.014567556
56000,1000,0,0.011060175,0.011059724
56100,1100,0,0.012012896,0.012012318
56200,1200,0,0.017467185,0.017465409
56300,1300,0,0.013839746,0.013838862
56400,1400,0,0.011889323,0.011888763
56500,1500,0,0.010994979,0.010994536
56600,1600,0,0.022835124,0.022831156
56700,1700,0,0.018464147,0.018462049
56800,1800,0,0.014534793,0.014533769
56900,1900,0,0.01400655,0.014005634
57000,2000,0,0.013188942,0.013188177
57100,2100,0,0.019726005,0.019723447
57200,2200,0,0.014420867,0.014419867
57300,2300,0,0.013852272,0.013851386
57400,2400,0,0.011977174,0.011976601
57500,2500,0,0.011282571,0.011282092
57600,2600,0,0.01282438,0.012823677
57700,2700,0,0.01488012,0.014879022
57800,2800,0,0.016423605,0.016422129
57900,2900,0,0.015521088,0.015519842
58000,3000,0,0.012026876,0.012026296
58100,3100,0,0.011882258,0.011881699
58200,3200,0,0.018612023,0.018609874
58300,3300,0,0.016845317,0.016843724
58400,3400,0,0.018797068,0.018794855
58500,3500,0,0.018647295,0.018645133
58600,3600,0,0.011932049,0.011931483
58700,3700,0,0.01516018,0.015159019
58800,3800,0,0.046488223,0.046454762
58900,3900,0,0.023038415,0.02303434
59000,4000,0,0.025626231,0.025620623
59100,4100,0,0.012922648,0.012921929
59200,4200,0,0.023099918,0.02309581
59300,4300,0,0.021273289,0.021270081
59400,4400,0,0.0289434,0.028935321
59500,4500,0,0.021336559,0.021333322
59600,4600,0,0.013182508,0.013181745
59700,4700,0,0.019094683,0.019092363
59800,4800,0,0.015528943,0.015527695
59900,4900,0,0.013725369,0.013724508
60000,5000,0,0.018148952,0.018146959
60100,5100,0,0.015687366,0.015686079
60200,5200,0,0.02094376,0.020940698
60300,5300,0,0.013826982,0.013826101
60400,5400,0,0.021077259,0.021074138
60500,5500,0,0.021428916,0.021425637
60600,5600,0,0.014729898,0.014728833
60700,5700,0,0.015414318,0.015413098
60800,5800,0,0.021881409,0.021877918
60900,5900,0,0.023024096,0.023020029
61000,6000,0,0.029626004,0.02961734
61100,6100,0,0.015624218,0.015622947
61200,6200,0,0.026040488,0.026034604
61300,6300,0,0.015830872,0.01582955
61400,6400,0,0.013670833,0.013669982
61500,6500,0,0.015464084,0.015462851
61600,6600,0,0.016997469,0.016995833
61700,6700,0,0.021912665,0.021909159
61800,6800,0,0.014312618,0.014311641
61900,6900,0,0.018432769,0.018430682
62000,7000,0,0.015638078,0.015636803
62100,7100,0,0.017358454,0.017356711
62200,7200,0,0.020220666,0.02021791
62300,7300,0,0.01729921,0.017297485
62400,7400,0,0.02410818,0.024103511
62500,7500,0,0.020869393,0.020866364
62600,7600,0,0.018311635,0.018309589
62700,7700,0,0.022477884,0.022474099
62800,7800,0,0.017602632,0.017600814
62900,7900,0,0.020335446,0.020332643
63000,8000,0,0.018630148,0.018627993
63100,8100,0,0.024674154,0.024669148
63200,8200,0,0.025956455,0.025950627
63300,8300,0,0.0181291,0.018127114
63400,8400,0,0.025768631,0.025762929
63500,8500,0,0.027720972,0.027713874
63600,8600,0,0.018174539,0.018172538
63700,8700,0,0.026585701,0.026579439
63800,8800,0,0.018250706,0.01824868
63900,8900,0,0.02764801,0.027640967
64000,9000,0,0.018403855,0.018401778
64100,9100,0,0.018795173,0.01879296
64200,9200,0,0.026887597,0.026881119
64300,9300,0,0.018330728,0.018328675
64400,9400,0,0.017192293,0.017190599
64500,9500,0,0.018320681,0.018318632
64600,9600,0,0.030540349,0.030530857
64700,9700,0,0.018473688,0.018471586
64800,9800,0,0.019344654,0.019342241
64900,9900,0,0.030022878,0.03001386
65000,10000,0,0.029115548,0.029107324
65100,10100,0,0.02232545,0.022321742
65200,10200,0,0.028273945,0.028266414
65300,10300,0,0.021493907,0.021490598
65400,10400,0,0.031510697,0.031500272
65500,10500,0,0.019732959,0.019730399
65600,10600,0,0.035456724,0.035441873
65700,10700,0,0.030152435,0.0301433
65800,10800,0,0.019322212,0.019319808
65900,10900,0,0.017637974,0.017636145
66000,11000,0,0.021443129,0.021439843
66100,11100,0,0.020749855,0.020746877
66200,11200,0,0.034566917,0.034553156
66300,11300,0,0.020154884,0.020152156
66400,11400,0,0.032139896,0.032128834
66500,11500,0,0.031761282,0.031750606
66600,11600,0,0.035250074,0.035235481
66700,11700,0,0.02367507,0.023670648
66800,11800,0,0.025319898,0.025314488
66900,11900,0,0.018501113,0.018499002
67000,12000,0,0.021462493,0.021459198
67100,12100,0,0.032348761,0.032337482
67200,12200,0,0.023190127,0.023185971
67300,12300,0,0.033131782,0.033119665
67400,12400,0,0.035587559,0.035572543
67500,12500,0,0.034620266,0.034606441
67600,12600,0,0.023228948,0.023224771
67700,12700,0,0.037419744,0.037402288
67800,12800,0,0.021866106,0.021862622
67900,12900,0,0.024134785,0.0241301
68000,13000,0,0.035913354,0.035897922
68100,13100,0,0.024799382,0.024794299
68200,13200,0,0.035630787,0.035615716
68300,13300,0,0.024736628,0.024731584
68400,13400,0,0.023167814,0.02316367
68500,13500,0,0.024824685,0.024819586
68600,13600,0,0.037331023,0.037313692
68700,13700,0,0.024690708,0.024685692
68800,13800,0,0.02557083,0.025565258
68900,13900,0,0.039333972,0.0393137
69000,14000,0,0.025163348,0.025158038
69100,14100,0,0.021236729,0.021233537
69200,14200,0,0.040277122,0.040255356
69300,14300,0,0.024350078,0.024345266
69400,14400,0,0.039027666,0.039007863
69500,14500,0,0.025695982,0.025690328
69600,14600,0,0.02699867,0.026992112
69700,14700,0,0.039497952,0.039477424
69800,14800,0,0.025506568,0.025501038
69900,14900,0,0.040729191,0.040706685
70000,15000,0,0.039754912,0.039733982
70100,15100,0,0.029758129,0.029749348
70200,15200,0,0.023046235,0.023042155
70300,15300,0,0.026985744,0.026979196
70400,15400,0,0.024786707,0.024781632
70500,15500,0,0.026173622,0.026167647
70600,15600,0,0.053362358,0.053311765
70700,15700,0,0.04338572,0.043358519
70800,15800,0,0.028158188,0.028150748
70900,15900,0,0.041636563,0.041612519
71000,16000,0,0.027457477,0.027450579
71100,16100,0,0.042052501,0.04202773
71200,16200,0,0.046123178,0.046090499
71300,16300,0,0.026520824,0.026514608
71400,16400,0,0.043305593,0.043278542
71500,16500,0,0.027838792,0.027831603
71600,16600,0,0.028448708,0.028441036
71700,16700,0,0.042965886,0.042939466
71800,16800,0,0.027643113,0.027636074
71900,16900,0,0.044580388,0.044550879
72000,17000,0,0.044369064,0.044339972
72100,17100,0,0.029960534,0.029951572
72200,17200,0,0.04407595,0.04404743
72300,17300,0,0.029493348,0.0294848
72400,17400,0,0.045831456,0.045799393
72500,17500,0,0.045594581,0.045563012
72600,17600,0,0.031705401,0.031694782
72700,17700,0,0.029573437,0.029564819
72800,17800,0,0.030105971,0.030096879
72900,17900,0,0.049794552,0.049753437
73000,18000,0,0.030718851,0.030709192
73100,18100,0,0.032443603,0.032432225
73200,18200,0,0.033194425,0.033182238
73300,18300,0,0.029038994,0.029030835
73400,18400,0,0.049934067,0.049892606
73500,18500,0,0.031808913,0.031798189
73600,18600,0,0.032348893,0.032337614
73700,18700,0,0.054324006,0.05427063
73800,18800,0,0.031415403,0.031405072
73900,18900,0,0.030218993,0.030209798
74000,19000,0,0.044418142,0.044388953
74100,19100,0,0.033121867,0.03310976
74200,19200,0,0.057284099,0.057221522
74300,19300,0,0.032591662,0.032580127
74400,19400,0,0.031843468,0.03183271
74500,19500,0,0.032294414,0.032283192
74600,19600,0,0.039497869,0.039477341
74700,19700,0,0.059943825,0.059872131
74800,19800,0,0.061895382,0.061816462
74900,19900,0,0.060959706,0.060884308
75000,20000,0,0.04323699,0.043210067
75100,20100,0,0.044083629,0.044055094
75200,20200,0,0.061876884,0.061798035
75300,20300,0,0.034349418,0.034335915
75400,20400,0,0.064326641,0.064238062
75500,20500,0,0.034246571,0.034233189
75600,20600,0,0.046339388,0.046306248
75700,20700,0,0.066026037,0.065930259
75800,20800,0,0.035251797,0.035237202
75900,20900,0,0.042998682,0.042972202
76000,21000,0,0.035033321,0.035018995
76100,21100,0,0.048957921,0.048918843
76200,21200,0,0.036057104,0.036041486
76300,21300,0,0.067526106,0.067423658
76400,21400,0,0.071819117,0.071695891
76500,21500,0,0.036286932,0.036271013
76600,21600,0,0.080960413,0.080783988
76700,21700,0,0.037019111,0.03700221
76800,21800,0,0.035186323,0.035171809
76900,21900,0,0.048711361,0.04867287
77000,22000,0,0.037168236,0.03715113
77100,22100,0,0.065451285,0.065357983
77200,22200,0,0.038657311,0.038638066
77300,22300,0,0.065019825,0.064928354
77400,22400,0,0.084162895,0.083964737
77500,22500,0,0.044396753,0.044367606
77600,22600,0,0.066510654,0.066412753
77700,22700,0,0.066537176,0.066439159
77800,22800,0,0.037578903,0.037561224
77900,22900,0,0.063484487,0.063399338
78000,23000,0,0.062359122,0.062278416
78100,23100,0,0.039024606,0.039004807
78200,23200,0,0.061865549,0.061786743
78300,23300,0,0.037850499,0.037832433
78400,23400,0,0.063452425,0.063367404
78500,23500,0,0.063047107,0.062963703
78600,23600,0,0.063588478,0.06350291
78700,23700,0,0.041267587,0.041244177
78800,23800,0,0.038304537,0.038285814
78900,23900,0,0.037431467,0.037413995
79000,24000,0,0.064576217,0.064486603
79100,24100,0,0.065914787,0.065819491
79200,24200,0,0.046271739,0.046238744
79300,24300,0,0.039244579,0.039224444
79400,24400,0,0.037883203,0.037865091
79500,24500,0,0.039669527,0.039648732
79600,24600,0,0.041454072,0.041430343
79700,24700,0,0.040695979,0.040673527
79800,24800,0,0.066414534,0.066317057
79900,24900,0,0.067339475,0.067237874
80000,25000,0,0.068468392,0.068361601
80100,25100,0,0.066806675,0.066707463
80200,25200,0,0.04492517,0.044894971
80300,25300,0,0.068440826,0.068334163
80400,25400,0,0.069344122,0.069233186
80500,25500,0,0.073902348,0.0737681
80600,25600,0,0.043627599,0.04359994
80700,25700,0,0.067578031,0.067475347
80800,25800,0,0.041598553,0.041574575
80900,25900,0,0.073076269,0.072946467
81000,26000,0,0.06998914,0.069875083
81100,26100,0,0.044061282,0.04403279
81200,26200,0,0.044896063,0.044865922
81300,26300,0,0.047045668,0.04701099
81400,26400,0,0.071849175,0.071725794
81500,26500,0,0.04618014,0.04614734
81600,26600,0,0.043868744,0.043840624
81700,26700,0,0.04906389,0.049024558
81800,26800,0,0.04310213,0.043075459
81900,26900,0,0.072313075,0.072187292
82000,27000,0,0.044239888,0.044211049
82100,27100,0,0.046669045,0.046635193
82200,27200,0,0.046586478,0.046552805
82300,27300,0,0.043982525,0.043954186
82400,27400,0,0.074437287,0.074300108
82500,27500,0,0.045083522,0.045053002
82600,27600,0,0.046366219,0.046333021
82700,27700,0,0.07430159,0.074165159
82800,27800,0,0.045433327,0.045402092
82900,27900,0,0.047416918,0.047381413
83000,28000,0,0.046272607,0.046239609
83100,28100,0,0.07678019,0.076629667
83200,28200,0,0.079427539,0.079260931
83300,28300,0,0.047359442,0.047324066
83400,28400,0,0.046035825,0.046003332
83500,28500,0,0.048084874,0.048047849
83600,28600,0,0.082011728,0.081828353
83700,28700,0,0.048549908,0.048511798
83800,28800,0,0.049699534,0.049658654
83900,28900,0,0.047335466,0.047300144
84000,29000,0,0.078877907,0.078714727
84100,29100,0,0.083651904,0.083457326
84200,29200,0,0.054124186,0.054071397
84300,29300,0,0.051491489,0.05144603
84400,29400,0,0.048233282,0.048195913
84500,29500,0,0.055236199,0.055180091
84600,29600,0,0.083002467,0.082812379
84700,29700,0,0.083593522,0.083399351
84800,29800,0,0.049229796,0.049190064
84900,29900,0,0.048037554,0.048000638
85000,30000,0,0.090963235,0.090713177
85100,30100,0,0.082805282,0.082616542
85200,30200,0,0.087856633,0.08763128
85300,30300,0,0.050209359,0.050167209
85400,30400,0,0.050601397,0.050558253
85500,30500,0,0.088228053,0.087999835
85600,30600,0,0.084719032,0.084516927
85700,30700,0,0.051277022,0.051232128
85800,30800,0,0.051005295,0.05096111
85900,30900,0,0.049652962,0.049612197
86000,31000,0,0.051713104,0.051667056
86100,31100,0,0.059481568,0.059411518
86200,31200,0,0.052397344,0.052349445
86300,31300,0,0.05460321,0.054549008
86400,31400,0,0.088336355,0.088107298
86500,31500,0,0.061898792,0.061819859
86600,31600,0,0.09643912,0.09614125
86700,31700,0,0.053170125,0.053120077
86800,31800,0,0.057794787,0.057730524
86900,31900,0,0.051261167,0.051216314
87000,32000,0,0.063331605,0.063247069
87100,32100,0,0.091119778,0.09086843
87200,32200,0,0.09191511,0.091657137
87300,32300,0,0.052955136,0.052905692
87400,32400,0,0.054278527,0.054225285
87500,32500,0,0.06579615,0.065701367
87600,32600,0,0.061722116,0.061643856
87700,32700,0,0.054727298,0.054672726
87800,32800,0,0.058728812,0.058661385
87900,32900,0,0.090781074,0.090532512
88000,33000,0,0.091265369,0.091012816
88100,33100,0,0.093010415,0.092743131
88200,33200,0,0.091657895,0.091402077
88300,33300,0,0.057489044,0.057425794
88400,33400,0,0.093435761,0.093164801
88500,33500,0,0.093448118,0.093177052
88600,33600,0,0.093434034,0.09316309
88700,33700,0,0.055966222,0.055907863
88800,33800,0,0.055712248,0.055654679
88900,33900,0,0.068308249,0.068202205
89000,34000,0,0.098575836,0.098257779
89100,34100,0,0.096968105,0.09666532
89200,34200,0,0.056512093,0.05645201
89300,34300,0,0.059115614,0.059046847
89400,34400,0,0.05629084,0.05623146
89500,34500,0,0.10022514,0.099890897
89600,34600,0,0.1005102,0.1001731
89700,34700,0,0.068979737,0.068870538
89800,34800,0,0.06117344,0.061097247
89900,34900,0,0.098287608,0.097972325
90000,35000,0,0.069027899,0.068918471
90100,35100,0,0.10065115,0.10031264
90200,35200,0,0.068179508,0.068074061
90300,35300,0,0.058104196,0.058038896
90400,35400,0,0.077070888,0.076918651
90500,35500,0,0.071690567,0.071568
90600,35600,0,0.099700297,0.09937126
90700,35700,0,0.10281845,0.10245766
90800,35800,0,0.058419496,0.058353128
90900,35900,0,0.058575941,0.058509039
91000,36000,0,0.073398554,0.073267029
91100,36100,0,0.10412423,0.10374956
91200,36200,0,0.059480453,0.059410406
91300,36300,0,0.059234387,0.059165206
91400,36400,0,0.058420425,0.058354054
91500,36500,0,0.075371702,0.075229299
91600,36600,0,0.076995136,0.076843347
91700,36700,0,0.10226173,0.10190675
91800,36800,0,0.059063996,0.058995409
91900,36900,0,0.10497682,0.10459289
92000,37000,0,0.06051641,0.060442643
92100,37100,0,0.061303647,0.061226967
92200,37200,0,0.10788146,0.10746488
92300,37300,0,0.060366363,0.060293143
92400,37400,0,0.10877409,0.10834711
92500,37500,0,0.062032419,0.061952974
92600,37600,0,0.06189847,0.061819538
92700,37700,0,0.11049062,0.11004318
92800,37800,0,0.060879071,0.060803971
92900,37900,0,0.060436309,0.060362834
93000,38000,0,0.079600109,0.079432413
93100,38100,0,0.11556291,0.1150512
93200,38200,0,0.11013342,0.10969028
93300,38300,0,0.06142456,0.061347425
93400,38400,0,0.062362054,0.062281337
93500,38500,0,0.091153614,0.090901986
93600,38600,0,0.11773169,0.11719074
93700,38700,0,0.063255937,0.063171703
93800,38800,0,0.062753195,0.062670951
93900,38900,0,0.06682408,0.066724791
94000,39000,0,0.063598359,0.063512751
94100,39100,0,0.079422558,0.07925598
94200,39200,0,0.10974645,0.10930795
94300,39300,0,0.063467601,0.06338252
94400,39400,0,0.062602437,0.062520784
94500,39500,0,0.083975752,0.083778911
94600,39600,0,0.064558468,0.064468929
94700,39700,0,0.079926947,0.079757182
94800,39800,0,0.063944064,0.063857054
94900,39900,0,0.11649529,0.11597114
95000,40000,0,0.065318401,0.065225666
95100,40100,0,0.12357631,0.12295108
95200,40200,0,0.065498768,0.065405263
95300,40300,0,0.10940711,0.10897266
95400,40400,0,0.064076606,0.063989055
95500,40500,0,0.075942934,0.075797274
95600,40600,0,0.10736045,0.10694985
95700,40700,0,0.06598922,0.065893601
95800,40800,0,0.066511631,0.066413726
95900,40900,0,0.065597294,0.065503367
96000,41000,0,0.11509331,0.11458779
96100,41100,0,0.10779566,0.10738007
96200,41200,0,0.067113023,0.067012441
96300,41300,0,0.066366529,0.066269263
96400,41400,0,0.067044291,0.066944018
96500,41500,0,0.067697865,0.067594635
96600,41600,0,0.11237872,0.11190803
96700,41700,0,0.0688226,0.068714145
96800,41800,0,0.067732143,0.067628756
96900,41900,0,0.065764259,0.065669614
97000,42000,0,0.10487688,0.10449405
97100,42100,0,0.10611675,0.10572021
97200,42200,0,0.076005762,0.075859741
97300,42300,0,0.07608886,0.07594236
97400,42400,0,0.075915189,0.075769689
97500,42500,0,0.11214652,0.11167873
97600,42600,0,0.11085148,0.11039965
97700,42700,0,0.10444929,0.1040711
97800,42800,0,0.11534254,0.11483375
97900,42900,0,0.07854861,0.078387462
98000,43000,0,0.069261045,0.069150506
98100,43100,0,0.074205543,0.074069639
98200,43200,0,0.089759319,0.089519038
98300,43300,0,0.089926366,0.089684744
98400,43400,0,0.11437797,0.11388179
98500,43500,0,0.06892267,0.068813742
98600,43600,0,0.11074648,0.11029593
98700,43700,0,0.10675065,0.10634699
98800,43800,0,0.074685763,0.074547207
98900,43900,0,0.074183891,0.074048106
99000,44000,0,0.10935267,0.10891886
99100,44100,0,0.070168392,0.070053458
99200,44200,0,0.064533418,0.064443983
99300,44300,0,0.08478778,0.084585184
99400,44400,0,0.10947219,0.10903697
99500,44500,0,0.10532917,0.10494137
99600,44600,0,0.071189666,0.071069647
99700,44700,0,0.07398253,0.073847846
99800,44800,0,0.10415863,0.10378358
99900,44900,0,0.070986207,0.070867213
100000,45000,0,0.10707826,0.10667089
100100,45100,0,0.071379057,0.071258078
100200,45200,0,0.10465965,0.10427918
100300,45300,0,0.089709919,0.089470034
100400,45400,0,0.10906871,0.10863826
100500,45500,0,0.11272892,0.11225382
100600,45600,0,0.072314573,0.072188782
100700,45700,0,0.07298138,0.072852082
100800,45800,0,0.073620762,0.073488041
100900,45900,0,0.070433325,0.070317086
101000,46000,0,0.10389781,0.10352556
101100,46100,0,0.056881552,0.056820285
101200,46200,0,0.07367837,0.073545338
101300,46300,0,0.07401929,0.073884405
101400,46400,0,0.11764914,0.11710932
101500,46500,0,0.071016141,0.070896996
101600,46600,0,0.073760392,0.073626916
101700,46700,0,0.10234941,0.10199352
101800,46800,0,0.073342134,0.073210912
101900,46900,0,0.076592883,0.076443457
102000,47000,0,0.10064308,0.10030465
102100,47100,0,0.10422435,0.1038486
102200,47200,0,0.10826062,0.10783964
102300,47300,0,0.075314804,0.075172723
102400,47400,0,0.074558174,0.074420326
102500,47500,0,0.075375521,0.075233097
102600,47600,0,0.10042027,0.10008407
102700,47700,0,0.0424874,0.042461852
102800,47800,0,0.075533476,0.075390156
102900,47900,0,0.1013176,0.10097233
103000,48000,0,0.10081379,0.10047363
103100,48100,0,0.10126386,0.10091914
103200,48200,0,0.07607818,0.075931742
103300,48300,0,0.076349365,0.076201357
103400,48400,0,0.10399804,0.10362472
103500,48500,0,0.075851155,0.075706022
103600,48600,0,0.076472848,0.076324122
103700,48700,0,0.10130885,0.10096367
103800,48800,0,0.081468184,0.081288425
103900,48900,0,0.041408317,0.041384666
104000,49000,0,0.076418415,0.076270007
104100,49100,0,0.046487281,0.046453822
104200,49200,0,0.10439498,0.10401739
104300,49300,0,0.097391943,0.09708518
104400,49400,0,0.041196888,0.041173597
104500,49500,0,0.077535413,0.077380412
104600,49600,0,0.046352452,0.046319284
104700,49700,0,0.042974789,0.042948353
104800,49800,0,0.1041893,0.10381393
104900,49900,0,0.079365343,0.079199125
105000,50000,0,0.041744474,0.041720243
105100,50100,0,0.10598113,0.10558611
105200,50200,0,0.10471614,0.10433505
105300,50300,0,0.10446794,0.10408956
105400,50400,0,0.041634522,0.041610481
105500,50500,0,0.10599242,0.10559728
105600,50600,0,0.10710261,0.10669495
105700,50700,0,0.12269511,0.1220831
105800,50800,0,0.12745411,0.12676842
105900,50900,0,0.043816525,0.043788506
106000,51000,0,0.079850427,0.079681147
106100,51100,0,0.079577564,0.079410011
106200,51200,0,0.10708962,0.10668211
106300,51300,0,0.043753736,0.043725837
106400,51400,0,0.081940668,0.081757769
106500,51500,0,0.080162251,0.079990984
106600,51600,0,0.047388464,0.047353023
106700,51700,0,0.063217222,0.063133142
106800,51800,0,0.056447094,0.056387219
106900,51900,0,0.080659804,0.080485334
107000,52000,0,0.10749674,0.10708459
107100,52100,0,0.11389662,0.11340665
107200,52200,0,0.1097676,0.10932886
107300,52300,0,0.046628225,0.046594461
107400,52400,0,0.10854089,0.10811664
107500,52500,0,0.081959873,0.081776845
107600,52600,0,0.10823888,0.10781815
107700,52700,0,0.10870682,0.10828063
107800,52800,0,0.11318026,0.11269946
107900,52900,0,0.082030102,0.081846604
108000,53000,0,0.049020708,0.04898148
108100,53100,0,0.10964007,0.10920284
108200,53200,0,0.10989958,0.10945925
108300,53300,0,0.11739512,0.11685878
108400,53400,0,0.082378717,0.082192874
108500,53500,0,0.1097881,0.10934911
108600,53600,0,0.082992012,0.082801995
108700,53700,0,0.10956674,0.10913039
108800,53800,0,0.045356294,0.045325217
108900,53900,0,0.091812356,0.091555245
109000,54000,0,0.048481161,0.048443213
109100,54100,0,0.11024987,0.10980533
109200,54200,0,0.11132651,0.11086887
109300,54300,0,0.047112463,0.047077637
109400,54400,0,0.08936047,0.089123371
109500,54500,0,0.084113831,0.083916018
109600,54600,0,0.11375496,0.11326682
109700,54700,0,0.11865989,0.11810609
109800,54800,0,0.092746794,0.092481771
109900,54900,0,0.11204305,0.11157655
110000,55000,0,0.084686447,0.084484575
110100,55100,0,0.11082986,0.11037829
110200,55200,0,0.11143152,0.11097259
110300,55300,0,0.11248046,0.11200849
110400,55400,0,0.09136048,0.091107139
110500,55500,0,0.085095595,0.084890789
110600,55600,0,0.11422558,0.11373138
110700,55700,0,0.11373149,0.11324365
110800,55800,0,0.11940804,0.11884374
110900,55900,0,0.065030533,0.064939017
111000,56000,0,0.056092956,0.056034199
111100,56100,0,0.086783034,0.086565825
111200,56200,0,0.052200361,0.052152999
111300,56300,0,0.046291944,0.046258906
111400,56400,0,0.085294463,0.08508822
111500,56500,0,0.049767057,0.049726011
111600,56600,0,0.11466356,0.11416367
111700,56700,0,0.11412057,0.11362773
111800,56800,0,0.11445407,0.1139569
111900,56900,0,0.11445176,0.11395462
112000,57000,0,0.11546962,0.11495915
112100,57100,0,0.11435365,0.11385779
112200,57200,0,0.11428551,0.11379053
112300,57300,0,0.11672359,0.11619637
112400,57400,0,0.11520846,0.11470143
112500,57500,0,0.1195327,0.11896664
112600,57600,0,0.11665986,0.1161335
112700,57700,0,0.047703728,0.047667575
112800,57800,0,0.087248182,0.087027469
112900,57900,0,0.11697627,0.11644563
113000,58000,0,0.051375427,0.051330274
113100,58100,0,0.087979502,0.087753204
113200,58200,0,0.11960355,0.11903648
113300,58300,0,0.11756897,0.11703025
113400,58400,0,0.087489625,0.087267078
113500,58500,0,0.11790951,0.11736611
113600,58600,0,0.08853167,0.088301094
113700,58700,0,0.12240601,0.12179831
113800,58800,0,0.11810793,0.1175618
113900,58900,0,0.093957444,0.093681932
114000,59000,0,0.1282392,0.12754082
114100,59100,0,0.12890412,0.12819487
114200,59200,0,0.12112082,0.12053199
114300,59300,0,0.11930463,0.11874179
114400,59400,0,0.088503744,0.088273385
114500,59500,0,0.089863077,0.089621963
114600,59600,0,0.064500768,0.064411468
114700,59700,0,0.12684703,0.12617105
114800,59800,0,0.13174401,0.13098706
114900,59900,0,0.12613624,0.12547151
115000,60000,0,0.1233163,0.12269499
115100,60100,0,0.12683137,0.12615563
115200,60200,0,0.12088416,0.12029876
115300,60300,0,0.12321112,0.12259139
115400,60400,0,0.090107577,0.089864494
115500,60500,0,0.12190594,0.12130562
115600,60600,0,0.062632514,0.062550743
115700,60700,0,0.12972468,0.12900186
115800,60800,0,0.1418473,0.14090354
115900,60900,0,0.12358744,0.12296204
116000,61000,0,0.091619494,0.091363997
116100,61100,0,0.062206007,0.062125894
116200,61200,0,0.12918813,0.12847419
116300,61300,0,0.10043608,0.10009972
116400,61400,0,0.065745387,0.065650824
116500,61500,0,0.09151887,0.091264211
116600,61600,0,0.150286,0.14916469
116700,61700,0,0.056626227,0.05656578
116800,61800,0,0.06475805,0.064667679
116900,61900,0,0.097001277,0.096698181
117000,62000,0,0.065991503,0.065895875
117100,62100,0,0.12295186,0.12233603
117200,62200,0,0.058834342,0.058766551
117300,62300,0,0.058670635,0.058603408
117400,62400,0,0.092593729,0.092330013
117500,62500,0,0.12451792,0.12387835
117600,62600,0,0.061289939,0.06121331
117700,62700,0,0.071737176,0.07161437
117800,62800,0,0.064739141,0.064648849
117900,62900,0,0.092467927,0.092205282
118000,63000,0,0.066381523,0.066284191
118100,63100,0,0.12733174,0.12664802
118200,63200,0,0.064804196,0.064713632
118300,63300,0,0.12664998,0.12597713
118400,63400,0,0.09301723,0.092749887
118500,63500,0,0.094189768,0.093912211
118600,63600,0,0.1300021,0.12927465
118700,63700,0,0.13678236,0.13593566
118800,63800,0,0.13124051,0.13049217
118900,63900,0,0.072876551,0.072747809
119000,64000,0,0.083198315,0.08300688
119100,64100,0,0.13338303,0.13259761
119200,64200,0,0.076126299,0.075979583
119300,64300,0,0.079526734,0.079359502
119400,64400,0,0.09417284,0.093895433
119500,64500,0,0.13798659,0.13711744
119600,64600,0,0.14921023,0.14811267
119700,64700,0,0.13222348,0.13145828
119800,64800,0,0.11812567,0.11757929
119900,64900,0,0.099716784,0.099387584
120000,65000,0,0.14424413,0.14325198
120100,65100,0,0.1576558,0.15636246
120200,65200,0,0.1420314,0.14108398
120300,65300,0,0.1402885,0.13937536
120400,65400,0,0.095928904,0.095635725
120500,65500,0,0.096091854,0.095797183
120600,65600,0,0.14152247,0.14058514
120700,65700,0,0.13787015,0.13700319
120800,65800,0,0.15401925,0.15281282
120900,65900,0,0.078242287,0.078083015
121000,66000,0,0.09637199,0.096074741
121100,66100,0,0.096984498,0.096681559
121200,66200,0,0.14315175,0.14218185
121300,66300,0,0.12797051,0.12727648
121400,66400,0,0.079511093,0.079343959
121500,66500,0,0.13718392,0.13632977
121600,66600,0,0.14053997,0.13962193
121700,66700,0,0.13773203,0.13686766
121800,66800,0,0.16981148,0.16819786
121900,66900,0,0.10622278,0.10582506
122000,67000,0,0.14116403,0.14023378
122100,67100,0,0.14121234,0.14028113
122200,67200,0,0.13999101,0.13908363
122300,67300,0,0.088843642,0.088610624
122400,67400,0,0.094126257,0.09384926
122500,67500,0,0.098245109,0.097930234
122600,67600,0,0.14514635,0.14413558
122700,67700,0,0.10655003,0.10614863
122800,67800,0,0.10041897,0.10008279
122900,67900,0,0.16121494,0.15983263
123000,68000,0,0.15928869,0.15795501
123100,68100,0,0.09965356,0.099324985
123200,68200,0,0.15224727,0.15108175
123300,68300,0,0.10092754,0.10058624
123400,68400,0,0.14953658,0.14843186
123500,68500,0,0.099021335,0.098698957
123600,68600,0,0.098594371,0.098276135
123700,68700,0,0.15336575,0.15217451
123800,68800,0,0.15059996,0.14947164
123900,68900,0,0.15483333,0.15360779
124000,69000,0,0.15434647,0.15313238
124100,69100,0,0.10062267,0.10028444
124200,69200,0,0.14935189,0.14825123
124300,69300,0,0.15321334,0.15202563
124400,69400,0,0.099881517,0.099550687
124500,69500,0,0.16316893,0.16173611
124600,69600,0,0.10152108,0.10117374
124700,69700,0,0.10166222,0.10131343
124800,69800,0,0.16208461,0.16067997
124900,69900,0,0.15465867,0.15343724
125000,70000,0,0.10284969,0.10248857
125100,70100,0,0.10285897,0.10249775
125200,70200,0,0.15727112,0.15598716
125300,70300,0,0.10110702,0.10076389
125400,70400,0,0.10240366,0.1020472
125500,70500,0,0.15783223,0.15653457
125600,70600,0,0.10145517,0.1011085
125700,70700,0,0.17157159,0.16990767
125800,70800,0,0.15888784,0.15756415
125900,70900,0,0.15767909,0.15638518
126000,71000,0,0.17118641,0.16953359
126100,71100,0,0.10220806,0.10185364
126200,71200,0,0.1591548,0.15782447
126300,71300,0,0.10133157,0.10098616
126400,71400,0,0.15710449,0.15582459
126500,71500,0,0.10224168,0.1018869
126600,71600,0,0.10217692,0.10182282
126700,71700,0,0.1632754,0.1618398
126800,71800,0,0.10227361,0.10191851
126900,71900,0,0.16586597,0.16436145
127000,72000,0,0.15976269,0.15841715
127100,72100,0,0.10306817,0.10270475
127200,72200,0,0.16481554,0.16333923
127300,72300,0,0.1025769,0.10221863
127400,72400,0,0.10777137,0.10735605
127500,72500,0,0.10270298,0.10234339
127600,72600,0,0.10364417,0.10327464
127700,72700,0,0.15961039,0.15826868
127800,72800,0,0.10277992,0.10241953
127900,72900,0,0.11184788,0.11138379
128000,73000,0,0.1033762,0.10300952
128100,73100,0,0.10361424,0.10324503
128200,73200,0,0.16509486,0.16361107
128300,73300,0,0.10329815,0.1029323
128400,73400,0,0.16422008,0.16275959
128500,73500,0,0.10361658,0.10324735
128600,73600,0,0.17402075,0.17228513
128700,73700,0,0.11451338,0.11401545
128800,73800,0,0.10456247,0.10418306
128900,73900,0,0.12215175,0.12154781
129000,74000,0,0.17509677,0.17332902
129100,74100,0,0.10452776,0.10414872
129200,74200,0,0.17400096,0.17226593
129300,74300,0,0.16615893,0.16464648
129400,74400,0,0.1072758,0.10686617
129500,74500,0,0.18400548,0.18195654
129600,74600,0,0.1819322,0.17995115
129700,74700,0,0.18172683,0.17975242
129800,74800,0,0.1756579,0.17387324
129900,74900,0,0.11586115,0.11534549
130000,75000,0,0.17649277,0.17468276
130100,75100,0,0.10774548,0.10733047
130200,75200,0,0.170351,0.16872208
130300,75300,0,0.10583785,0.10544443
130400,75400,0,0.16647675,0.16495567
130500,75500,0,0.16576369,0.16426193
130600,75600,0,0.10622603,0.10582828
130700,75700,0,0.18771071,0.18553667
130800,75800,0,0.1057442,0.10535182
130900,75900,0,0.16824085,0.16667126
131000,76000,0,0.11239977,0.11192881
131100,76100,0,0.10627802,0.10587968
131200,76200,0,0.16783294,0.16627467
131300,76300,0,0.17201485,0.1703381
131400,76400,0,0.16924013,0.16764263
131500,76500,0,0.10742665,0.1070153
131600,76600,0,0.10907164,0.10864116
131700,76700,0,0.17256542,0.17087265
131800,76800,0,0.11880173,0.11824596
131900,76900,0,0.17342945,0.17171133
132000,77000,0,0.18830414,0.1861096
132100,77100,0,0.10830384,0.10788236
132200,77200,0,0.14129566,0.14036281
132300,77300,0,0.17502471,0.17325912
132400,77400,0,0.10765289,0.10723894
132500,77500,0,0.18334489,0.18131775
132600,77600,0,0.18271437,0.18070788
132700,77700,0,0.17673715,0.17491967
132800,77800,0,0.10741234,0.10700115
132900,77900,0,0.17964964,0.1777416
133000,78000,0,0.10971392,0.10927582
133100,78100,0,0.10924353,0.10881102
133200,78200,0,0.17658576,0.1747729
133300,78300,0,0.10869021,0.10826422
133400,78400,0,0.12383837,0.12320917
133500,78500,0,0.10817703,0.10775702
133600,78600,0,0.18241626,0.18041949
133700,78700,0,0.17713168,0.1753021
133800,78800,0,0.11085016,0.11039834
133900,78900,0,0.10826131,0.10784033
134000,79000,0,0.10899084,0.10856131
134100,79100,0,0.10915212,0.10872069
134200,79200,0,0.13339763,0.13261196
134300,79300,0,0.18457039,0.18250269
134400,79400,0,0.18430542,0.18224653
134500,79500,0,0.1341167,0.13331832
134600,79600,0,0.13398498,0.13318893
134700,79700,0,0.19216914,0.18983803
134800,79800,0,0.11078956,0.11033849
134900,79900,0,0.19360862,0.19122525
135000,80000,0,0.19495707,0.19252406
135100,80100,0,0.11022734,0.10978308
135200,80200,0,0.18701572,0.18486551
135300,80300,0,0.14152728,0.14058986
135400,80400,0,0.18960151,0.18736173
135500,80500,0,0.11028564,0.10984068
135600,80600,0,0.11057424,0.11012578
135700,80700,0,0.19496518,0.19253187
135800,80800,0,0.1124105,0.11193941
135900,80900,0,0.19406689,0.19166673
136000,81000,0,0.11097607,0.11052272
136100,81100,0,0.11095579,0.11050269
136200,81200,0,0.16272902,0.16130768
136300,81300,0,0.16433458,0.16287105
136400,81400,0,0.10992803,0.10948736
136500,81500,0,0.1113017,0.11084436
136600,81600,0,0.15824961,0.1569417
136700,81700,0,0.16469845,0.16322525
136800,81800,0,0.15794662,0.15664616
136900,81900,0,0.11053516,0.11008718
137000,82000,0,0.20872319,0.20574406
137100,82100,0,0.20337927,0.20062077
137200,82200,0,0.15986948,0.15852127
137300,82300,0,0.21227266,0.20914078
137400,82400,0,0.11085193,0.11040009
137500,82500,0,0.22085482,0.21733266
137600,82600,0,0.23018035,0.22619948
137700,82700,0,0.21070627,0.20764242
137800,82800,0,0.22845491,0.22456169
137900,82900,0,0.11794638,0.11740247
138000,83000,0,0.17584991,0.17405944
138100,83100,0,0.17317704,0.17146635
138200,83200,0,0.21639794,0.21308221
138300,83300,0,0.22617937,0.2223998
138400,83400,0,0.21855962,0.21514478
138500,83500,0,0.11787248,0.1173296
138600,83600,0,0.11308744,0.11260781
138700,83700,0,0.2228142,0.21919869
138800,83800,0,0.11237063,0.11190004
138900,83900,0,0.22652403,0.22272739
139000,84000,0,0.11434906,0.11385326
139100,84100,0,0.18774548,0.18557024
139200,84200,0,0.22511895,0.22139159
139300,84300,0,0.18535166,0.18325783
139400,84400,0,0.11687094,0.11634172
139500,84500,0,0.24544403,0.24063123
139600,84600,0,0.23913793,0.23468133
139700,84700,0,0.19163463,0.18932273
139800,84800,0,0.19335336,0.19097932
139900,84900,0,0.11351239,0.11302735
140000,85000,0,0.1139191,0.11342884
140100,85100,0,0.11444191,0.1139449
140200,85200,0,0.24990095,0.24482555
140300,85300,0,0.20167334,0.19898294
140400,85400,0,0.23677945,0.2324515
140500,85500,0,0.11452024,0.11402221
140600,85600,0,0.19819663,0.19564159
140700,85700,0,0.2366176,0.2322984
140800,85800,0,0.11409033,0.11359788
140900,85900,0,0.24376371,0.23904757
141000,86000,0,0.11473591,0.11423507
141100,86100,0,0.1985549,0.19598612
141200,86200,0,0.24862139,0.24362231
141300,86300,0,0.11504361,0.11453875
141400,86400,0,0.24274245,0.23808443
141500,86500,0,0.25468544,0.24931797
141600,86600,0,0.11674603,0.1162185
141700,86700,0,0.24318792,0.2385046
141800,86800,0,0.11492255,0.11441927
141900,86900,0,0.20521436,0.20238135
142000,87000,0,0.26444626,0.25844954
142100,87100,0,0.11603466,0.11551669
142200,87200,0,0.24484247,0.24006442
142300,87300,0,0.11603137,0.11551344
142400,87400,0,0.24969763,0.24463441
142500,87500,0,0.1162178,0.11569738
142600,87600,0,0.11626316,0.11574213
142700,87700,0,0.20671689,0.2038219
142800,87800,0,0.11631813,0.11579636
142900,87900,0,0.25350001,0.24820589
143000,88000,0,0.2554778,0.25006092
143100,88100,0,0.27144469,0.26496861
143200,88200,0,0.26142442,0.25562736
143300,88300,0,0.25535234,0.24994331
143400,88400,0,0.11584055,0.11532516
143500,88500,0,0.26715349,0.26097417
143600,88600,0,0.25836467,0.25276532
143700,88700,0,0.25318382,0.24790916
143800,88800,0,0.26471222,0.25869772
143900,88900,0,0.11653891,0.11601417
144000,89000,0,0.2670679,0.2608944
144100,89100,0,0.25881429,0.25318616
144200,89200,0,0.21908612,0.21564685
144300,89300,0,0.2576461,0.25209254
144400,89400,0,0.11693977,0.11640962
144500,89500,0,0.22196422,0.2183894
144600,89600,0,0.26652903,0.26039215
144700,89700,0,0.22244101,0.21884341
144800,89800,0,0.22415183,0.22047168
144900,89900,0,0.12036146,0.11978359
145000,90000,0,0.26484427,0.25882093
145100,90100,0,0.27721591,0.27032639
145200,90200,0,0.26107198,0.25529792
145300,90300,0,0.11805241,0.11750704
145400,90400,0,0.26954826,0.26320444
145500,90500,0,0.11795119,0.11740721
145600,90600,0,0.11866017,0.11810637
145700,90700,0,0.23192129,0.22785069
145800,90800,0,0.27213206,0.2656076
145900,90900,0,0.11782041,0.11727824
146000,91000,0,0.28528647,0.27779073
146100,91100,0,0.11892908,0.11837152
146200,91200,0,0.27843675,0.27145764
146300,91300,0,0.26880446,0.26251203
146400,91400,0,0.11810217,0.11755612
146500,91500,0,0.27474091,0.26803072
146600,91600,0,0.11970256,0.11913409
146700,91700,0,0.28053965,0.27340446
146800,91800,0,0.27884202,0.27183301
146900,91900,0,0.11852764,0.11797568
147000,92000,0,0.23625715,0.23195737
147100,92100,0,0.23654616,0.23223081
147200,92200,0,0.28049041,0.27335891
147300,92300,0,0.27820751,0.27124528
147400,92400,0,0.11922447,0.11866276
147500,92500,0,0.27840748,0.27143053
147600,92600,0,0.28171405,0.27449073
147700,92700,0,0.24408373,0.23934928
147800,92800,0,0.30480646,0.295705
147900,92900,0,0.11938518,0.1188212
148000,93000,0,0.28462006,0.27717564
148100,93100,0,0.12055356,0.11997293
148200,93200,0,0.24595054,0.24110835
148300,93300,0,0.29324772,0.28512126
148400,93400,0,0.11976901,0.1191996
148500,93500,0,0.29344829,0.28530552
148600,93600,0,0.12081646,0.12023203
148700,93700,0,0.29820781,0.28967166
148800,93800,0,0.30742868,0.29809607
148900,93900,0,0.12023286,0.11965683
149000,94000,0,0.31006586,0.30049702
149100,94100,0,0.12110171,0.12051315
149200,94200,0,0.29469606,0.28645132
149300,94300,0,0.12155825,0.12096304
149400,94400,0,0.30133537,0.29253418
149500,94500,0,0.12136795,0.12077552
149600,94600,0,0.33008512,0.31859726
149700,94700,0,0.25444444,0.24909193
149800,94800,0,0.30579736,0.29660898
149900,94900,0,0.12328231,0.12266152
150000,95000,0,0.30064404,0.29190189
150100,95100,0,0.12177745,0.12117902
150200,95200,0,0.3009469,0.29217892
150300,95300,0,0.25254995,0.24731415
150400,95400,0,0.12322953,0.12260953
150500,95500,0,0.31704655,0.30683396
150600,95600,0,0.25375549,0.24844562
150700,95700,0,0.30308067,0.29412931
150800,95800,0,0.30170225,0.29286963
150900,95900,0,0.12132518,0.12073337
151000,96000,0,0.30291225,0.29397545
151100,96100,0,0.30050311,0.29177296
151200,96200,0,0.26355954,0.25762187
151300,96300,0,0.12296717,0.1223511
151400,96400,0,0.12694873,0.12627113
151500,96500,0,0.2618614,0.25603574
151600,96600,0,0.32058958,0.31003993
151700,96700,0,0.31322836,0.3033712
151800,96800,0,0.30190872,0.29305838
151900,96900,0,0.12472573,0.12408296
152000,97000,0,0.30420312,0.29515432
152100,97100,0,0.30244592,0.29354937
152200,97200,0,0.30555958,0.29639211
152300,97300,0,0.27442365,0.26773623
152400,97400,0,0.13797811,0.13710912
152500,97500,0,0.26681132,0.26065528
152600,97600,0,0.12577245,0.12511344
152700,97700,0,0.30745516,0.29812019
152800,97800,0,0.12400927,0.12337748
152900,97900,0,0.3032556,0.2942891
153000,98000,0,0.26726008,0.2610735
153100,98100,0,0.33640431,0.32426354
153200,98200,0,0.26798909,0.26175269
153300,98300,0,0.31159266,0.30188531
153400,98400,0,0.12629532,0.12562808
153500,98500,0,0.32357134,0.31273257
153600,98600,0,0.31164768,0.30193531
153700,98700,0,0.30781839,0.29845111
153800,98800,0,0.31637535,0.30622583
153900,98900,0,0.12371719,0.12308983
154000,99000,0,0.30759992,0.29825209
154100,99100,0,0.30857375,0.29913903
154200,99200,0,0.3184014,0.30806074
154300,99300,0,0.31967373,0.30921188
154400,99400,0,0.13002535,0.12929751
154500,99500,0,0.31100641,0.30135239
154600,99600,0,0.1266366,0.12596397
154700,99700,0,0.31077442,0.30114145
154800,99800,0,0.31252864,0.30273575
154900,99900,0,0.12411091,0.12347757
155000,100000,0,0.32742333,0.31620363
155100,100100,0,0.321727,0.31106765
155200,100200,0,0.27411036,0.26744537
155300,100300,0,0.31253724,0.30274355
155400,100400,0,0.12589623,0.12523528
155500,100500,0,0.27681331,0.26995317
155600,100600,0,0.12742579,0.12674055
155700,100700,0,0.27744802,0.27054152
155800,100800,0,0.12517255,0.12452288
155900,100900,0,0.12539175,0.12473868
156000,101000,0,0.32159066,0.3109445
156100,101100,0,0.12608778,0.12542381
156200,101200,0,0.27865438,0.27165922
156300,101300,0,0.31546971,0.30540489
156400,101400,0,0.12671055,0.12603674
156500,101500,0,0.12679244,0.12611733
156600,101600,0,0.27694535,0.27007558
156700,101700,0,0.28036076,0.27323894
156800,101800,0,0.27826909,0.27130233
156900,101900,0,0.12586314,0.1252027
157000,102000,0,0.12623759,0.12557126
157100,102100,0,0.28201057,0.27476488
157200,102200,0,0.32740465,0.31618681
157300,102300,0,0.2802322,0.27311997
157400,102400,0,0.12669155,0.12601804
157500,102500,0,0.33648076,0.32433195
157600,102600,0,0.1270106,0.12633201
157700,102700,0,0.33223865,0.32053087
157800,102800,0,0.12652378,0.12585294
157900,102900,0,0.31907256,0.30866808
158000,103000,0,0.3336822,0.32182551
158100,103100,0,0.34996934,0.33634835
158200,103200,0,0.28166695,0.27444718
158300,103300,0,0.32483052,0.31386815
158400,103400,0,0.13463708,0.13382941
158500,103500,0,0.13448743,0.13368243
158600,103600,0,0.12824339,0.12754494
158700,103700,0,0.32061261,0.31006074
158800,103800,0,0.32175096,0.31108929
158900,103900,0,0.12770476,0.12701504
159000,104000,0,0.33202631,0.32034033
159100,104100,0,0.3300494,0.31856516
159200,104200,0,0.27709088,0.27021049
159300,104300,0,0.31788763,0.30759566
159400,104400,0,0.13060494,0.12986737
159500,104500,0,0.32268746,0.31193491
159600,104600,0,0.32622899,0.31512829
159700,104700,0,0.27699814,0.27012452
159800,104800,0,0.3269659,0.31579187
159900,104900,0,0.1342233,0.13342302
160000,105000,0,0.12831058,0.12761104
160100,105100,0,0.12896837,0.12825806
160200,105200,0,0.32745348,0.31623076
160300,105300,0,0.12804593,0.12735069
160400,105400,0,0.12824432,0.12754585
160500,105500,0,0.12832176,0.12762204
160600,105600,0,0.32183146,0.311162
160700,105700,0,0.32039764,0.30986643
160800,105800,0,0.1291442,0.128431
160900,105900,0,0.13277343,0.13199868
161000,106000,0,0.13028183,0.12954969
161100,106100,0,0.13023532,0.12950397
161200,106200,0,0.32462766,0.31368526
161300,106300,0,0.12905153,0.12833985
161400,106400,0,0.12793871,0.1272452
161500,106500,0,0.12891508,0.12820564
161600,106600,0,0.27613639,0.26932546
161700,106700,0,0.31370071,0.30380002
161800,106800,0,0.13175836,0.13100117
161900,106900,0,0.1289359,0.12822612
162000,107000,0,0.34220026,0.32944028
162100,107100,0,0.3181178,0.30780404
162200,107200,0,0.13035486,0.1296215
162300,107300,0,0.32548125,0.31445465
162400,107400,0,0.12887604,0.12816724
162500,107500,0,0.3585866,0.34396847
162600,107600,0,0.27474675,0.26803614
162700,107700,0,0.1346469,0.13383906
162800,107800,0,0.27352897,0.26690549
162900,107900,0,0.13393411,0.13313896
163000,108000,0,0.12979751,0.12907347
163100,108100,0,0.13077096,0.13003059
163200,108200,0,0.27512689,0.26838893
163300,108300,0,0.32254758,0.31180864
163400,108400,0,0.13247732,0.13170772
163500,108500,0,0.31830208,0.30797084
163600,108600,0,0.13064505,0.1299068
163700,108700,0,0.33842108,0.32606707
163800,108800,0,0.13211758,0.1313542
163900,108900,0,0.32484279,0.31387921
164000,109000,0,0.13713287,0.13627968
164100,109100,0,0.27376125,0.2671212
164200,109200,0,0.26914715,0.26283108
164300,109300,0,0.26857229,0.26229584
164400,109400,0,0.31098631,0.30133411
164500,109500,0,0.31423475,0.30428469
164600,109600,0,0.1311964,0.1304488
164700,109700,0,0.31340995,0.30353607
164800,109800,0,0.32935567,0.3179417
164900,109900,0,0.32074142,0.31017717
165000,110000,0,0.13057675,0.12983965
165100,110100,0,0.13125159,0.13050306
165200,110200,0,0.27041524,0.26401117
165300,110300,0,0.13112821,0.13038178
165400,110400,0,0.26567968,0.25960021
165500,110500,0,0.13310207,0.13232158
165600,110600,0,0.30987495,0.30032333
165700,110700,0,0.31013569,0.30056053
165800,110800,0,0.31764001,0.30737145
165900,110900,0,0.30904852,0.29957125
166000,111000,0,0.31637588,0.30622631
166100,111100,0,0.13228115,0.13151495
166200,111200,0,0.33014557,0.31865158
166300,111300,0,0.26463412,0.25862485
166400,111400,0,0.16063161,0.15926415
166500,111500,0,0.13648247,0.1356413
166600,111600,0,0.31769786,0.30742383
166700,111700,0,0.13294308,0.13216538
166800,111800,0,0.13216778,0.13140354
166900,111900,0,0.13414231,0.13334347
167000,112000,0,0.13363236,0.13284255
167100,112100,0,0.31599537,0.30588144
167200,112200,0,0.31843562,0.30809172
167300,112300,0,0.32449969,0.31356988
167400,112400,0,0.15954107,0.15820109
167500,112500,0,0.26806601,0.26182433
167600,112600,0,0.26713846,0.26096016
167700,112700,0,0.26672481,0.26057464
167800,112800,0,0.13706152,0.13620964
167900,112900,0,0.14089119,0.13996629
168000,113000,0,0.32150373,0.31086596
168100,113100,0,0.3182685,0.30794045
168200,113200,0,0.13321465,0.13243219
168300,113300,0,0.31378466,0.30387622
168400,113400,0,0.30844218,0.29901923
168500,113500,0,0.13728448,0.13642847
168600,113600,0,0.33529917,0.32327425
168700,113700,0,0.33121441,0.31961155
168800,113800,0,0.13443613,0.13363205
168900,113900,0,0.30775642,0.29839465
169000,114000,0,0.26327074,0.25735222
169100,114100,0,0.2643461,0.25835608
169200,114200,0,0.26310051,0.25719325
169300,114300,0,0.13539841,0.13457703
169400,114400,0,0.31729752,0.30706129
169500,114500,0,0.32147075,0.31083617
169600,114600,0,0.31282293,0.30300304
169700,114700,0,0.13408709,0.13328922
169800,114800,0,0.1362446,0.1354078
169900,114900,0,0.2634459,0.25751576
170000,115000,0,0.13420231,0.1334024
170100,115100,0,0.33274584,0.32098588
170200,115200,0,0.32618897,0.31509225
170300,115300,0,0.31563664,0.30555624
170400,115400,0,0.26081589,0.2550585
170500,115500,0,0.13731947,0.1364628
170600,115600,0,0.25827393,0.25268038
170700,115700,0,0.25646924,0.25099014
170800,115800,0,0.13598992,0.13515778
170900,115900,0,0.19391412,0.19151956
171000,116000,0,0.13877394,0.1378899
171100,116100,0,0.25726094,0.25173181
171200,116200,0,0.32419913,0.31329885
171300,116300,0,0.13531993,0.13449997
171400,116400,0,0.17009272,0.16847114
171500,116500,0,0.13570446,0.13487752
171600,116600,0,0.30836468,0.29894866
171700,116700,0,0.25521232,0.24981203
171800,116800,0,0.13508498,0.13426926
171900,116900,0,0.25768848,0.25213222
172000,117000,0,0.25812559,0.2525415
172100,117100,0,0.2560677,0.25061386
172200,117200,0,0.29790509,0.28939432
172300,117300,0,0.13634173,0.13550314
172400,117400,0,0.14487328,0.14386818
172500,117500,0,0.25458478,0.24922356
172600,117600,0,0.25622609,0.25076229
172700,117700,0,0.30481276,0.29571075
172800,117800,0,0.13628353,0.13544601
172900,117900,0,0.13986433,0.1389594
173000,118000,0,0.14118801,0.14025728
173100,118100,0,0.25597384,0.25052589
173200,118200,0,0.30259541,0.29368596
173300,118300,0,0.31086791,0.30122646
173400,118400,0,0.29882741,0.29023916
173500,118500,0,0.14858323,0.14749937
173600,118600,0,0.33044598,0.31892145
173700,118700,0,0.30224102,0.29336211
173800,118800,0,0.31008126,0.30051102
173900,118900,0,0.305189,0.29605405
174000,119000,0,0.13543696,0.13461487
174100,119100,0,0.25389764,0.24857899
174200,119200,0,0.3089086,0.29944388
174300,119300,0,0.1380561,0.13718564
174400,119400,0,0.30436731,0.2953042
174500,119500,0,0.14629614,0.1452613
174600,119600,0,0.31208818,0.30233559
174700,119700,0,0.13663693,0.13579291
174800,119800,0,0.29383626,0.28566187
174900,119900,0,0.29501448,0.28674358
175000,120000,0,0.29449663,0.28626824
175100,120100,0,0.30022829,0.29152152
175200,120200,0,0.29113256,0.28317689
175300,120300,0,0.13760842,0.13674636
175400,120400,0,0.29323649,0.28511095
175500,120500,0,0.1389748,0.13808694
175600,120600,0,0.29754089,0.28906058
175700,120700,0,0.30355068,0.2945586
175800,120800,0,0.2933226,0.28519005
175900,120900,0,0.30302697,0.29408026
176000,121000,0,0.2908851,0.28294925
176100,121100,0,0.24556949,0.24074942
176200,121200,0,0.13741449,0.13655605
176300,121300,0,0.29409471,0.28589921
176400,121400,0,0.29045903,0.28255725
176500,121500,0,0.29044178,0.28254138
176600,121600,0,0.13863294,0.13775159
176700,121700,0,0.26605158,0.25994702
176800,121800,0,0.30138262,0.29257739
176900,121900,0,0.17209295,0.17041393
177000,122000,0,0.28977373,0.28192654
177100,122100,0,0.29329801,0.28516747
177200,122200,0,0.14075372,0.13983151
177300,122300,0,0.30385289,0.29483456
177400,122400,0,0.31408599,0.30414969
177500,122500,0,0.13731798,0.13646134
177600,122600,0,0.29821179,0.2896753
177700,122700,0,0.24419196,0.2394513
177800,122800,0,0.25515998,0.24976295
177900,122900,0,0.34480544,0.33176072
178000,123000,0,0.25019439,0.24510139
178100,123100,0,0.29470801,0.28646229
178200,123200,0,0.29479825,0.28654512
178300,123300,0,0.29108254,0.28313087
178400,123400,0,0.29394802,0.28576451
178500,123500,0,0.13781175,0.13694588
178600,123600,0,0.13856134,0.13768134
178700,123700,0,0.29318084,0.28505982
178800,123800,0,0.23901456,0.23456475
178900,123900,0,0.29426612,0.2860566
179000,124000,0,0.2406196,0.2360809
179100,124100,0,0.28942689,0.28160724
179200,124200,0,0.28826058,0.28053307
179300,124300,0,0.29053996,0.28263171
179400,124400,0,0.24084555,0.23629424
179500,124500,0,0.13834762,0.13747166
179600,124600,0,0.23863753,0.23420842
179700,124700,0,0.29724465,0.28878907
179800,124800,0,0.24153846,0.23694836
179900,124900,0,0.23899345,0.23454479
180000,125000,0,0.23799157,0.23359781
180100,125100,0,0.23862452,0.23419613
180200,125200,0,0.29502251,0.28675095
180300,125300,0,0.23721298,0.23286157
180400,125400,0,0.23644755,0.23213751
180500,125500,0,0.13965592,0.13875501
180600,125600,0,0.29886967,0.29027787
180700,125700,0,0.14001583,0.13910798
180800,125800,0,0.23616296,0.23186825
180900,125900,0,0.23584731,0.23156954
181000,126000,0,0.13940597,0.13850986
181100,126100,0,0.23768168,0.23330481
181200,126200,0,0.28796377,0.28025959
181300,126300,0,0.29111329,0.28315917
181400,126400,0,0.3004723,0.29174477
181500,126500,0,0.29613393,0.28777066
181600,126600,0,0.3008076,0.2920515
181700,126700,0,0.14027427,0.1393614
181800,126800,0,0.23642611,0.23211723
181900,126900,0,0.30278604,0.29386015
182000,127000,0,0.15035473,0.14923189
182100,127100,0,0.29791726,0.28940547
182200,127200,0,0.14067189,0.13975127
182300,127300,0,0.2997053,0.2910429
182400,127400,0,0.29436486,0.28614727
182500,127500,0,0.2346892,0.23047325
182600,127600,0,0.23711694,0.23277073
182700,127700,0,0.24034473,0.23582134
182800,127800,0,0.30045489,0.29172885
182900,127900,0,0.30167529,0.29284498
183000,128000,0,0.15034065,0.14921811
183100,128100,0,0.24310688,0.23842818
183200,128200,0,0.14106744,0.14013908
183300,128300,0,0.29187384,0.28385858
183400,128400,0,0.32163632,0.31098574
183500,128500,0,0.3320993,0.32040583
183600,128600,0,0.15635678,0.15509494
183700,128700,0,0.2408646,0.23631223
183800,128800,0,0.23499176,0.23075971
183900,128900,0,0.23258674,0.2284815
184000,129000,0,0.14900215,0.14790916
184100,129100,0,0.30959277,0.30006658
184200,129200,0,0.14109483,0.14016593
184300,129300,0,0.23161663,0.22756183
184400,129400,0,0.14110618,0.14017706
184500,129500,0,0.16195006,0.16054889
184600,129600,0,0.22938633,0.22544595
184700,129700,0,0.28170311,0.27448061
184800,129800,0,0.29114946,0.28319244
184900,129900,0,0.22591304,0.22214663
185000,130000,0,0.28845458,0.28071179
185100,130100,0,0.14131511,0.14038188
185200,130200,0,0.2892528,0.28144694
185300,130300,0,0.22752288,0.22367647
185400,130400,0,0.28423445,0.27681961
185500,130500,0,0.28663151,0.27903152
185600,130600,0,0.22517544,0.22144531
185700,130700,0,0.29861164,0.29004156
185800,130800,0,0.30117618,0.29238861
185900,130900,0,0.14924686,0.14814851
186000,131000,0,0.282656,0.27536148
186100,131100,0,0.30253276,0.29362872
186200,131200,0,0.31887314,0.30848766
186300,131300,0,0.28791029,0.28021031
186400,131400,0,0.21700044,0.21365727
186500,131500,0,0.1481623,0.14708758
186600,131600,0,0.28570577,0.27817763
186700,131700,0,0.27416773,0.26749864
186800,131800,0,0.21681236,0.21347777
186900,131900,0,0.21468688,0.21144824
187000,132000,0,0.27805045,0.27109977
187100,132100,0,0.1421558,0.1412059
187200,132200,0,0.29160471,0.28361112
187300,132300,0,0.21622128,0.21291355
187400,132400,0,0.14609807,0.1450674
187500,132500,0,0.14176403,0.14082192
187600,132600,0,0.14362426,0.14264478
187700,132700,0,0.30070069,0.29195371
187800,132800,0,0.28361137,0.27624418
187900,132900,0,0.14236561,0.14141153
188000,133000,0,0.21171548,0.20860791
188100,133100,0,0.14797868,0.14690793
188200,133200,0,0.1458839,0.14485772
188300,133300,0,0.21201133,0.20889087
188400,133400,0,0.14397761,0.14299092
188500,133500,0,0.26710215,0.26092633
188600,133600,0,0.28811971,0.28040328
188700,133700,0,0.14331819,0.14234493
188800,133800,0,0.20924691,0.20624556
188900,133900,0,0.20990501,0.20687558
189000,134000,0,0.26794437,0.26171104
189100,134100,0,0.28309496,0.27576711
189200,134200,0,0.3029557,0.29401515
189300,134300,0,0.35582073,0.34152752
189400,134400,0,0.30032496,0.29160996
189500,134500,0,0.26309356,0.25718676
189600,134600,0,0.29894954,0.290351
189700,134700,0,0.14436932,0.14337461
189800,134800,0,0.27434343,0.26766176
189900,134900,0,0.14955964,0.14845441
190000,135000,0,0.26884052,0.26254561
190100,135100,0,0.28723089,0.27958414
190200,135200,0,0.14452934,0.14353133
190300,135300,0,0.25947049,0.25380019
190400,135400,0,0.14792863,0.14685896
190500,135500,0,0.26839677,0.26213239
190600,135600,0,0.27250076,0.26595026
190700,135700,0,0.1441349,0.143145
190800,135800,0,0.27075874,0.2643307
190900,135900,0,0.14415811,0.14316774
191000,136000,0,0.26137751,0.25558352
191100,136100,0,0.14883618,0.14774682
191200,136200,0,0.14561983,0.14459919
191300,136300,0,0.25911018,0.25346306
191400,136400,0,0.14494641,0.14393979
191500,136500,0,0.2586912,0.25307096
191600,136600,0,0.19497965,0.19254581
191700,136700,0,0.14421989,0.14322824
191800,136800,0,0.26584481,0.2597542
191900,136900,0,0.14795279,0.14688259
192000,137000,0,0.15576657,0.15451888
192100,137100,0,0.15119924,0.15005748
192200,137200,0,0.2817667,0.27453941
192300,137300,0,0.23594929,0.23166605
192400,137400,0,0.27736889,0.27046818
192500,137500,0,0.28804987,0.28033893
192600,137600,0,0.14445005,0.14345368
192700,137700,0,0.14481491,0.14381101
192800,137800,0,0.28220808,0.27494748
192900,137900,0,0.14579843,0.14477405
193000,138000,0,0.26415003,0.25817308
193100,138100,0,0.3288974,0.3175297
193200,138200,0,0.21312348,0.20995425
193300,138300,0,0.19649723,0.19400669
193400,138400,0,0.28122179,0.2740355
193500,138500,0,0.14428226,0.14328933
193600,138600,0,0.14446279,0.14346616
193700,138700,0,0.14582681,0.14480184
193800,138800,0,0.25112192,0.245973
193900,138900,0,0.26223283,0.25638279
194000,139000,0,0.15379599,0.15259477
194100,139100,0,0.15807623,0.15677259
194200,139200,0,0.20886075,0.20587579
194300,139300,0,0.2487946,0.24378524
194400,139400,0,0.31910348,0.30869606
194500,139500,0,0.25214094,0.24693012
194600,139600,0,0.14523584,0.1442232
194700,139700,0,0.14668984,0.14564667
194800,139800,0,0.31636984,0.30622084
194900,139900,0,0.25021324,0.2451191
195000,140000,0,0.2501646,0.24507338
195100,140100,0,0.14526816,0.14425486
195200,140200,0,0.14568098,0.14465906
195300,140300,0,0.24430874,0.23956138
195400,140400,0,0.25395311,0.24863104
195500,140500,0,0.15119138,0.1500498
195600,140600,0,0.14929992,0.1482004
195700,140700,0,0.14921838,0.14812065
195800,140800,0,0.17618884,0.17438808
195900,140900,0,0.14594001,0.14491266
196000,141000,0,0.26182121,0.25599818
196100,141100,0,0.14626788,0.14523363
196200,141200,0,0.16953113,0.16792544
196300,141300,0,0.24226201,0.23763117
196400,141400,0,0.14923275,0.14813471
196500,141500,0,0.15925366,0.15792086
196600,141600,0,0.16726961,0.16572685
196700,141700,0,0.16786124,0.16630218
196800,141800,0,0.23798739,0.23359385
196900,141900,0,0.16653052,0.16500798
197000,142000,0,0.17975128,0.17784003
197100,142100,0,0.14626738,0.14523314
197200,142200,0,0.15015926,0.14904076
197300,142300,0,0.23778721,0.23340459
197400,142400,0,0.23413632,0.22994966
197500,142500,0,0.23530418,0.23105547
197600,142600,0,0.24047226,0.23594177
197700,142700,0,0.14651236,0.14547295
197800,142800,0,0.25682209,0.25132073
197900,142900,0,0.1495596,0.14845437
198000,143000,0,0.14586572,0.14483993
198100,143100,0,0.14909408,0.14799908
198200,143200,0,0.15587304,0.1546228
198300,143300,0,0.15490874,0.15368142
198400,143400,0,0.1492997,0.14820019
198500,143500,0,0.15113036,0.14999015
198600,143600,0,0.24394201,0.23921567
198700,143700,0,0.14797824,0.1469075
198800,143800,0,0.23425409,0.2300612
198900,143900,0,0.16546058,0.16396699
199000,144000,0,0.14641572,0.14537835
199100,144100,0,0.147048,0.14599721
199200,144200,0,0.14968652,0.14857849
199300,144300,0,0.22371205,0.22005324
199400,144400,0,0.22580173,0.22204081
199500,144500,0,0.14742455,0.14636571
199600,144600,0,0.23358438,0.22942685
199700,144700,0,0.14729122,0.14623523
199800,144800,0,0.14121219,0.14028098
199900,144900,0,0.15908984,0.15776112
200000,145000,0,0.21976557,0.21629461
200100,145100,0,0.22496231,0.22124262
200200,145200,0,0.13751867,0.13665829
200300,145300,0,0.1371694,0.13631553
200400,145400,0,0.1324754,0.13170583
200500,145500,0,0.15047812,0.14935253
200600,145600,0,0.1507677,0.14963563
200700,145700,0,0.22291029,0.21929017
200800,145800,0,0.21636824,0.21305385
200900,145900,0,0.2104717,0.20741795
201000,146000,0,0.14727346,0.14621785
201100,146100,0,0.14934497,0.14824446
201200,146200,0,0.23790471,0.23351569
201300,146300,0,0.21313883,0.20996892
201400,146400,0,0.21084971,0.20777967
201500,146500,0,0.20869663,0.20571863
201600,146600,0,0.21954411,0.2160835
201700,146700,0,0.12845778,0.12775583
201800,146800,0,0.21584243,0.21255185
201900,146900,0,0.16520653,0.16371976
202000,147000,0,0.12285034,0.12223602
202100,147100,0,0.21148176,0.20838436
202200,147200,0,0.14860061,0.14751638
202300,147300,0,0.13012218,0.12939272
202400,147400,0,0.20490407,0.20208375
202500,147500,0,0.14855583,0.14747258
202600,147600,0,0.15008186,0.14896508
202700,147700,0,0.11766665,0.11712659
202800,147800,0,0.20899268,0.20600213
202900,147900,0,0.14940678,0.14830491
203000,148000,0,0.2061824,0.20330956
203100,148100,0,0.1207199,0.12013687
203200,148200,0,0.20690916,0.20400618
203300,148300,0,0.2062204,0.20334599
203400,148400,0,0.22955827,0.22560915
203500,148500,0,0.14902809,0.14793453
203600,148600,0,0.21018257,0.20714124
203700,148700,0,0.21021648,0.2071737
203800,148800,0,0.11554999,0.11503845
203900,148900,0,0.2070493,0.20414048
204000,149000,0,0.16109082,0.15971168
204100,149100,0,0.20530825,0.20247138
204200,149200,0,0.21409015,0.21087812
204300,149300,0,0.23805775,0.23366038
204400,149400,0,0.21321293,0.21003975
204500,149500,0,0.2198343,0.21636013
204600,149600,0,0.11535218,0.11484325
204700,149700,0,0.1493106,0.14821085
204800,149800,0,0.22813975,0.2242624
204900,149900,0,0.14990976,0.14879679
205000,150000,0,0.21634167,0.21302849
205100,150100,0,0.11678281,0.11625479
205200,150200,0,0.14925557,0.14815702
205300,150300,0,0.1122711,0.11180175
205400,150400,0,0.21262656,0.20947918
205500,150500,0,0.21569989,0.21241574
205600,150600,0,0.21731468,0.21395715
205700,150700,0,0.15014451,0.14902634
205800,150800,0,0.11597763,0.11546041
205900,150900,0,0.14909158,0.14799663
206000,151000,0,0.15107876,0.14993971
206100,151100,0,0.12396633,0.12333518
206200,151200,0,0.21519593,0.21193447
206300,151300,0,0.1165521,0.11602719
206400,151400,0,0.11938157,0.11881764
206500,151500,0,0.11700659,0.11647554
206600,151600,0,0.11644903,0.11592551
206700,151700,0,0.14980506,0.14869441
206800,151800,0,0.14657565,0.1455349
206900,151900,0,0.15055199,0.14942474
207000,152000,0,0.14955937,0.14845414
207100,152100,0,0.22583536,0.22207278
207200,152200,0,0.21155527,0.20845467
207300,152300,0,0.11883049,0.11827431
207400,152400,0,0.22493325,0.22121498
207500,152500,0,0.15223805,0.15107274
207600,152600,0,0.14996677,0.14885254
207700,152700,0,0.15249792,0.15132667
207800,152800,0,0.25169285,0.24650931
207900,152900,0,0.15237449,0.15120607
208000,153000,0,0.14964618,0.14853904
208100,153100,0,0.22221865,0.21863168
208200,153200,0,0.15108545,0.14994625
208300,153300,0,0.22480265,0.22109077
208400,153400,0,0.15008819,0.14897126
208500,153500,0,0.15004636,0.14893036
208600,153600,0,0.24468408,0.23991515
208700,153700,0,0.15032265,0.14920052
208800,153800,0,0.22073884,0.21722215
208900,153900,0,0.22836484,0.22447616
209000,154000,0,0.12697948,0.12630139
209100,154100,0,0.21744428,0.21408081
209200,154200,0,0.15043161,0.14930705
209300,154300,0,0.22174082,0.21817664
209400,154400,0,0.1177253,0.11718444
209500,154500,0,0.12643743,0.12576795
209600,154600,0,0.15628534,0.15502522
209700,154700,0,0.23043375,0.2264399
209800,154800,0,0.22199851,0.21842206
209900,154900,0,0.1504246,0.14930019
210000,155000,0,0.24777472,0.24282573
210100,155100,0,0.24123143,0.23665855
210200,155200,0,0.29860263,0.29003331
210300,155300,0,0.27487546,0.26815561
210400,155400,0,0.15286588,0.15168619
210500,155500,0,0.1517934,0.15063821
210600,155600,0,0.15413598,0.15292682
210700,155700,0,0.14554791,0.14452878
210800,155800,0,0.14573294,0.14470994
210900,155900,0,0.14689855,0.14585094
211000,156000,0,0.24052483,0.23599141
211100,156100,0,0.1513362,0.15019136
211200,156200,0,0.13755952,0.13669838
211300,156300,0,0.1377003,0.13683652
211400,156400,0,0.14146886,0.1405326
211500,156500,0,0.1454697,0.14445219
211600,156600,0,0.13821473,0.13734128
211700,156700,0,0.15581535,0.15456649
211800,156800,0,0.13858369,0.13770326
211900,156900,0,0.16006638,0.15871322
212000,157000,0,0.24080538,0.23625632
212100,157100,0,0.13459784,0.13379087
212200,157200,0,0.24250343,0.23785894
212300,157300,0,0.13848572,0.13760715
212400,157400,0,0.23611504,0.2318229
212500,157500,0,0.13300929,0.13223042
212600,157600,0,0.15651245,0.15524687
212700,157700,0,0.15538116,0.15414265
212800,157800,0,0.12289571,0.12228072
212900,157900,0,0.16210471,0.16069956
213000,158000,0,0.22186813,0.21829789
213100,158100,0,0.23530026,0.23105176
213200,158200,0,0.23235582,0.22826262
213300,158300,0,0.22016576,0.21667605
213400,158400,0,0.21466984,0.21143195
213500,158500,0,0.11288043,0.11240342
213600,158600,0,0.15522941,0.1539945
213700,158700,0,0.1540994,0.15289109
213800,158800,0,0.10933639,0.10890278
213900,158900,0,0.2152031,0.21194132
214000,159000,0,0.16185481,0.16045609
214100,159100,0,0.23499653,0.23076423
214200,159200,0,0.21310729,0.20993877
214300,159300,0,0.21224837,0.20911756
214400,159400,0,0.15771473,0.15641995
214500,159500,0,0.11253295,0.11206032
214600,159600,0,0.12335868,0.12273673
214700,159700,0,0.20933448,0.2063294
214800,159800,0,0.098831792,0.098511257
214900,159900,0,0.13082846,0.13008711
215000,160000,0,0.10924808,0.10881552
215100,160100,0,0.15398855,0.15278283
215200,160200,0,0.2047508,0.20193673
215300,160300,0,0.20975518,0.20673216
215400,160400,0,0.15598969,0.15473667
215500,160500,0,0.20088842,0.19822898
215600,160600,0,0.15519271,0.15395867
215700,160700,0,0.097411485,0.097104538
215800,160800,0,0.20343133,0.20067073
215900,160900,0,0.15619335,0.15493544
216000,161000,0,0.10460019,0.10422037
216100,161100,0,0.20913669,0.20614002
216200,161200,0,0.1532743,0.15208518
216300,161300,0,0.20204143,0.19933643
216400,161400,0,0.20116159,0.1984914
216500,161500,0,0.20674183,0.2038458
216600,161600,0,0.15758324,0.15629167
216700,161700,0,0.20936269,0.20635641
216800,161800,0,0.21080186,0.20773388
216900,161900,0,0.21431292,0.21109097
217000,162000,0,0.095129966,0.094844035
217100,162100,0,0.096576436,0.096277295
217200,162200,0,0.094611707,0.094330413
217300,162300,0,0.096226331,0.095930424
217400,162400,0,0.2064113,0.20352898
217500,162500,0,0.20133986,0.19866264
217600,162600,0,0.15567,0.15442461
217700,162700,0,0.15407468,0.15286695
217800,162800,0,0.21557829,0.21229963
217900,162900,0,0.11285108,0.11237445
218000,163000,0,0.1131662,0.11268557
218100,163100,0,0.15593458,0.15468287
218200,163200,0,0.21166753,0.20856205
218300,163300,0,0.20039048,0.19775055
218400,163400,0,0.15336767,0.15217639
218500,163500,0,0.19976476,0.19714923
218600,163600,0,0.20257521,0.19984894
218700,163700,0,0.21817701,0.21477985
218800,163800,0,0.21739764,0.21403631
218900,163900,0,0.10285467,0.10249349
219000,164000,0,0.21098442,0.20790856
219100,164100,0,0.20507591,0.20224856
219200,164200,0,0.1989678,0.19638313
219300,164300,0,0.099347427,0.099021862
219400,164400,0,0.20600112,0.20313576
219500,164500,0,0.16203131,0.16062804
219600,164600,0,0.19998131,0.19735736
219700,164700,0,0.20553301,0.20268692
219800,164800,0,0.2036201,0.20085189
219900,164900,0,0.09904665,0.098724025
220000,165000,0,0.20319918,0.20044792
220100,165100,0,0.1566188,0.15535065
220200,165200,0,0.22013339,0.21664519
220300,165300,0,0.20498691,0.2021632
220400,165400,0,0.15418466,0.15297436
220500,165500,0,0.20904921,0.20605626
220600,165600,0,0.15748206,0.15619296
220700,165700,0,0.15416428,0.15295446
220800,165800,0,0.10987346,0.10943345
220900,165900,0,0.15824601,0.15693819
221000,166000,0,0.19788734,0.19534412
221100,166100,0,0.15367032,0.15247201
221200,166200,0,0.19862396,0.19605253
221300,166300,0,0.095875234,0.095582547
221400,166400,0,0.19852243,0.1959549
221500,166500,0,0.19975345,0.19713836
221600,166600,0,0.095902346,0.095609411
221700,166700,0,0.15411417,0.15290552
221800,166800,0,0.20563322,0.20278302
221900,166900,0,0.15423272,0.1530213
222000,167000,0,0.20184361,0.19914646
222100,167100,0,0.10158327,0.10123529
222200,167200,0,0.22354042,0.21988991
222300,167300,0,0.097263953,0.096958395
222400,167400,0,0.15527283,0.15403689
222500,167500,0,0.20578425,0.20292783
222600,167600,0,0.21730962,0.21395232
222700,167700,0,0.20828945,0.20532865
222800,167800,0,0.097814123,0.097503363
222900,167900,0,0.15929607,0.15796222
223000,168000,0,0.098521419,0.098203887
223100,168100,0,0.16737858,0.16583283
223200,168200,0,0.15677726,0.15550528
223300,168300,0,0.09725027,0.09694484
223400,168400,0,0.19890696,0.19632463
223500,168500,0,0.15436363,0.15314914
223600,168600,0,0.15512526,0.15389282
223700,168700,0,0.15493502,0.15370708
223800,168800,0,0.19864316,0.19607099
223900,168900,0,0.15486525,0.15363895
224000,169000,0,0.20060877,0.1979603
224100,169100,0,0.16095933,0.15958355
224200,169200,0,0.1589327,0.15760789
224300,169300,0,0.20900361,0.20601259
224400,169400,0,0.20653457,0.20364715
224500,169500,0,0.098707329,0.098388
224600,169600,0,0.20183177,0.1991351
224700,169700,0,0.15569613,0.15445012
224800,169800,0,0.099818768,0.09948856
224900,169900,0,0.1552065,0.15397213
225000,170000,0,0.15410161,0.15289326
225100,170100,0,0.1050578,0.10467299
225200,170200,0,0.20432641,0.20152961
225300,170300,0,0.10010765,0.099774577
225400,170400,0,0.21793046,0.21454466
225500,170500,0,0.20116563,0.19849528
225600,170600,0,0.15461225,0.15339191
225700,170700,0,0.15524256,0.15400734
225800,170800,0,0.20640855,0.20352635
225900,170900,0,0.15707476,0.15579557
226000,171000,0,0.21561893,0.21233844
226100,171100,0,0.15852248,0.15720783
226200,171200,0,0.11224004,0.11177108
226300,171300,0,0.11709318,0.11656095
226400,171400,0,0.22503583,0.22131254
226500,171500,0,0.17060018,0.16896415
226600,171600,0,0.12959658,0.12887588
226700,171700,0,0.20642035,0.20353766
226800,171800,0,0.22383461,0.22016986
226900,171900,0,0.20276472,0.20003088
227000,172000,0,0.15794874,0.15664823
227100,172100,0,0.20498442,0.20216081
227200,172200,0,0.20960478,0.20658818
227300,172300,0,0.22870685,0.22480091
227400,172400,0,0.10592171,0.10552735
227500,172500,0,0.20807605,0.20512423
227600,172600,0,0.15714341,0.15586256
227700,172700,0,0.22807608,0.22420193
227800,172800,0,0.20518915,0.20235717
227900,172900,0,0.15581951,0.15457055
228000,173000,0,0.20288807,0.20014929
228100,173100,0,0.21391864,0.21071423
228200,173200,0,0.20300223,0.20025887
228300,173300,0,0.20471172,0.20189924
228400,173400,0,0.20711604,0.20420443
228500,173500,0,0.15545131,0.15421113
228600,173600,0,0.20730046,0.20438116
228700,173700,0,0.21336929,0.21018921
228800,173800,0,0.10436323,0.10398598
228900,173900,0,0.2059211,0.20305904
229000,174000,0,0.15591592,0.15466466
229100,174100,0,0.10278208,0.10242167
229200,174200,0,0.15842361,0.1571114
229300,174300,0,0.2202681,0.21677358
229400,174400,0,0.21010385,0.2070659
229500,174500,0,0.15691901,0.1556436
229600,174600,0,0.15605819,0.15480352
229700,174700,0,0.15682204,0.15554898
229800,174800,0,0.10325753,0.10289211
229900,174900,0,0.1159394,0.11542269
230000,175000,0,0.16159313,0.16020114
230100,175100,0,0.1043693,0.10399198
230200,175200,0,0.21017937,0.20713818
230300,175300,0,0.15753904,0.15624855
230400,175400,0,0.10413011,0.10375537
230500,175500,0,0.16464838,0.16317651
230600,175600,0,0.10595874,0.10556397
230700,175700,0,0.20369411,0.20092291
230800,175800,0,0.21805977,0.21466801
230900,175900,0,0.21153371,0.20843405
231000,176000,0,0.15633206,0.15507082
231100,176100,0,0.15730251,0.15601779
231200,176200,0,0.16144663,0.1600584
231300,176300,0,0.21693217,0.21359212
231400,176400,0,0.20996448,0.2069325
231500,176500,0,0.15953081,0.15819109
231600,176600,0,0.20676284,0.20386594
231700,176700,0,0.1648522,0.1633749
231800,176800,0,0.20593714,0.20307442
231900,176900,0,0.10418804,0.10381267
232000,177000,0,0.15639797,0.15513515
232100,177100,0,0.16964553,0.1680366
232200,177200,0,0.15958418,0.15824313
232300,177300,0,0.21085839,0.20778797
232400,177400,0,0.2068429,0.20394267
232500,177500,0,0.16393312,0.16248022
232600,177600,0,0.21447546,0.21124626
232700,177700,0,0.21640384,0.21308783
232800,177800,0,0.22229866,0.21870786
232900,177900,0,0.10444086,0.10406277
233000,178000,0,0.15653949,0.15527326
233100,178100,0,0.21071691,0.2076526
233200,178200,0,0.15722171,0.15593895
233300,178300,0,0.10449758,0.10411887
233400,178400,0,0.11073387,0.11028347
233500,178500,0,0.16020541,0.15884874
233600,178600,0,0.18043942,0.17850632
233700,178700,0,0.16153246,0.16014203
233800,178800,0,0.10472964,0.10434841
233900,178900,0,0.20688409,0.20398214
234000,179000,0,0.15862681,0.15730959
234100,179100,0,0.16168912,0.16029467
234200,179200,0,0.15924765,0.15791501
234300,179300,0,0.24416469,0.23942559
234400,179400,0,0.22323803,0.21960212
234500,179500,0,0.16260625,0.1611881
234600,179600,0,0.24652712,0.24165134
234700,179700,0,0.15739442,0.15610746
234800,179800,0,0.23161633,0.22756154
234900,179900,0,0.15733821,0.15605262
235000,180000,0,0.1567762,0.15550425
235100,180100,0,0.16963725,0.16802856
235200,180200,0,0.10499814,0.10461398
235300,180300,0,0.15966113,0.15831815
235400,180400,0,0.15775336,0.15645763
235500,180500,0,0.15746619,0.15617748
235600,180600,0,0.10487404,0.10449123
235700,180700,0,0.23233294,0.22824093
235800,180800,0,0.15874642,0.15742624
235900,180900,0,0.16120055,0.15981861
236000,181000,0,0.16295406,0.16152686
236100,181100,0,0.15875177,0.15743145
236200,181200,0,0.21370337,0.21050851
236300,181300,0,0.20715136,0.20423828
236400,181400,0,0.15738846,0.15610165
236500,181500,0,0.15858373,0.15726758
236600,181600,0,0.16412539,0.16266741
236700,181700,0,0.15800106,0.15669927
236800,181800,0,0.15774421,0.15644871
236900,181900,0,0.15751976,0.15622974
237000,182000,0,0.16361701,0.16217244
237100,182100,0,0.10438151,0.10400406
237200,182200,0,0.20966971,0.20665033
237300,182300,0,0.15841981,0.1571077
237400,182400,0,0.21318501,0.21001306
237500,182500,0,0.15870434,0.1573852
237600,182600,0,0.16808996,0.16652457
237700,182700,0,0.15769843,0.15640405
237800,182800,0,0.10786395,0.10744757
237900,182900,0,0.20783016,0.20488868
238000,183000,0,0.16197778,0.1605759
238100,183100,0,0.18182704,0.17984939
238200,183200,0,0.1597259,0.15838129
238300,183300,0,0.097218491,0.096913359
238400,183400,0,0.21560829,0.21232828
238500,183500,0,0.15792043,0.15662061
238600,183600,0,0.097576126,0.097267624
238700,183700,0,0.16407922,0.16262246
238800,183800,0,0.20882032,0.20583707
238900,183900,0,0.098952559,0.098630851
239000,184000,0,0.15812807,0.15682315
239100,184100,0,0.2096622,0.20664315
239200,184200,0,0.16218284,0.16077566
239300,184300,0,0.21540301,0.21213224
239400,184400,0,0.15958841,0.15824724
239500,184500,0,0.15969256,0.15834878
239600,184600,0,0.1637371,0.16228937
239700,184700,0,0.15867657,0.15735812
239800,184800,0,0.15843357,0.15712112
239900,184900,0,0.15908046,0.15775198
240000,185000,0,0.15942837,0.15809121
240100,185100,0,0.16406287,0.16260654
240200,185200,0,0.20495123,0.20212898
240300,185300,0,0.15994925,0.15859904
240400,185400,0,0.24184755,0.23724008
240500,185500,0,0.16583726,0.16433352
240600,185600,0,0.2067175,0.20382248
240700,185700,0,0.21374166,0.21054509
240800,185800,0,0.16132875,0.15994354
240900,185900,0,0.16278128,0.16135858
241000,186000,0,0.16356823,0.16212494
241100,186100,0,0.20874179,0.20576187
241200,186200,0,0.20803759,0.20508739
241300,186300,0,0.15930416,0.1579701
241400,186400,0,0.1603327,0.15897281
241500,186500,0,0.16139637,0.16000943
241600,186600,0,0.092648284,0.092384103
241700,186700,0,0.2099289,0.20689844
241800,186800,0,0.16058746,0.15922112
241900,186900,0,0.16374968,0.16230162
242000,187000,0,0.18080367,0.17885894
242100,187100,0,0.2046076,0.20179936
242200,187200,0,0.20383501,0.20105812
242300,187300,0,0.15996311,0.15861254
242400,187400,0,0.21598839,0.21269122
242500,187500,0,0.18191698,0.17993642
242600,187600,0,0.16053721,0.15917215
242700,187700,0,0.2181049,0.21471106
242800,187800,0,0.15936875,0.15803308
242900,187900,0,0.16027003,0.15891173
243000,188000,0,0.15866784,0.1573496
243100,188100,0,0.16807899,0.1665139
243200,188200,0,0.24393876,0.2392126
243300,188300,0,0.21601856,0.21272001
243400,188400,0,0.1584963,0.1571823
243500,188500,0,0.16092778,0.1595528
243600,188600,0,0.16083843,0.15946572
243700,188700,0,0.095031759,0.09474671
243800,188800,0,0.22070699,0.2171918
243900,188900,0,0.20734556,0.20442437
244000,189000,0,0.16052949,0.15916462
244100,189100,0,0.1629901,0.16156196
244200,189200,0,0.2262429,0.22246019
244300,189300,0,0.21607429,0.21277323
244400,189400,0,0.20581772,0.20295993
244500,189500,0,0.15882861,0.15750638
244600,189600,0,0.16872756,0.16714442
244700,189700,0,0.15957168,0.15823094
244800,189800,0,0.21847027,0.21505956
244900,189900,0,0.16136585,0.15997969
245000,190000,0,0.1726525,0.17095718
245100,190100,0,0.16218222,0.16077506
245200,190200,0,0.21089027,0.20781848
245300,190300,0,0.15964246,0.15829994
245400,190400,0,0.16422009,0.1627596
245500,190500,0,0.15893091,0.15760615
245600,190600,0,0.16356171,0.16211859
245700,190700,0,0.086671678,0.086455303
245800,190800,0,0.15984364,0.15849608
245900,190900,0,0.083637784,0.083443305
246000,191000,0,0.15884725,0.15752456
246100,191100,0,0.16935543,0.16775468
246200,191200,0,0.20857384,0.20560103
246300,191300,0,0.20840103,0.20543552
246400,191400,0,0.15990146,0.15855244
246500,191500,0,0.16658637,0.16506231
246600,191600,0,0.16030008,0.15894102
246700,191700,0,0.20151674,0.19883254
246800,191800,0,0.16139615,0.16000921
246900,191900,0,0.088646188,0.088414717
247000,192000,0,0.16991929,0.16830263
247100,192100,0,0.16429565,0.16283316
247200,192200,0,0.19951483,0.19690901
247300,192300,0,0.2133601,0.21018042
247400,192400,0,0.083789554,0.083594016
247500,192500,0,0.18372305,0.18168345
247600,192600,0,0.21592059,0.21262648
247700,192700,0,0.19778391,0.19524463
247800,192800,0,0.1626853,0.1612651
247900,192900,0,0.19862884,0.19605722
248000,193000,0,0.16526332,0.16377503
248100,193100,0,0.081914387,0.081731663
248200,193200,0,0.19663842,0.19414256
248300,193300,0,0.16307502,0.16164466
248400,193400,0,0.20989067,0.20686185
248500,193500,0,0.16224857,0.1608397
248600,193600,0,0.16131804,0.1599331
248700,193700,0,0.19813555,0.19558285
248800,193800,0,0.1978924,0.19534899
248900,193900,0,0.16115801,0.15977716
249000,194000,0,0.17669379,0.17487763
249100,194100,0,0.1969928,0.19448357
249200,194200,0,0.1982924,0.1957337
249300,194300,0,0.16059596,0.15922941
249400,194400,0,0.084354986,0.084155471
249500,194500,0,0.18669476,0.18455551
249600,194600,0,0.078315824,0.078156103
249700,194700,0,0.20114566,0.1984761
249800,194800,0,0.16060146,0.15923477
249900,194900,0,0.16093367,0.15955854
250000,195000,0,0.16146068,0.16007208
250100,195100,0,0.16481762,0.16334124
250200,195200,0,0.081339172,0.081160264
250300,195300,0,0.21010939,0.20707121
250400,195400,0,0.081168411,0.080990626
250500,195500,0,0.15969647,0.1583526
250600,195600,0,0.16642185,0.16490226
250700,195700,0,0.22003815,0.21655442
250800,195800,0,0.082421951,0.082235815
250900,195900,0,0.21394538,0.21073978
251000,196000,0,0.16017244,0.1588166
251100,196100,0,0.16585627,0.16435201
251200,196200,0,0.19906135,0.19647307
251300,196300,0,0.16668656,0.16515976
251400,196400,0,0.20213571,0.19942696
251500,196500,0,0.080968525,0.080792047
251600,196600,0,0.19881629,0.19623746
251700,196700,0,0.16621832,0.16470426
251800,196800,0,0.16114535,0.15976482
251900,196900,0,0.083360282,0.083167729
252000,197000,0,0.18166463,0.17969223
252100,197100,0,0.080748923,0.080573875
252200,197200,0,0.16326459,0.16182927
252300,197300,0,0.16345559,0.16201526
252400,197400,0,0.076131042,0.075984299
252500,197500,0,0.16657621,0.16505242
252600,197600,0,0.19813107,0.19557853
252700,197700,0,0.16853976,0.16696186
252800,197800,0,0.2038885,0.20110945
252900,197900,0,0.086382408,0.086168188
253000,198000,0,0.20449642,0.20169271
253100,198100,0,0.2118655,0.2087514
253200,198200,0,0.076113733,0.075967089
253300,198300,0,0.2106792,0.20761651
253400,198400,0,0.20029005,0.19765405
253500,198500,0,0.19207025,0.1897427
253600,198600,0,0.20287385,0.20013564
253700,198700,0,0.21060037,0.20754108
253800,198800,0,0.16183666,0.16043841
253900,198900,0,0.16104081,0.15966295
254000,199000,0,0.17312296,0.17141386
254100,199100,0,0.20623465,0.20335964
254200,199200,0,0.21988841,0.2164117
254300,199300,0,0.21174534,0.20863647
254400,199400,0,0.19944582,0.19684267
254500,199500,0,0.17671391,0.17489714
254600,199600,0,0.20405176,0.2012661
254700,199700,0,0.20105874,0.19839261
254800,199800,0,0.16321221,0.16177826
254900,199900,0,0.077337334,0.077183516
255000,200000,0,0.18819921,0.18600831
255100,200100,0,0.19935029,0.19675084
255200,200200,0,0.16222732,0.16081899
255300,200300,0,0.21520484,0.21194298
255400,200400,0,0.19779189,0.19525231
255500,200500,0,0.1806141,0.17867543
255600,200600,0,0.077283674,0.077130175
255700,200700,0,0.16806462,0.16649992
255800,200800,0,0.16178396,0.16038707
255900,200900,0,0.078131445,0.077972847
256000,201000,0,0.17434502,0.17259977
256100,201100,0,0.078051162,0.077893052
256200,201200,0,0.16972239,0.1681113
256300,201300,0,0.16224086,0.16083219
256400,201400,0,0.078866333,0.078703225
256500,201500,0,0.19359509,0.19121222
256600,201600,0,0.2025385,0.19981371
256700,201700,0,0.19943729,0.19683447
256800,201800,0,0.16178687,0.16038991
256900,201900,0,0.20037051,0.19773137
257000,202000,0,0.20011332,0.19748422
257100,202100,0,0.20340659,0.20064699
257200,202200,0,0.16159521,0.16020316
257300,202300,0,0.162529,0.16111286
257400,202400,0,0.079242633,0.079077183
257500,202500,0,0.20987229,0.20684426
257600,202600,0,0.07909198,0.07892747
257700,202700,0,0.16433264,0.16286917
257800,202800,0,0.16408329,0.16262642
257900,202900,0,0.20081326,0.19815678
258000,203000,0,0.1918896,0.18956855
258100,203100,0,0.20161725,0.19892907
258200,203200,0,0.077408765,0.077254521
258300,203300,0,0.16193128,0.1605306
258400,203400,0,0.078908682,0.078745312
258500,203500,0,0.16592351,0.16441744
258600,203600,0,0.17249826,0.17080745
258700,203700,0,0.077361756,0.077207792
258800,203800,0,0.20255958,0.19983394
258900,203900,0,0.077324938,0.077171193
259000,204000,0,0.1938116,0.1914208
259100,204100,0,0.20306844,0.20032243
259200,204200,0,0.16770937,0.1661545
259300,204300,0,0.078140508,0.077981855
259400,204400,0,0.19921359,0.19661943
259500,204500,0,0.16313967,0.16170761
259600,204600,0,0.18260002,0.18059727
259700,204700,0,0.1674772,0.16592874
259800,204800,0,0.16340587,0.16196685
259900,204900,0,0.16696383,0.16542946
260000,205000,0,0.19694547,0.19443803
260100,205100,0,0.078424367,0.078263981
260200,205200,0,0.21786968,0.21448668
260300,205300,0,0.16380085,0.16235144
260400,205400,0,0.16205818,0.16065422
260500,205500,0,0.16149265,0.16010324
260600,205600,0,0.1633345,0.16189735
260700,205700,0,0.22158941,0.21803244
260800,205800,0,0.16433529,0.16287175
260900,205900,0,0.20054542,0.19789944
261000,206000,0,0.18993695,0.18768538
261100,206100,0,0.078550171,0.078389014
261200,206200,0,0.162708,0.1612872
261300,206300,0,0.078091565,0.077933209
261400,206400,0,0.20693869,0.20403447
261500,206500,0,0.20660834,0.20371786
261600,206600,0,0.19820925,0.19565373
261700,206700,0,0.16285948,0.16143474
261800,206800,0,0.16255287,0.16113611
261900,206900,0,0.19987114,0.19725148
262000,207000,0,0.18563713,0.18353369
262100,207100,0,0.16768409,0.16612992
262200,207200,0,0.16387239,0.16242109
262300,207300,0,0.21157574,0.20847425
262400,207400,0,0.20001177,0.19738663
262500,207500,0,0.22217147,0.21858675
262600,207600,0,0.16247706,0.16106226
262700,207700,0,0.19961199,0.1970024
262800,207800,0,0.16334535,0.16190792
262900,207900,0,0.19828147,0.19572318
263000,208000,0,0.16441871,0.16295296
263100,208100,0,0.20011273,0.19748366
263200,208200,0,0.20642838,0.20354536
263300,208300,0,0.16445295,0.16298629
263400,208400,0,0.16408857,0.16263156
263500,208500,0,0.16289449,0.16146884
263600,208600,0,0.20126702,0.19859268
263700,208700,0,0.20943764,0.20642817
263800,208800,0,0.1982623,0.19570474
263900,208900,0,0.16269076,0.16127042
264000,209000,0,0.16724937,0.16570717
264100,209100,0,0.076940334,0.076788868
264200,209200,0,0.078528789,0.078367763
264300,209300,0,0.16364598,0.16220065
264400,209400,0,0.076860324,0.07670933
264500,209500,0,0.1623646,0.16095272
264600,209600,0,0.20090333,0.1982433
264700,209700,0,0.17236369,0.1706768
264800,209800,0,0.16311767,0.16168619
264900,209900,0,0.20959881,0.20658246
265000,210000,0,0.1669364,0.16540278
265100,210100,0,0.20431722,0.20152079
265200,210200,0,0.16447696,0.16300965
265300,210300,0,0.16585477,0.16435055
265400,210400,0,0.090514622,0.090268237
265500,210500,0,0.08050182,0.080328371
265600,210600,0,0.17010301,0.16848114
265700,210700,0,0.17107634,0.16942668
265800,210800,0,0.080130099,0.079959037
265900,210900,0,0.20939298,0.20638541
266000,211000,0,0.20519771,0.20236538
266100,211100,0,0.23260945,0.22850303
266200,211200,0,0.16489241,0.16341404
266300,211300,0,0.21614155,0.21283744
266400,211400,0,0.22310318,0.21947377
266500,211500,0,0.18803993,0.18585453
266600,211600,0,0.20275399,0.20002058
266700,211700,0,0.16366744,0.16222155
266800,211800,0,0.16333162,0.16189454
266900,211900,0,0.21317675,0.21000517
267000,212000,0,0.2026167,0.19988877
267100,212100,0,0.20547526,0.20263155
267200,212200,0,0.080981851,0.080805286
267300,212300,0,0.16336864,0.16193059
267400,212400,0,0.20865675,0.20568044
267500,212500,0,0.21038285,0.20733292
267600,212600,0,0.080723419,0.080548536
267700,212700,0,0.20692349,0.20401991
267800,212800,0,0.16604289,0.16453358
267900,212900,0,0.20452668,0.20172174
268000,213000,0,0.17358355,0.17186088
268100,213100,0,0.08134787,0.081168905
268200,213200,0,0.17456853,0.1728166
268300,213300,0,0.16426787,0.16280612
268400,213400,0,0.20827873,0.20531838
268500,213500,0,0.18291452,0.18090149
268600,213600,0,0.087159057,0.086939019
268700,213700,0,0.20375996,0.2009861
268800,213800,0,0.16542506,0.16393242
268900,213900,0,0.084643202,0.084441638
269000,214000,0,0.18914551,0.1869217
269100,214100,0,0.16733009,0.16578568
269200,214200,0,0.20566902,0.20281734
269300,214300,0,0.16505932,0.16357648
269400,214400,0,0.081224083,0.081045931
269500,214500,0,0.17541529,0.17363795
269600,214600,0,0.082253856,0.082068855
269700,214700,0,0.16714164,0.1656024
269800,214800,0,0.16375423,0.16230605
269900,214900,0,0.20278961,0.20005477
270000,215000,0,0.18738998,0.18522696
270100,215100,0,0.084287926,0.084088885
270200,215200,0,0.20794368,0.20499743
270300,215300,0,0.16336732,0.16192931
270400,215400,0,0.2124309,0.2092921
270500,215500,0,0.19329402,0.19092214
270600,215600,0,0.20500129,0.20217699
270700,215700,0,0.20686895,0.20396763
270800,215800,0,0.16379602,0.16234674
270900,215900,0,0.2128298,0.20967349
271000,216000,0,0.17820077,0.17633814
271100,216100,0,0.16696783,0.16543335
271200,216200,0,0.21016503,0.20712445
271300,216300,0,0.1636172,0.16217262
271400,216400,0,0.16460935,0.16313853
271500,216500,0,0.16330916,0.16187267
271600,216600,0,0.17523858,0.17346657
271700,216700,0,0.092996711,0.092729545
271800,216800,0,0.21392923,0.21072435
271900,216900,0,0.16359175,0.16214784
272000,217000,0,0.16293208,0.16150545
272100,217100,0,0.16356367,0.1621205
272200,217200,0,0.16411332,0.16265566
272300,217300,0,0.22845867,0.22456525
272400,217400,0,0.16379537,0.1623461
272500,217500,0,0.16477344,0.16329824
272600,217600,0,0.17027412,0.16864738
272700,217700,0,0.21235377,0.20921835
272800,217800,0,0.21318372,0.21001183
272900,217900,0,0.10333813,0.10297186
273000,218000,0,0.16912193,0.16752775
273100,218100,0,0.22046922,0.21696524
273200,218200,0,0.1638566,0.16240572
273300,218300,0,0.16867289,0.16709127
273400,218400,0,0.22377833,0.22011631
273500,218500,0,0.16389815,0.16244617
273600,218600,0,0.21150166,0.20840339
273700,218700,0,0.16433301,0.16286953
273800,218800,0,0.0966978,0.096397533
273900,218900,0,0.21504484,0.21179017
274000,219000,0,0.16376797,0.16231943
274100,219100,0,0.1664751,0.16495407
274200,219200,0,0.16889264,0.16730488
274300,219300,0,0.22447232,0.22077657
274400,219400,0,0.2101375,0.20709811
274500,219500,0,0.16444773,0.16298121
274600,219600,0,0.17330708,0.17159256
274700,219700,0,0.1662912,0.16477517
274800,219800,0,0.098879522,0.098558523
274900,219900,0,0.16602336,0.16451458
275000,220000,0,0.17796605,0.17611071
275100,220100,0,0.16438548,0.16292061
275200,220200,0,0.10051477,0.10017762
275300,220300,0,0.098784198,0.098464124
275400,220400,0,0.23392893,0.22975323
275500,220500,0,0.16498658,0.16350569
275600,220600,0,0.16528051,0.16379175
275700,220700,0,0.10717834,0.10676982
275800,220800,0,0.10100942,0.10066728
275900,220900,0,0.16575679,0.16425522
276000,221000,0,0.17097329,0.16932658
276100,221100,0,0.16815541,0.1665882
276200,221200,0,0.16492446,0.16344523
276300,221300,0,0.24413548,0.23939806
276400,221400,0,0.1642532,0.16279184
276500,221500,0,0.17262709,0.17093252
276600,221600,0,0.16595464,0.16444772
276700,221700,0,0.2289273,0.22501021
276800,221800,0,0.21052596,0.20746988
276900,221900,0,0.16608592,0.16457545
277000,222000,0,0.17511867,0.17335026
277100,222100,0,0.16968622,0.16807615
277200,222200,0,0.099259765,0.098935059
277300,222300,0,0.20938295,0.20637581
277400,222400,0,0.16997949,0.16836112
277500,222500,0,0.1732547,0.17154173
277600,222600,0,0.21395684,0.21075073
277700,222700,0,0.22141064,0.21786216
277800,222800,0,0.16446464,0.16299766
277900,222900,0,0.16452075,0.16305228
278000,223000,0,0.16531886,0.16382907
278100,223100,0,0.16613004,0.16461837
278200,223200,0,0.21294368,0.20978236
278300,223300,0,0.21306363,0.20989703
278400,223400,0,0.21792681,0.21454118
278500,223500,0,0.16625714,0.16474203
278600,223600,0,0.1673062,0.16576244
278700,223700,0,0.23611164,0.23181969
278800,223800,0,0.1010602,0.10071755
278900,223900,0,0.16482682,0.1633502
279000,224000,0,0.16953476,0.16792896
279100,224100,0,0.16775512,0.16619899
279200,224200,0,0.23832671,0.23391464
279300,224300,0,0.21515365,0.21189409
279400,224400,0,0.16431694,0.16285388
279500,224500,0,0.16369054,0.16224404
279600,224600,0,0.17479414,0.17303546
279700,224700,0,0.23413416,0.22994762
279800,224800,0,0.22957837,0.22562822
279900,224900,0,0.21933778,0.2158868
280000,225000,0,0.16704356,0.16550701
280100,225100,0,0.18095926,0.17900955
280200,225200,0,0.10338706,0.10302026
280300,225300,0,0.23238996,0.22829498
280400,225400,0,0.097541133,0.097232962
280500,225500,0,0.16495471,0.16347467
280600,225600,0,0.17741937,0.17558094
280700,225700,0,0.22405498,0.22037954
280800,225800,0,0.10255695,0.10219889
280900,225900,0,0.1649524,0.16347242
281000,226000,0,0.17173037,0.17006186
281100,226100,0,0.10088303,0.10054218
281200,226200,0,0.21444948,0.21122144
281300,226300,0,0.2338929,0.2297191
281400,226400,0,0.16720561,0.16566462
281500,226500,0,0.16656138,0.16503799
281600,226600,0,0.17613752,0.17433832
281700,226700,0,0.22080574,0.21728589
281800,226800,0,0.21991851,0.21644039
281900,226900,0,0.16486506,0.16338742
282000,227000,0,0.1649261,0.16344683
282100,227100,0,0.17933588,0.17743774
282200,227200,0,0.16632452,0.16480758
282300,227300,0,0.22659714,0.22279687
282400,227400,0,0.21291428,0.20975425
282500,227500,0,0.164656,0.16318393
282600,227600,0,0.17794818,0.17609339
282700,227700,0,0.10201955,0.10166708
282800,227800,0,0.21952917,0.21606926
282900,227900,0,0.21798927,0.21460077
283000,228000,0,0.16460093,0.16313033
283100,228100,0,0.17024904,0.16862302
283200,228200,0,0.16659056,0.16506638
283300,228300,0,0.23196195,0.22788924
283400,228400,0,0.1660395,0.16453029
283500,228500,0,0.17391374,0.1721813
283600,228600,0,0.16605748,0.16454778
283700,228700,0,0.21523551,0.21197228
283800,228800,0,0.2162143,0.21290689
283900,228900,0,0.091553688,0.091298739
284000,229000,0,0.17074368,0.16910355
284100,229100,0,0.16868562,0.16710365
284200,229200,0,0.099733381,0.099404017
284300,229300,0,0.21786736,0.21448446
284400,229400,0,0.16497241,0.1634919
284500,229500,0,0.17201835,0.17034151
284600,229600,0,0.22388698,0.22021969
284700,229700,0,0.097161052,0.09685646
284800,229800,0,0.21257071,0.20942578
284900,229900,0,0.16526548,0.16377712
285000,230000,0,0.17334963,0.17163386
285100,230100,0,0.10235017,0.10199427
285200,230200,0,0.21309203,0.20992418
285300,230300,0,0.097010128,0.096706949
285400,230400,0,0.20842453,0.20545803
285500,230500,0,0.16727753,0.16573456
285600,230600,0,0.36342181,0.34822449
285700,230700,0,0.16635652,0.16483871
285800,230800,0,0.23113889,0.22710878
285900,230900,0,0.20796721,0.20501997
286000,231000,0,0.1674988,0.16594974
286100,231100,0,0.17206298,0.17038484
286200,231200,0,0.23450126,0.23029528
286300,231300,0,0.21753631,0.21416862
286400,231400,0,0.16564041,0.16414198
286500,231500,0,0.16623767,0.16472308
286600,231600,0,0.1715369,0.16987398
286700,231700,0,0.16630946,0.16479293
286800,231800,0,0.21888832,0.21545824
286900,231900,0,0.16635803,0.16484017
287000,232000,0,0.17055403,0.16891932
287100,232100,0,0.16889293,0.16730516
287200,232200,0,0.2065003,0.2036143
287300,232300,0,0.093110327,0.092842183
287400,232400,0,0.16919546,0.16759921
287500,232500,0,0.20318318,0.20043256
287600,232600,0,0.16574986,0.16424847
287700,232700,0,0.094345924,0.094066988
287800,232800,0,0.2230318,0.21940583
287900,232900,0,0.088970584,0.088736568
288000,233000,0,0.17032901,0.16870071
288100,233100,0,0.21641071,0.21309439
288200,233200,0,0.21144098,0.20834534
288300,233300,0,0.21078837,0.20772097
288400,233400,0,0.17025549,0.16862928
288500,233500,0,0.18571983,0.18361361
288600,233600,0,0.21420093,0.21098397
288700,233700,0,0.21656188,0.21323869
288800,233800,0,0.2215989,0.21804148
288900,233900,0,0.084544858,0.084343994
289000,234000,0,0.18526066,0.18316988
289100,234100,0,0.1691466,0.16755172
289200,234200,0,0.089797416,0.089556829
289300,234300,0,0.16859326,0.16701386
289400,234400,0,0.084326147,0.084126836
289500,234500,0,0.17296423,0.17125979
289600,234600,0,0.087282465,0.087061492
289700,234700,0,0.21831329,0.21490984
289800,234800,0,0.22126095,0.21771957
289900,234900,0,0.084502284,0.084301723
290000,235000,0,0.17991273,0.17799636
290100,235100,0,0.21152789,0.20842848
290200,235200,0,0.092892158,0.09262589
290300,235300,0,0.167005,0.1654695
290400,235400,0,0.21687351,0.21353613
290500,235500,0,0.2064673,0.20358266
290600,235600,0,0.16827893,0.16670829
290700,235700,0,0.20872838,0.20574903
290800,235800,0,0.22086256,0.21734003
290900,235900,0,0.0930027,0.092735482
291000,236000,0,0.17165912,0.16999268
291100,236100,0,0.20966209,0.20664304
291200,236200,0,0.21307321,0.20990619
291300,236300,0,0.21164416,0.2085397
291400,236400,0,0.11381392,0.11332501
291500,236500,0,0.16845116,0.16687573
291600,236600,0,0.086187635,0.085974857
291700,236700,0,0.083895778,0.083699498
291800,236800,0,0.21000687,0.20697308
291900,236900,0,0.20912652,0.20613029
292000,237000,0,0.17891759,0.17703258
292100,237100,0,0.22137422,0.21782746
292200,237200,0,0.20892287,0.20593527
292300,237300,0,0.22411062,0.22043247
292400,237400,0,0.083616506,0.083422175
292500,237500,0,0.1862922,0.18416663
292600,237600,0,0.16882868,0.16724271
292700,237700,0,0.21532737,0.21206001
292800,237800,0,0.22835013,0.22446219
292900,237900,0,0.085184978,0.084979526
293000,238000,0,0.1691353,0.16754074
293100,238100,0,0.20933003,0.20632514
293200,238200,0,0.21316857,0.20999734
293300,238300,0,0.22159475,0.21803752
293400,238400,0,0.16627917,0.16476346
293500,238500,0,0.17296655,0.17126204
293600,238600,0,0.16600853,0.16450015
293700,238700,0,0.21207966,0.20895622
293800,238800,0,0.21098518,0.20790929
293900,238900,0,0.090407785,0.090162269
294000,239000,0,0.19313457,0.1907685
294100,239100,0,0.21294513,0.20978375
294200,239200,0,0.1662943,0.16477818
294300,239300,0,0.21637046,0.21305597
294400,239400,0,0.21849636,0.21508445
294500,239500,0,0.21109515,0.20801451
294600,239600,0,0.088296957,0.088068206
294700,239700,0,0.2138243,0.21062407
294800,239800,0,0.16645659,0.16493606
294900,239900,0,0.21078478,0.20771754
295000,240000,0,0.19048736,0.18821635
295100,240100,0,0.087211441,0.086991007
295200,240200,0,0.21919889,0.21575437
295300,240300,0,0.21219483,0.20906636
295400,240400,0,0.22845632,0.22456303
295500,240500,0,0.18181032,0.17983321
295600,240600,0,0.22373314,0.2200733
295700,240700,0,0.21054317,0.20748634
295800,240800,0,0.20829573,0.20533465
295900,240900,0,0.16622563,0.16471137
296000,241000,0,0.16686219,0.16533059
296100,241100,0,0.17106647,0.1694171
296200,241200,0,0.23275278,0.22863887
296300,241300,0,0.22940112,0.22545999
296400,241400,0,0.16970881,0.1680981
296500,241500,0,0.16582684,0.16432338
296600,241600,0,0.083956065,0.083759361
296700,241700,0,0.20796875,0.20502145
296800,241800,0,0.2225472,0.21894451
296900,241900,0,0.17031724,0.16868928
297000,242000,0,0.17934029,0.177442
297100,242100,0,0.17038677,0.16875682
297200,242200,0,0.21152199,0.20842283
297300,242300,0,0.167873,0.16631361
297400,242400,0,0.22062689,0.21711548
297500,242500,0,0.16891497,0.16732658
297600,242600,0,0.086281936,0.086068461
297700,242700,0,0.20870914,0.2057306
297800,242800,0,0.16852004,0.16694269
297900,242900,0,0.2103687,0.20731938
298000,243000,0,0.16779756,0.16624026
298100,243100,0,0.17184386,0.17017207
298200,243200,0,0.21871033,0.21528851
298300,243300,0,0.084352275,0.084152779
298400,243400,0,0.20864768,0.20567174
298500,243500,0,0.1699226,0.16830584
298600,243600,0,0.2244007,0.22070844
298700,243700,0,0.21527207,0.2120072
298800,243800,0,0.22695173,0.22313383
298900,243900,0,0.19378466,0.19139485
299000,244000,0,0.17807248,0.17621384
299100,244100,0,0.084918752,0.084715217
299200,244200,0,0.16927867,0.16768008
299300,244300,0,0.084070478,0.083872971
299400,244400,0,0.17945026,0.17754851
299500,244500,0,0.16738195,0.1658361
299600,244600,0,0.1850506,0.18296687
299700,244700,0,0.17462368,0.1728701
299800,244800,0,0.20880614,0.2058235
299900,244900,0,0.16841031,0.16683602
300000,245000,0,0.17561993,0.17383642
300100,245100,0,0.17521913,0.1734477
300200,245200,0,0.084604765,0.084403476
300300,245300,0,0.22305207,0.21942512
300400,245400,0,0.16983506,0.16822078
300500,245500,0,0.17176598,0.17009644
300600,245600,0,0.082804992,0.082616254
300700,245700,0,0.21356614,0.21037735
300800,245800,0,0.20932147,0.20631694
300900,245900,0,0.23110675,0.2270783
301000,246000,0,0.18826619,0.18607297
301100,246100,0,0.21226351,0.20913204
301200,246200,0,0.2131205,0.20995139
301300,246300,0,0.16792609,0.16636524
301400,246400,0,0.20950632,0.20649391
301500,246500,0,0.1763775,0.174571
301600,246600,0,0.20718142,0.20426708
301700,246700,0,0.20830074,0.20533945
301800,246800,0,0.16882797,0.16724202
301900,246900,0,0.093209037,0.09294004
302000,247000,0,0.17104573,0.16939695
302100,247100,0,0.21736241,0.21400269
302200,247200,0,0.21572223,0.21243708
302300,247300,0,0.23824311,0.23383561
302400,247400,0,0.16722398,0.16568248
302500,247500,0,0.17043166,0.16880044
302600,247600,0,0.17881633,0.17693449
302700,247700,0,0.213962,0.21075566
302800,247800,0,0.2119739,0.20885508
302900,247900,0,0.16732392,0.16577967
303000,248000,0,0.16962256,0.16801428
303100,248100,0,0.16850016,0.16692336
303200,248200,0,0.084427943,0.084227911
303300,248300,0,0.21405037,0.21084011
303400,248400,0,0.16813481,0.16656817
303500,248500,0,0.1858536,0.18374287
303600,248600,0,0.16824779,0.16667802
303700,248700,0,0.16715812,0.16561842
303800,248800,0,0.22634549,0.22255769
303900,248900,0,0.085635601,0.085426879
304000,249000,0,0.17994252,0.17802521
304100,249100,0,0.086000508,0.085789111
304200,249200,0,0.21395842,0.21075224
304300,249300,0,0.16797374,0.16641156
304400,249400,0,0.091406002,0.091152282
304500,249500,0,0.1977422,0.19520452
304600,249600,0,0.21236368,0.20922782
304700,249700,0,0.1764875,0.17467765
304800,249800,0,0.16882469,0.16723884
304900,249900,0,0.21131551,0.20822532
305000,250000,0,0.081714196,0.081532807
305100,250100,0,0.17131253,0.16965608
305200,250200,0,0.16824829,0.1666785
305300,250300,0,0.20759249,0.20466097
305400,250400,0,0.21312337,0.20995414
305500,250500,0,0.081010893,0.080834139
305600,250600,0,0.21004011,0.20700489
305700,250700,0,0.17200568,0.1703292
305800,250800,0,0.082571028,0.082383883
305900,250900,0,0.082740779,0.082552479
306000,251000,0,0.20869427,0.20571636
306100,251100,0,0.08309514,0.082904415
306200,251200,0,0.21341353,0.21023149
306300,251300,0,0.08292239,0.08273285
306400,251400,0,0.085176337,0.084970948
306500,251500,0,0.21082862,0.20775949
306600,251600,0,0.17307494,0.17136725
306700,251700,0,0.083540357,0.083346556
306800,251800,0,0.2099069,0.20687738
306900,251900,0,0.080876742,0.080700863
307000,252000,0,0.20877879,0.2057973
307100,252100,0,0.17180073,0.17013018
307200,252200,0,0.21462892,0.21139286
307300,252300,0,0.22435966,0.22066939
307400,252400,0,0.21438665,0.21116141
307500,252500,0,0.20937907,0.20637209
307600,252600,0,0.17658845,0.17477551
307700,252700,0,0.083261744,0.083069872
307800,252800,0,0.082294277,0.082109004
307900,252900,0,0.20917547,0.20617716
308000,253000,0,0.20954067,0.2065268
308100,253100,0,0.17384683,0.17211637
308200,253200,0,0.16990354,0.16828732
308300,253300,0,0.17481981,0.17306037
308400,253400,0,0.21516128,0.21190138
308500,253500,0,0.21291869,0.20975847
308600,253600,0,0.17181425,0.17014332
308700,253700,0,0.16788554,0.1663258
308800,253800,0,0.2217803,0.21821424
308900,253900,0,0.21464657,0.21140973
309000,254000,0,0.20910663,0.20611123
309100,254100,0,0.17143186,0.16977198
309200,254200,0,0.091791214,0.09153428
309300,254300,0,0.22294515,0.21932334
309400,254400,0,0.087668718,0.087444805
309500,254500,0,0.20938561,0.20637835
309600,254600,0,0.17575691,0.17396925
309700,254700,0,0.085661796,0.085452882
309800,254800,0,0.084452953,0.084252743
309900,254900,0,0.20954229,0.20652835
310000,255000,0,0.21518184,0.21192102
310100,255100,0,0.17429176,0.17254809
310200,255200,0,0.16769285,0.16613844
310300,255300,0,0.085487531,0.085279887
310400,255400,0,0.21746534,0.21410091
310500,255500,0,0.18912292,0.1868999
310600,255600,0,0.18385383,0.18180991
310700,255700,0,0.23272952,0.22861682
310800,255800,0,0.22745155,0.22360871
310900,255900,0,0.08637568,0.08616151
311000,256000,0,0.21103534,0.20795728
311100,256100,0,0.17081527,0.16917309
311200,256200,0,0.17132911,0.16967219
311300,256300,0,0.23052901,0.22653028
311400,256400,0,0.21576141,0.21247449
311500,256500,0,0.20965036,0.20663181
311600,256600,0,0.21051819,0.20746244
311700,256700,0,0.16794754,0.16638609
311800,256800,0,0.22707542,0.22325136
311900,256900,0,0.21802988,0.21463951
312000,257000,0,0.095749842,0.095458298
312100,257100,0,0.17554265,0.17376147
312200,257200,0,0.08154572,0.081365447
312300,257300,0,0.085509009,0.085301208
312400,257400,0,0.20747397,0.20454741
312500,257500,0,0.23991692,0.23541728
312600,257600,0,0.17390629,0.17217407
312700,257700,0,0.084334944,0.08413557
312800,257800,0,0.22270366,0.21909346
312900,257900,0,0.084632063,0.084430579
313000,258000,0,0.21627169,0.21296168
313100,258100,0,0.089240376,0.089004229
313200,258200,0,0.21583051,0.21254047
313300,258300,0,0.21120218,0.2081169
313400,258400,0,0.081695461,0.081514196
313500,258500,0,0.21310002,0.20993182
313600,258600,0,0.20806531,0.20511394
313700,258700,0,0.081273969,0.08109549
313800,258800,0,0.16977737,0.16816472
313900,258900,0,0.088385993,0.088156551
314000,259000,0,0.16746381,0.16591572
314100,259100,0,0.21216833,0.20904102
314200,259200,0,0.21148429,0.20838678
314300,259300,0,0.16869925,0.1671169
314400,259400,0,0.094994497,0.094709783
314500,259500,0,0.2160553,0.2127551
314600,259600,0,0.16844363,0.16686841
314700,259700,0,0.20937987,0.20637286
314800,259800,0,0.2077453,0.20480737
314900,259900,0,0.081212773,0.081034696
315000,260000,0,0.20870348,0.20572519
315100,260100,0,0.17386783,0.17213675
315200,260200,0,0.16888602,0.16729845
315300,260300,0,0.083007263,0.082817141
315400,260400,0,0.20999856,0.20696512
315500,260500,0,0.080791647,0.080616322
315600,260600,0,0.17408829,0.17235067
315700,260700,0,0.20908197,0.20608763
315800,260800,0,0.22671083,0.22290491
315900,260900,0,0.2098933,0.20686436
316000,261000,0,0.2062746,0.20339794
316100,261100,0,0.18416794,0.18211361
316200,261200,0,0.081261564,0.081083167
316300,261300,0,0.079619193,0.079451378
316400,261400,0,0.20764859,0.20471472
316500,261500,0,0.20623198,0.20335709
316600,261600,0,0.17362143,0.17189764
316700,261700,0,0.1681259,0.1665595
316800,261800,0,0.080009396,0.079839106
316900,261900,0,0.2083906,0.20542553
317000,262000,0,0.20578422,0.2029278
317100,262100,0,0.17164889,0.16998274
317200,262200,0,0.16864069,0.16705997
317300,262300,0,0.22595386,0.22218543
317400,262400,0,0.21219161,0.20906327
317500,262500,0,0.16847125,0.16689526
317600,262600,0,0.16845247,0.166877
317700,262700,0,0.21095348,0.20787895
317800,262800,0,0.20462609,0.20181711
317900,262900,0,0.20613892,0.20326787
318000,263000,0,0.078964465,0.078800749
318100,263100,0,0.20602183,0.20315562
318200,263200,0,0.079925991,0.079756231
318300,263300,0,0.21247501,0.20933427
318400,263400,0,0.2053013,0.20246473
318500,263500,0,0.088825298,0.088592425
318600,263600,0,0.080552988,0.080379208
318700,263700,0,0.20575796,0.20290263
318800,263800,0,0.21596149,0.21266553
318900,263900,0,0.085122489,0.084917489
319000,264000,0,0.080083154,0.079912393
319100,264100,0,0.17428582,0.17254233
319200,264200,0,0.21530896,0.21204242
319300,264300,0,0.21449466,0.2112646
319400,264400,0,0.2069852,0.20407905
319500,264500,0,0.20995764,0.20692595
319600,264600,0,0.079143127,0.078978299
319700,264700,0,0.21025827,0.20721369
319800,264800,0,0.21942779,0.21597261
319900,264900,0,0.20735958,0.20443781
320000,265000,0,0.081546107,0.081365832
320100,265100,0,0.20667777,0.2037844
320200,265200,0,0.16831135,0.16673981
320300,265300,0,0.084304559,0.084105401
320400,265400,0,0.21478145,0.21153858
320500,265500,0,0.088731205,0.088499069
320600,265600,0,0.21777238,0.21439385
320700,265700,0,0.081695385,0.08151412
320800,265800,0,0.20714526,0.20423244
320900,265900,0,0.20612466,0.2032542
321000,266000,0,0.081798422,0.081616472
321100,266100,0,0.1762599,0.17445698
321200,266200,0,0.20790506,0.20496043
321300,266300,0,0.079831604,0.079662444
321400,266400,0,0.21430654,0.21108487
321500,266500,0,0.081170509,0.080992709
321600,266600,0,0.18270265,0.18069655
321700,266700,0,0.081396764,0.081217476
321800,266800,0,0.21518565,0.21192466
321900,266900,0,0.080227737,0.080056051
322000,267000,0,0.078486767,0.078325999
322100,267100,0,0.1717418,0.17007297
322200,267200,0,0.17058231,0.16894679
322300,267300,0,0.2137773,0.21057916
322400,267400,0,0.20960098,0.20658454
322500,267500,0,0.079651226,0.079483208
322600,267600,0,0.079347108,0.079181005
322700,267700,0,0.20866113,0.20568462
322800,267800,0,0.087150863,0.086930886
322900,267900,0,0.098918346,0.098596971
323000,268000,0,0.20746529,0.2045391
323100,268100,0,0.16874775,0.16716405
323200,268200,0,0.16939772,0.16779579
323300,268300,0,0.21564802,0.21236622
323400,268400,0,0.20662661,0.20373536
323500,268500,0,0.20791246,0.20496752
323600,268600,0,0.17018877,0.16856446
323700,268700,0,0.21018692,0.20714541
323800,268800,0,0.21922864,0.21578274
323900,268900,0,0.20806767,0.20511621
324000,269000,0,0.079730883,0.079562361
324100,269100,0,0.17198862,0.17031263
324200,269200,0,0.2136124,0.21042156
324300,269300,0,0.22775569,0.22389762
324400,269400,0,0.22390659,0.22023835
324500,269500,0,0.17329577,0.17158159
324600,269600,0,0.17890278,0.17701824
324700,269700,0,0.22783106,0.22396921
324800,269800,0,0.080511975,0.080338461
324900,269900,0,0.2091925,0.20619346
325000,270000,0,0.20842617,0.2054596
325100,270100,0,0.17830694,0.17644101
325200,270200,0,0.085171271,0.084965918
325300,270300,0,0.21532667,0.21205934
325400,270400,0,0.21449859,0.21126836
325500,270500,0,0.083125746,0.082934811
325600,270600,0,0.17301775,0.17131174
325700,270700,0,0.17147075,0.16980975
325800,270800,0,0.20598956,0.20312467
325900,270900,0,0.20672804,0.20383258
326000,271000,0,0.20807747,0.20512559
326100,271100,0,0.17101164,0.16936384
326200,271200,0,0.16880905,0.16722363
326300,271300,0,0.21065518,0.20759353
326400,271400,0,0.086040025,0.085828337
326500,271500,0,0.20841073,0.20544481
326600,271600,0,0.20827767,0.20531736
326700,271700,0,0.20896893,0.20597938
326800,271800,0,0.22617094,0.22239179
326900,271900,0,0.21764624,0.2142735
327000,272000,0,0.21597168,0.21267526
327100,272100,0,0.083594643,0.083400465
327200,272200,0,0.16888261,0.16729513
327300,272300,0,0.21124713,0.2081599
327400,272400,0,0.20583176,0.20297339
327500,272500,0,0.080394077,0.080221323
327600,272600,0,0.080952067,0.080775697
327700,272700,0,0.20772276,0.20478578
327800,272800,0,0.20991514,0.20688527
327900,272900,0,0.22049555,0.21699033
328000,273000,0,0.16924375,0.16764614
328100,273100,0,0.083432076,0.083239025
328200,273200,0,0.2149584,0.2117076
328300,273300,0,0.16919793,0.16760161
328400,273400,0,0.21147499,0.20837787
328500,273500,0,0.21732234,0.21396445
328600,273600,0,0.21183763,0.20872474
328700,273700,0,0.18332475,0.18129826
328800,273800,0,0.22142467,0.21787552
328900,273900,0,0.23056377,0.22656325
329000,274000,0,0.17322502,0.17151292
329100,274100,0,0.08885187,0.088618787
329200,274200,0,0.21404031,0.21083049
329300,274300,0,0.17504553,0.17327932
329400,274400,0,0.20928875,0.20628561
329500,274500,0,0.17034057,0.16871194
329600,274600,0,0.21231304,0.2091794
329700,274700,0,0.21296248,0.20980034
329800,274800,0,0.16961621,0.16800811
329900,274900,0,0.2183766,0.21497023
330000,275000,0,0.16866784,0.16708636
330100,275100,0,0.16944896,0.16784558
330200,275200,0,0.21022745,0.20718419
330300,275300,0,0.17102657,0.16937834
330400,275400,0,0.21496119,0.21171027
330500,275500,0,0.21932247,0.2158722
330600,275600,0,0.21084525,0.2077754
330700,275700,0,0.1810351,0.17908296
330800,275800,0,0.21179595,0.20868488
330900,275900,0,0.21303096,0.2098658
331000,276000,0,0.17145222,0.16979175
331100,276100,0,0.2092609,0.20625895
331200,276200,0,0.20917804,0.20617962
331300,276300,0,0.17121029,0.16955678
331400,276400,0,0.21112449,0.20804258
331500,276500,0,0.16860648,0.16702672
331600,276600,0,0.21665532,0.21332788
331700,276700,0,0.17096999,0.16932338
331800,276800,0,0.089073735,0.088838906
331900,276900,0,0.085264963,0.085058933
332000,277000,0,0.16905826,0.16746587
332100,277100,0,0.21926978,0.21582196
332200,277200,0,0.17262745,0.17093287
332300,277300,0,0.17295416,0.17125002
332400,277400,0,0.21458301,0.21134901
332500,277500,0,0.1688635,0.16727656
332600,277600,0,0.20914856,0.20615139
332700,277700,0,0.16887533,0.16728805
332800,277800,0,0.17174622,0.17007726
332900,277900,0,0.10276623,0.10240598
333000,278000,0,0.17159058,0.16992612
333100,278100,0,0.18888312,0.18666847
333200,278200,0,0.17116964,0.1695173
333300,278300,0,0.21846995,0.21505926
333400,278400,0,0.22339068,0.2197474
333500,278500,0,0.18006619,0.17814496
333600,278600,0,0.22280505,0.21918998
333700,278700,0,0.21652516,0.21320364
333800,278800,0,0.16934818,0.16774764
333900,278900,0,0.2166553,0.21332786
334000,279000,0,0.21189414,0.2087788
334100,279100,0,0.21145608,0.20835979
334200,279200,0,0.2216207,0.21806224
334300,279300,0,0.1694631,0.16785932
334400,279400,0,0.21105345,0.2079746
334500,279500,0,0.2132378,0.21006352
334600,279600,0,0.091543594,0.091288729
334700,279700,0,0.23258326,0.2284782
334800,279800,0,0.1702294,0.16860393
334900,279900,0,0.21380214,0.21060289
335000,280000,0,0.21422571,0.21100764
335100,280100,0,0.17857581,0.1767015
335200,280200,0,0.23037736,0.2263864
335300,280300,0,0.17260213,0.17090829
335400,280400,0,0.09335673,0.093086456
335500,280500,0,0.16997243,0.16835426
335600,280600,0,0.095344073,0.095056211
335700,280700,0,0.17183956,0.17016789
335800,280800,0,0.16972783,0.16811658
335900,280900,0,0.22072797,0.21721179
336000,281000,0,0.09649466,0.096196277
336100,281100,0,0.1794694,0.17756705
336200,281200,0,0.10171957,0.10137019
336300,281300,0,0.16947707,0.1678729
336400,281400,0,0.1067736,0.10636968
336500,281500,0,0.17010804,0.16848602
336600,281600,0,0.20013548,0.19750552
336700,281700,0,0.22629052,0.22250544
336800,281800,0,0.22422552,0.22054179
336900,281900,0,0.098453641,0.098136762
337000,282000,0,0.17269366,0.17099714
337100,282100,0,0.2337634,0.22959643
337200,282200,0,0.10471241,0.10433137
337300,282300,0,0.17030238,0.16867484
337400,282400,0,0.22361658,0.21996238
337500,282500,0,0.16961075,0.1680028
337600,282600,0,0.17858384,0.17670928
337700,282700,0,0.17215427,0.17047348
337800,282800,0,0.23246821,0.22836915
337900,282900,0,0.22466091,0.22095596
338000,283000,0,0.11257675,0.11210357
338100,283100,0,0.17183429,0.17016278
338200,283200,0,0.22728848,0.22345379
338300,283300,0,0.23174747,0.22768589
338400,283400,0,0.16973452,0.16812308
338500,283500,0,0.2213412,0.21779602
338600,283600,0,0.17430726,0.17256313
338700,283700,0,0.22109442,0.21756093
338800,283800,0,0.17018869,0.16856438
338900,283900,0,0.22643263,0.22264052
339000,284000,0,0.22618131,0.22240164
339100,284100,0,0.17044381,0.16881224
339200,284200,0,0.23904191,0.23459059
339300,284300,0,0.10433715,0.10396018
339400,284400,0,0.22096602,0.2174386
339500,284500,0,0.22636155,0.22257296
339600,284600,0,0.17947355,0.17757107
339700,284700,0,0.10714573,0.10673759
339800,284800,0,0.22477374,0.22106328
339900,284900,0,0.17080194,0.16916014
340000,285000,0,0.10567458,0.10528297
340100,285100,0,0.1814001,0.17943623
340200,285200,0,0.11009195,0.10964931
340300,285300,0,0.18480046,0.18272508
340400,285400,0,0.2363365,0.23203244
340500,285500,0,0.24630503,0.2414422
340600,285600,0,0.17305154,0.17134454
340700,285700,0,0.23815987,0.23375692
340800,285800,0,0.23272967,0.22861696
340900,285900,0,0.17139295,0.16973419
341000,286000,0,0.11096682,0.11051358
341100,286100,0,0.1694775,0.16787331
341200,286200,0,0.22463276,0.22092918
341300,286300,0,0.23710755,0.23276186
341400,286400,0,0.17016999,0.16854621
341500,286500,0,0.22955503,0.22560608
341600,286600,0,0.1841694,0.18211503
341700,286700,0,0.22568522,0.22193004
341800,286800,0,0.24400475,0.23927482
341900,286900,0,0.16999265,0.1683739
342000,287000,0,0.22210141,0.21852004
342100,287100,0,0.17011457,0.16849236
342200,287200,0,0.10933416,0.10890058
342300,287300,0,0.17040819,0.16877764
342400,287400,0,0.17102862,0.16938033
342500,287500,0,0.22622432,0.22244253
342600,287600,0,0.10981813,0.10937878
342700,287700,0,0.17694471,0.17512086
342800,287800,0,0.17645485,0.17464599
342900,287900,0,0.24216883,0.23754325
343000,288000,0,0.17182884,0.17015749
343100,288100,0,0.22665321,0.22285015
343200,288200,0,0.23398774,0.22980893
343300,288300,0,0.1713299,0.16967295
343400,288400,0,0.16971494,0.16810405
343500,288500,0,0.11839295,0.11784287
343600,288600,0,0.17141986,0.16976032
343700,288700,0,0.24834138,0.24335891
343800,288800,0,0.14524691,0.14423405
343900,288900,0,0.17031214,0.16868432
344000,289000,0,0.1130803,0.11260076
344100,289100,0,0.17003293,0.16841304
344200,289200,0,0.2286213,0.22471968
344300,289300,0,0.23341671,0.22926799
344400,289400,0,0.23114377,0.22711341
344500,289500,0,0.2354288,0.23117344
344600,289600,0,0.17332092,0.171606
344700,289700,0,0.23614616,0.23185235
344800,289800,0,0.17301379,0.1713079
344900,289900,0,0.22750622,0.22366065
345000,290000,0,0.16982522,0.16821122
345100,290100,0,0.19506091,0.19262405
345200,290200,0,0.24273487,0.23807728
345300,290300,0,0.25038679,0.24528222
345400,290400,0,0.11384832,0.11335898
345500,290500,0,0.23768197,0.23330508
345600,290600,0,0.17630432,0.17450005
345700,290700,0,0.16961677,0.16800866
345800,290800,0,0.23662024,0.2323009
345900,290900,0,0.22986176,0.22589718
346000,291000,0,0.22405868,0.22038305
346100,291100,0,0.17005145,0.16843104
346200,291200,0,0.16972452,0.16811337
346300,291300,0,0.23624715,0.23194791
346400,291400,0,0.23350426,0.22935094
346500,291500,0,0.22137852,0.21783156
346600,291600,0,0.18659011,0.18445442
346700,291700,0,0.22404499,0.22037002
346800,291800,0,0.22213443,0.21855148
346900,291900,0,0.11088308,0.11043087
347000,292000,0,0.23505484,0.23081944
347100,292100,0,0.17528445,0.17351106
347200,292200,0,0.22987436,0.22590912
347300,292300,0,0.22594928,0.22218108
347400,292400,0,0.24671077,0.24182425
347500,292500,0,0.23520252,0.23095924
347600,292600,0,0.22768107,0.22382674
347700,292700,0,0.22458539,0.22088412
347800,292800,0,0.23345005,0.22929958
347900,292900,0,0.17231084,0.17062549
348000,293000,0,0.22337573,0.21973318
348100,293100,0,0.17784421,0.17599264
348200,293200,0,0.23453822,0.23033028
348300,293300,0,0.24668581,0.24180075
348400,293400,0,0.22343119,0.21978595
348500,293500,0,0.10935971,0.10892582
348600,293600,0,0.17780998,0.17595948
348700,293700,0,0.25211231,0.24690324
348800,293800,0,0.23884641,0.23440584
348900,293900,0,0.23331579,0.22917237
349000,294000,0,0.22403732,0.22036273
349100,294100,0,0.22923731,0.2253045
349200,294200,0,0.23270088,0.22858968
349300,294300,0,0.17051521,0.1688816
349400,294400,0,0.23542299,0.23116793
349500,294500,0,0.10914092,0.10870962
349600,294600,0,0.23003969,0.22606602
349700,294700,0,0.17062852,0.16899168
349800,294800,0,0.10956467,0.10912835
349900,294900,0,0.25598072,0.25053234
350000,295000,0,0.22879549,0.22488507
350100,295100,0,0.23163123,0.22757567
350200,295200,0,0.17047929,0.16884671
350300,295300,0,0.17033472,0.16870625
350400,295400,0,0.23431895,0.23012263
350500,295500,0,0.23306774,0.22893734
350600,295600,0,0.17769025,0.17584345
350700,295700,0,0.11063104,0.1101819
350800,295800,0,0.23577862,0.23150453
350900,295900,0,0.23500705,0.23077418
351000,296000,0,0.23219588,0.22811101
351100,296100,0,0.1696043,0.16799654
351200,296200,0,0.2380258,0.23363017
351300,296300,0,0.10874271,0.1083161
351400,296400,0,0.17121181,0.16955826
351500,296500,0,0.23851421,0.23409187
351600,296600,0,0.1789145,0.17702959
351700,296700,0,0.24204848,0.23742969
351800,296800,0,0.17067918,0.16904089
351900,296900,0,0.17020731,0.16858248
352000,297000,0,0.17714948,0.17531935
352100,297100,0,0.18505466,0.18297079
352200,297200,0,0.25414041,0.24880674
352300,297300,0,0.23296526,0.22884023
352400,297400,0,0.2289308,0.22501353
352500,297500,0,0.22590146,0.22213562
352600,297600,0,0.17078816,0.16914675
352700,297700,0,0.24430841,0.23956108
352800,297800,0,0.25369566,0.24838948
352900,297900,0,0.17119349,0.16954046
353000,298000,0,0.10831562,0.107894
353100,298100,0,0.16976524,0.16815294
353200,298200,0,0.22709271,0.22326778
353300,298300,0,0.25338855,0.2481013
353400,298400,0,0.17083919,0.16919633
353500,298500,0,0.10671804,0.10631475
353600,298600,0,0.17713566,0.17530596
353700,298700,0,0.23368456,0.22952174
353800,298800,0,0.17072901,0.1690893
353900,298900,0,0.22842325,0.22453162
354000,299000,0,0.17104484,0.16939608
354100,299100,0,0.23045994,0.22646475
354200,299200,0,0.10972718,0.10928892
354300,299300,0,0.17292698,0.17122363
354400,299400,0,0.10929649,0.10886336
354500,299500,0,0.17757165,0.17572852
354600,299600,0,0.1760519,0.1742553
354700,299700,0,0.17148031,0.16981903
354800,299800,0,0.2456897,0.24086266
354900,299900,0,0.12262353,0.1220126
355000,300000,0,0.12847046,0.12776831
355100,300100,0,0.19516217,0.19272155
355200,300200,0,0.17383249,0.17210246
355300,300300,0,0.10860522,0.10818023
355400,300400,0,0.23065197,0.22664692
355500,300500,0,0.17185086,0.17017887
355600,300600,0,0.11224705,0.111778
355700,300700,0,0.17120864,0.16955518
355800,300800,0,0.17147296,0.16981189
355900,300900,0,0.22332178,0.21968183
356000,301000,0,0.21880379,0.21537764
356100,301100,0,0.22291243,0.2192922
356200,301200,0,0.17051929,0.16888557
356300,301300,0,0.17119152,0.16953855
356400,301400,0,0.22384864,0.22018321
356500,301500,0,0.17054055,0.16890622
356600,301600,0,0.18148619,0.17951955
356700,301700,0,0.17550503,0.17372499
356800,301800,0,0.23424595,0.2300535
356900,301900,0,0.10802241,0.10760419
357000,302000,0,0.21916013,0.21571742
357100,302100,0,0.17189592,0.17022262
357200,302200,0,0.10986102,0.10942115
357300,302300,0,0.2404867,0.2359554
357400,302400,0,0.24263997,0.23798775
357500,302500,0,0.18692038,0.18477343
357600,302600,0,0.17743798,0.17559897
357700,302700,0,0.10814987,0.10773018
357800,302800,0,0.2193858,0.21593258
357900,302900,0,0.22069564,0.21718099
358000,303000,0,0.23606678,0.23177724
358100,303100,0,0.18238943,0.18039354
358200,303200,0,0.23442155,0.23021979
358300,303300,0,0.22632767,0.22254076
358400,303400,0,0.22380999,0.22014643
358500,303500,0,0.10853217,0.10810803
358600,303600,0,0.1725688,0.17087593
358700,303700,0,0.22297083,0.21934779
358800,303800,0,0.22412647,0.22044755
358900,303900,0,0.22676174,0.22295329
359000,304000,0,0.22744155,0.22359921
359100,304100,0,0.17188799,0.17021492
359200,304200,0,0.2441046,0.23936895
359300,304300,0,0.23061085,0.22660791
359400,304400,0,0.22953646,0.22558845
359500,304500,0,0.10994184,0.10950101
359600,304600,0,0.17024736,0.16862139
359700,304700,0,0.17018992,0.16856558
359800,304800,0,0.17306564,0.17135822
359900,304900,0,0.17078963,0.16914819
360000,305000,0,0.23937181,0.23490231
360100,305100,0,0.11979985,0.11922999
360200,305200,0,0.223535,0.21988475
360300,305300,0,0.17389051,0.17215875
360400,305400,0,0.17062822,0.16899139
360500,305500,0,0.22498854,0.22126757
360600,305600,0,0.10815778,0.107738
360700,305700,0,0.17266255,0.17096694
360800,305800,0,0.11501692,0.11451241
360900,305900,0,0.22583067,0.22206832
361000,306000,0,0.17248371,0.17079332
361100,306100,0,0.2287787,0.22486913
361200,306200,0,0.17087717,0.16923322
361300,306300,0,0.11177049,0.11130737
361400,306400,0,0.17387703,0.17214568
361500,306500,0,0.23401002,0.22983004
361600,306600,0,0.17040526,0.16877479
361700,306700,0,0.17289751,0.17119502
361800,306800,0,0.22269528,0.21908548
361900,306900,0,0.17235918,0.17067242
362000,307000,0,0.23319189,0.22905498
362100,307100,0,0.10997318,0.10953197
362200,307200,0,0.17219787,0.17051581
362300,307300,0,0.17146697,0.16980608
362400,307400,0,0.17337043,0.17165405
362500,307500,0,0.24838493,0.24339987
362600,307600,0,0.22376107,0.22009988
362700,307700,0,0.17097323,0.16932653
362800,307800,0,0.17294981,0.17124579
362900,307900,0,0.22022818,0.21673554
363000,308000,0,0.17062145,0.16898481
363100,308100,0,0.22034795,0.21684968
363200,308200,0,0.18216574,0.18017711
363300,308300,0,0.1738822,0.1721507
363400,308400,0,0.10802271,0.10760449
363500,308500,0,0.174485,0.17273556
363600,308600,0,0.23272972,0.22861701
363700,308700,0,0.1707892,0.16914777
363800,308800,0,0.17439537,0.17264861
363900,308900,0,0.17433873,0.17259366
364000,309000,0,0.1723172,0.17063167
364100,309100,0,0.10963208,0.10919495
364200,309200,0,0.17202556,0.1703485
364300,309300,0,0.17098568,0.16933862
364400,309400,0,0.1224536,0.12184519
364500,309500,0,0.17928049,0.17738409
364600,309600,0,0.18062196,0.17868304
364700,309700,0,0.17369415,0.17196821
364800,309800,0,0.1086845,0.10825857
364900,309900,0,0.2256782,0.22192336
365000,310000,0,0.11766064,0.11712066
365100,310100,0,0.26039877,0.25466848
365200,310200,0,0.1763704,0.17456412
365300,310300,0,0.26214228,0.25629819
365400,310400,0,0.24608487,0.24123487
365500,310500,0,0.17387443,0.17214315
365600,310600,0,0.12083166,0.12024701
365700,310700,0,0.17382671,0.17209685
365800,310800,0,0.23698516,0.23264609
365900,310900,0,0.13075401,0.13001392
366000,311000,0,0.18404418,0.18199395
366100,311100,0,0.23330917,0.2291661
366200,311200,0,0.23168835,0.22762983
366300,311300,0,0.23118667,0.2271541
366400,311400,0,0.2392836,0.23481897
366500,311500,0,0.12282717,0.1222132
366600,311600,0,0.24403171,0.23930023
366700,311700,0,0.17488939,0.17312786
366800,311800,0,0.23619779,0.2319012
366900,311900,0,0.25191719,0.24672
367000,312000,0,0.1183575,0.11780791
367100,312100,0,0.17393093,0.17219798
367200,312200,0,0.11852082,0.11796896
367300,312300,0,0.23394956,0.22977278
367400,312400,0,0.23455334,0.2303446
367500,312500,0,0.18261274,0.18060957
367600,312600,0,0.25561137,0.25018614
367700,312700,0,0.1715342,0.16987136
367800,312800,0,0.25541584,0.25000284
367900,312900,0,0.11618396,0.11566399
368000,313000,0,0.17396482,0.17223086
368100,313100,0,0.23392949,0.22975376
368200,313200,0,0.17366198,0.17193699
368300,313300,0,0.17203534,0.170358
368400,313400,0,0.17371262,0.17198614
368500,313500,0,0.17228004,0.17059559
368600,313600,0,0.23784315,0.23345748
368700,313700,0,0.17150227,0.16984035
368800,313800,0,0.10922291,0.10879065
368900,313900,0,0.10974381,0.10930535
369000,314000,0,0.24660556,0.2417252
369100,314100,0,0.17628682,0.17448308
369200,314200,0,0.2412906,0.2367144
369300,314300,0,0.17690696,0.17508427
369400,314400,0,0.10901731,0.10858747
369500,314500,0,0.10161239,0.10126411
369600,314600,0,0.17839614,0.17652743
369700,314700,0,0.10274597,0.10238593
369800,314800,0,0.10135331,0.10100768
369900,314900,0,0.23261559,0.22850884
370000,315000,0,0.10194384,0.10159215
370100,315100,0,0.17183941,0.17016775
370200,315200,0,0.10102349,0.10068121
370300,315300,0,0.17241712,0.17072868
370400,315400,0,0.22246236,0.21886373
370500,315500,0,0.2250074,0.2212855
370600,315600,0,0.17288385,0.17118177
370700,315700,0,0.23215548,0.22807271
370800,315800,0,0.22564719,0.22189388
370900,315900,0,0.098146494,0.097832564
371000,316000,0,0.096547015,0.096248148
371100,316100,0,0.17225103,0.17056743
371200,316200,0,0.18590412,0.18379168
371300,316300,0,0.17418151,0.17244112
371400,316400,0,0.21954565,0.21608497
371500,316500,0,0.24569272,0.2408655
371600,316600,0,0.17082897,0.1691864
371700,316700,0,0.17246774,0.17077782
371800,316800,0,0.09994702,0.099615541
371900,316900,0,0.22312974,0.21949905
372000,317000,0,0.17260399,0.17091009
372100,317100,0,0.17391384,0.17218139
372200,317200,0,0.17428404,0.1725406
372300,317300,0,0.17269557,0.170999
372400,317400,0,0.23320973,0.22907189
372500,317500,0,0.17377457,0.17204626
372600,317600,0,0.20240641,0.19968688
372700,317700,0,0.17229847,0.17061348
372800,317800,0,0.092830127,0.092564391
372900,317900,0,0.093334395,0.093064314
373000,318000,0,0.17590259,0.17411053
373100,318100,0,0.17436719,0.17262127
373200,318200,0,0.17729982,0.17546506
373300,318300,0,0.22633826,0.22255082
373400,318400,0,0.23765533,0.23327989
373500,318500,0,0.17224295,0.17055958
373600,318600,0,0.17357511,0.17185269
373700,318700,0,0.17730372,0.17546885
373800,318800,0,0.23428341,0.23008897
373900,318900,0,0.22584035,0.22207752
374000,319000,0,0.21543084,0.21215882
374100,319100,0,0.17176183,0.17009241
374200,319200,0,0.21834992,0.21494478
374300,319300,0,0.17430048,0.17255655
374400,319400,0,0.22172862,0.21816503
374500,319500,0,0.23065288,0.22664779
374600,319600,0,0.17186261,0.17019027
374700,319700,0,0.17637124,0.17456493
374800,319800,0,0.1709531,0.16930698
374900,319900,0,0.092931357,0.092664752
375000,320000,0,0.17113732,0.16948591
375100,320100,0,0.17075286,0.16911247
375200,320200,0,0.17355245,0.1718307
375300,320300,0,0.17205798,0.17037998
375400,320400,0,0.09156517,0.091310126
375500,320500,0,0.17111428,0.16946353
375600,320600,0,0.18587286,0.18376148
375700,320700,0,0.17231048,0.17062514
375800,320800,0,0.10441372,0.10403592
375900,320900,0,0.23205461,0.22797708
376000,321000,0,0.17247283,0.17078276
376100,321100,0,0.17562368,0.17384005
376200,321200,0,0.17550507,0.17372503
376300,321300,0,0.17124486,0.16959036
376400,321400,0,0.088805318,0.088572601
376500,321500,0,0.17521033,0.17343917
376600,321600,0,0.17115453,0.16950263
376700,321700,0,0.18567582,0.18357108
376800,321800,0,0.17172552,0.17005715
376900,321900,0,0.08696726,0.086748668
377000,322000,0,0.17215374,0.17047296
377100,322100,0,0.17350028,0.17178007
377200,322200,0,0.18051386,0.17857839
377300,322300,0,0.085997283,0.08578591
377400,322400,0,0.21157881,0.20847718
377500,322500,0,0.17326242,0.17154922
377600,322600,0,0.17972492,0.1778145
377700,322700,0,0.17929974,0.17740273
377800,322800,0,0.17178185,0.17011185
377900,322900,0,0.21356047,0.21037194
378000,323000,0,0.17407994,0.17234257
378100,323100,0,0.1766796,0.17486388
378200,323200,0,0.17519816,0.17342737
378300,323300,0,0.17136268,0.16970478
378400,323400,0,0.22140693,0.21785862
378500,323500,0,0.17110948,0.16945886
378600,323600,0,0.17149694,0.16983517
378700,323700,0,0.1766854,0.1748695
378800,323800,0,0.21262825,0.2094808
378900,323900,0,0.084279428,0.084080447
379000,324000,0,0.17230845,0.17062317
379100,324100,0,0.17433655,0.17259154
379200,324200,0,0.21349903,0.21031321
379300,324300,0,0.17145285,0.16979235
379400,324400,0,0.21060832,0.20754869
379500,324500,0,0.082201378,0.08201673
379600,324600,0,0.17286146,0.17116003
379700,324700,0,0.21491243,0.21166369
379800,324800,0,0.17106934,0.16941988
379900,324900,0,0.083099298,0.082908544
380000,325000,0,0.21483099,0.2115859
380100,325100,0,0.17214011,0.17045973
380200,325200,0,0.082551744,0.082364729
380300,325300,0,0.17160094,0.16993617
380400,325400,0,0.22604347,0.22227062
380500,325500,0,0.21522223,0.2119596
380600,325600,0,0.17146468,0.16980385
380700,325700,0,0.17964913,0.1777411
380800,325800,0,0.17147044,0.16980944
380900,325900,0,0.21781554,0.21443503
381000,326000,0,0.17238743,0.17069985
381100,326100,0,0.18102453,0.17907273
381200,326200,0,0.17371286,0.17198637
381300,326300,0,0.21428891,0.21106803
381400,326400,0,0.0851901,0.084984612
381500,326500,0,0.17731228,0.17547714
381600,326600,0,0.18461464,0.18254546
381700,326700,0,0.17818913,0.17632686
381800,326800,0,0.083886938,0.083690719
381900,326900,0,0.21594111,0.21264607
382000,327000,0,0.083391028,0.083198262
382100,327100,0,0.17817417,0.17631237
382200,327200,0,0.17155144,0.1698881
382300,327300,0,0.22212052,0.21853824
382400,327400,0,0.088550008,0.088319288
382500,327500,0,0.21163868,0.20853445
382600,327600,0,0.17324233,0.17152972
382700,327700,0,0.22917885,0.22524901
382800,327800,0,0.24182113,0.23721515
382900,327900,0,0.090595936,0.090348888
383000,328000,0,0.2265223,0.22272574
383100,328100,0,0.18199293,0.18000991
383200,328200,0,0.088779003,0.088546492
383300,328300,0,0.22447184,0.22077611
383400,328400,0,0.22402753,0.22035341
383500,328500,0,0.2160712,0.21277027
383600,328600,0,0.174974,0.17320994
383700,328700,0,0.21825599,0.21485519
383800,328800,0,0.18380984,0.18176737
383900,328900,0,0.21946875,0.21601166
384000,329000,0,0.17327191,0.17155843
384100,329100,0,0.17212008,0.17044028
384200,329200,0,0.183173,0.18115149
384300,329300,0,0.17509217,0.17332456
384400,329400,0,0.089066705,0.088831931
384500,329500,0,0.084589173,0.084387994
384600,329600,0,0.17986825,0.17795329
384700,329700,0,0.086073984,0.085862046
384800,329800,0,0.21920189,0.21575724
384900,329900,0,0.22286863,0.21925051
385000,330000,0,0.22081496,0.21729468
385100,330100,0,0.17705699,0.1752297
385200,330200,0,0.086775352,0.086558201
385300,330300,0,0.21398179,0.21077457
385400,330400,0,0.21714629,0.21379646
385500,330500,0,0.17151739,0.16985503
385600,330600,0,0.17479673,0.17303798
385700,330700,0,0.085568673,0.085360438
385800,330800,0,0.23625932,0.23195942
385900,330900,0,0.22966027,0.22570596
386000,331000,0,0.22126528,0.21772369
386100,331100,0,0.18214552,0.18015755
386200,331200,0,0.22115693,0.21762048
386300,331300,0,0.17921165,0.17731741
386400,331400,0,0.21432914,0.21110647
386500,331500,0,0.17232606,0.17064027
386600,331600,0,0.21255129,0.20940721
386700,331700,0,0.22622519,0.22244335
386800,331800,0,0.24435465,0.23960466
386900,331900,0,0.08492485,0.084721271
387000,332000,0,0.2137791,0.21058087
387100,332100,0,0.21298981,0.20982647
387200,332200,0,0.17916404,0.1772713
387300,332300,0,0.24283415,0.23817093
387400,332400,0,0.22399723,0.22032459
387500,332500,0,0.22061697,0.21710603
387600,332600,0,0.083781605,0.083586123
387700,332700,0,0.18038685,0.17845543
387800,332800,0,0.086714582,0.086497886
387900,332900,0,0.08322328,0.083031672
388000,333000,0,0.17341863,0.17170083
388100,333100,0,0.21796247,0.2145752
388200,333200,0,0.17419848,0.17245758
388300,333300,0,0.21452387,0.21129251
388400,333400,0,0.21618119,0.21287528
388500,333500,0,0.21353034,0.21034313
388600,333600,0,0.2159857,0.21268865
388700,333700,0,0.17294361,0.17123977
388800,333800,0,0.17393071,0.17219777
388900,333900,0,0.21354005,0.21035242
389000,334000,0,0.17223268,0.17054961
389100,334100,0,0.22435655,0.22066644
389200,334200,0,0.17496489,0.17320111
389300,334300,0,0.21152481,0.20842553
389400,334400,0,0.21414846,0.21093383
389500,334500,0,0.17294703,0.17124309
389600,334600,0,0.085134007,0.084928923
389700,334700,0,0.17487868,0.17311748
389800,334800,0,0.17834549,0.17647836
389900,334900,0,0.081409345,0.081229974
390000,335000,0,0.17441468,0.17266735
390100,335100,0,0.086195474,0.085982638
390200,335200,0,0.17191878,0.17024482
390300,335300,0,0.21346831,0.21028385
390400,335400,0,0.21788999,0.21450605
390500,335500,0,0.085919463,0.085708662
390600,335600,0,0.1812432,0.17928438
390700,335700,0,0.083110751,0.082919919
390800,335800,0,0.20937631,0.20636944
390900,335900,0,0.085278094,0.08507197
391000,336000,0,0.21286616,0.20970825
391100,336100,0,0.083656379,0.08346177
391200,336200,0,0.17342235,0.17170444
391300,336300,0,0.22639673,0.2226064
391400,336400,0,0.080799373,0.080623997
391500,336500,0,0.081133849,0.08095629
391600,336600,0,0.17315544,0.17144538
391700,336700,0,0.21446294,0.21123429
391800,336800,0,0.17348299,0.17176329
391900,336900,0,0.17229614,0.17061122
392000,337000,0,0.080395943,0.080223176
392100,337100,0,0.1709818,0.16933485
392200,337200,0,0.18179849,0.17982177
392300,337300,0,0.22359677,0.21994353
392400,337400,0,0.17169308,0.17002565
392500,337500,0,0.21775848,0.21438059
392600,337600,0,0.17132503,0.16966822
392700,337700,0,0.21298817,0.2098249
392800,337800,0,0.2110002,0.20792366
392900,337900,0,0.17296372,0.17125929
393000,338000,0,0.080912345,0.080736234
393100,338100,0,0.17345275,0.17173394
393200,338200,0,0.21351358,0.21032711
393300,338300,0,0.21131921,0.20822886
393400,338400,0,0.17172828,0.17005983
393500,338500,0,0.21121484,0.20812901
393600,338600,0,0.17159772,0.16993305
393700,338700,0,0.18232838,0.18033447
393800,338800,0,0.17574362,0.17395637
393900,338900,0,0.17189687,0.17022355
394000,339000,0,0.080334606,0.080162234
394100,339100,0,0.17243227,0.17074339
394200,339200,0,0.2207936,0.21727433
394300,339300,0,0.21699216,0.21364937
394400,339400,0,0.17582983,0.17403997
394500,339500,0,0.21058247,0.20752396
394600,339600,0,0.081650948,0.081469979
394700,339700,0,0.17269115,0.17099471
394800,339800,0,0.17230594,0.17062073
394900,339900,0,0.17293339,0.17122985
395000,340000,0,0.20972019,0.20669866
395100,340100,0,0.083179173,0.08298787
395200,340200,0,0.17534202,0.1735669
395300,340300,0,0.17283039,0.17112987
395400,340400,0,0.17451031,0.17276013
395500,340500,0,0.21272312,0.2095715
395600,340600,0,0.20885704,0.20587224
395700,340700,0,0.1782273,0.17636385
395800,340800,0,0.2142866,0.21106582
395900,340900,0,0.17186575,0.17019333
396000,341000,0,0.082001739,0.081818431
396100,341100,0,0.17693,0.17510661
396200,341200,0,0.22562069,0.22186868
396300,341300,0,0.23549171,0.23123299
396400,341400,0,0.21221963,0.20909007
396500,341500,0,0.17351797,0.17179724
396600,341600,0,0.21861702,0.21519952
396700,341700,0,0.083435323,0.08324225
396800,341800,0,0.23259361,0.22848801
396900,341900,0,0.21260679,0.20946028
397000,342000,0,0.17158694,0.16992258
397100,342100,0,0.21488935,0.21164164
397200,342200,0,0.1720952,0.17041612
397300,342300,0,0.24029287,0.23577236
397400,342400,0,0.22257554,0.21897149
397500,342500,0,0.21155067,0.20845026
397600,342600,0,0.18116244,0.17920621
397700,342700,0,0.082544398,0.082357433
397800,342800,0,0.22010353,0.21661673
397900,342900,0,0.21395903,0.21075282
398000,343000,0,0.17331248,0.1715978
398100,343100,0,0.22121158,0.21767254
398200,343200,0,0.17154162,0.16987856
398300,343300,0,0.17168785,0.17002057
398400,343400,0,0.21542658,0.21215476
398500,343500,0,0.17157114,0.16990723
398600,343600,0,0.2099521,0.20692065
398700,343700,0,0.17318979,0.17147872
398800,343800,0,0.17220107,0.17051891
398900,343900,0,0.21181845,0.2087064
399000,344000,0,0.17379742,0.17206842
399100,344100,0,0.21165255,0.20854772
399200,344200,0,0.084484262,0.08428383
399300,344300,0,0.22006181,0.21657697
399400,344400,0,0.21450855,0.21127788
399500,344500,0,0.08208668,0.081902803
399600,344600,0,0.17897743,0.17709055
399700,344700,0,0.17196985,0.17029441
399800,344800,0,0.081892106,0.081709531
399900,344900,0,0.088248933,0.088020554
400000,345000,0,0.17713426,0.1753046
400100,345100,0,0.22259819,0.21899305
400200,345200,0,0.17337682,0.17166025
400300,345300,0,0.23287843,0.22875794
400400,345400,0,0.21454614,0.21131379
400500,345500,0,0.17390963,0.17217731
400600,345600,0,0.081444125,0.081264525
400700,345700,0,0.1744135,0.17266621
400800,345800,0,0.23384134,0.22967026
400900,345900,0,0.0822832,0.082098001
401000,346000,0,0.17349562,0.17177555
401100,346100,0,0.22237215,0.21877784
401200,346200,0,0.17167689,0.17000994
401300,346300,0,0.082364037,0.082178293
401400,346400,0,0.081739029,0.081557474
401500,346500,0,0.17863446,0.17675832
401600,346600,0,0.21370643,0.21051143
401700,346700,0,0.17716708,0.17533641
401800,346800,0,0.17168247,0.17001534
401900,346900,0,0.082755544,0.082567143
402000,347000,0,0.17246005,0.17077035
402100,347100,0,0.18169249,0.17971919
402200,347200,0,0.083991222,0.083794272
402300,347300,0,0.21522186,0.21195924
402400,347400,0,0.21645666,0.21313826
402500,347500,0,0.092920699,0.092654185
402600,347600,0,0.18097467,0.17902446
402700,347700,0,0.087443694,0.087221497
402800,347800,0,0.21660625,0.21328104
402900,347900,0,0.087366028,0.087144421
403000,348000,0,0.1725792,0.17088603
403100,348100,0,0.22131492,0.21777098
403200,348200,0,0.17407904,0.17234169
403300,348300,0,0.094484461,0.094204297
403400,348400,0,0.21612946,0.21282589
403500,348500,0,0.21521638,0.21195401
403600,348600,0,0.2207173,0.21720163
403700,348700,0,0.1806224,0.17868346
403800,348800,0,0.17447371,0.17272462
403900,348900,0,0.089011862,0.088777521
404000,349000,0,0.17341534,0.17169764
404100,349100,0,0.22221723,0.21863033
404200,349200,0,0.17296912,0.17126454
404300,349300,0,0.088085257,0.087858144
404400,349400,0,0.11316773,0.11268708
404500,349500,0,0.17938699,0.17748724
404600,349600,0,0.18967742,0.18743498
404700,349700,0,0.17249983,0.17080898
404800,349800,0,0.089318253,0.089081489
404900,349900,0,0.21865746,0.21523809
405000,350000,0,0.090770878,0.0905224
405100,350100,0,0.17597589,0.1741816
405200,350200,0,0.17263514,0.17094033
405300,350300,0,0.2245049,0.22080756
405400,350400,0,0.22043387,0.21693155
405500,350500,0,0.17804352,0.17618577
405600,350600,0,0.22854855,0.2246506
405700,350700,0,0.17203848,0.17036105
405800,350800,0,0.22106985,0.21753752
405900,350900,0,0.22037895,0.21687922
406000,351000,0,0.17454849,0.17279717
406100,351100,0,0.22229112,0.21870068
406200,351200,0,0.17263753,0.17094266
406300,351300,0,0.097241999,0.096936647
406400,351400,0,0.22113106,0.21759583
406500,351500,0,0.17739123,0.17555366
406600,351600,0,0.096925458,0.096623071
406700,351700,0,0.17287111,0.1711694
406800,351800,0,0.1724823,0.17079195
406900,351900,0,0.22946142,0.22551722
407000,352000,0,0.17363975,0.17191542
407100,352100,0,0.18810106,0.18591355
407200,352200,0,0.17483675,0.1730768
407300,352300,0,0.095203673,0.094917078
407400,352400,0,0.22732319,0.22348677
407500,352500,0,0.1040575,0.10368354
407600,352600,0,0.18362705,0.18159061
407700,352700,0,0.17412787,0.17238908
407800,352800,0,0.24440586,0.23965293
407900,352900,0,0.22775517,0.22389713
408000,353000,0,0.17772149,0.17587372
408100,353100,0,0.092071594,0.091812304
408200,353200,0,0.17337607,0.17165952
408300,353300,0,0.17607568,0.17427836
408400,353400,0,0.22509557,0.22136935
408500,353500,0,0.2254771,0.22173216
408600,353600,0,0.22767155,0.2238177
408700,353700,0,0.18323596,0.18121239
408800,353800,0,0.17616048,0.17436059
408900,353900,0,0.094046003,0.093769712
409000,354000,0,0.17206335,0.1703852
409100,354100,0,0.18932717,0.18709701
409200,354200,0,0.17266751,0.17097176
409300,354300,0,0.22247119,0.21887214
409400,354400,0,0.091121787,0.090870422
409500,354500,0,0.17700077,0.17517521
409600,354600,0,0.18693425,0.18478683
409700,354700,0,0.22479352,0.22108209
409800,354800,0,0.092968643,0.092701718
409900,354900,0,0.17297041,0.17126579
410000,355000,0,0.17680845,0.17498879
410100,355100,0,0.22422547,0.22054173
410200,355200,0,0.18005718,0.17813623
410300,355300,0,0.17398468,0.17225013
410400,355400,0,0.22581513,0.22205355
410500,355500,0,0.17180202,0.17013144
410600,355600,0,0.22327382,0.21963618
410700,355700,0,0.17375983,0.17203194
410800,355800,0,0.098182813,0.097868535
410900,355900,0,0.10281924,0.10245844
411000,356000,0,0.17422831,0.17248653
411100,356100,0,0.18772809,0.18555345
411200,356200,0,0.17180601,0.17013531
411300,356300,0,0.10476292,0.10438133
411400,356400,0,0.23354692,0.22939135
411500,356500,0,0.17508491,0.17331752
411600,356600,0,0.22642326,0.22263161
411700,356700,0,0.17761866,0.17577407
411800,356800,0,0.17398667,0.17225207
411900,356900,0,0.2301985,0.22621671
412000,357000,0,0.17244265,0.17075346
412100,357100,0,0.22395244,0.22028197
412200,357200,0,0.17158981,0.16992537
412300,357300,0,0.22733687,0.22349976
412400,357400,0,0.22560448,0.22185327
412500,357500,0,0.17190092,0.17022747
412600,357600,0,0.10110441,0.10076132
412700,357700,0,0.17733798,0.17550205
412800,357800,0,0.17210952,0.17043002
412900,357900,0,0.17376655,0.17203847
413000,358000,0,0.17259451,0.17090089
413100,358100,0,0.23168129,0.22762314
413200,358200,0,0.22872309,0.22481633
413300,358300,0,0.17300102,0.1712955
413400,358400,0,0.10119554,0.10085152
413500,358500,0,0.174193,0.17245227
413600,358600,0,0.22821185,0.22433087
413700,358700,0,0.23157493,0.22752228
413800,358800,0,0.1735031,0.1717828
413900,358900,0,0.17350239,0.17178212
414000,359000,0,0.1752795,0.17350625
414100,359100,0,0.2293628,0.22542362
414200,359200,0,0.17588615,0.17409458
414300,359300,0,0.17762346,0.17577872
414400,359400,0,0.22683335,0.22302134
414500,359500,0,0.22438412,0.22069267
414600,359600,0,0.17206388,0.17038571
414700,359700,0,0.17399619,0.1722613
414800,359800,0,0.10226456,0.10190955
414900,359900,0,0.10322226,0.10285721
415000,360000,0,0.22208732,0.21850663
415100,360100,0,0.18565481,0.18355078
415200,360200,0,0.22952417,0.22557678
415300,360300,0,0.17548747,0.17370796
415400,360400,0,0.22693289,0.22311593
415500,360500,0,0.097711419,0.097401635
415600,360600,0,0.17862411,0.17674828
415700,360700,0,0.22916096,0.22523203
415800,360800,0,0.095043743,0.094758587
415900,360900,0,0.096900065,0.096597915
416000,361000,0,0.22306241,0.21943496
416100,361100,0,0.18386102,0.18181685
416200,361200,0,0.17328205,0.17156827
416300,361300,0,0.24047412,0.23594352
416400,361400,0,0.22749824,0.22365306
416500,361500,0,0.22331981,0.21967996
416600,361600,0,0.094514409,0.09423398
416700,361700,0,0.17289976,0.1711972
416800,361800,0,0.17252951,0.17083778
416900,361900,0,0.093381948,0.093111455
417000,362000,0,0.094045806,0.093769517
417100,362100,0,0.2187876,0.21536219
417200,362200,0,0.17306073,0.17135345
417300,362300,0,0.17957833,0.17767254
417400,362400,0,0.2334189,0.22927007
417500,362500,0,0.098332346,0.098016634
417600,362600,0,0.17314355,0.17143385
417700,362700,0,0.17296285,0.17125845
417800,362800,0,0.095742885,0.095451405
417900,362900,0,0.22252323,0.21892168
418000,363000,0,0.23015918,0.22617939
418100,363100,0,0.23904909,0.23459737
418200,363200,0,0.17533728,0.1735623
418300,363300,0,0.092679092,0.092414647
418400,363400,0,0.22136857,0.21782208
418500,363500,0,0.10018783,0.099853952
418600,363600,0,0.22467868,0.22097286
418700,363700,0,0.097031452,0.096728075
418800,363800,0,0.17529745,0.17352366
418900,363900,0,0.25440452,0.24905449
419000,364000,0,0.22828158,0.22439709
419100,364100,0,0.18732384,0.18516308
419200,364200,0,0.22807579,0.22420165
419300,364300,0,0.17242255,0.17073395
419400,364400,0,0.10415311,0.10377813
419500,364500,0,0.22803303,0.22416104
419600,364600,0,0.23405759,0.2298751
419700,364700,0,0.17758974,0.17574605
419800,364800,0,0.24698231,0.2420799
419900,364900,0,0.23225743,0.22816936
420000,365000,0,0.22721046,0.22337967
420100,365100,0,0.17966362,0.17775514
420200,365200,0,0.17475476,0.17299727
420300,365300,0,0.10686415,0.1064592
420400,365400,0,0.22978315,0.22582257
420500,365500,0,0.20363198,0.2008633
420600,365600,0,0.1842924,0.18223394
420700,365700,0,0.10852329,0.10809925
420800,365800,0,0.17232215,0.17063647
420900,365900,0,0.23697241,0.23263403
421000,366000,0,0.10951378,0.10907806
421100,366100,0,0.19908167,0.19649261
421200,366200,0,0.17392705,0.17219422
421300,366300,0,0.10649584,0.10609506
421400,366400,0,0.23231198,0.22822107
421500,366500,0,0.24194348,0.2373306
421600,366600,0,0.18375999,0.18171916
421700,366700,0,0.17246586,0.170776
421800,366800,0,0.23987894,0.2353814
421900,366900,0,0.10533515,0.10494729
422000,367000,0,0.22560094,0.22184991
422100,367100,0,0.22595756,0.22218895
422200,367200,0,0.23823557,0.23382848
422300,367300,0,0.17302108,0.17131497
422400,367400,0,0.24086776,0.23631521
422500,367500,0,0.20570651,0.20285329
422600,367600,0,0.23511387,0.23087532
422700,367700,0,0.27436829,0.26768484
422800,367800,0,0.17326822,0.17155485
422900,367900,0,0.26325971,0.25734191
423000,368000,0,0.20000491,0.19738004
423100,368100,0,0.23506436,0.23082845
423200,368200,0,0.18160752,0.17963696
423300,368300,0,0.17245694,0.17076733
423400,368400,0,0.24047452,0.2359439
423500,368500,0,0.20528431,0.20244843
423600,368600,0,0.23920619,0.23474582
423700,368700,0,0.17659339,0.1747803
423800,368800,0,0.23678942,0.23246094
423900,368900,0,0.23380453,0.22963539
424000,369000,0,0.22265528,0.2190474
424100,369100,0,0.23073267,0.22672347
424200,369200,0,0.17282496,0.1711246
424300,369300,0,0.23318094,0.2290446
424400,369400,0,0.22855483,0.22465657
424500,369500,0,0.23046452,0.22646909
424600,369600,0,0.18258099,0.18057886
424700,369700,0,0.17509117,0.17332359
424800,369800,0,0.10489172,0.10450872
424900,369900,0,0.23894809,0.23450193
425000,370000,0,0.10156301,0.10121524
425100,370100,0,0.19764955,0.19511539
425200,370200,0,0.22657082,0.22277186
425300,370300,0,0.22833696,0.22444968
425400,370400,0,0.22891608,0.22499956
425500,370500,0,0.18346253,0.18143152
425600,370600,0,0.1820289,0.18004471
425700,370700,0,0.23674657,0.2324204
425800,370800,0,0.10764987,0.10723595
425900,370900,0,0.24433114,0.2395825
426000,371000,0,0.20453564,0.20173033
426100,371100,0,0.22881674,0.22490524
426200,371200,0,0.17341745,0.17169968
426300,371300,0,0.17456354,0.17281177
426400,371400,0,0.1011442,0.1008007
426500,371500,0,0.22861336,0.22471215
426600,371600,0,0.18373915,0.18169901
426700,371700,0,0.090864726,0.090615477
426800,371800,0,0.17228272,0.17059819
426900,371900,0,0.086479114,0.086264175
427000,372000,0,0.085560942,0.085352763
427100,372100,0,0.18519967,0.18311093
427200,372200,0,0.18431374,0.18225457
427300,372300,0,0.085675804,0.085466788
427400,372400,0,0.22337202,0.21972964
427500,372500,0,0.082050569,0.081866934
427600,372600,0,0.1815364,0.17956814
427700,372700,0,0.17307935,0.17137153
427800,372800,0,0.21211049,0.20898571
427900,372900,0,0.21703043,0.21368589
428000,373000,0,0.22297934,0.21935589
428100,373100,0,0.17768648,0.17583979
428200,373200,0,0.23373878,0.22957311
428300,373300,0,0.21580957,0.21252047
428400,373400,0,0.080099094,0.079928231
428500,373500,0,0.080104388,0.079933491
428600,373600,0,0.20972746,0.20670562
428700,373700,0,0.17350312,0.17178282
428800,373800,0,0.2206687,0.21715532
428900,373900,0,0.21236374,0.20922788
429000,374000,0,0.17676082,0.17494262
429100,374100,0,0.1727979,0.17109833
429200,374200,0,0.08440154,0.084201694
429300,374300,0,0.17246039,0.17077068
429400,374400,0,0.17253401,0.17084216
429500,374500,0,0.17457003,0.17281806
429600,374600,0,0.081352557,0.081173561
429700,374700,0,0.17694889,0.17512492
429800,374800,0,0.17283868,0.17113792
429900,374900,0,0.17608614,0.1742885
430000,375000,0,0.17932807,0.17743017
430100,375100,0,0.21646515,0.21314636
430200,375200,0,0.17556422,0.17378239
430300,375300,0,0.1739668,0.17223279
430400,375400,0,0.17240647,0.17071833
430500,375500,0,0.17203196,0.17035472
430600,375600,0,0.080929641,0.080753417
430700,375700,0,0.22166459,0.21810405
430800,375800,0,0.18244315,0.1804455
430900,375900,0,0.1775597,0.17571694
431000,376000,0,0.17572712,0.17394037
431100,376100,0,0.18095563,0.17900604
431200,376200,0,0.17999638,0.17807736
431300,376300,0,0.22173239,0.21816862
431400,376400,0,0.18047698,0.17854268
431500,376500,0,0.080935511,0.080759249
431600,376600,0,0.21909032,0.21565085
431700,376700,0,0.091155905,0.090904258
431800,376800,0,0.090558344,0.090311603
431900,376900,0,0.17884238,0.17695973
432000,377000,0,0.18393461,0.18188801
432100,377100,0,0.18157698,0.17960741
432200,377200,0,0.17663687,0.17482245
432300,377300,0,0.21668972,0.21336071
432400,377400,0,0.2099272,0.20689682
432500,377500,0,0.18722374,0.18506642
432600,377600,0,0.17690731,0.17508461
432700,377700,0,0.17370819,0.17198184
432800,377800,0,0.082451244,0.08226491
432900,377900,0,0.08024854,0.080076721
433000,378000,0,0.082614777,0.082427335
433100,378100,0,0.21597146,0.21267505
433200,378200,0,0.082234781,0.082049908
433300,378300,0,0.08137909,0.081199919
433400,378400,0,0.081339114,0.081160207
433500,378500,0,0.17378462,0.172056
433600,378600,0,0.17604755,0.17425109
433700,378700,0,0.21085212,0.20778197
433800,378800,0,0.2112884,0.20819938
433900,378900,0,0.21076792,0.20770141
434000,379000,0,0.21891801,0.21548655
434100,379100,0,0.17234545,0.17065909
434200,379200,0,0.21815018,0.21475426
434300,379300,0,0.21505577,0.21180061
434400,379400,0,0.2164946,0.21317447
434500,379500,0,0.21459672,0.21136211
434600,379600,0,0.17521551,0.17344419
434700,379700,0,0.21338238,0.21020172
434800,379800,0,0.22884632,0.22493333
434900,379900,0,0.21178112,0.20867069
435000,380000,0,0.17426275,0.17251994
435100,380100,0,0.21008639,0.20704919
435200,380200,0,0.17400765,0.17227242
435300,380300,0,0.17393209,0.1721991
435400,380400,0,0.17273325,0.17103557
435500,380500,0,0.17362148,0.17189769
435600,380600,0,0.21351571,0.21032915
435700,380700,0,0.17244177,0.17075261
435800,380800,0,0.2209145,0.21738952
435900,380900,0,0.18717372,0.18501811
436000,381000,0,0.083557121,0.083363203
436100,381100,0,0.18090231,0.17895442
436200,381200,0,0.17251624,0.17082491
436300,381300,0,0.083610553,0.083416264
436400,381400,0,0.17683303,0.17501261
436500,381500,0,0.17636566,0.17455952
436600,381600,0,0.21239047,0.20925344
436700,381700,0,0.17378325,0.17205468
436800,381800,0,0.21688408,0.21354622
436900,381900,0,0.2112355,0.20814877
437000,382000,0,0.083913985,0.083717576
437100,382100,0,0.18407816,0.18202681
437200,382200,0,0.17888267,0.17699875
437300,382300,0,0.088536835,0.088306218
437400,382400,0,0.17474339,0.17298624
437500,382500,0,0.083990223,0.08379328
437600,382600,0,0.17735568,0.17551921
437700,382700,0,0.21715005,0.21380004
437800,382800,0,0.08520302,0.084997438
437900,382900,0,0.10950185,0.10906628
438000,383000,0,0.21208878,0.20896494
438100,383100,0,0.17273205,0.17103441
438200,383200,0,0.084915422,0.084711911
438300,383300,0,0.22244948,0.21885146
438400,383400,0,0.21824654,0.21484617
438500,383500,0,0.084560011,0.08435904
438600,383600,0,0.18465679,0.18258621
438700,383700,0,0.21114786,0.20806493
438800,383800,0,0.085579742,0.085371427
438900,383900,0,0.21702704,0.21368266
439000,384000,0,0.21757452,0.21420508
439100,384100,0,0.18584827,0.18373771
439200,384200,0,0.21147156,0.20837459
439300,384300,0,0.21314254,0.20997246
439400,384400,0,0.20980221,0.20677718
439500,384500,0,0.18043878,0.1785057
439600,384600,0,0.17451562,0.17276527
439700,384700,0,0.22534632,0.2216078
439800,384800,0,0.084670529,0.084468771
439900,384900,0,0.21773465,0.21435786
440000,385000,0,0.18705392,0.1849024
440100,385100,0,0.18097468,0.17902447
440200,385200,0,0.17265927,0.17096376
440300,385300,0,0.21943734,0.21598172
440400,385400,0,0.17402017,0.17228457
440500,385500,0,0.20978503,0.20676073
440600,385600,0,0.084331626,0.084132276
440700,385700,0,0.1811088,0.1791543
440800,385800,0,0.17350592,0.17178555
440900,385900,0,0.17300576,0.1713001
441000,386000,0,0.17245156,0.17076211
441100,386100,0,0.20992762,0.20689722
441200,386200,0,0.17229858,0.17061359
441300,386300,0,0.1733924,0.17167537
441400,386400,0,0.08898216,0.088748053
441500,386500,0,0.18298708,0.18097168
441600,386600,0,0.085949843,0.085738819
441700,386700,0,0.1795689,0.17766341
441800,386800,0,0.17388644,0.17215481
441900,386900,0,0.21280979,0.20965436
442000,387000,0,0.21464027,0.21140371
442100,387100,0,0.085086011,0.084881273
442200,387200,0,0.23456523,0.23035586
442300,387300,0,0.17613137,0.17433236
442400,387400,0,0.22102992,0.21749948
442500,387500,0,0.17441827,0.17267083
442600,387600,0,0.21952486,0.21606515
442700,387700,0,0.18518828,0.18309993
442800,387800,0,0.17368991,0.1719641
442900,387900,0,0.17268466,0.1709884
443000,388000,0,0.17230574,0.17062054
443100,388100,0,0.21766184,0.21428839
443200,388200,0,0.17239494,0.17070714
443300,388300,0,0.084956973,0.084753164
443400,388400,0,0.17728865,0.17545425
443500,388500,0,0.17313897,0.1714294
443600,388600,0,0.08488135,0.084678083
443700,388700,0,0.17353703,0.17181573
443800,388800,0,0.2253521,0.2216133
443900,388900,0,0.21360407,0.2104136
444000,389000,0,0.17645425,0.17464541
444100,389100,0,0.21607964,0.21277833
444200,389200,0,0.17441595,0.17266858
444300,389300,0,0.17672397,0.17490689
444400,389400,0,0.17310195,0.17139347
444500,389500,0,0.17208376,0.17040501
444600,389600,0,0.21464779,0.21141089
444700,389700,0,0.21752109,0.2141541
444800,389800,0,0.17323169,0.17151939
444900,389900,0,0.21454881,0.21131634
445000,390000,0,0.17342893,0.17171083
445100,390100,0,0.089658911,0.089419433
445200,390200,0,0.17214999,0.17046932
445300,390300,0,0.21963055,0.21616591
445400,390400,0,0.21626893,0.21295904
445500,390500,0,0.17236726,0.17068027
445600,390600,0,0.21573797,0.21245211
445700,390700,0,0.088251056,0.088022661
445800,390800,0,0.17718316,0.17535199
445900,390900,0,0.17992696,0.17801014
446000,391000,0,0.18359159,0.18155632
446100,391100,0,0.19043714,0.1881679
446200,391200,0,0.089381139,0.089143876
446300,391300,0,0.2173396,0.21398092
446400,391400,0,0.22002204,0.21653907
446500,391500,0,0.1119783,0.1115126
446600,391600,0,0.1815678,0.17959852
446700,391700,0,0.17642827,0.17462022
446800,391800,0,0.22076853,0.21725044
446900,391900,0,0.22108949,0.21755623
447000,392000,0,0.2186196,0.21520198
447100,392100,0,0.22293448,0.21931318
447200,392200,0,0.091974108,0.091715638
447300,392300,0,0.23531656,0.23106719
447400,392400,0,0.22164851,0.21808873
447500,392500,0,0.17923575,0.17734076
447600,392600,0,0.18855237,0.18634923
447700,392700,0,0.25207764,0.24687068
447800,392800,0,0.10597451,0.10557957
447900,392900,0,0.10154655,0.10119895
448000,393000,0,0.18223574,0.18024484
448100,393100,0,0.1816888,0.17971562
448200,393200,0,0.17301793,0.17131191
448300,393300,0,0.23208373,0.22800469
448400,393400,0,0.1135967,0.11311058
448500,393500,0,0.1743314,0.17258655
448600,393600,0,0.22755066,0.22370286
448700,393700,0,0.09400652,0.093730576
448800,393800,0,0.22922094,0.22528896
448900,393900,0,0.091164662,0.090912942
449000,394000,0,0.17894081,0.17705507
449100,394100,0,0.18381395,0.18177135
449200,394200,0,0.21962885,0.21616429
449300,394300,0,0.22279432,0.21917977
449400,394400,0,0.2232076,0.21957315
449500,394500,0,0.21706564,0.21371949
449600,394600,0,0.17415894,0.17241922
449700,394700,0,0.22733369,0.22349675
449800,394800,0,0.22399487,0.22032234
449900,394900,0,0.22084175,0.21732021
450000,395000,0,0.21513902,0.21188012
450100,395100,0,0.18620868,0.18408594
450200,395200,0,0.21696971,0.21362794
450300,395300,0,0.22419937,0.2205169
450400,395400,0,0.21954681,0.21608608
450500,395500,0,0.17304626,0.17133941
450600,395600,0,0.17901666,0.17712855
450700,395700,0,0.090112265,0.089869144
450800,395800,0,0.17337591,0.17165936
450900,395900,0,0.091341247,0.091088065
451000,396000,0,0.1739381,0.17220494
451100,396100,0,0.17701779,0.17519171
451200,396200,0,0.22541395,0.22167211
451300,396300,0,0.21550545,0.21223008
451400,396400,0,0.097286689,0.096980917
451500,396500,0,0.21674269,0.21341127
451600,396600,0,0.17651641,0.17470567
451700,396700,0,0.15428336,0.15307075
451800,396800,0,0.09386317,0.093588484
451900,396900,0,0.2301629,0.22618292
452000,397000,0,0.090559291,0.090312542
452100,397100,0,0.17343073,0.17171257
452200,397200,0,0.21509083,0.21183409
452300,397300,0,0.23088412,0.22686713
452400,397400,0,0.093073982,0.092806151
452500,397500,0,0.096480457,0.096182206
452600,397600,0,0.18050385,0.1785687
452700,397700,0,0.092951262,0.092684486
452800,397800,0,0.24825531,0.24327793
452900,397900,0,0.22629748,0.22251206
453000,398000,0,0.17313371,0.17142429
453100,398100,0,0.22285587,0.21923836
453200,398200,0,0.17985392,0.17793942
453300,398300,0,0.17596975,0.17417564
453400,398400,0,0.17552649,0.1737458
453500,398500,0,0.17210851,0.17042905
453600,398600,0,0.2136686,0.21047527
453700,398700,0,0.17591765,0.17412512
453800,398800,0,0.090052987,0.089810345
453900,398900,0,0.1762183,0.17441664
454000,399000,0,0.1856788,0.18357397
454100,399100,0,0.18568465,0.18357961
454200,399200,0,0.17970349,0.17779374
454300,399300,0,0.21399632,0.21078845
454400,399400,0,0.21631613,0.21300411
454500,399500,0,0.22140083,0.21785282
454600,399600,0,0.18265303,0.18064854
454700,399700,0,0.1733411,0.17162558
454800,399800,0,0.22559994,0.22184896
454900,399900,0,0.22006818,0.21658304
455000,400000,0,0.23071994,0.2267114
455100,400100,0,0.23545647,0.23119963
455200,400200,0,0.17311083,0.17140208
455300,400300,0,0.21931971,0.21586957
455400,400400,0,0.1004077,0.10007162
455500,400500,0,0.17812019,0.17626006
455600,400600,0,0.17667363,0.17485809
455700,400700,0,0.22554192,0.22179379
455800,400800,0,0.097066111,0.096762409
455900,400900,0,0.089026475,0.088792019
456000,401000,0,0.18215228,0.1801641
456100,401100,0,0.18239739,0.18040124
456200,401200,0,0.17415514,0.17241553
456300,401300,0,0.21978332,0.21631153
456400,401400,0,0.21828531,0.21488315
456500,401500,0,0.090532564,0.090286033
456600,401600,0,0.1749241,0.17316154
456700,401700,0,0.092261667,0.092000771
456800,401800,0,0.090801221,0.090552494
456900,401900,0,0.22132911,0.2177845
457000,402000,0,0.18718425,0.18502828
457100,402100,0,0.25001747,0.24493509
457200,402200,0,0.089170524,0.088934931
457300,402300,0,0.2249545,0.22123519
457400,402400,0,0.2164591,0.21314059
457500,402500,0,0.17895415,0.177068
457600,402600,0,0.18010075,0.17817842
457700,402700,0,0.21761795,0.21424652
457800,402800,0,0.087703622,0.087479442
457900,402900,0,0.21929802,0.21584889
458000,403000,0,0.21509619,0.21183921
458100,403100,0,0.17316242,0.17145216
458200,403200,0,0.21353905,0.21035146
458300,403300,0,0.21654514,0.21322271
458400,403400,0,0.085069134,0.084864518
458500,403500,0,0.21257153,0.20942656
458600,403600,0,0.18209889,0.18011243
458700,403700,0,0.21834064,0.21493592
458800,403800,0,0.23197245,0.2278992
458900,403900,0,0.21275772,0.20960458
459000,404000,0,0.18379052,0.18174869
459100,404100,0,0.18928866,0.18705985
459200,404200,0,0.22773728,0.22388014
459300,404300,0,0.21527393,0.21200897
459400,404400,0,0.21453125,0.21129956
459500,404500,0,0.19096698,0.18867893
459600,404600,0,0.17847766,0.1766064
459700,404700,0,0.1749534,0.17318995
459800,404800,0,0.2268953,0.22308021
459900,404900,0,0.083704237,0.083509295
460000,405000,0,0.17303431,0.17132781
460100,405100,0,0.19503365,0.1925978
460200,405200,0,0.08335241,0.083159911
460300,405300,0,0.21246646,0.2093261
460400,405400,0,0.081310856,0.081132134
460500,405500,0,0.18273266,0.18072557
460600,405600,0,0.17954727,0.17764246
460700,405700,0,0.082683255,0.082495347
460800,405800,0,0.21285527,0.20969784
460900,405900,0,0.086693814,0.086477274
461000,406000,0,0.084852427,0.084649368
461100,406100,0,0.17308891,0.17138081
461200,406200,0,0.22631191,0.22252577
461300,406300,0,0.21386261,0.21066068
461400,406400,0,0.21391293,0.21070877
461500,406500,0,0.083374266,0.083181616
461600,406600,0,0.17317484,0.17146421
461700,406700,0,0.21718578,0.21383414
461800,406800,0,0.22751959,0.22367335
461900,406900,0,0.21432359,0.21110117
462000,407000,0,0.21472522,0.21148486
462100,407100,0,0.17950132,0.17759796
462200,407200,0,0.084287198,0.084088162
462300,407300,0,0.21308301,0.20991556
462400,407400,0,0.215009,0.21175593
462500,407500,0,0.0821546,0.081970267
462600,407600,0,0.18710747,0.18495412
462700,407700,0,0.22986249,0.22589787
462800,407800,0,0.084019125,0.083821979
462900,407900,0,0.2199353,0.2164564
463000,408000,0,0.081886948,0.081704407
463100,408100,0,0.17279333,0.1710939
463200,408200,0,0.21667909,0.21335057
463300,408300,0,0.17313076,0.17142143
463400,408400,0,0.21514259,0.21188353
463500,408500,0,0.18700722,0.1848573
463600,408600,0,0.18635872,0.18423089
463700,408700,0,0.084913659,0.08471016
463800,408800,0,0.22791997,0.22405366
463900,408900,0,0.22506801,0.22134315
464000,409000,0,0.23344919,0.22929877
464100,409100,0,0.18260682,0.18060384
464200,409200,0,0.21496704,0.21171586
464300,409300,0,0.21459327,0.21135881
464400,409400,0,0.085800223,0.085590297
464500,409500,0,0.085300447,0.085094161
464600,409600,0,0.18024887,0.17832183
464700,409700,0,0.087715756,0.087491483
464800,409800,0,0.23427683,0.23008274
464900,409900,0,0.22713676,0.22330964
465000,410000,0,0.18702715,0.18487656
465100,410100,0,0.21461766,0.21138211
465200,410200,0,0.1740962,0.17235834
465300,410300,0,0.21695025,0.21360937
465400,410400,0,0.2131571,0.20998638
465500,410500,0,0.17512573,0.17335711
465600,410600,0,0.08559302,0.085384608
465700,410700,0,0.085348947,0.085142309
465800,410800,0,0.086873648,0.08665576
465900,410900,0,0.086093239,0.085881158
466000,411000,0,0.17463214,0.17287832
466100,411100,0,0.1864527,0.18432168
466200,411200,0,0.084763795,0.08456137
466300,411300,0,0.21604397,0.21274428
466400,411400,0,0.084073837,0.083876306
466500,411500,0,0.17915578,0.1772633
466600,411600,0,0.17455098,0.17279958
466700,411700,0,0.22600525,0.22223428
466800,411800,0,0.25821224,0.25262262
466900,411900,0,0.237777,0.23339494
467000,412000,0,0.22971671,0.22575952
467100,412100,0,0.17786584,0.1760136
467200,412200,0,0.22914615,0.22521797
467300,412300,0,0.17359883,0.17187571
467400,412400,0,0.091753291,0.091496675
467500,412500,0,0.25114221,0.24599206
467600,412600,0,0.23596268,0.23167873
467700,412700,0,0.17369179,0.17196592
467800,412800,0,0.17366301,0.17193799
467900,412900,0,0.22442531,0.22073185
468000,413000,0,0.17292039,0.17121724
468100,413100,0,0.22269275,0.21908307
468200,413200,0,0.18175552,0.17978019
468300,413300,0,0.21962021,0.21615604
468400,413400,0,0.21646506,0.21314627
468500,413500,0,0.17290067,0.17119809
468600,413600,0,0.082207041,0.082022355
468700,413700,0,0.17261159,0.17091747
468800,413800,0,0.17293024,0.1712268
468900,413900,0,0.22231626,0.21872462
469000,414000,0,0.17919384,0.17730016
469100,414100,0,0.2165048,0.21318421
469200,414200,0,0.21696116,0.21361979
469300,414300,0,0.21234678,0.20921166
469400,414400,0,0.082714301,0.082526181
469500,414500,0,0.21218405,0.20905605
469600,414600,0,0.21792049,0.21453515
469700,414700,0,0.21374903,0.21055214
469800,414800,0,0.21548858,0.21221396
469900,414900,0,0.21845272,0.21504283
470000,415000,0,0.17511951,0.17335108
470100,415100,0,0.21963474,0.21616989
470200,415200,0,0.082041744,0.081858168
470300,415300,0,0.22961327,0.22566135
470400,415400,0,0.21512438,0.21186614
470500,415500,0,0.17735857,0.17552201
470600,415600,0,0.21475761,0.2115158
470700,415700,0,0.082915202,0.082725711
470800,415800,0,0.082044892,0.081861295
470900,415900,0,0.21688724,0.21354924
471000,416000,0,0.17928879,0.17739212
471100,416100,0,0.213102,0.20993371
471200,416200,0,0.17273526,0.17103752
471300,416300,0,0.21967854,0.21621165
471400,416400,0,0.21814606,0.21475033
471500,416500,0,0.2177167,0.21434073
471600,416600,0,0.21120321,0.20811789
471700,416700,0,0.18197855,0.17999599
471800,416800,0,0.1756841,0.17389864
471900,416900,0,0.21047597,0.20742204
472000,417000,0,0.21078569,0.20771841
472100,417100,0,0.08169128,0.081510043
472200,417200,0,0.17758219,0.17573873
472300,417300,0,0.17288465,0.17118254
472400,417400,0,0.21629044,0.21297958
472500,417500,0,0.21438546,0.21116027
472600,417600,0,0.081251509,0.081073178
472700,417700,0,0.17631894,0.17451423
472800,417800,0,0.173503,0.17178271
472900,417900,0,0.21017822,0.20713708
473000,418000,0,0.1755179,0.17373747
473100,418100,0,0.21128654,0.2081976
473200,418200,0,0.17280036,0.17110072
473300,418300,0,0.17343343,0.17171519
473400,418400,0,0.082574309,0.082387142
473500,418500,0,0.17413381,0.17239484
473600,418600,0,0.081878708,0.081696223
473700,418700,0,0.21166159,0.20855637
473800,418800,0,0.17372858,0.17200162
473900,418900,0,0.082537573,0.082350655
474000,419000,0,0.21474153,0.21150044
474100,419100,0,0.17371303,0.17198653
474200,419200,0,0.21243561,0.2092966
474300,419300,0,0.2281641,0.22428552
474400,419400,0,0.21199211,0.20887249
474500,419500,0,0.082252744,0.082067751
474600,419600,0,0.18880837,0.18659632
474700,419700,0,0.21435707,0.21113315
474800,419800,0,0.21662997,0.21330369
474900,419900,0,0.21316347,0.20999247
475000,420000,0,0.2200054,0.21652321
475100,420100,0,0.17217475,0.17049336
475200,420200,0,0.17602613,0.17423032
475300,420300,0,0.17549848,0.17371864
475400,420400,0,0.22057045,0.2170617
475500,420500,0,0.21727404,0.21391837
475600,420600,0,0.21438656,0.21116132
475700,420700,0,0.21237691,0.20924047
475800,420800,0,0.17869782,0.1768197
475900,420900,0,0.21189196,0.20877671
476000,421000,0,0.21921656,0.21577122
476100,421100,0,0.21169632,0.20858958
476200,421200,0,0.083081973,0.082891338
476300,421300,0,0.18109834,0.17914416
476400,421400,0,0.21441521,0.2111887
476500,421500,0,0.21389369,0.21069039
476600,421600,0,0.1823314,0.18033739
476700,421700,0,0.21225909,0.2091278
476800,421800,0,0.1775839,0.17574039
476900,421900,0,0.21140279,0.20830881
477000,422000,0,0.081242931,0.081064656
477100,422100,0,0.18107249,0.17911914
477200,422200,0,0.21147984,0.20838252
477300,422300,0,0.21327755,0.21010152
477400,422400,0,0.081331943,0.081153083
477500,422500,0,0.21401683,0.21080805
477600,422600,0,0.18481314,0.18273734
477700,422700,0,0.17701139,0.1751855
477800,422800,0,0.22130748,0.21776389
477900,422900,0,0.084528788,0.084328039
478000,423000,0,0.21192642,0.20880967
478100,423100,0,0.18946662,0.18723158
478200,423200,0,0.082276115,0.082090964
478300,423300,0,0.21008907,0.20705176
478400,423400,0,0.2110173,0.20794002
478500,423500,0,0.21875773,0.21533371
478600,423600,0,0.1726541,0.17095874
478700,423700,0,0.21248987,0.20934849
478800,423800,0,0.21162359,0.20852002
478900,423900,0,0.21130607,0.20821629
479000,424000,0,0.1824278,0.18043066
479100,424100,0,0.17548513,0.17370569
479200,424200,0,0.21568702,0.21240346
479300,424300,0,0.21171587,0.20860828
479400,424400,0,0.21100647,0.20792966
479500,424500,0,0.17698114,0.17515618
479600,424600,0,0.18099261,0.17904183
479700,424700,0,0.17305235,0.17134532
479800,424800,0,0.21606823,0.21276744
479900,424900,0,0.090456742,0.090210828
480000,425000,0,0.21190056,0.20878493
480100,425100,0,0.2146039,0.21136896
480200,425200,0,0.17572058,0.17393403
480300,425300,0,0.17447032,0.17272133
480400,425400,0,0.082282453,0.08209726
480500,425500,0,0.18380702,0.18176464
480600,425600,0,0.21221432,0.209085
480700,425700,0,0.082931102,0.082741502
480800,425800,0,0.21159876,0.20849627
480900,425900,0,0.22096421,0.21743688
481000,426000,0,0.17530203,0.17352811
481100,426100,0,0.090345716,0.090100704
481200,426200,0,0.17355313,0.17183135
481300,426300,0,0.08293102,0.082741421
481400,426400,0,0.17906855,0.17717881
481500,426500,0,0.21876889,0.21534436
481600,426600,0,0.1763061,0.17450177
481700,426700,0,0.17413483,0.17239582
481800,426800,0,0.22604218,0.22226939
481900,426900,0,0.084007797,0.08381073
482000,427000,0,0.21489126,0.21164347
482100,427100,0,0.21219693,0.20906836
482200,427200,0,0.083280933,0.083088928
482300,427300,0,0.22459608,0.22089429
482400,427400,0,0.21138796,0.20829462
482500,427500,0,0.21237291,0.20923665
482600,427600,0,0.18707899,0.18492662
482700,427700,0,0.21791656,0.2145314
482800,427800,0,0.21419755,0.21098073
482900,427900,0,0.21297699,0.20981421
483000,428000,0,0.080526764,0.080353154
483100,428100,0,0.17484212,0.17308201
483200,428200,0,0.21472823,0.21148773
483300,428300,0,0.21132332,0.20823279
483400,428400,0,0.085367889,0.085161114
483500,428500,0,0.21381191,0.21061223
483600,428600,0,0.17379685,0.17206787
483700,428700,0,0.21436032,0.21113626
483800,428800,0,0.21752136,0.21415435
483900,428900,0,0.084352171,0.084152676
484000,429000,0,0.22265397,0.21904615
484100,429100,0,0.17681725,0.17499731
484200,429200,0,0.081145004,0.080967372
484300,429300,0,0.21128989,0.2082008
484400,429400,0,0.081592368,0.081411787
484500,429500,0,0.22608922,0.2223141
484600,429600,0,0.17640935,0.17460188
484700,429700,0,0.21156657,0.20846548
484800,429800,0,0.18170665,0.17973289
484900,429900,0,0.21326353,0.21008812
485000,430000,0,0.2123404,0.20920556
485100,430100,0,0.17522249,0.17345097
485200,430200,0,0.22968463,0.22572907
485300,430300,0,0.17659492,0.17478178
485400,430400,0,0.21265326,0.20950471
485500,430500,0,0.17638817,0.17458135
485600,430600,0,0.18702899,0.18487833
485700,430700,0,0.22288666,0.21926767
485800,430800,0,0.21481662,0.21157217
485900,430900,0,0.21521281,0.2119506
486000,431000,0,0.080616683,0.080442492
486100,431100,0,0.17429466,0.1725509
486200,431200,0,0.21309596,0.20992794
486300,431300,0,0.22130989,0.21776618
486400,431400,0,0.21322952,0.2100556
486500,431500,0,0.21661272,0.21328722
486600,431600,0,0.086483704,0.086268731
486700,431700,0,0.22327873,0.21964086
486800,431800,0,0.17428449,0.17254103
486900,431900,0,0.21701391,0.21367013
487000,432000,0,0.18294729,0.18093319
487100,432100,0,0.17858767,0.17671299
487200,432200,0,0.22332811,0.21968786
487300,432300,0,0.22525791,0.22152374
487400,432400,0,0.094083204,0.093806586
487500,432500,0,0.19378773,0.19139781
487600,432600,0,0.17802967,0.17617236
487700,432700,0,0.23398092,0.22980248
487800,432800,0,0.23624373,0.23194467
487900,432900,0,0.085618162,0.085409567
488000,433000,0,0.22104358,0.21751249
488100,433100,0,0.17280184,0.17110216
488200,433200,0,0.2205816,0.21707233
488300,433300,0,0.21817936,0.21478209
488400,433400,0,0.21916842,0.21572533
488500,433500,0,0.21719629,0.21384417
488600,433600,0,0.17704498,0.17521806
488700,433700,0,0.21725935,0.21390435
488800,433800,0,0.087519364,0.087296591
488900,433900,0,0.21812681,0.21473196
489000,434000,0,0.21520001,0.21193837
489100,434100,0,0.21595336,0.21265777
489200,434200,0,0.084449569,0.084249383
489300,434300,0,0.21566733,0.21238466
489400,434400,0,0.21913518,0.21569363
489500,434500,0,0.091591496,0.091336232
489600,434600,0,0.086562138,0.086346581
489700,434700,0,0.22075162,0.21723433
489800,434800,0,0.18303265,0.18101575
489900,434900,0,0.21369913,0.21050445
490000,435000,0,0.17463301,0.17287916
490100,435100,0,0.18877812,0.18656712
490200,435200,0,0.23396865,0.22979086
490300,435300,0,0.22143287,0.21788334
490400,435400,0,0.084966097,0.084762222
490500,435500,0,0.23018935,0.22620802
490600,435600,0,0.17601303,0.17421762
490700,435700,0,0.2172612,0.21390612
490800,435800,0,0.18168366,0.17971064
490900,435900,0,0.21490479,0.21165639
491000,436000,0,0.20138365,0.1987047
491100,436100,0,0.17802914,0.17617184
491200,436200,0,0.089349996,0.08911298
491300,436300,0,0.088869346,0.088636127
491400,436400,0,0.21863857,0.21522008
491500,436500,0,0.22269016,0.21908061
491600,436600,0,0.17267116,0.1709753
491700,436700,0,0.22196427,0.21838945
491800,436800,0,0.22148191,0.21793005
491900,436900,0,0.084222146,0.08402357
492000,437000,0,0.22591399,0.22214753
492100,437100,0,0.18033426,0.17840451
492200,437200,0,0.21583516,0.21254491
492300,437300,0,0.17816735,0.17630576
492400,437400,0,0.088839777,0.08860679
492500,437500,0,0.22868915,0.2247841
492600,437600,0,0.17338491,0.1716681
492700,437700,0,0.17872412,0.17684517
492800,437800,0,0.22439259,0.22070072
492900,437900,0,0.10146943,0.10112261
493000,438000,0,0.22292255,0.21930183
493100,438100,0,0.17295897,0.17125469
493200,438200,0,0.084992459,0.084788395
493300,438300,0,0.21830165,0.21489874
493400,438400,0,0.21850603,0.21509367
493500,438500,0,0.22129694,0.21775386
493600,438600,0,0.21624776,0.21293884
493700,438700,0,0.21633638,0.21302343
493800,438800,0,0.17318498,0.17147406
493900,438900,0,0.08588368,0.085673142
494000,439000,0,0.17298381,0.17127879
494100,439100,0,0.17460666,0.1728536
494200,439200,0,0.2264143,0.22262309
494300,439300,0,0.17374285,0.17201547
494400,439400,0,0.087175933,0.086955767
494500,439500,0,0.21541972,0.2121482
494600,439600,0,0.17507775,0.17331058
494700,439700,0,0.22566392,0.22190979
494800,439800,0,0.08956921,0.089330449
494900,439900,0,0.21523205,0.21196897
495000,440000,0,0.21395323,0.21074728
495100,440100,0,0.17499242,0.17322781
495200,440200,0,0.23461396,0.230402
495300,440300,0,0.21995901,0.216479
495400,440400,0,0.094602992,0.094321775
495500,440500,0,0.088660279,0.088428698
495600,440600,0,0.17468036,0.17292509
495700,440700,0,0.22805336,0.22418035
495800,440800,0,0.090968815,0.090718711
495900,440900,0,0.2159484,0.21265303
496000,441000,0,0.21564712,0.21236536
496100,441100,0,0.18400814,0.18195911
496200,441200,0,0.086236115,0.08602298
496300,441300,0,0.21659329,0.21326867
496400,441400,0,0.21769609,0.21432107
496500,441500,0,0.092827011,0.092561301
496600,441600,0,0.17562625,0.17384255
496700,441700,0,0.22427386,0.22058777
496800,441800,0,0.21377143,0.21057355
496900,441900,0,0.21578127,0.21249345
497000,442000,0,0.21446685,0.21123803
497100,442100,0,0.21805072,0.21465938
497200,442200,0,0.21662835,0.21330214
497300,442300,0,0.17318603,0.17147507
497400,442400,0,0.086833894,0.086616304
497500,442500,0,0.17305883,0.17135161
497600,442600,0,0.095098426,0.094812778
497700,442700,0,0.08376054,0.083565205
497800,442800,0,0.1737819,0.17205337
497900,442900,0,0.21512648,0.21186814
498000,443000,0,0.21513985,0.21188092
498100,443100,0,0.17572965,0.17394283
498200,443200,0,0.22507484,0.22134964
498300,443300,0,0.22419879,0.22051635
498400,443400,0,0.084968335,0.084764444
498500,443500,0,0.17397324,0.17223903
498600,443600,0,0.21321742,0.21004404
498700,443700,0,0.17370976,0.17198336
498800,443800,0,0.17459129,0.17283868
498900,443900,0,0.21861594,0.21519849
499000,444000,0,0.17464196,0.17288785
499100,444100,0,0.22185643,0.21828675
499200,444200,0,0.21828422,0.21488211
499300,444300,0,0.17345256,0.17173376
499400,444400,0,0.22302286,0.21939731
499500,444500,0,0.22363609,0.21998095
499600,444600,0,0.17338958,0.17167264
499700,444700,0,0.2184226,0.2150141
499800,444800,0,0.173331,0.17161578
499900,444900,0,0.22155788,0.2180024
500000,445000,0,0.21760508,0.21423423
500100,445100,0,0.18071402,0.17877216
500200,445200,0,0.21976664,0.21629563
500300,445300,0,0.17467879,0.17292357
500400,445400,0,0.21322849,0.21005462
500500,445500,0,0.084097167,0.083899472
500600,445600,0,0.1779105,0.17605688
500700,445700,0,0.086649694,0.086433483
500800,445800,0,0.2257043,0.22194818
500900,445900,0,0.083229927,0.083038274
501000,446000,0,0.088996213,0.088761995
501100,446100,0,0.18149661,0.17952963
501200,446200,0,0.22356197,0.21991041
501300,446300,0,0.08503349,0.084829131
501400,446400,0,0.21816777,0.21477103
501500,446500,0,0.21422657,0.21100847
501600,446600,0,0.17733846,0.17550251
501700,446700,0,0.082840406,0.082651427
501800,446800,0,0.083241135,0.083049405
501900,446900,0,0.22490818,0.22119115
502000,447000,0,0.21613523,0.21283141
502100,447100,0,0.21278304,0.20962879
502200,447200,0,0.08255392,0.082366891
502300,447300,0,0.22063858,0.21712662
502400,447400,0,0.2224597,0.2188612
502500,447500,0,0.1771808,0.17534971
502600,447600,0,0.17345075,0.171732
502700,447700,0,0.1766153,0.17480154
502800,447800,0,0.083730443,0.083535318
502900,447900,0,0.22476606,0.22105597
503000,448000,0,0.21201765,0.20889691
503100,448100,0,0.17339689,0.17167973
503200,448200,0,0.21217863,0.20905086
503300,448300,0,0.1744274,0.17267968
503400,448400,0,0.21181983,0.20870772
503500,448500,0,0.21683829,0.21350251
503600,448600,0,0.17458731,0.17283483
503700,448700,0,0.22303325,0.2194072
503800,448800,0,0.17682932,0.17500901
503900,448900,0,0.082376762,0.082190932
504000,449000,0,0.17392061,0.17218796
504100,449100,0,0.19325787,0.19088731
504200,449200,0,0.23027499,0.22628927
504300,449300,0,0.24232417,0.23768982
504400,449400,0,0.215781,0.21249319
504500,449500,0,0.080694652,0.080519956
504600,449600,0,0.21150186,0.20840358
504700,449700,0,0.21119714,0.20811207
504800,449800,0,0.17576211,0.1739743
504900,449900,0,0.21068887,0.20762577
505000,450000,0,0.18034159,0.1784116
505100,450100,0,0.081970467,0.081787368
505200,450200,0,0.21181803,0.208706
505300,450300,0,0.17396814,0.17223408
505400,450400,0,0.2136659,0.2104727
505500,450500,0,0.17867489,0.17679748
505600,450600,0,0.21277788,0.20962385
505700,450700,0,0.17365163,0.17192695
505800,450800,0,0.22787847,0.22401425
505900,450900,0,0.21552738,0.21225101
506000,451000,0,0.17874475,0.17686515
506100,451100,0,0.086774826,0.086557679
506200,451200,0,0.082905947,0.08271652
506300,451300,0,0.21187458,0.20876009
506400,451400,0,0.21146154,0.20836501
506500,451500,0,0.17524961,0.17347727
506600,451600,0,0.21518031,0.21191956
506700,451700,0,0.17340841,0.1716909
506800,451800,0,0.17672024,0.17490327
506900,451900,0,0.22463352,0.2209299
507000,452000,0,0.17481474,0.17305545
507100,452100,0,0.081651899,0.081470923
507200,452200,0,0.18321411,0.18119126
507300,452300,0,0.082823738,0.082634872
507400,452400,0,0.20998612,0.20695321
507500,452500,0,0.081791449,0.081609546
507600,452600,0,0.17263193,0.17093722
507700,452700,0,0.22344809,0.21980204
507800,452800,0,0.21840874,0.21500088
507900,452900,0,0.21174146,0.20863276
508000,453000,0,0.21176379,0.20865412
508100,453100,0,0.17509858,0.17333078
508200,453200,0,0.22150525,0.21795228
508300,453300,0,0.21190782,0.20879187
508400,453400,0,0.081051983,0.08087496
508500,453500,0,0.17456077,0.17280908
508600,453600,0,0.19163818,0.18932615
508700,453700,0,0.083726789,0.083531689
508800,453800,0,0.22112327,0.21758841
508900,453900,0,0.081232265,0.08105406
509000,454000,0,0.081278062,0.081099556
509100,454100,0,0.17758592,0.17574235
509200,454200,0,0.21613867,0.21283469
509300,454300,0,0.21303493,0.20986959
509400,454400,0,0.21229627,0.20916336
509500,454500,0,0.21471309,0.21147327
509600,454600,0,0.080010635,0.079840336
509700,454700,0,0.082218425,0.082033662
509800,454800,0,0.21793715,0.21455105
509900,454900,0,0.21613789,0.21283394
510000,455000,0,0.21195146,0.20883361
510100,455100,0,0.17390614,0.17217392
510200,455200,0,0.21242213,0.20928371
510300,455300,0,0.17774109,0.17589272
510400,455400,0,0.081576816,0.081396338
510500,455500,0,0.080606022,0.080431899
510600,455600,0,0.17677619,0.17495751
510700,455700,0,0.21625957,0.21295011
510800,455800,0,0.21643277,0.21311545
510900,455900,0,0.21998255,0.21650143
511000,456000,0,0.21858009,0.21516431
511100,456100,0,0.21300885,0.20984466
511200,456200,0,0.21945131,0.21599503
511300,456300,0,0.17519796,0.17342717
511400,456400,0,0.21676135,0.21342908
511500,456500,0,0.21467013,0.21143223
511600,456600,0,0.17318293,0.17147207
511700,456700,0,0.08979672,0.089556139
511800,456800,0,0.1780596,0.17620136
511900,456900,0,0.23589368,0.23161342
512000,457000,0,0.17545548,0.17367694
512100,457100,0,0.17436508,0.17261922
512200,457200,0,0.21838794,0.21498104
512300,457300,0,0.17396596,0.17223197
512400,457400,0,0.22283726,0.21922065
512500,457500,0,0.083745676,0.083550445
512600,457600,0,0.21736142,0.21400174
512700,457700,0,0.1733878,0.17167091
512800,457800,0,0.22721901,0.22338779
512900,457900,0,0.21425401,0.21103469
513000,458000,0,0.21513255,0.21187394
513100,458100,0,0.17871508,0.17683641
513200,458200,0,0.083695336,0.083500456
513300,458300,0,0.22625901,0.22247549
513400,458400,0,0.22333385,0.21969332
513500,458500,0,0.21587233,0.2125804
513600,458600,0,0.17382022,0.17209055
513700,458700,0,0.17401209,0.17227673
513800,458800,0,0.22565338,0.22189977
513900,458900,0,0.22019453,0.21670346
514000,459000,0,0.21552696,0.21225062
514100,459100,0,0.17735089,0.17551457
514200,459200,0,0.21437902,0.21115413
514300,459300,0,0.17342473,0.17170675
514400,459400,0,0.21644121,0.21312351
514500,459500,0,0.23239026,0.22829527
514600,459600,0,0.22505983,0.22133537
514700,459700,0,0.19315541,0.19078858
514800,459800,0,0.18054088,0.17860455
514900,459900,0,0.22480586,0.22109382
515000,460000,0,0.17768447,0.17583785
515100,460100,0,0.23143892,0.22739331
515200,460200,0,0.22182166,0.21825363
515300,460300,0,0.22286759,0.21924951
515400,460400,0,0.21997125,0.21649066
515500,460500,0,0.21947712,0.21601964
515600,460600,0,0.22256031,0.21895699
515700,460700,0,0.2189491,0.2155162
515800,460800,0,0.17785986,0.17600781
515900,460900,0,0.22740119,0.22356087
516000,461000,0,0.17780982,0.17595932
516100,461100,0,0.22202734,0.2184495
516200,461200,0,0.1806416,0.17870205
516300,461300,0,0.17517458,0.1734045
516400,461400,0,0.12606545,0.12540183
516500,461500,0,0.17401851,0.17228296
516600,461600,0,0.23761593,0.23324263
516700,461700,0,0.17350509,0.17178474
516800,461800,0,0.17389792,0.17216595
516900,461900,0,0.088772768,0.088540306
517000,462000,0,0.17389624,0.17216431
517100,462100,0,0.10000027,0.099668262
517200,462200,0,0.18209715,0.18011075
517300,462300,0,0.17473895,0.17298193
517400,462400,0,0.090608664,0.090361512
517500,462500,0,0.17444841,0.17270007
517600,462600,0,0.22154563,0.21799073
517700,462700,0,0.17369558,0.1719696
517800,462800,0,0.096519672,0.096221058
517900,462900,0,0.23007405,0.22609862
518000,463000,0,0.17360418,0.1718809
518100,463100,0,0.093254864,0.092985472
518200,463200,0,0.24052934,0.23599567
518300,463300,0,0.17408709,0.1723495
518400,463400,0,0.22697524,0.22315617
518500,463500,0,0.17300246,0.1712969
518600,463600,0,0.22739887,0.22355867
518700,463700,0,0.18125963,0.17930028
518800,463800,0,0.17811756,0.17625752
518900,463900,0,0.2292269,0.22529463
519000,464000,0,0.17519715,0.17342639
519100,464100,0,0.22393376,0.22026419
519200,464200,0,0.24379715,0.2390791
519300,464300,0,0.17381902,0.17208939
519400,464400,0,0.23272931,0.22861662
519500,464500,0,0.17983305,0.17791921
519600,464600,0,0.09842968,0.098113031
519700,464700,0,0.1018323,0.10148176
519800,464800,0,0.09837428,0.098058165
519900,464900,0,0.22950134,0.22555512
520000,465000,0,0.18282164,0.18081165
520100,465100,0,0.18326711,0.18124252
520200,465200,0,0.22002804,0.21654479
520300,465300,0,0.22960816,0.22565649
520400,465400,0,0.095239856,0.094952935
520500,465500,0,0.23150279,0.22745388
520600,465600,0,0.18181454,0.1798373
520700,465700,0,0.23239226,0.22829717
520800,465800,0,0.2276951,0.22384007
520900,465900,0,0.11381512,0.1133262
521000,466000,0,0.11365741,0.11317052
521100,466100,0,0.17954042,0.17763583
521200,466200,0,0.11394391,0.11345334
521300,466300,0,0.23699674,0.23265705
521400,466400,0,0.23850898,0.23408692
521500,466500,0,0.23899499,0.23454625
521600,466600,0,0.1778987,0.17604545
521700,466700,0,0.12580757,0.125148
521800,466800,0,0.25030964,0.24520971
521900,466900,0,0.25041006,0.24530408
522000,467000,0,0.1121653,0.11169727
522100,467100,0,0.23947869,0.23500329
522200,467200,0,0.25437066,0.24902273
522300,467300,0,0.11242412,0.11195285
522400,467400,0,0.24139969,0.23681738
522500,467500,0,0.17753074,0.17568887
522600,467600,0,0.19027786,0.18801425
522700,467700,0,0.24570025,0.24087259
522800,467800,0,0.11571392,0.11520022
522900,467900,0,0.24496664,0.24018143
523000,468000,0,0.17597325,0.17417904
523100,468100,0,0.18020318,0.1782776
523200,468200,0,0.11748349,0.11694595
523300,468300,0,0.23928719,0.23482236
523400,468400,0,0.23661251,0.23229358
523500,468500,0,0.17724153,0.17540858
523600,468600,0,0.2396733,0.23518714
523700,468700,0,0.17337225,0.17165582
523800,468800,0,0.17637092,0.17456462
523900,468900,0,0.10674017,0.10633663
524000,469000,0,0.17354054,0.17181914
524100,469100,0,0.23212284,0.22804177
524200,469200,0,0.17374495,0.17201751
524300,469300,0,0.24985743,0.24478464
524400,469400,0,0.23802744,0.23363172
524500,469500,0,0.22950839,0.2255618
524600,469600,0,0.10825418,0.10783328
524700,469700,0,0.18955888,0.1873206
524800,469800,0,0.23642693,0.23211801
524900,469900,0,0.2362518,0.2319523
525000,470000,0,0.23005791,0.22608331
525100,470100,0,0.17824424,0.17638026
525200,470200,0,0.24902644,0.24400329
525300,470300,0,0.17398021,0.17224579
525400,470400,0,0.23565449,0.23138705
525500,470500,0,0.10886705,0.10843898
525600,470600,0,0.17355506,0.17183323
525700,470700,0,0.1058719,0.1054781
525800,470800,0,0.17339185,0.17167484
525900,470900,0,0.23131657,0.22727729
526000,471000,0,0.22635534,0.22256706
526100,471100,0,0.1771809,0.17534981
526200,471200,0,0.24766685,0.24272422
526300,471300,0,0.17389257,0.17216076
526400,471400,0,0.11312689,0.11264676
526500,471500,0,0.2268545,0.22304144
526600,471600,0,0.17832739,0.17646082
526700,471700,0,0.1900409,0.18778566
526800,471800,0,0.17351158,0.17179104
526900,471900,0,0.25404113,0.24871361
527000,472000,0,0.24073494,0.23618981
527100,472100,0,0.17518944,0.1734189
527200,472200,0,0.23198327,0.22790945
527300,472300,0,0.17926899,0.17737295
527400,472400,0,0.22433903,0.22064977
527500,472500,0,0.11031379,0.10986849
527600,472600,0,0.17786331,0.17601115
527700,472700,0,0.10794412,0.10752682
527800,472800,0,0.23393929,0.22976305
527900,472900,0,0.22844708,0.22455425
528000,473000,0,0.1018916,0.10154045
528100,473100,0,0.17268845,0.17099209
528200,473200,0,0.2429644,0.23829379
528300,473300,0,0.2292253,0.2252931
528400,473400,0,0.21994577,0.21646637
528500,473500,0,0.23218845,0.22810397
528600,473600,0,0.22031345,0.21681679
528700,473700,0,0.22051681,0.21701059
528800,473800,0,0.18162822,0.179657
528900,473900,0,0.22690452,0.22308897
529000,474000,0,0.22545682,0.22171287
529100,474100,0,0.24483123,0.24005383
529200,474200,0,0.10540249,0.10501388
529300,474300,0,0.22138085,0.21783379
529400,474400,0,0.22361952,0.21996518
529500,474500,0,0.17298629,0.1712812
529600,474600,0,0.22750886,0.22366315
529700,474700,0,0.10719858,0.10678983
529800,474800,0,0.10404978,0.10367591
529900,474900,0,0.22829936,0.22441397
530000,475000,0,0.10338455,0.10301779
530100,475100,0,0.17410938,0.17237113
530200,475200,0,0.23565807,0.23139044
530300,475300,0,0.22638399,0.22259429
530400,475400,0,0.21968327,0.21621616
530500,475500,0,0.2188368,0.21540911
530600,475600,0,0.21962927,0.21616468
530700,475700,0,0.17617912,0.17437865
530800,475800,0,0.17674687,0.17492909
530900,475900,0,0.22428246,0.22059595
531000,476000,0,0.10553099,0.10514097
531100,476100,0,0.18337784,0.18134961
531200,476200,0,0.240342,0.23581876
531300,476300,0,0.23787912,0.23349149
531400,476400,0,0.22671709,0.22291086
531500,476500,0,0.23140447,0.22736064
531600,476600,0,0.17288277,0.17118072
531700,476700,0,0.22652984,0.2227329
531800,476800,0,0.17367683,0.17195141
531900,476900,0,0.21980822,0.21633526
532000,477000,0,0.1023356,0.10197985
532100,477100,0,0.17805863,0.17620042
532200,477200,0,0.24569128,0.24086415
532300,477300,0,0.24341454,0.23871832
532400,477400,0,0.23174666,0.22768512
532500,477500,0,0.22376786,0.22010634
532600,477600,0,0.17513377,0.17336491
532700,477700,0,0.10285012,0.102489
532800,477800,0,0.2231456,0.21951415
532900,477900,0,0.2220989,0.21851765
533000,478000,0,0.22108268,0.21754974
533100,478100,0,0.18187596,0.17989673
533200,478200,0,0.21855031,0.2151359
533300,478300,0,0.22322986,0.21959434
533400,478400,0,0.10374272,0.10337213
533500,478500,0,0.22068797,0.21717368
533600,478600,0,0.17789263,0.17603957
533700,478700,0,0.10302511,0.10266214
533800,478800,0,0.22273913,0.21912722
533900,478900,0,0.22004519,0.21656113
534000,479000,0,0.10074396,0.10040451
534100,479100,0,0.17269716,0.17100054
534200,479200,0,0.22583089,0.22206852
534300,479300,0,0.17397705,0.17224273
534400,479400,0,0.2212129,0.2176738
534500,479500,0,0.22934968,0.22541116
534600,479600,0,0.22446363,0.2207683
534700,479700,0,0.22381384,0.2201501
534800,479800,0,0.1805257,0.17858985
534900,479900,0,0.22063129,0.21711968
535000,480000,0,0.23483371,0.23061007
535100,480100,0,0.18168235,0.17970938
535200,480200,0,0.098496737,0.098179442
535300,480300,0,0.17453167,0.17278085
535400,480400,0,0.22013609,0.21664777
535500,480500,0,0.21846043,0.21505018
535600,480600,0,0.18032209,0.17839273
535700,480700,0,0.23537045,0.2311182
535800,480800,0,0.22738949,0.22354975
535900,480900,0,0.09758145,0.097272898
536000,481000,0,0.18080276,0.17885806
536100,481100,0,0.18687903,0.18473349
536200,481200,0,0.17389803,0.17216606
536300,481300,0,0.098098689,0.097785216
536400,481400,0,0.2195964,0.21613335
536500,481500,0,0.1730779,0.17137012
536600,481600,0,0.21655182,0.21322909
536700,481700,0,0.097061406,0.096757748
536800,481800,0,0.096345407,0.096048403
536900,481900,0,0.11824686,0.11769881
537000,482000,0,0.094577557,0.094296566
537100,482100,0,0.1798496,0.17793524
537200,482200,0,0.1761588,0.17435896
537300,482300,0,0.21715828,0.2138079
537400,482400,0,0.22235005,0.2187568
537500,482500,0,0.09672936,0.0964288
537600,482600,0,0.17923837,0.17734329
537700,482700,0,0.23090736,0.22688918
537800,482800,0,0.22621418,0.22243288
537900,482900,0,0.21704303,0.21369792
538000,483000,0,0.093169767,0.09290111
538100,483100,0,0.17423908,0.17249698
538200,483200,0,0.094499323,0.094219027
538300,483300,0,0.22071831,0.21720259
538400,483400,0,0.093924055,0.093648835
538500,483500,0,0.092653931,0.092389702
538600,483600,0,0.1733386,0.17162315
538700,483700,0,0.22856138,0.22466279
538800,483800,0,0.2180826,0.2146898
538900,483900,0,0.21654733,0.21322481
539000,484000,0,0.21617332,0.21286777
539100,484100,0,0.17553835,0.1737573
539200,484200,0,0.21651623,0.21319512
539300,484300,0,0.17412296,0.17238431
539400,484400,0,0.21700087,0.21365768
539500,484500,0,0.21696408,0.21362257
539600,484600,0,0.17342995,0.17171181
539700,484700,0,0.23184164,0.22777517
539800,484800,0,0.23738055,0.23302005
539900,484900,0,0.22368167,0.22002432
540000,485000,0,0.089574171,0.08933537
540100,485100,0,0.17297829,0.17127343
540200,485200,0,0.18311728,0.18109761
540300,485300,0,0.23042625,0.22643279
540400,485400,0,0.22631979,0.22253327
540500,485500,0,0.22293737,0.21931594
540600,485600,0,0.17485472,0.17309424
540700,485700,0,0.21888406,0.21545418
540800,485800,0,0.23661755,0.23229835
540900,485900,0,0.21669252,0.21336339
541000,486000,0,0.22592298,0.22215608
541100,486100,0,0.17553425,0.17375333
541200,486200,0,0.22824398,0.22436139
541300,486300,0,0.086416232,0.08620176
541400,486400,0,0.086737894,0.086521023
541500,486500,0,0.21805542,0.21466386
541600,486600,0,0.17690296,0.1750804
541700,486700,0,0.2232027,0.21956849
541800,486800,0,0.085295279,0.08508903
541900,486900,0,0.2165999,0.21327498
542000,487000,0,0.23377375,0.22960624
542100,487100,0,0.22242361,0.21882684
542200,487200,0,0.23619684,0.2319003
542300,487300,0,0.17341256,0.17169494
542400,487400,0,0.21748875,0.21412324
542500,487500,0,0.21594877,0.21265338
542600,487600,0,0.084635382,0.084433874
542700,487700,0,0.2241809,0.22049933
542800,487800,0,0.21823721,0.21483727
542900,487900,0,0.21458284,0.21134885
543000,488000,0,0.22130157,0.21775826
543100,488100,0,0.084953149,0.084749368
543200,488200,0,0.17692142,0.1750983
543300,488300,0,0.17399672,0.17226182
543400,488400,0,0.21561767,0.21233723
543500,488500,0,0.17563188,0.17384801
543600,488600,0,0.085057875,0.08485334
543700,488700,0,0.17470839,0.17295228
543800,488800,0,0.085365633,0.085158874
543900,488900,0,0.086017904,0.085806379
544000,489000,0,0.18588302,0.1837713
544100,489100,0,0.088398025,0.088168489
544200,489200,0,0.17345335,0.17173452
544300,489300,0,0.086192146,0.085979336
544400,489400,0,0.21662501,0.21329896
544500,489500,0,0.17435241,0.17260694
544600,489600,0,0.21825175,0.21485114
544700,489700,0,0.17587634,0.17408507
544800,489800,0,0.21722109,0.21386784
544900,489900,0,0.21606309,0.21276253
545000,490000,0,0.18039663,0.17846489
545100,490100,0,0.17638634,0.17457956
545200,490200,0,0.21737372,0.21401348
545300,490300,0,0.086101122,0.085888983
545400,490400,0,0.21713997,0.21379043
545500,490500,0,0.17904462,0.17715563
545600,490600,0,0.18492564,0.18284608
545700,490700,0,0.21706057,0.21371465
545800,490800,0,0.21638349,0.21306841
545900,490900,0,0.22247892,0.2188795
546000,491000,0,0.085024747,0.084820451
546100,491100,0,0.17620158,0.17440043
546200,491200,0,0.17578566,0.17399713
546300,491300,0,0.087253842,0.087033086
546400,491400,0,0.088009862,0.087783331
546500,491500,0,0.17730006,0.1754653
546600,491600,0,0.21618824,0.21288201
546700,491700,0,0.17491267,0.17315044
546800,491800,0,0.089430032,0.08919238
546900,491900,0,0.21738392,0.21402321
547000,492000,0,0.17681582,0.17499593
547100,492100,0,0.21633334,0.21302053
547200,492200,0,0.088420784,0.088191071
547300,492300,0,0.087929166,0.087703255
547400,492400,0,0.23018648,0.2262053
547500,492500,0,0.086585887,0.086370152
547600,492600,0,0.18502523,0.18294234
547700,492700,0,0.174016,0.17228052
547800,492800,0,0.088147291,0.087919698
547900,492900,0,0.087885499,0.087659924
548000,493000,0,0.17610156,0.17430346
548100,493100,0,0.21913047,0.21568914
548200,493200,0,0.2162432,0.21293448
548300,493300,0,0.088682563,0.088450808
548400,493400,0,0.088052303,0.087825444
548500,493500,0,0.17334586,0.1716302
548600,493600,0,0.22125649,0.21771532
548700,493700,0,0.22074673,0.21722967
548800,493800,0,0.1009945,0.10065251
548900,493900,0,0.089924637,0.089683028
549000,494000,0,0.18127812,0.17931818
549100,494100,0,0.21908327,0.21564414
549200,494200,0,0.090609119,0.090361963
549300,494300,0,0.089653969,0.089414531
549400,494400,0,0.22100535,0.21747607
549500,494500,0,0.21860632,0.21518932
549600,494600,0,0.091826252,0.091569025
549700,494700,0,0.17294892,0.17124493
549800,494800,0,0.091493724,0.091239275
549900,494900,0,0.2305801,0.22657875
550000,495000,0,0.1733021,0.17158773
550100,495100,0,0.21980545,0.21633262
550200,495200,0,0.17362189,0.17189809
550300,495300,0,0.23913884,0.23468218
550400,495400,0,0.22567071,0.22191624
550500,495500,0,0.1800836,0.17816181
550600,495600,0,0.21859353,0.21517711
550700,495700,0,0.093096017,0.092827995
550800,495800,0,0.21817422,0.21477719
550900,495900,0,0.22994587,0.22597698
551000,496000,0,0.093092383,0.092824393
551100,496100,0,0.19254728,0.19020252
551200,496200,0,0.098255821,0.097940843
551300,496300,0,0.22066794,0.2171546
551400,496400,0,0.096942501,0.096639954
551500,496500,0,0.22001742,0.21653467
551600,496600,0,0.23267319,0.22856343
551700,496700,0,0.10045933,0.10012274
551800,496800,0,0.17331458,0.17159984
551900,496900,0,0.10134564,0.10100009
552000,497000,0,0.10007442,0.099741679
552100,497100,0,0.17474671,0.17298946
552200,497200,0,0.23700748,0.2326672
552300,497300,0,0.17567587,0.17389067
552400,497400,0,0.10285365,0.10249248
552500,497500,0,0.24041575,0.23588841
552600,497600,0,0.1744097,0.17266251
552700,497700,0,0.22621778,0.22243631
552800,497800,0,0.22667352,0.22286946
552900,497900,0,0.22919045,0.22526002
553000,498000,0,0.22436432,0.22067383
553100,498100,0,0.17703655,0.17520989
553200,498200,0,0.22561059,0.22185908
553300,498300,0,0.17762375,0.175779
553400,498400,0,0.11097173,0.11051843
553500,498500,0,0.22745277,0.22360987
553600,498600,0,0.1884957,0.18629452
553700,498700,0,0.23428281,0.23008841
553800,498800,0,0.17343336,0.17171512
553900,498900,0,0.1143559,0.11386001
554000,499000,0,0.22754511,0.2236976
554100,499100,0,0.18493868,0.18285869
554200,499200,0,0.24700622,0.24210241
554300,499300,0,0.11727051,0.11673587
554400,499400,0,0.11786877,0.11732594
554500,499500,0,0.24032424,0.23580199
554600,499600,0,0.17371028,0.17198386
554700,499700,0,0.19230487,0.18996887
554800,499800,0,0.17760922,0.17576492
554900,499900,0,0.25980143,0.25410979
555000,500000,0,0.17355049,0.1718288
555100,500100,0,0.17693163,0.17510819
555200,500200,0,0.17773231,0.17588421
555300,500300,0,0.23367808,0.2295156
555400,500400,0,0.23722497,0.23287291
555500,500500,0,0.25707065,0.25155357
555600,500600,0,0.17903213,0.17714353
555700,500700,0,0.18820478,0.18601369
555800,500800,0,0.12388615,0.12325622
555900,500900,0,0.24508089,0.24028908
556000,501000,0,0.17375857,0.17203072
556100,501100,0,0.17667186,0.17485637
556200,501200,0,0.17405736,0.17232065
556300,501300,0,0.1732638,0.17155056
556400,501400,0,0.25364018,0.24833743
556500,501500,0,0.17694978,0.17512579
556600,501600,0,0.17284013,0.17113933
556700,501700,0,0.17862003,0.17674433
556800,501800,0,0.17520319,0.17343225
556900,501900,0,0.13093454,0.13019139
557000,502000,0,0.17360123,0.17187804
557100,502100,0,0.1740609,0.1723241
557200,502200,0,0.17620851,0.17440715
557300,502300,0,0.13396996,0.13317418
557400,502400,0,0.2400304,0.23552446
557500,502500,0,0.17416008,0.17242033
557600,502600,0,0.1775642,0.1757213
557700,502700,0,0.18217435,0.18018545
557800,502800,0,0.17706044,0.17523305
557900,502900,0,0.26841764,0.26215183
558000,503000,0,0.17576994,0.17398189
558100,503100,0,0.17540005,0.17362317
558200,503200,0,0.1825385,0.18053775
558300,503300,0,0.17353988,0.1718185
558400,503400,0,0.27550262,0.26873757
558500,503500,0,0.17409264,0.17235489
558600,503600,0,0.18511814,0.18303214
558700,503700,0,0.19029393,0.18802976
558800,503800,0,0.1735756,0.17185316
558900,503900,0,0.24643211,0.24156187
559000,504000,0,0.17495621,0.17319268
559100,504100,0,0.17627371,0.17447037
559200,504200,0,0.17544842,0.17367009
559300,504300,0,0.24527502,0.240472
559400,504400,0,0.24244139,0.23780041
559500,504500,0,0.24898337,0.24396278
559600,504600,0,0.17322298,0.17151094
559700,504700,0,0.17899015,0.17710287
559800,504800,0,0.24711054,0.24220061
559900,504900,0,0.1414424,0.14050666
560000,505000,0,0.17584861,0.17405818
560100,505100,0,0.18041014,0.17847797
560200,505200,0,0.25012365,0.24503489
560300,505300,0,0.14275394,0.14179207
560400,505400,0,0.25298318,0.24772084
560500,505500,0,0.24968745,0.24462484
560600,505600,0,0.17300128,0.17129575
560700,505700,0,0.17766511,0.17581908
560800,505800,0,0.17431101,0.17256676
560900,505900,0,0.25188497,0.24668974
561000,506000,0,0.14244544,0.14148975
561100,506100,0,0.17714384,0.17531389
561200,506200,0,0.19943671,0.19683391
561300,506300,0,0.17682792,0.17500765
561400,506400,0,0.26467303,0.25866115
561500,506500,0,0.24488474,0.24010425
561600,506600,0,0.17551698,0.17373658
561700,506700,0,0.17811786,0.17625781
561800,506800,0,0.25723162,0.25170435
561900,506900,0,0.24404751,0.23931513
562000,507000,0,0.25571933,0.25028734
562100,507100,0,0.17382726,0.17209738
562200,507200,0,0.26005166,0.25434385
562300,507300,0,0.17462941,0.17287566
562400,507400,0,0.26333355,0.25741086
562500,507500,0,0.14426973,0.14327706
562600,507600,0,0.17916394,0.1772712
562700,507700,0,0.19134073,0.18903935
562800,507800,0,0.17476494,0.17300714
562900,507900,0,0.1488435,0.14775398
563000,508000,0,0.25555517,0.25013345
563100,508100,0,0.17448397,0.17273457
563200,508200,0,0.1808134,0.17886836
563300,508300,0,0.1775449,0.17570259
563400,508400,0,0.15044158,0.1493168
563500,508500,0,0.17339862,0.17168141
563600,508600,0,0.17764128,0.17579599
563700,508700,0,0.18046536,0.17853143
563800,508800,0,0.26211641,0.25627401
563900,508900,0,0.14797562,0.14690494
564000,509000,0,0.1731944,0.1714832
564100,509100,0,0.17625319,0.17445048
564200,509200,0,0.17472598,0.17296935
564300,509300,0,0.17357867,0.17185615
564400,509400,0,0.2766234,0.26977709
564500,509500,0,0.25901852,0.2533773
564600,509600,0,0.17349373,0.17177371
564700,509700,0,0.18386267,0.18181845
564800,509800,0,0.17455799,0.17280638
564900,509900,0,0.25408155,0.24875153
565000,510000,0,0.17528024,0.17350697
565100,510100,0,0.17804835,0.17619046
565200,510200,0,0.18665611,0.18451816
565300,510300,0,0.35957221,0.34483717
565400,510400,0,0.27587685,0.26908474
565500,510500,0,0.1851505,0.18306342
565600,510600,0,0.17379124,0.17206243
565700,510700,0,0.17484835,0.17308805
565800,510800,0,0.25948014,0.25380923
565900,510900,0,0.14629745,0.14526258
566000,511000,0,0.24820183,0.24322762
566100,511100,0,0.17427638,0.17253316
566200,511200,0,0.18019182,0.1782666
566300,511300,0,0.17363525,0.17191105
566400,511400,0,0.25172443,0.24653896
566500,511500,0,0.17670835,0.17489175
566600,511600,0,0.17563516,0.17385119
566700,511700,0,0.1465846,0.14554366
566800,511800,0,0.14833819,0.14725966
566900,511900,0,0.15026268,0.14914188
567000,512000,0,0.17329659,0.17158238
567100,512100,0,0.17651148,0.17470089
567200,512200,0,0.18569724,0.18359178
567300,512300,0,0.24761987,0.24268
567400,512400,0,0.14862351,0.14753879
567500,512500,0,0.17464211,0.17288799
567600,512600,0,0.17255766,0.17086512
567700,512700,0,0.25357945,0.24828043
567800,512800,0,0.15247083,0.1513002
567900,512900,0,0.15257601,0.15140297
568000,513000,0,0.26271495,0.25683316
568100,513100,0,0.17276268,0.17106414
568200,513200,0,0.1847744,0.18269989
568300,513300,0,0.15546041,0.15422002
568400,513400,0,0.15281627,0.15163772
568500,513500,0,0.17728753,0.17545315
568600,513600,0,0.18503602,0.18295278
568700,513700,0,0.25446602,0.24911218
568800,513800,0,0.2504538,0.24534519
568900,513900,0,0.26810515,0.26186079
569000,514000,0,0.15245625,0.15128595
569100,514100,0,0.18503655,0.18295328
569200,514200,0,0.25165232,0.24647124
569300,514300,0,0.25307553,0.24780752
569400,514400,0,0.17527186,0.17349885
569500,514500,0,0.15282294,0.15164423
569600,514600,0,0.19854008,0.19597187
569700,514700,0,0.26386748,0.25790934
569800,514800,0,0.27343406,0.26681733
569900,514900,0,0.1545053,0.15328749
570000,515000,0,0.18056982,0.17863256
570100,515100,0,0.18296526,0.18095056
570200,515200,0,0.25398226,0.24865837
570300,515300,0,0.25463399,0.24926972
570400,515400,0,0.25275814,0.2475096
570500,515500,0,0.17338182,0.1716651
570600,515600,0,0.17388681,0.17215516
570700,515700,0,0.18125732,0.17929804
570800,515800,0,0.15600659,0.15475315
570900,515900,0,0.2797355,0.27266026
571000,516000,0,0.17489062,0.17312906
571100,516100,0,0.17341241,0.17169479
571200,516200,0,0.17392231,0.17218962
571300,516300,0,0.1734214,0.17170351
571400,516400,0,0.15556569,0.15432278
571500,516500,0,0.17341734,0.17169958
571600,516600,0,0.17505992,0.17329328
571700,516700,0,0.17335629,0.17164032
571800,516800,0,0.27390968,0.26725904
571900,516900,0,0.263537,0.25760082
572000,517000,0,0.15914207,0.15781205
572100,517100,0,0.1738675,0.17213643
572200,517200,0,0.18213167,0.18014415
572300,517300,0,0.15208643,0.15092458
572400,517400,0,0.27978072,0.27270212
572500,517500,0,0.18913077,0.18690748
572600,517600,0,0.18864293,0.18643664
572700,517700,0,0.15388612,0.15268279
572800,517800,0,0.26136066,0.25556777
572900,517900,0,0.1735034,0.17178309
573000,518000,0,0.25680754,0.2513071
573100,518100,0,0.21410434,0.21089168
573200,518200,0,0.15189167,0.15073425
573300,518300,0,0.17401525,0.1722798
573400,518400,0,0.17450887,0.17275872
573500,518500,0,0.1490457,0.14795176
573600,518600,0,0.2006533,0.19800309
573700,518700,0,0.17625113,0.17444848
573800,518800,0,0.24861203,0.24361351
573900,518900,0,0.1499472,0.1488334
574000,519000,0,0.17347742,0.17175789
574100,519100,0,0.17503287,0.17326704
574200,519200,0,0.24976251,0.24469541
574300,519300,0,0.15565064,0.15440571
574400,519400,0,0.26474505,0.25872835
574500,519500,0,0.17835608,0.17648862
574600,519600,0,0.18309071,0.18107191
574700,519700,0,0.18563522,0.18353185
574800,519800,0,0.25333148,0.24804774
574900,519900,0,0.27594722,0.26915001
575000,520000,0,0.14905394,0.14795982
575100,520100,0,0.17650843,0.17469793
575200,520200,0,0.18420134,0.18214591
575300,520300,0,0.26483564,0.25881288
575400,520400,0,0.25660824,0.25112037
575500,520500,0,0.25303412,0.24776866
575600,520600,0,0.17298754,0.17128241
575700,520700,0,0.18494558,0.18286536
575800,520800,0,0.17656313,0.17475096
575900,520900,0,0.28777745,0.2800879
576000,521000,0,0.2486011,0.24360323
576100,521100,0,0.17425102,0.17250856
576200,521200,0,0.19071496,0.18843587
576300,521300,0,0.26147575,0.25567534
576400,521400,0,0.28294205,0.27562582
576500,521500,0,0.25183614,0.24664388
576600,521600,0,0.17497573,0.17321162
576700,521700,0,0.26319219,0.25727887
576800,521800,0,0.17552273,0.17374216
576900,521900,0,0.15581307,0.15456427
577000,522000,0,0.26652248,0.26038604
577100,522100,0,0.1732222,0.17151018
577200,522200,0,0.18511982,0.18303376
577300,522300,0,0.15231715,0.15115003
577400,522400,0,0.28120361,0.27401869
577500,522500,0,0.17447412,0.17272501
577600,522600,0,0.1728128,0.17111279
577700,522700,0,0.18387844,0.1818337
577800,522800,0,0.173714,0.17198747
577900,522900,0,0.15378693,0.15258592
578000,523000,0,0.17507758,0.17331041
578100,523100,0,0.17491217,0.17314996
578200,523200,0,0.17438007,0.17263376
578300,523300,0,0.26706283,0.26088969
578400,523400,0,0.15435697,0.15314263
578500,523500,0,0.1736246,0.17190072
578600,523600,0,0.17514071,0.17337165
578700,523700,0,0.18172555,0.17975119
578800,523800,0,0.25951764,0.25384431
578900,523900,0,0.15466753,0.1534459
579000,524000,0,0.26069012,0.25494091
579100,524100,0,0.17300358,0.17129799
579200,524200,0,0.18090585,0.17895785
579300,524300,0,0.17602477,0.174229
579400,524400,0,0.28366889,0.27629731
579500,524500,0,0.26636209,0.26023652
579600,524600,0,0.17259921,0.17090546
579700,524700,0,0.19058459,0.18831013
579800,524800,0,0.17710262,0.17527393
579900,524900,0,0.29017218,0.28229328
580000,525000,0,0.17597983,0.17418542
580100,525100,0,0.17275674,0.17105837
580200,525200,0,0.16032899,0.1589692
580300,525300,0,0.27463989,0.26793696
580400,525400,0,0.16174559,0.16034969
580500,525500,0,0.26419368,0.25821383
580600,525600,0,0.27033181,0.26393356
580700,525700,0,0.28285232,0.27554291
580800,525800,0,0.16100623,0.15962925
580900,525900,0,0.26331053,0.25738937
581000,526000,0,0.15803154,0.15672899
581100,526100,0,0.26217895,0.25633245
581200,526200,0,0.17338551,0.17166868
581300,526300,0,0.2971446,0.28869736
581400,526400,0,0.16627252,0.16475699
581500,526500,0,0.26538383,0.25932428
581600,526600,0,0.2659772,0.25987766
581700,526700,0,0.17954471,0.17763998
581800,526800,0,0.28089287,0.27373125
581900,526900,0,0.26692249,0.26075889
582000,527000,0,0.25846561,0.25285981
582100,527100,0,0.26292841,0.25703253
582200,527200,0,0.18156911,0.17959979
582300,527300,0,0.15855953,0.15724397
582400,527400,0,0.27342793,0.26681164
582500,527500,0,0.17446701,0.17271812
582600,527600,0,0.27333472,0.26672506
582700,527700,0,0.16451877,0.16305035
582800,527800,0,0.29189671,0.2838796
582900,527900,0,0.15685826,0.15558432
583000,528000,0,0.17340796,0.17169047
583100,528100,0,0.26469238,0.25867921
583200,528200,0,0.17488511,0.17312372
583300,528300,0,0.28355042,0.27618788
583400,528400,0,0.16179674,0.16039953
583500,528500,0,0.27088534,0.26444846
583600,528600,0,0.17459994,0.17284707
583700,528700,0,0.16552056,0.16402535
583800,528800,0,0.27633325,0.26950803
583900,528900,0,0.27441545,0.26772862
584000,529000,0,0.18161266,0.17964194
584100,529100,0,0.18241873,0.18042188
584200,529200,0,0.28805242,0.28034128
584300,529300,0,0.28793814,0.28023597
584400,529400,0,0.17149878,0.16983696
584500,529500,0,0.27643341,0.26960092
584600,529600,0,0.27306653,0.26647593
584700,529700,0,0.29257856,0.28450639
584800,529800,0,0.27611566,0.26930624
584900,529900,0,0.16492251,0.16344333
585000,530000,0,0.18145182,0.17948628
585100,530100,0,0.18499018,0.18290847
585200,530200,0,0.17787106,0.17601866
585300,530300,0,0.28617908,0.27861426
585400,530400,0,0.17479278,0.17303415
585500,530500,0,0.27923014,0.27219241
585600,530600,0,0.19128259,0.18898328
585700,530700,0,0.27672217,0.26986867
585800,530800,0,0.29204384,0.28401488
585900,530900,0,0.27964832,0.27257956
586000,531000,0,0.28096609,0.27379899
586100,531100,0,0.17719168,0.17536026
586200,531200,0,0.17824295,0.17637901
586300,531300,0,0.30910935,0.29962662
586400,531400,0,0.29480047,0.28654716
586500,531500,0,0.17667944,0.17486372
586600,531600,0,0.18083613,0.17889036
586700,531700,0,0.18183479,0.17985689
586800,531800,0,0.18303834,0.18102126
586900,531900,0,0.29508192,0.28680548
587000,532000,0,0.3142981,0.30434217
587100,532100,0,0.18072369,0.17878152
587200,532200,0,0.29959343,0.2909405
587300,532300,0,0.30018633,0.29148312
587400,532400,0,0.20410865,0.20132069
587500,532500,0,0.17439718,0.17265037
587600,532600,0,0.30778118,0.29841721
587700,532700,0,0.3191579,0.30874529
587800,532800,0,0.19791699,0.19537264
587900,532900,0,0.30882716,0.29936975
588000,533000,0,0.17739944,0.17556162
588100,533100,0,0.19679479,0.19429304
588200,533200,0,0.30722837,0.29791355
588300,533300,0,0.30080252,0.29204686
588400,533400,0,0.30999126,0.30042914
588500,533500,0,0.2960637,0.28770624
588600,533600,0,0.17572539,0.17393869
588700,533700,0,0.29418281,0.28598011
588800,533800,0,0.31521633,0.30517512
588900,533900,0,0.19324771,0.19087752
589000,534000,0,0.29464519,0.28640462
589100,534100,0,0.18451543,0.18244956
589200,534200,0,0.19571214,0.19325104
589300,534300,0,0.30144365,0.29263319
589400,534400,0,0.19910533,0.19651535
589500,534500,0,0.18133427,0.17937251
589600,534600,0,0.19097531,0.18868696
589700,534700,0,0.20383256,0.20105578
589800,534800,0,0.20064874,0.1979987
589900,534900,0,0.31123215,0.30155762
590000,535000,0,0.31301644,0.30317877
590100,535100,0,0.1748744,0.17311332
590200,535200,0,0.31604473,0.30592618
590300,535300,0,0.33069327,0.31914358
590400,535400,0,0.31660484,0.30643378
590500,535500,0,0.17348533,0.17176556
590600,535600,0,0.20695155,0.20404679
590700,535700,0,0.4146268,0.39239417
590800,535800,0,0.39516477,0.37580417
590900,535900,0,0.30082656,0.29206885
591000,536000,0,0.33550299,0.32345675
591100,536100,0,0.17544006,0.17366197
591200,536200,0,0.2091986,0.2061993
591300,536300,0,0.19351487,0.19113493
591400,536400,0,0.31326026,0.30340017
591500,536500,0,0.31158584,0.30187911
591600,536600,0,0.17928283,0.17738635
591700,536700,0,0.2903434,0.28245084
591800,536800,0,0.17414382,0.17240454
591900,536900,0,0.28727233,0.27962234
592000,537000,0,0.29151035,0.28352434
592100,537100,0,0.17799777,0.17614145
592200,537200,0,0.30291463,0.29397762
592300,537300,0,0.18191553,0.17993502
592400,537400,0,0.292422,0.28436249
592500,537500,0,0.16947743,0.16787324
592600,537600,0,0.19667605,0.19417877
592700,537700,0,0.1761726,0.17437234
592800,537800,0,0.30186739,0.2930206
592900,537900,0,0.30187015,0.29302312
593000,538000,0,0.28021381,0.27310295
593100,538100,0,0.17339225,0.17167522
593200,538200,0,0.16487319,0.16339533
593300,538300,0,0.27618982,0.26937502
593400,538400,0,0.28525142,0.27775839
593500,538500,0,0.16307702,0.16164661
593600,538600,0,0.17694226,0.1751185
593700,538700,0,0.26657897,0.2604387
593800,538800,0,0.27825749,0.27129158
593900,538900,0,0.29066518,0.28274693
594000,539000,0,0.16647206,0.16495111
594100,539100,0,0.28938432,0.28156805
594200,539200,0,0.29616787,0.28780179
594300,539300,0,0.28267675,0.27538066
594400,539400,0,0.26684439,0.2606861
594500,539500,0,0.17451029,0.1727601
594600,539600,0,0.15523831,0.15400319
594700,539700,0,0.27103887,0.26459124
594800,539800,0,0.17360101,0.17187782
594900,539900,0,0.25856778,0.25295545
595000,540000,0,0.25914232,0.25349314
595100,540100,0,0.17449473,0.172745
595200,540200,0,0.26864224,0.26236099
595300,540300,0,0.17405589,0.17231923
595400,540400,0,0.25823237,0.25264147
595500,540500,0,0.17814719,0.17628622
595600,540600,0,0.26681449,0.26065823
595700,540700,0,0.27053021,0.26411813
595800,540800,0,0.17343841,0.17172002
595900,540900,0,0.13637397,0.13553479
596000,541000,0,0.17357413,0.17185173
596100,541100,0,0.17781171,0.17596115
596200,541200,0,0.18064938,0.17870958
596300,541300,0,0.28054896,0.27341308
596400,541400,0,0.25025167,0.24515522
596500,541500,0,0.17427049,0.17252746
596600,541600,0,0.24939233,0.24434736
596700,541700,0,0.13650124,0.13565972
596800,541800,0,0.2475032,0.2425702
596900,541900,0,0.13194301,0.13118264
597000,542000,0,0.12968531,0.12896314
597100,542100,0,0.24646246,0.24159046
597200,542200,0,0.13081082,0.13006977
597300,542300,0,0.24814287,0.24317214
597400,542400,0,0.25636895,0.25089616
597500,542500,0,0.12702037,0.12634163
597600,542600,0,0.26169705,0.25588215
597700,542700,0,0.24661441,0.24173353
597800,542800,0,0.24389771,0.2391739
597900,542900,0,0.23920488,0.23474458
598000,543000,0,0.17983465,0.17792076
598100,543100,0,0.24616042,0.24130602
598200,543200,0,0.17399738,0.17226246
598300,543300,0,0.17755543,0.17571279
598400,543400,0,0.13561397,0.13478867
598500,543500,0,0.17358193,0.17185931
598600,543600,0,0.12794467,0.12725107
598700,543700,0,0.24317168,0.23848929
598800,543800,0,0.23655494,0.23223912
598900,543900,0,0.23917786,0.23471906
599000,544000,0,0.17292931,0.1712259
599100,544100,0,0.24216405,0.23753874
599200,544200,0,0.12837525,0.12767465
599300,544300,0,0.17350438,0.17178404
599400,544400,0,0.24828973,0.24331031
599500,544500,0,0.17546322,0.17368444
599600,544600,0,0.12752374,0.12683693
599700,544700,0,0.17916429,0.17727154
599800,544800,0,0.1763555,0.17454967
599900,544900,0,0.24659445,0.24171474
600000,545000,0,0.23816089,0.23375788
600100,545100,0,0.23133069,0.22729068
600200,545200,0,0.17318912,0.17147808
600300,545300,0,0.17380099,0.17207189
600400,545400,0,0.23141844,0.22737389
600500,545500,0,0.17313787,0.17142833
600600,545600,0,0.24352056,0.2388183
600700,545700,0,0.17586505,0.17407412
600800,545800,0,0.12629633,0.12562908
600900,545900,0,0.23465734,0.23044308
601000,546000,0,0.17698892,0.17516372
601100,546100,0,0.18691559,0.18476881
601200,546200,0,0.17285417,0.17115296
601300,546300,0,0.24247254,0.2378298
601400,546400,0,0.24746415,0.24253345
601500,546500,0,0.19253643,0.19019206
601600,546600,0,0.23760048,0.23322802
601700,546700,0,0.17323571,0.1715233
601800,546800,0,0.25752332,0.25197755
601900,546900,0,0.12397195,0.12334072
602000,547000,0,0.24131372,0.23673623
602100,547100,0,0.12261302,0.12200224
602200,547200,0,0.17468489,0.17292948
602300,547300,0,0.12510144,0.12445287
602400,547400,0,0.24322873,0.2385431
602500,547500,0,0.17527344,0.17350038
602600,547600,0,0.12256637,0.12195628
602700,547700,0,0.17349044,0.17177052
602800,547800,0,0.12408369,0.12345075
602900,547900,0,0.12306107,0.1224436
603000,548000,0,0.17572041,0.17393386
603100,548100,0,0.12396618,0.12333504
603200,548200,0,0.17434098,0.17259584
603300,548300,0,0.25188903,0.24669356
603400,548400,0,0.25175854,0.24657101
603500,548500,0,0.12506924,0.12442117
603600,548600,0,0.23349421,0.22934141
603700,548700,0,0.17645992,0.1746509
603800,548800,0,0.24603758,0.24119033
603900,548900,0,0.23723335,0.23288084
604000,549000,0,0.17397496,0.17224071
604100,549100,0,0.12538354,0.1247306
604200,549200,0,0.17326978,0.17155636
604300,549300,0,0.17362385,0.17189999
604400,549400,0,0.24293835,0.23826921
604500,549500,0,0.17416382,0.17242396
604600,549600,0,0.18199093,0.18000797
604700,549700,0,0.12528855,0.12463708
604800,549800,0,0.23572112,0.23145012
604900,549900,0,0.12941508,0.12869739
605000,550000,0,0.23581611,0.23154002
605100,550100,0,0.13260214,0.13183037
605200,550200,0,0.17496139,0.1731977
605300,550300,0,0.17587812,0.17408679
605400,550400,0,0.23170497,0.22764559
605500,550500,0,0.17634113,0.17453574
605600,550600,0,0.23085867,0.22684299
605700,550700,0,0.17311099,0.17140224
605800,550800,0,0.23710017,0.23275487
605900,550900,0,0.24717186,0.24225834
606000,551000,0,0.17611779,0.17431919
606100,551100,0,0.17587144,0.17408032
606200,551200,0,0.25047794,0.24536788
606300,551300,0,0.13123248,0.13048427
606400,551400,0,0.25462564,0.24926188
606500,551500,0,0.12536848,0.12471577
606600,551600,0,0.17432546,0.17258078
606700,551700,0,0.17334128,0.17162575
606800,551800,0,0.25671732,0.25122257
606900,551900,0,0.25334744,0.24806271
607000,552000,0,0.17930918,0.17741187
607100,552100,0,0.13415814,0.13335901
607200,552200,0,0.23296807,0.22884289
607300,552300,0,0.24989595,0.24482085
607400,552400,0,0.13189419,0.13113467
607500,552500,0,0.17541188,0.17363465
607600,552600,0,0.23648114,0.2321693
607700,552700,0,0.17814793,0.17628694
607800,552800,0,0.17555142,0.17376998
607900,552900,0,0.23794616,0.23355487
608000,553000,0,0.17610725,0.17430897
608100,553100,0,0.12954464,0.1288248
608200,553200,0,0.17398436,0.17224983
608300,553300,0,0.17669946,0.17488313
608400,553400,0,0.23733611,0.23297802
608500,553500,0,0.23399347,0.22981436
608600,553600,0,0.18065234,0.17871245
608700,553700,0,0.24065798,0.23611715
608800,553800,0,0.23703318,0.23269152
608900,553900,0,0.23752039,0.23315229
609000,554000,0,0.17329382,0.17157969
609100,554100,0,0.1876872,0.18551396
609200,554200,0,0.13357154,0.1327828
609300,554300,0,0.13456547,0.13375908
609400,554400,0,0.24544474,0.24063189
609500,554500,0,0.17831132,0.17644525
609600,554600,0,0.24214548,0.23752122
609700,554700,0,0.24186602,0.23725751
609800,554800,0,0.13067701,0.12993823
609900,554900,0,0.23522242,0.23097807
610000,555000,0,0.18141207,0.17944781
610100,555100,0,0.13216187,0.13139773
610200,555200,0,0.24259879,0.23794891
610300,555300,0,0.24182561,0.23721937
610400,555400,0,0.13093112,0.13018803
610500,555500,0,0.20184499,0.19914779
610600,555600,0,0.23641438,0.23210614
610700,555700,0,0.24178695,0.23718288
610800,555800,0,0.23941,0.23493839
610900,555900,0,0.23243931,0.22834176
611000,556000,0,0.17564062,0.17385649
611100,556100,0,0.23691851,0.23258305
611200,556200,0,0.13059691,0.12985947
611300,556300,0,0.12898313,0.12827257
611400,556400,0,0.23972888,0.23523965
611500,556500,0,0.17385382,0.17212316
611600,556600,0,0.23377638,0.22960873
611700,556700,0,0.12806902,0.1273734
611800,556800,0,0.1736786,0.17195312
611900,556900,0,0.12765469,0.12696577
612000,557000,0,0.23171486,0.22765497
612100,557100,0,0.18200191,0.18001859
612200,557200,0,0.23891013,0.23446606
612300,557300,0,0.23111217,0.22708344
612400,557400,0,0.23668972,0.23236662
612500,557500,0,0.12394203,0.12331126
612600,557600,0,0.17357835,0.17185583
612700,557700,0,0.12656034,0.12588891
612800,557800,0,0.17520644,0.1734354
612900,557900,0,0.23082474,0.22681081
613000,558000,0,0.17406271,0.17232585
613100,558100,0,0.17416251,0.17242269
613200,558200,0,0.18461821,0.18254892
613300,558300,0,0.1749999,0.17323506
613400,558400,0,0.233167,0.2290314
613500,558500,0,0.17538336,0.17360699
613600,558600,0,0.17337541,0.17165889
613700,558700,0,0.17834825,0.17648103
613800,558800,0,0.24213962,0.23751569
613900,558900,0,0.23479998,0.23057813
614000,559000,0,0.18049959,0.17856457
614100,559100,0,0.17860563,0.17673038
614200,559200,0,0.23840256,0.23398633
614300,559300,0,0.12118652,0.12059673
614400,559400,0,0.24406269,0.23932944
614500,559500,0,0.12997171,0.12924477
614600,559600,0,0.18032826,0.1783987
614700,559700,0,0.12930036,0.12858458
614800,559800,0,0.23443411,0.23023169
614900,559900,0,0.1732976,0.17158336
615000,560000,0,0.22788335,0.22401888
615100,560100,0,0.18263221,0.1806284
615200,560200,0,0.17458685,0.17283438
615300,560300,0,0.23400063,0.22982114
615400,560400,0,0.23275958,0.22864531
615500,560500,0,0.24242639,0.23778626
615600,560600,0,0.17319787,0.17148656
615700,560700,0,0.11841162,0.11786128
615800,560800,0,0.24202629,0.23740875
615900,560900,0,0.23057924,0.22657793
616000,561000,0,0.2437634,0.23904728
616100,561100,0,0.20779498,0.20485498
616200,561200,0,0.22708225,0.22325785
616300,561300,0,0.11214269,0.11167495
616400,561400,0,0.17395651,0.1722228
616500,561500,0,0.22405565,0.22038017
616600,561600,0,0.20305989,0.20031422
616700,561700,0,0.14666119,0.14561863
616800,561800,0,0.17324661,0.17153387
616900,561900,0,0.1126679,0.11219357
617000,562000,0,0.1751991,0.17342828
617100,562100,0,0.23363335,0.22947324
617200,562200,0,0.2305309,0.22653207
617300,562300,0,0.22639765,0.22260727
617400,562400,0,0.17446073,0.17271203
617500,562500,0,0.23982027,0.23532598
617600,562600,0,0.17882923,0.17694699
617700,562700,0,0.1089747,0.10854537
617800,562800,0,0.17692748,0.17510417
617900,562900,0,0.2313745,0.22733223
618000,563000,0,0.10748109,0.10706912
618100,563100,0,0.20235254,0.19963516
618200,563200,0,0.22284277,0.21922588
618300,563300,0,0.22261552,0.21900955
618400,563400,0,0.10493848,0.10455497
618500,563500,0,0.22233729,0.21874465
618600,563600,0,0.099833929,0.099503571
618700,563700,0,0.22624686,0.22246395
618800,563800,0,0.17511348,0.17334523
618900,563900,0,0.10308738,0.10272375
619000,564000,0,0.17428849,0.17254491
619100,564100,0,0.21469747,0.21145835
619200,564200,0,0.2222875,0.21869724
619300,564300,0,0.17449073,0.17274113
619400,564400,0,0.17354124,0.17181982
619500,564500,0,0.21891476,0.21548346
619600,564600,0,0.19076195,0.1884812
619700,564700,0,0.22040535,0.21690438
619800,564800,0,0.17753186,0.17568995
619900,564900,0,0.17361405,0.17189048
620000,565000,0,0.096029903,0.0957358
620100,565100,0,0.19261629,0.19026903
620200,565200,0,0.22164812,0.21808836
620300,565300,0,0.17453331,0.17278244
620400,565400,0,0.097127122,0.096822848
620500,565500,0,0.21948702,0.21602908
620600,565600,0,0.091350241,0.091096985
620700,565700,0,0.21564869,0.21236686
620800,565800,0,0.17368945,0.17196365
620900,565900,0,0.17447037,0.17272137
621000,566000,0,0.22064406,0.21713184
621100,566100,0,0.21115764,0.20807429
621200,566200,0,0.22326943,0.219632
621300,566300,0,0.17328914,0.17157515
621400,566400,0,0.090443502,0.090197696
621500,566500,0,0.21712281,0.21377405
621600,566600,0,0.23168427,0.22762596
621700,566700,0,0.17585887,0.17406813
621800,566800,0,0.17388131,0.17214983
621900,566900,0,0.088320322,0.088091389
622000,567000,0,0.22033252,0.21683497
622100,567100,0,0.08691592,0.086697714
622200,567200,0,0.19524667,0.19280291
622300,567300,0,0.17357874,0.17185622
622400,567400,0,0.22877569,0.22486627
622500,567500,0,0.17381476,0.17208525
622600,567600,0,0.23072389,0.22671515
622700,567700,0,0.21550489,0.21222954
622800,567800,0,0.17418421,0.17244374
622900,567900,0,0.088567255,0.088336401
623000,568000,0,0.22795622,0.22408809
623100,568100,0,0.21398412,0.2107768
623200,568200,0,0.22011155,0.21662438
623300,568300,0,0.17477222,0.17301421
623400,568400,0,0.17550766,0.17372754
623500,568500,0,0.084279598,0.084080616
623600,568600,0,0.21502744,0.21177355
623700,568700,0,0.085366447,0.085159682
623800,568800,0,0.17895965,0.17707333
623900,568900,0,0.17329932,0.17158503
624000,569000,0,0.2183285,0.21492435
624100,569100,0,0.22716892,0.2233402
624200,569200,0,0.17924972,0.17735429
624300,569300,0,0.084174256,0.083976017
624400,569400,0,0.086127357,0.085915025
624500,569500,0,0.21256436,0.2094197
624600,569600,0,0.21316567,0.20999457
624700,569700,0,0.19323219,0.19086257
624800,569800,0,0.17770365,0.17585644
624900,569900,0,0.22054671,0.21703908
625000,570000,0,0.17395067,0.17221713
625100,570100,0,0.2121485,0.20902205
625200,570200,0,0.18742871,0.18526436
625300,570300,0,0.1747375,0.17298053
625400,570400,0,0.23016243,0.22618248
625500,570500,0,0.17504966,0.17328332
625600,570600,0,0.21235827,0.20922264
625700,570700,0,0.18158369,0.1796139
625800,570800,0,0.22583463,0.22207208
625900,570900,0,0.082907576,0.082718138
626000,571000,0,0.21468484,0.21144628
626100,571100,0,0.21975691,0.21628636
626200,571200,0,0.18145766,0.17949194
626300,571300,0,0.17353597,0.17181471
626400,571400,0,0.082505558,0.082318857
626500,571500,0,0.17688699,0.17506492
626600,571600,0,0.18636572,0.18423765
626700,571700,0,0.22104658,0.21751535
626800,571800,0,0.17368988,0.17196407
626900,571900,0,0.21185087,0.20873741
627000,572000,0,0.17672146,0.17490446
627100,572100,0,0.22081284,0.21729266
627200,572200,0,0.081141014,0.080963408
627300,572300,0,0.21208773,0.20896394
627400,572400,0,0.2146028,0.21136791
627500,572500,0,0.17419773,0.17245686
627600,572600,0,0.21682213,0.21348709
627700,572700,0,0.17313451,0.17142507
627800,572800,0,0.22557137,0.22182179
627900,572900,0,0.2255667,0.22181735
628000,573000,0,0.17548954,0.17370997
628100,573100,0,0.18831738,0.18612239
628200,573200,0,0.21520734,0.21194537
628300,573300,0,0.083200907,0.083009454
628400,573400,0,0.22824715,0.2243644
628500,573500,0,0.082191416,0.082006836
628600,573600,0,0.1913919,0.18908869
628700,573700,0,0.18447487,0.18241035
628800,573800,0,0.21197404,0.2088552
628900,573900,0,0.18296477,0.18095009
629000,574000,0,0.083787714,0.083592189
629100,574100,0,0.084546898,0.08434602
629200,574200,0,0.18749171,0.18532519
629300,574300,0,0.21665008,0.21332288
629400,574400,0,0.18215452,0.18016626
629500,574500,0,0.17876647,0.17688619
629600,574600,0,0.084807588,0.08460485
629700,574700,0,0.085423447,0.085216269
629800,574800,0,0.23419079,0.23000125
629900,574900,0,0.085707498,0.08549825
630000,575000,0,0.17386991,0.17213877
630100,575100,0,0.084991634,0.084787576
630200,575200,0,0.17378821,0.17205949
630300,575300,0,0.092115275,0.091855617
630400,575400,0,0.22947862,0.22553355
630500,575500,0,0.17734286,0.17550678
630600,575600,0,0.21578226,0.2124944
630700,575700,0,0.22068335,0.21716928
630800,575800,0,0.088708515,0.088476557
630900,575900,0,0.088123898,0.087896486
631000,576000,0,0.17372149,0.17199474
631100,576100,0,0.23105578,0.22702995
631200,576200,0,0.2177869,0.21440771
631300,576300,0,0.1784182,0.1765488
631400,576400,0,0.21482374,0.21157897
631500,576500,0,0.089509308,0.089271024
631600,576600,0,0.21925495,0.21580782
631700,576700,0,0.092648495,0.092384312
631800,576800,0,0.22246718,0.21886832
631900,576900,0,0.17606663,0.17426959
632000,577000,0,0.17339703,0.17167987
632100,577100,0,0.09401251,0.093736514
632200,577200,0,0.22173285,0.21816905
632300,577300,0,0.21755169,0.2141833
632400,577400,0,0.21721465,0.21386169
632500,577500,0,0.21804144,0.21465053
632600,577600,0,0.21994607,0.21646666
632700,577700,0,0.095521173,0.095231708
632800,577800,0,0.096673527,0.096373486
632900,577900,0,0.17379505,0.17206612
633000,578000,0,0.17447374,0.17272465
633100,578100,0,0.096359867,0.09606273
633200,578200,0,0.22196638,0.21839146
633300,578300,0,0.23587655,0.23159722
633400,578400,0,0.22292781,0.21930684
633500,578500,0,0.095444167,0.0951554
633600,578600,0,0.22059203,0.21708226
633700,578700,0,0.22705799,0.2232348
633800,578800,0,0.22618936,0.2224093
633900,578900,0,0.22562491,0.22187269
634000,579000,0,0.097220781,0.096915629
634100,579100,0,0.18256286,0.18056131
634200,579200,0,0.099172111,0.098848262
634300,579300,0,0.18381864,0.18177587
634400,579400,0,0.17772396,0.17587612
634500,579500,0,0.2235659,0.21991415
634600,579600,0,0.22338374,0.2197408
634700,579700,0,0.22021896,0.21672674
634800,579800,0,0.21882211,0.2153951
634900,579900,0,0.23797988,0.23358676
635000,580000,0,0.099865158,0.099534491
635100,580100,0,0.22274729,0.219135
635200,580200,0,0.22309141,0.21946257
635300,580300,0,0.17798832,0.17613229
635400,580400,0,0.22767276,0.22381885
635500,580500,0,0.21931543,0.21586549
635600,580600,0,0.21994336,0.21646408
635700,580700,0,0.10237161,0.10201549
635800,580800,0,0.22380714,0.22014372
635900,580900,0,0.17387694,0.17214559
636000,581000,0,0.10078512,0.10044526
636100,581100,0,0.17331138,0.17159674
636200,581200,0,0.21982516,0.21635141
636300,581300,0,0.22121646,0.21767719
636400,581400,0,0.17344387,0.17172532
636500,581500,0,0.10082651,0.10048622
636600,581600,0,0.17361284,0.1718893
636700,581700,0,0.21992054,0.21644232
636800,581800,0,0.17572909,0.17394228
636900,581900,0,0.17550204,0.17372209
637000,582000,0,0.10466559,0.10428505
637100,582100,0,0.22129324,0.21775032
637200,582200,0,0.22674357,0.22293602
637300,582300,0,0.17446209,0.17271334
637400,582400,0,0.17388506,0.17215347
637500,582500,0,0.22136483,0.21781852
637600,582600,0,0.1758476,0.1740572
637700,582700,0,0.21956582,0.2161042
637800,582800,0,0.10444943,0.10407124
637900,582900,0,0.10336527,0.1029987
638000,583000,0,0.21953393,0.21607379
638100,583100,0,0.17547053,0.17369153
638200,583200,0,0.17999573,0.17807673
638300,583300,0,0.1768246,0.17500444
638400,583400,0,0.22909835,0.22517259
638500,583500,0,0.22615278,0.22237452
638600,583600,0,0.099430113,0.099103737
638700,583700,0,0.18274358,0.18073614
638800,583800,0,0.22658187,0.22278235
638900,583900,0,0.10506428,0.1046794
639000,584000,0,0.21914365,0.21570171
639100,584100,0,0.23382743,0.22965708
639200,584200,0,0.18233874,0.18034449
639300,584300,0,0.17323886,0.17152635
639400,584400,0,0.2293248,0.22538755
639500,584500,0,0.22536519,0.22162575
639600,584600,0,0.17353729,0.17181599
639700,584700,0,0.22331793,0.21967817
639800,584800,0,0.17373589,0.17200871
639900,584900,0,0.17342471,0.17170673
640000,585000,0,0.2208324,0.2173113
640100,585100,0,0.18320543,0.18118286
640200,585200,0,0.22250491,0.21890424
640300,585300,0,0.17389825,0.17216627
640400,585400,0,0.23116886,0.2271372
640500,585500,0,0.23045707,0.22646203
640600,585600,0,0.17375657,0.17202878
640700,585700,0,0.22462056,0.22091757
640800,585800,0,0.17795745,0.17610238
640900,585900,0,0.10207607,0.10172301
641000,586000,0,0.21879922,0.21537327
641100,586100,0,0.17389291,0.17216108
641200,586200,0,0.2189328,0.21550066
641300,586300,0,0.10012617,0.099792911
641400,586400,0,0.17389068,0.17215892
641500,586500,0,0.22518996,0.22145912
641600,586600,0,0.1775294,0.17568757
641700,586700,0,0.22506499,0.22134028
641800,586800,0,0.18055274,0.17861603
641900,586900,0,0.17448235,0.172733
642000,587000,0,0.17466485,0.17291005
642100,587100,0,0.22962644,0.22567385
642200,587200,0,0.2374086,0.23304657
642300,587300,0,0.17654617,0.17473453
642400,587400,0,0.17494148,0.17317839
642500,587500,0,0.17379239,0.17206354
642600,587600,0,0.17509112,0.17332354
642700,587700,0,0.22345,0.21980386
642800,587800,0,0.17916209,0.17726941
642900,587900,0,0.1747823,0.17302398
643000,588000,0,0.24762709,0.2426868
643100,588100,0,0.17321803,0.17150614
643200,588200,0,0.23510005,0.23086223
643300,588300,0,0.17561148,0.17382823
643400,588400,0,0.17697935,0.17515445
643500,588500,0,0.25156555,0.24638974
643600,588600,0,0.22728655,0.22345196
643700,588700,0,0.18427485,0.18221698
643800,588800,0,0.22922865,0.22529629
643900,588900,0,0.088110193,0.087882887
644000,589000,0,0.22411496,0.2204366
644100,589100,0,0.17734549,0.17550933
644200,589200,0,0.083458401,0.083265169
644300,589300,0,0.17352157,0.17180073
644400,589400,0,0.22476489,0.22105486
644500,589500,0,0.22388801,0.22022067
644600,589600,0,0.22847544,0.22458119
644700,589700,0,0.1747022,0.17294628
644800,589800,0,0.21801896,0.21462909
644900,589900,0,0.18005296,0.17813215
645000,590000,0,0.21380641,0.21060698
645100,590100,0,0.17337663,0.17166006
645200,590200,0,0.18698537,0.1848362
645300,590300,0,0.17499246,0.17322784
645400,590400,0,0.17477384,0.17301578
645500,590500,0,0.21346224,0.21027805
645600,590600,0,0.17619512,0.17439417
645700,590700,0,0.21899724,0.2155621
645800,590800,0,0.17352693,0.17180594
645900,590900,0,0.2185311,0.21511758
646000,591000,0,0.21338657,0.21020572
646100,591100,0,0.21998196,0.21650087
646200,591200,0,0.22079831,0.21727881
646300,591300,0,0.082381292,0.082195431
646400,591400,0,0.21534118,0.21207319
646500,591500,0,0.21456192,0.21132886
646600,591600,0,0.17405135,0.17231483
646700,591700,0,0.083489499,0.08329605
646800,591800,0,0.17751673,0.17567529
646900,591900,0,0.1745653,0.17281348
647000,592000,0,0.083497186,0.083303684
647100,592100,0,0.17516123,0.17339155
647200,592200,0,0.084555182,0.084354246
647300,592300,0,0.22177394,0.21820819
647400,592400,0,0.21559825,0.21231869
647500,592500,0,0.21838471,0.21497796
647600,592600,0,0.088293842,0.088065115
647700,592700,0,0.17671449,0.1748977
647800,592800,0,0.092079294,0.091819939
647900,592900,0,0.21800841,0.21461902
648000,593000,0,0.21870946,0.21528768
648100,593100,0,0.086846513,0.086628828
648200,593200,0,0.17430819,0.17256403
648300,593300,0,0.2185201,0.21510709
648400,593400,0,0.17653055,0.17471938
648500,593500,0,0.22036718,0.216868
648600,593600,0,0.086109901,0.085897697
648700,593700,0,0.17949212,0.17758905
648800,593800,0,0.22312733,0.21949675
648900,593900,0,0.21656869,0.2132452
649000,594000,0,0.085800999,0.085591066
649100,594100,0,0.2238063,0.22014292
649200,594200,0,0.17646836,0.17465909
649300,594300,0,0.090315911,0.090071142
649400,594400,0,0.17582746,0.17403767
649500,594500,0,0.23463915,0.23042585
649600,594600,0,0.086233338,0.086020222
649700,594700,0,0.18979389,0.18754736
649800,594800,0,0.21997408,0.21649336
649900,594900,0,0.1739297,0.17219679
650000,595000,0,0.21554506,0.21226789
650100,595100,0,0.21759969,0.21422909
650200,595200,0,0.17526004,0.17348738
650300,595300,0,0.21560995,0.21232986
650400,595400,0,0.2201198,0.21663225
650500,595500,0,0.22538849,0.22164791
650600,595600,0,0.23550228,0.23124299
650700,595700,0,0.22100796,0.21747856
650800,595800,0,0.22029408,0.21679834
650900,595900,0,0.17686962,0.17504808
651000,596000,0,0.21891412,0.21548284
651100,596100,0,0.22203532,0.21845711
651200,596200,0,0.17335215,0.17163631
651300,596300,0,0.22140198,0.21785391
651400,596400,0,0.17393488,0.17220181
651500,596500,0,0.2201008,0.21661413
651600,596600,0,0.083814361,0.08361865
651700,596700,0,0.18875419,0.18654403
651800,596800,0,0.22976603,0.22580632
651900,596900,0,0.21657674,0.21325288
652000,597000,0,0.21558489,0.21230593
652100,597100,0,0.21604021,0.21274069
652200,597200,0,0.2140027,0.21079455
652300,597300,0,0.083982079,0.083785193
652400,597400,0,0.21855073,0.2151363
652500,597500,0,0.21325627,0.21008118
652600,597600,0,0.2155592,0.2122814
652700,597700,0,0.17950623,0.17760272
652800,597800,0,0.18193533,0.17995417
652900,597900,0,0.085301585,0.085095291
653000,598000,0,0.23498134,0.23074985
653100,598100,0,0.21915748,0.21571489
653200,598200,0,0.099176536,0.098852644
653300,598300,0,0.17435114,0.1726057
653400,598400,0,0.088442587,0.088212704
653500,598500,0,0.221613,0.21805491
653600,598600,0,0.21734125,0.2139825
653700,598700,0,0.17534793,0.17357262
653800,598800,0,0.22395104,0.22028064
653900,598900,0,0.23768571,0.23330862
654000,599000,0,0.095089677,0.094804108
654100,599100,0,0.086856776,0.086639014
654200,599200,0,0.17366193,0.17193695
654300,599300,0,0.22608229,0.22230751
654400,599400,0,0.21966217,0.21619605
654500,599500,0,0.23102413,0.22699994
654600,599600,0,0.21651905,0.21319781
654700,599700,0,0.2150962,0.21183922
654800,599800,0,0.22157154,0.21801542
654900,599900,0,0.093636272,0.093363568
655000,600000,0,0.087433024,0.087210908
655100,600100,0,0.085818752,0.08560869
655200,600200,0,0.17418469,0.1724442
655300,600300,0,0.21630323,0.21299179
655400,600400,0,0.21355768,0.21036927
655500,600500,0,0.21592094,0.21262681
655600,600600,0,0.21403183,0.21082239
655700,600700,0,0.17453605,0.17278509
655800,600800,0,0.21882938,0.21540204
655900,600900,0,0.21715607,0.21380579
656000,601000,0,0.092510655,0.092247646
656100,601100,0,0.21666141,0.2133337
656200,601200,0,0.17255966,0.17086706
656300,601300,0,0.25766669,0.25211182
656400,601400,0,0.17339836,0.17168115
656500,601500,0,0.23564458,0.23137767
656600,601600,0,0.21777848,0.21439967
656700,601700,0,0.17868018,0.17680261
656800,601800,0,0.095728776,0.095437425
656900,601900,0,0.21830698,0.21490382
657000,602000,0,0.22088259,0.21735912
657100,602100,0,0.17326759,0.17155423
657200,602200,0,0.21465889,0.2114215
657300,602300,0,0.095770006,0.095478278
657400,602400,0,0.1017535,0.10140377
657500,602500,0,0.22577459,0.22201501
657600,602600,0,0.22173953,0.21817541
657700,602700,0,0.21650326,0.21318273
657800,602800,0,0.2249451,0.22122625
657900,602900,0,0.223856,0.22019021
658000,603000,0,0.21878514,0.21535985
658100,603100,0,0.1751325,0.17336368
658200,603200,0,0.21780559,0.21442553
658300,603300,0,0.22963921,0.22568597
658400,603400,0,0.22543469,0.22169183
658500,603500,0,0.21963942,0.21617436
658600,603600,0,0.11111919,0.11066409
658700,603700,0,0.2463821,0.24151478
658800,603800,0,0.22248685,0.21888705
658900,603900,0,0.17863756,0.17676132
659000,604000,0,0.10301198,0.10264915
659100,604100,0,0.24577895,0.24094673
659200,604200,0,0.1064848,0.10608414
659300,604300,0,0.17657408,0.17476158
659400,604400,0,0.17344598,0.17172737
659500,604500,0,0.23419518,0.23000541
659600,604600,0,0.22505732,0.22133298
659700,604700,0,0.17377269,0.17204443
659800,604800,0,0.22538702,0.2216465
659900,604900,0,0.17559911,0.17381622
660000,605000,0,0.24236253,0.23772601
660100,605100,0,0.17849598,0.17662415
660200,605200,0,0.23693055,0.23259444
660300,605300,0,0.1845513,0.18248424
660400,605400,0,0.23416209,0.22997407
660500,605500,0,0.23995951,0.2354575
660600,605600,0,0.22476609,0.221056
660700,605700,0,0.17632451,0.17451962
660800,605800,0,0.17426621,0.1725233
660900,605900,0,0.17637765,0.17457115
661000,606000,0,0.11606772,0.11554931
661100,606100,0,0.23381897,0.22964907
661200,606200,0,0.17333696,0.17162157
661300,606300,0,0.18261633,0.18061304
661400,606400,0,0.17353371,0.17181251
661500,606500,0,0.22924187,0.22530883
661600,606600,0,0.23655444,0.23223865
661700,606700,0,0.19523793,0.1927945
661800,606800,0,0.17480004,0.1730412
661900,606900,0,0.17559275,0.17381006
662000,607000,0,0.11830202,0.1177532
662100,607100,0,0.17599375,0.17419892
662200,607200,0,0.23969379,0.2352065
662300,607300,0,0.12205771,0.12145516
662400,607400,0,0.17629299,0.17448906
662500,607500,0,0.12215454,0.12155056
662600,607600,0,0.17326895,0.17155556
662700,607700,0,0.17631784,0.17451316
662800,607800,0,0.17636321,0.17455715
662900,607900,0,0.23460332,0.23039192
663000,608000,0,0.23537416,0.23112171
663100,608100,0,0.1732978,0.17158355
663200,608200,0,0.17473471,0.17297781
663300,608300,0,0.17849714,0.17662528
663400,608400,0,0.17472113,0.17296464
663500,608500,0,0.24551745,0.24070039
663600,608600,0,0.23790846,0.23351924
663700,608700,0,0.17523545,0.17346353
663800,608800,0,0.1774672,0.17562729
663900,608900,0,0.24656334,0.24168544
664000,609000,0,0.24092925,0.23637328
664100,609100,0,0.17428421,0.17254077
664200,609200,0,0.18238637,0.18039058
664300,609300,0,0.18378569,0.18174401
664400,609400,0,0.2499091,0.24483321
664500,609500,0,0.17450901,0.17275887
664600,609600,0,0.12789281,0.12720005
664700,609700,0,0.20412847,0.2013397
664800,609800,0,0.18023472,0.17830813
664900,609900,0,0.25187335,0.24667883
665000,610000,0,0.24936196,0.2443188
665100,610100,0,0.25702736,0.25151303
665200,610200,0,0.17286599,0.17116443
665300,610300,0,0.18373342,0.18169347
665400,610400,0,0.13583007,0.13500084
665500,610500,0,0.13443485,0.13363079
665600,610600,0,0.17341848,0.17170068
665700,610700,0,0.23809609,0.23369662
665800,610800,0,0.17324238,0.17152977
665900,610900,0,0.17396286,0.17222897
666000,611000,0,0.25856333,0.25295127
666100,611100,0,0.24654359,0.24166684
666200,611200,0,0.17819244,0.17633007
666300,611300,0,0.18254354,0.18054263
666400,611400,0,0.24171938,0.23711911
666500,611500,0,0.24822903,0.2432532
666600,611600,0,0.13816005,0.13728764
666700,611700,0,0.17367129,0.17194603
666800,611800,0,0.17972911,0.17781856
666900,611900,0,0.23901572,0.23456584
667000,612000,0,0.13623782,0.13540114
667100,612100,0,0.17334173,0.17162619
667200,612200,0,0.24822174,0.24324634
667300,612300,0,0.17973239,0.17782173
667400,612400,0,0.23890148,0.23445788
667500,612500,0,0.24314525,0.23846436
667600,612600,0,0.24021956,0.23570312
667700,612700,0,0.17339618,0.17167904
667800,612800,0,0.18379483,0.18175285
667900,612900,0,0.17414222,0.17240299
668000,613000,0,0.13845657,0.13757855
668100,613100,0,0.24819848,0.24322446
668200,613200,0,0.17301059,0.17130479
668300,613300,0,0.18913306,0.18690969
668400,613400,0,0.1375981,0.13673624
668500,613500,0,0.13617754,0.13534197
668600,613600,0,0.24169834,0.23709926
668700,613700,0,0.24243002,0.23778969
668800,613800,0,0.1928075,0.19045331
668900,613900,0,0.13718324,0.13632911
669000,614000,0,0.23808387,0.23368507
669100,614100,0,0.24616045,0.24130605
669200,614200,0,0.17309876,0.17139037
669300,614300,0,0.18390725,0.18186156
669400,614400,0,0.18309284,0.18107397
669500,614500,0,0.25624763,0.25078248
669600,614600,0,0.26497443,0.25894237
669700,614700,0,0.1379892,0.13712001
669800,614800,0,0.18239102,0.18039507
669900,614900,0,0.17420607,0.17246495
670000,615000,0,0.25098099,0.24584059
670100,615100,0,0.24816207,0.24319021
670200,615200,0,0.20463987,0.20183032
670300,615300,0,0.18012924,0.178206
670400,615400,0,0.14182431,0.14088101
670500,615500,0,0.24865347,0.24365249
670600,615600,0,0.17602787,0.174232
670700,615700,0,0.17401992,0.17228432
670800,615800,0,0.24304961,0.23837416
670900,615900,0,0.25070684,0.24558299
671000,616000,0,0.1425399,0.14158232
671100,616100,0,0.17560644,0.17382334
671200,616200,0,0.24040521,0.23587845
671300,616300,0,0.24217667,0.23755065
671400,616400,0,0.13965847,0.13875751
671500,616500,0,0.25512723,0.24973225
671600,616600,0,0.17765435,0.17580866
671700,616700,0,0.17539259,0.17361594
671800,616800,0,0.19081868,0.1885359
671900,616900,0,0.14075286,0.13983066
672000,617000,0,0.26808048,0.26183782
672100,617100,0,0.17393932,0.17220612
672200,617200,0,0.17285325,0.17115206
672300,617300,0,0.19702397,0.19451355
672400,617400,0,0.14182641,0.14088306
672500,617500,0,0.27431774,0.26763791
672600,617600,0,0.17390607,0.17217386
672700,617700,0,0.17303296,0.1713265
672800,617800,0,0.17400238,0.17226731
672900,617900,0,0.26199103,0.25615686
673000,618000,0,0.1388854,0.13799924
673100,618100,0,0.17477086,0.17301289
673200,618200,0,0.17479978,0.17304094
673300,618300,0,0.17316027,0.17145007
673400,618400,0,0.17351926,0.17179848
673500,618500,0,0.26457765,0.25857215
673600,618600,0,0.17339701,0.17167985
673700,618700,0,0.17302599,0.17131973
673800,618800,0,0.25818988,0.25260168
673900,618900,0,0.13866739,0.13778538
674000,619000,0,0.2414018,0.23681937
674100,619100,0,0.24529619,0.24049194
674200,619200,0,0.23873611,0.23430159
674300,619300,0,0.18464868,0.18257837
674400,619400,0,0.24354091,0.23883749
674500,619500,0,0.26199355,0.25615922
674600,619600,0,0.26683159,0.26067416
674700,619700,0,0.1739417,0.17220843
674800,619800,0,0.24157059,0.23697868
674900,619900,0,0.17440782,0.17266069
675000,620000,0,0.23802622,0.23363056
675100,620100,0,0.24716676,0.24225354
675200,620200,0,0.13550517,0.13468185
675300,620300,0,0.13760224,0.1367403
675400,620400,0,0.25385455,0.24853856
675500,620500,0,0.23650016,0.2321873
675600,620600,0,0.25016413,0.24507294
675700,620700,0,0.18742122,0.18525713
675800,620800,0,0.1876374,0.18546588
675900,620900,0,0.17471404,0.17295776
676000,621000,0,0.25282786,0.24757505
676100,621100,0,0.23505637,0.23082088
676200,621200,0,0.17328245,0.17156866
676300,621300,0,0.17399511,0.17226026
676400,621400,0,0.23684559,0.23251407
676500,621500,0,0.23933098,0.23486373
676600,621600,0,0.17359498,0.17187197
676700,621700,0,0.21550186,0.21222665
676800,621800,0,0.23775394,0.23337314
676900,621900,0,0.17457266,0.17282061
677000,622000,0,0.24391051,0.23918598
677100,622100,0,0.17604083,0.17424457
677200,622200,0,0.17376295,0.17203498
677300,622300,0,0.17932197,0.17742426
677400,622400,0,0.17637551,0.17456907
677500,622500,0,0.12978394,0.12906013
677600,622600,0,0.17401959,0.17228401
677700,622700,0,0.17504519,0.17327899
677800,622800,0,0.17606705,0.17427
677900,622900,0,0.23959886,0.23511682
678000,623000,0,0.23501308,0.23077989
678100,623100,0,0.17510589,0.17333786
678200,623200,0,0.17998379,0.17806518
678300,623300,0,0.17971521,0.1778051
678400,623400,0,0.12727169,0.12658892
678500,623500,0,0.23514777,0.23090741
678600,623600,0,0.17294535,0.17124146
678700,623700,0,0.18388615,0.18184115
678800,623800,0,0.17624074,0.1744384
678900,623900,0,0.17524516,0.17347295
679000,624000,0,0.2399671,0.23546467
679100,624100,0,0.23738029,0.2330198
679200,624200,0,0.17306232,0.171355
679300,624300,0,0.17438024,0.17263393
679400,624400,0,0.23331312,0.22916985
679500,624500,0,0.12143214,0.12083877
679600,624600,0,0.23160593,0.22755168
679700,624700,0,0.19408377,0.19168299
679800,624800,0,0.22988766,0.22592175
679900,624900,0,0.17345112,0.17173235
680000,625000,0,0.12583963,0.12517956
680100,625100,0,0.23495268,0.23072271
680200,625200,0,0.18044179,0.17850861
680300,625300,0,0.18106301,0.17910997
680400,625400,0,0.17525118,0.17347879
680500,625500,0,0.25937957,0.25371514
680600,625600,0,0.17361605,0.17189242
680700,625700,0,0.23147646,0.22742891
680800,625800,0,0.17648533,0.17467554
680900,625900,0,0.17576593,0.173978
681000,626000,0,0.23410065,0.22991588
681100,626100,0,0.17388602,0.1721544
681200,626200,0,0.18525064,0.1831602
681300,626300,0,0.18976092,0.18751554
681400,626400,0,0.11846629,0.11791518
681500,626500,0,0.22865108,0.22474795
681600,626600,0,0.17293772,0.17123406
681700,626700,0,0.17615489,0.17435516
681800,626800,0,0.23542985,0.23117443
681900,626900,0,0.17439492,0.17264817
682000,627000,0,0.22820805,0.22432727
682100,627100,0,0.22775302,0.22389509
682200,627200,0,0.1833766,0.18134841
682300,627300,0,0.23658152,0.23226426
682400,627400,0,0.17551022,0.17373003
682500,627500,0,0.22569048,0.22193504
682600,627600,0,0.22662193,0.22282043
682700,627700,0,0.1782424,0.17637848
682800,627800,0,0.23377645,0.2296088
682900,627900,0,0.17971063,0.17780066
683000,628000,0,0.16759337,0.1660417
683100,628100,0,0.14866046,0.14757493
683200,628200,0,0.17388841,0.17215672
683300,628300,0,0.23610134,0.23180994
683400,628400,0,0.17426183,0.17251905
683500,628500,0,0.2340409,0.22985929
683600,628600,0,0.11478259,0.11428115
683700,628700,0,0.22755425,0.22370627
683800,628800,0,0.11418541,0.11369173
683900,628900,0,0.17790039,0.17604709
684000,629000,0,0.22628689,0.222502
684100,629100,0,0.23156823,0.22751593
684200,629200,0,0.22966611,0.22571149
684300,629300,0,0.23422487,0.23003353
684400,629400,0,0.17475445,0.17299697
684500,629500,0,0.11479567,0.11429406
684600,629600,0,0.24159572,0.23700241
684700,629700,0,0.1790651,0.17717547
684800,629800,0,0.24781698,0.2428655
684900,629900,0,0.17740162,0.17556373
685000,630000,0,0.22906072,0.22513687
685100,630100,0,0.17927585,0.17737959
685200,630200,0,0.19379087,0.19140083
685300,630300,0,0.18758978,0.18541989
685400,630400,0,0.23894127,0.23449549
685500,630500,0,0.24579986,0.24096643
685600,630600,0,0.22740363,0.22356319
685700,630700,0,0.22710897,0.22328324
685800,630800,0,0.10932675,0.10889325
685900,630900,0,0.17990516,0.17798903
686000,631000,0,0.23788415,0.23349625
686100,631100,0,0.18036062,0.17843003
686200,631200,0,0.17325966,0.17154654
686300,631300,0,0.11009877,0.10965605
686400,631400,0,0.2377949,0.23341186
686500,631500,0,0.23744575,0.23308171
686600,631600,0,0.23038943,0.22639785
686700,631700,0,0.1744732,0.17272413
686800,631800,0,0.17659158,0.17477855
686900,631900,0,0.17600645,0.17421123
687000,632000,0,0.25030187,0.24520241
687100,632100,0,0.22955141,0.22560264
687200,632200,0,0.17553547,0.17375451
687300,632300,0,0.17407429,0.17233708
687400,632400,0,0.17686335,0.175042
687500,632500,0,0.23104712,0.22702174
687600,632600,0,0.2362064,0.23190935
687700,632700,0,0.17601744,0.17422189
687800,632800,0,0.18970235,0.18745903
687900,632900,0,0.17744788,0.17560856
688000,633000,0,0.10781686,0.10740102
688100,633100,0,0.2245802,0.22087919
688200,633200,0,0.22797148,0.22410259
688300,633300,0,0.18217978,0.1801907
688400,633400,0,0.17382074,0.17209106
688500,633500,0,0.22925798,0.22532413
688600,633600,0,0.22235285,0.21875947
688700,633700,0,0.22932164,0.22538455
688800,633800,0,0.23719155,0.2328413
688900,633900,0,0.17523659,0.17346464
689000,634000,0,0.11479407,0.11429247
689100,634100,0,0.23385154,0.22967993
689200,634200,0,0.23055979,0.22655948
689300,634300,0,0.18034612,0.17841599
689400,634400,0,0.17544564,0.1736674
689500,634500,0,0.24546716,0.24065302
689600,634600,0,0.17348314,0.17176343
689700,634700,0,0.18721767,0.18506055
689800,634800,0,0.22661667,0.22281543
689900,634900,0,0.17411802,0.17237952
690000,635000,0,0.10898468,0.10855522
690100,635100,0,0.17439087,0.17264425
690200,635200,0,0.19430159,0.19189279
690300,635300,0,0.1864879,0.18435568
690400,635400,0,0.24469718,0.2399275
690500,635500,0,0.23768737,0.23331019
690600,635600,0,0.1732868,0.17157288
690700,635700,0,0.19315919,0.19079222
690800,635800,0,0.19729558,0.19477487
690900,635900,0,0.18274129,0.18073392
691000,636000,0,0.10936412,0.10893018
691100,636100,0,0.23380452,0.22963539
691200,636200,0,0.23105048,0.22702493
691300,636300,0,0.26108462,0.25530973
691400,636400,0,0.17582373,0.17403405
691500,636500,0,0.23125694,0.22722074
691600,636600,0,0.22613359,0.22235628
691700,636700,0,0.18764467,0.1854729
691800,636800,0,0.18986417,0.18761516
691900,636900,0,0.17486995,0.17310901
692000,637000,0,0.23820412,0.23379875
692100,637100,0,0.23077421,0.22676288
692200,637200,0,0.17337475,0.17165824
692300,637300,0,0.17727978,0.17544565
692400,637400,0,0.17364994,0.17192531
692500,637500,0,0.25002119,0.24493858
692600,637600,0,0.17440842,0.17266127
692700,637700,0,0.17280345,0.17110372
692800,637800,0,0.17780432,0.17595399
692900,637900,0,0.2330245,0.22889637
693000,638000,0,0.23415163,0.22996417
693100,638100,0,0.17798129,0.17612548
693200,638200,0,0.1903375,0.18807179
693300,638300,0,0.18149215,0.17952532
693400,638400,0,0.23400535,0.22982561
693500,638500,0,0.25110868,0.24596056
693600,638600,0,0.17670724,0.17489067
693700,638700,0,0.17905494,0.17716562
693800,638800,0,0.18098926,0.17903859
693900,638900,0,0.23897679,0.23452905
694000,639000,0,0.17455981,0.17280814
694100,639100,0,0.24751284,0.24257927
694200,639200,0,0.17347324,0.17175383
694300,639300,0,0.18094928,0.17899989
694400,639400,0,0.1252954,0.12464382
694500,639500,0,0.12136728,0.12077486
694600,639600,0,0.175612,0.17382873
694700,639700,0,0.24620287,0.241346
694800,639800,0,0.17700388,0.17517823
694900,639900,0,0.12746265,0.12677682
695000,640000,0,0.26017836,0.25446235
695100,640100,0,0.17364644,0.17192191
695200,640200,0,0.24282453,0.23816186
695300,640300,0,0.12666447,0.12599139
695400,640400,0,0.12696063,0.12628284
695500,640500,0,0.25783094,0.25226562
695600,640600,0,0.17382039,0.17209071
695700,640700,0,0.13049741,0.12976165
695800,640800,0,0.18284548,0.18083471
695900,640900,0,0.24832702,0.24334539
696000,641000,0,0.25345517,0.24816382
696100,641100,0,0.24350717,0.23880567
696200,641200,0,0.18000479,0.1780855
696300,641300,0,0.17388404,0.17215248
696400,641400,0,0.12764299,0.12695426
696500,641500,0,0.12603907,0.12537587
696600,641600,0,0.17659878,0.17478552
696700,641700,0,0.18498799,0.18290634
696800,641800,0,0.17340705,0.17168959
696900,641900,0,0.12691903,0.1262419
697000,642000,0,0.23790552,0.23351645
697100,642100,0,0.17478785,0.17302937
697200,642200,0,0.18251321,0.18051328
697300,642300,0,0.17811456,0.17625461
697400,642400,0,0.12989296,0.12916733
697500,642500,0,0.1286215,0.12791688
697600,642600,0,0.24184338,0.23723614
697700,642700,0,0.17321451,0.17150272
697800,642800,0,0.17632452,0.17451964
697900,642900,0,0.24385997,0.23913833
698000,643000,0,0.26410108,0.25812739
698100,643100,0,0.17601451,0.17421904
698200,643200,0,0.17606465,0.17426767
698300,643300,0,0.24773317,0.24278663
698400,643400,0,0.24097172,0.23641337
698500,643500,0,0.24532446,0.24051858
698600,643600,0,0.17461557,0.17286224
698700,643700,0,0.24320097,0.23851691
698800,643800,0,0.12898193,0.12827139
698900,643900,0,0.13117221,0.13042503
699000,644000,0,0.25350509,0.24821066
699100,644100,0,0.13011429,0.12938496
699200,644200,0,0.18698863,0.18483935
699300,644300,0,0.23853395,0.23411053
699400,644400,0,0.24153827,0.23694818
699500,644500,0,0.17474661,0.17298936
699600,644600,0,0.23757029,0.23319948
699700,644700,0,0.20650249,0.20361639
699800,644800,0,0.19087627,0.18859145
699900,644900,0,0.12566087,0.1250036
700000,645000,0,0.17771396,0.17586642
700100,645100,0,0.2509411,0.24580311
700200,645200,0,0.27648959,0.26965301
700300,645300,0,0.25205439,0.24684885
700400,645400,0,0.18672777,0.18458739
700500,645500,0,0.24481851,0.24004184
700600,645600,0,0.17546873,0.17368979
700700,645700,0,0.17363852,0.17191423
700800,645800,0,0.17993964,0.17802242
700900,645900,0,0.26875675,0.26246761
701000,646000,0,0.25994511,0.25424419
701100,646100,0,0.1742329,0.17249098
701200,646200,0,0.23746044,0.2330956
701300,646300,0,0.12041131,0.11983272
701400,646400,0,0.25313376,0.24786217
701500,646500,0,0.24324233,0.23855592
701600,646600,0,0.17412281,0.17238416
701700,646700,0,0.18394234,0.18189549
701800,646800,0,0.23917253,0.23471402
701900,646900,0,0.23454131,0.2303332
702000,647000,0,0.17368006,0.17195453
702100,647100,0,0.11766623,0.11712618
702200,647200,0,0.19560949,0.19315222
702300,647300,0,0.18105045,0.17909781
702400,647400,0,0.17368249,0.1719569
702500,647500,0,0.23837914,0.23396419
702600,647600,0,0.17479296,0.17303433
702700,647700,0,0.24423222,0.23948925
702800,647800,0,0.27139313,0.26492067
702900,647900,0,0.17639213,0.17458518
703000,648000,0,0.13316842,0.13238677
703100,648100,0,0.13397195,0.13317613
703200,648200,0,0.20887695,0.20589131
703300,648300,0,0.23475924,0.23053957
703400,648400,0,0.17756291,0.17572005
703500,648500,0,0.17389069,0.17215893
703600,648600,0,0.11808013,0.11753438
703700,648700,0,0.22953721,0.22558916
703800,648800,0,0.23180993,0.22774511
703900,648900,0,0.23418062,0.22999162
704000,649000,0,0.17378833,0.1720596
704100,649100,0,0.23020009,0.22621821
704200,649200,0,0.17655313,0.17474127
704300,649300,0,0.23466233,0.2304478
704400,649400,0,0.17416508,0.17242517
704500,649500,0,0.12136059,0.12076826
704600,649600,0,0.25792002,0.25234903
704700,649700,0,0.22558555,0.22183528
704800,649800,0,0.12240221,0.12179456
704900,649900,0,0.17719899,0.17536734
705000,650000,0,0.18335349,0.18132606
705100,650100,0,0.23897141,0.23452397
705200,650200,0,0.20685094,0.20395038
705300,650300,0,0.18366886,0.18163104
705400,650400,0,0.22896286,0.22504397
705500,650500,0,0.17331156,0.17159691
705600,650600,0,0.11970142,0.11913297
705700,650700,0,0.232876,0.22875564
705800,650800,0,0.23354256,0.22938722
705900,650900,0,0.22921428,0.22528264
706000,651000,0,0.173405,0.1716876
706100,651100,0,0.23064834,0.22664348
706200,651200,0,0.18357909,0.18154424
706300,651300,0,0.13720569,0.13635114
706400,651400,0,0.19095202,0.1886645
706500,651500,0,0.12537661,0.12472377
706600,651600,0,0.23156932,0.22751697
706700,651700,0,0.12597781,0.12531558
706800,651800,0,0.12425508,0.12361953
706900,651900,0,0.17893949,0.17705379
707000,652000,0,0.18130388,0.1793431
707100,652100,0,0.24301452,0.23834106
707200,652200,0,0.19950285,0.19689749
707300,652300,0,0.12466395,0.12402213
707400,652400,0,0.17583281,0.17404285
707500,652500,0,0.17463746,0.17288348
707600,652600,0,0.23650651,0.2321933
707700,652700,0,0.21787352,0.21449034
707800,652800,0,0.17906835,0.17717861
707900,652900,0,0.17445287,0.17270439
708000,653000,0,0.24253843,0.23789197
708100,653100,0,0.17342227,0.17170436
708200,653200,0,0.12480159,0.12415765
708300,653300,0,0.17498885,0.17322435
708400,653400,0,0.12435403,0.12371697
708500,653500,0,0.24528274,0.24047927
708600,653600,0,0.1743012,0.17255725
708700,653700,0,0.24005819,0.23555071
708800,653800,0,0.18202599,0.18004189
708900,653900,0,0.2339931,0.22981401
709000,654000,0,0.23252899,0.22842676
709100,654100,0,0.17984534,0.17793111
709200,654200,0,0.12894649,0.12823654
709300,654300,0,0.17762894,0.17578403
709400,654400,0,0.12822008,0.12752201
709500,654500,0,0.12456742,0.12392709
709600,654600,0,0.23374164,0.22957582
709700,654700,0,0.23046927,0.2264736
709800,654800,0,0.18067376,0.17873318
709900,654900,0,0.23047497,0.22647901
710000,655000,0,0.23623396,0.23193542
710100,655100,0,0.17372462,0.17199778
710200,655200,0,0.12271769,0.12210535
710300,655300,0,0.12257835,0.12196809
710400,655400,0,0.12397219,0.12334096
710500,655500,0,0.24055227,0.23601733
710600,655600,0,0.24210408,0.23748215
710700,655700,0,0.23091594,0.22689732
710800,655800,0,0.12422131,0.12358628
710900,655900,0,0.17881088,0.17692922
711000,656000,0,0.17569791,0.17391204
711100,656100,0,0.23306086,0.22893082
711200,656200,0,0.12206495,0.12146229
711300,656300,0,0.18152128,0.1795535
711400,656400,0,0.24823495,0.24325877
711500,656500,0,0.25210662,0.2468979
711600,656600,0,0.12876964,0.1280626
711700,656700,0,0.19960614,0.19699677
711800,656800,0,0.24467476,0.23990637
711900,656900,0,0.17534469,0.17356948
712000,657000,0,0.12492707,0.1242812
712100,657100,0,0.17482225,0.17306274
712200,657200,0,0.12056882,0.11998797
712300,657300,0,0.17681722,0.17499728
712400,657400,0,0.23693279,0.23259655
712500,657500,0,0.25613476,0.2506767
712600,657600,0,0.23869033,0.23425833
712700,657700,0,0.12202538,0.1214233
712800,657800,0,0.18086438,0.17891771
712900,657900,0,0.25154065,0.24636635
713000,658000,0,0.23940043,0.23492935
713100,658100,0,0.17513104,0.17336226
713200,658200,0,0.11966141,0.11909353
713300,658300,0,0.19059311,0.18831834
713400,658400,0,0.23747482,0.2331092
713500,658500,0,0.1815011,0.17953398
713600,658600,0,0.11606157,0.11554324
713700,658700,0,0.17500591,0.17324089
713800,658800,0,0.129388,0.12867076
713900,658900,0,0.17300324,0.17129765
714000,659000,0,0.17354033,0.17181894
714100,659100,0,0.23256302,0.22845902
714200,659200,0,0.17354724,0.17182564
714300,659300,0,0.11939716,0.11883302
714400,659400,0,0.17661176,0.17479811
714500,659500,0,0.17421414,0.17247278
714600,659600,0,0.23097708,0.22695531
714700,659700,0,0.17388415,0.17215259
714800,659800,0,0.22886777,0.22495369
714900,659900,0,0.22771672,0.2238606
715000,660000,0,0.17378457,0.17205595
715100,660100,0,0.23046607,0.22647057
715200,660200,0,0.18023582,0.1783092
715300,660300,0,0.11875982,0.11820463
715400,660400,0,0.1740635,0.17232661
715500,660500,0,0.1756047,0.17382165
715600,660600,0,0.22656728,0.22276849
715700,660700,0,0.22860937,0.22470835
715800,660800,0,0.23484392,0.23061974
715900,660900,0,0.23056605,0.22656541
716000,661000,0,0.17520657,0.17343552
716100,661100,0,0.23203505,0.22795854
716200,661200,0,0.22550104,0.22175492
716300,661300,0,0.1733218,0.17160685
716400,661400,0,0.24855218,0.24355721
716500,661500,0,0.22613839,0.22236084
716600,661600,0,0.11293334,0.11245567
716700,661700,0,0.17435573,0.17261015
716800,661800,0,0.11552419,0.11501299
716900,661900,0,0.22831968,0.22443327
717000,662000,0,0.17379113,0.17206232
717100,662100,0,0.22842828,0.2245364
717200,662200,0,0.17339045,0.17167347
717300,662300,0,0.22724324,0.2234108
717400,662400,0,0.17517033,0.17340037
717500,662500,0,0.17527246,0.17349943
717600,662600,0,0.23140916,0.2273651
717700,662700,0,0.1742535,0.17251096
717800,662800,0,0.23139213,0.22734894
717900,662900,0,0.17297329,0.17126858
718000,663000,0,0.11835023,0.11780074
718100,663100,0,0.12065082,0.12006878
718200,663200,0,0.19984624,0.19722755
718300,663300,0,0.23933424,0.23486682
718400,663400,0,0.17414859,0.17240918
718500,663500,0,0.11758602,0.11704707
718600,663600,0,0.2312973,0.22725901
718700,663700,0,0.17407344,0.17233626
718800,663800,0,0.22853267,0.22463553
718900,663900,0,0.17353498,0.17181375
719000,664000,0,0.1734833,0.17176359
719100,664100,0,0.23277505,0.22865997
719200,664200,0,0.17706003,0.17523265
719300,664300,0,0.23412529,0.22993921
719400,664400,0,0.18240184,0.18040554
719500,664500,0,0.17394162,0.17220835
719600,664600,0,0.22974753,0.22578877
719700,664700,0,0.17419446,0.17245368
719800,664800,0,0.228112,0.22423605
719900,664900,0,0.17314402,0.1714343
720000,665000,0,0.17408977,0.17235211
720100,665100,0,0.13098423,0.13024024
720200,665200,0,0.17493618,0.17317325
720300,665300,0,0.19851807,0.19595071
720400,665400,0,0.24302748,0.23835329
720500,665500,0,0.17338665,0.17166979
720600,665600,0,0.23297459,0.22884907
720700,665700,0,0.18667059,0.18453216
720800,665800,0,0.23848773,0.23406684
720900,665900,0,0.17484052,0.17308046
721000,666000,0,0.17368017,0.17195465
721100,666100,0,0.17506408,0.17329731
721200,666200,0,0.23457042,0.23036077
721300,666300,0,0.12732217,0.1266386
721400,666400,0,0.17928531,0.17738876
721500,666500,0,0.17609158,0.17429378
721600,666600,0,0.24394179,0.23921546
721700,666700,0,0.17303107,0.17132466
721800,666800,0,0.23897177,0.23452431
721900,666900,0,0.1745896,0.17283705
722000,667000,0,0.13343011,0.13264386
722100,667100,0,0.24177184,0.23716863
722200,667200,0,0.23471773,0.23050026
722300,667300,0,0.2439465,0.2392199
722400,667400,0,0.25968555,0.25400139
722500,667500,0,0.2460382,0.24119091
722600,667600,0,0.12879444,0.12808699
722700,667700,0,0.17367063,0.17194539
722800,667800,0,0.23463356,0.23042056
722900,667900,0,0.181934,0.17995289
723000,668000,0,0.24575676,0.24092583
723100,668100,0,0.24678778,0.24189676
723200,668200,0,0.17419735,0.17245648
723300,668300,0,0.18102274,0.17907099
723400,668400,0,0.18274262,0.18073521
723500,668500,0,0.17947404,0.17757154
723600,668600,0,0.23675504,0.23242841
723700,668700,0,0.17293074,0.17122728
723800,668800,0,0.24099167,0.2364322
723900,668900,0,0.25531666,0.24990986
724000,669000,0,0.25163162,0.2464518
724100,669100,0,0.23975172,0.23526122
724200,669200,0,0.13695689,0.13610696
724300,669300,0,0.24843232,0.24344445
724400,669400,0,0.2475851,0.24264729
724500,669500,0,0.141842,0.14089834
724600,669600,0,0.2437107,0.23899758
724700,669700,0,0.14417301,0.14318233
724800,669800,0,0.1811567,0.17920066
724900,669900,0,0.2489165,0.24389988
725000,670000,0,0.27075034,0.26432289
725100,670100,0,0.15348639,0.15229236
725200,670200,0,0.14937652,0.14827531
725300,670300,0,0.17981449,0.17790124
725400,670400,0,0.25924076,0.25358525
725500,670500,0,0.17378888,0.17206013
725600,670600,0,0.25678161,0.25128281
725700,670700,0,0.2681669,0.26191831
725800,670800,0,0.17366515,0.17194006
725900,670900,0,0.17798578,0.17612983
726000,671000,0,0.17447516,0.17272602
726100,671100,0,0.26820469,0.26195351
726200,671200,0,0.25911301,0.25346571
726300,671300,0,0.26385117,0.25789412
726400,671400,0,0.26087001,0.2551091
726500,671500,0,0.17861269,0.17673722
726600,671600,0,0.16805838,0.16649386
726700,671700,0,0.1755377,0.17375667
726800,671800,0,0.17462632,0.17287267
726900,671900,0,0.1800546,0.17813374
727000,672000,0,0.17045397,0.16882211
727100,672100,0,0.16929615,0.16769707
727200,672200,0,0.29283711,0.28474399
727300,672300,0,0.1753982,0.17362138
727400,672400,0,0.2940631,0.28587019
727500,672500,0,0.28475426,0.27729952
727600,672600,0,0.17541136,0.17363415
727700,672700,0,0.29392805,0.28574617
727800,672800,0,0.17635132,0.17454561
727900,672900,0,0.28382063,0.27643746
728000,673000,0,0.18067711,0.17873643
728100,673100,0,0.28566256,0.27813777
728200,673200,0,0.17383352,0.17210345
728300,673300,0,0.17990718,0.17799099
728400,673400,0,0.27484658,0.2681288
728500,673500,0,0.17454795,0.17279664
728600,673600,0,0.28787321,0.28017615
728700,673700,0,0.17719337,0.17536189
728800,673800,0,0.29776355,0.28926462
728900,673900,0,0.27705492,0.27017716
729000,674000,0,0.2846909,0.27724103
729100,674100,0,0.2723407,0.26580151
729200,674200,0,0.27492814,0.26820449
729300,674300,0,0.17396552,0.17223154
729400,674400,0,0.17437694,0.17263073
729500,674500,0,0.28314914,0.27581717
729600,674600,0,0.16892983,0.16734103
729700,674700,0,0.27344197,0.26682468
729800,674800,0,0.28484127,0.27737984
729900,674900,0,0.16893532,0.16734636
730000,675000,0,0.28562508,0.27810319
730100,675100,0,0.16820737,0.16663871
730200,675200,0,0.16920448,0.16760798
730300,675300,0,0.17509097,0.1733234
730400,675400,0,0.26899041,0.26268516
730500,675500,0,0.17513483,0.17336594
730600,675600,0,0.28635727,0.27877861
730700,675700,0,0.16525694,0.16376881
730800,675800,0,0.17370717,0.17198084
730900,675900,0,0.28921556,0.28141266
731000,676000,0,0.28109373,0.27391705
731100,676100,0,0.26619177,0.26007772
731200,676200,0,0.27226282,0.26572913
731300,676300,0,0.18922788,0.18700119
731400,676400,0,0.18499744,0.18291548
731500,676500,0,0.17347142,0.17175206
731600,676600,0,0.2702962,0.26390043
731700,676700,0,0.17882545,0.17694333
731800,676800,0,0.17694777,0.17512384
731900,676900,0,0.17661761,0.17480378
732000,677000,0,0.17478619,0.17302775
732100,677100,0,0.15657676,0.15530963
732200,677200,0,0.18482741,0.18275114
732300,677300,0,0.17557134,0.1737893
732400,677400,0,0.17460043,0.17284756
732500,677500,0,0.27662814,0.26978148
732600,677600,0,0.2563673,0.25089462
732700,677700,0,0.15962161,0.15827961
732800,677800,0,0.17684964,0.17502872
732900,677900,0,0.27788189,0.27094359
733000,678000,0,0.17613203,0.174333
733100,678100,0,0.25717653,0.25165275
733200,678200,0,0.17723481,0.17540206
733300,678300,0,0.17361628,0.17189265
733400,678400,0,0.25620158,0.25073932
733500,678500,0,0.2597053,0.25401987
733600,678600,0,0.25557758,0.25015446
733700,678700,0,0.16348178,0.16204076
733800,678800,0,0.18309212,0.18107327
733900,678900,0,0.17904743,0.17715835
734000,679000,0,0.25125816,0.24610098
734100,679100,0,0.25493136,0.24954858
734200,679200,0,0.17336906,0.17165272
734300,679300,0,0.17447202,0.17272298
734400,679400,0,0.17444973,0.17270135
734500,679500,0,0.28515127,0.27766597
734600,679600,0,0.25424117,0.24890127
734700,679700,0,0.25273207,0.24748513
734800,679800,0,0.17927663,0.17738035
734900,679900,0,0.18307748,0.18105911
735000,680000,0,0.15995512,0.15860475
735100,680100,0,0.16115349,0.15977276
735200,680200,0,0.17931947,0.17742184
735300,680300,0,0.17351618,0.1717955
735400,680400,0,0.15547503,0.15423428
735500,680500,0,0.1565976,0.15532996
735600,680600,0,0.26194694,0.25611567
735700,680700,0,0.178047,0.17618915
735800,680800,0,0.1753447,0.17356949
735900,680900,0,0.15512149,0.15388914
736000,681000,0,0.26596397,0.25986532
736100,681100,0,0.26038025,0.25465116
736200,681200,0,0.14982235,0.14871132
736300,681300,0,0.1803685,0.17843766
736400,681400,0,0.1750705,0.17330354
736500,681500,0,0.26089197,0.25512963
736600,681600,0,0.26904243,0.26273359
736700,681700,0,0.25500733,0.24961982
736800,681800,0,0.17414424,0.17240496
736900,681900,0,0.15754778,0.15625708
737000,682000,0,0.2727607,0.2661918
737100,682100,0,0.27305505,0.26646526
737200,682200,0,0.17370242,0.17197623
737300,682300,0,0.17537651,0.17360034
737400,682400,0,0.25527355,0.24986944
737500,682500,0,0.1759229,0.17413022
737600,682600,0,0.2492424,0.24420637
737700,682700,0,0.1884092,0.18621102
737800,682800,0,0.17552705,0.17374634
737900,682900,0,0.27131671,0.26484961
738000,683000,0,0.26781108,0.26158687
738100,683100,0,0.26315629,0.25724534
738200,683200,0,0.15060405,0.14947564
738300,683300,0,0.18697501,0.18482619
738400,683400,0,0.15307942,0.1518948
738500,683500,0,0.17373506,0.17200791
738600,683600,0,0.15249137,0.15132026
738700,683700,0,0.26325076,0.25733356
738800,683800,0,0.154566,0.15334676
738900,683900,0,0.15323537,0.15204715
739000,684000,0,0.16563865,0.16414026
739100,684100,0,0.25952792,0.25385393
739200,684200,0,0.17948581,0.17758294
739300,684300,0,0.25438989,0.24904077
739400,684400,0,0.18936409,0.18713264
739500,684500,0,0.16896786,0.16737799
739600,684600,0,0.27650374,0.26966614
739700,684700,0,0.17529847,0.17352466
739800,684800,0,0.25274324,0.24749561
739900,684900,0,0.17519018,0.17341962
740000,685000,0,0.2667456,0.26059402
740100,685100,0,0.28639094,0.27880966
740200,685200,0,0.17628631,0.17448259
740300,685300,0,0.1962597,0.19377809
740400,685400,0,0.17389416,0.1721623
740500,685500,0,0.27442594,0.26773835
740600,685600,0,0.27914479,0.27211338
740700,685700,0,0.17355554,0.1718337
740800,685800,0,0.26287212,0.25697995
740900,685900,0,0.26320965,0.25729517
741000,686000,0,0.17605693,0.17426018
741100,686100,0,0.26981839,0.26345584
741200,686200,0,0.17577328,0.17398513
741300,686300,0,0.25648117,0.25100132
741400,686400,0,0.2679496,0.26171591
741500,686500,0,0.2533796,0.2480929
741600,686600,0,0.17609018,0.17429242
741700,686700,0,0.25216085,0.24694881
741800,686800,0,0.24839188,0.24340641
741900,686900,0,0.18552053,0.18342102
742000,687000,0,0.14898797,0.14789529
742100,687100,0,0.25492529,0.24954289
742200,687200,0,0.17324374,0.17153109
742300,687300,0,0.19557183,0.19311596
742400,687400,0,0.1814569,0.1794912
742500,687500,0,0.28925339,0.28144749
742600,687600,0,0.28094273,0.27377737
742700,687700,0,0.17380364,0.17207446
742800,687800,0,0.25584201,0.25040233
742900,687900,0,0.26599911,0.25989809
743000,688000,0,0.18156323,0.1795941
743100,688100,0,0.26943539,0.26309938
743200,688200,0,0.15289314,0.15171281
743300,688300,0,0.18858957,0.18638513
743400,688400,0,0.2511597,0.24600848
743500,688500,0,0.18468253,0.1826111
743600,688600,0,0.15236276,0.1511946
743700,688700,0,0.17419324,0.1724525
743800,688800,0,0.25343403,0.24814398
743900,688900,0,0.15408398,0.15287604
744000,689000,0,0.15392891,0.15272459
744100,689100,0,0.15421402,0.15300303
744200,689200,0,0.17403591,0.17229984
744300,689300,0,0.25337527,0.24808884
744400,689400,0,0.17344532,0.17172673
744500,689500,0,0.26535219,0.25929476
744600,689600,0,0.15235896,0.15119088
744700,689700,0,0.17341921,0.17170138
744800,689800,0,0.23407929,0.22989565
744900,689900,0,0.17322972,0.17151748
745000,690000,0,0.28142835,0.27422653
745100,690100,0,0.26980711,0.26344535
745200,690200,0,0.25229905,0.24707859
745300,690300,0,0.25384783,0.24853226
745400,690400,0,0.15342623,0.15223359
745500,690500,0,0.17562732,0.17384359
745600,690600,0,0.27286377,0.26628756
745700,690700,0,0.17532234,0.17354781
745800,690800,0,0.25924218,0.25358658
745900,690900,0,0.18124488,0.179286
746000,691000,0,0.25068645,0.24556383
746100,691100,0,0.17381936,0.17208972
746200,691200,0,0.27867618,0.27167941
746300,691300,0,0.25673834,0.25124227
746400,691400,0,0.18564171,0.18353813
746500,691500,0,0.15548894,0.15424787
746600,691600,0,0.17924969,0.17735425
746700,691700,0,0.25806648,0.25248615
746800,691800,0,0.25790394,0.25233397
746900,691900,0,0.25419587,0.24885877
747000,692000,0,0.26568836,0.25960831
747100,692100,0,0.17700602,0.1751803
747200,692200,0,0.25254877,0.24731305
747300,692300,0,0.24972109,0.24465646
747400,692400,0,0.25632567,0.25085561
747500,692500,0,0.257522,0.25197632
747600,692600,0,0.17428659,0.17254307
747700,692700,0,0.25243093,0.24720241
747800,692800,0,0.18769619,0.18552264
747900,692900,0,0.18256043,0.18055897
748000,693000,0,0.25938446,0.25371971
748100,693100,0,0.17694736,0.17512343
748200,693200,0,0.17369105,0.1719652
748300,693300,0,0.27316036,0.2665631
748400,693400,0,0.1561785,0.15492095
748500,693500,0,0.26652452,0.26038794
748600,693600,0,0.17581242,0.17402309
748700,693700,0,0.17382886,0.17209893
748800,693800,0,0.26016569,0.2544505
748900,693900,0,0.1527448,0.15156789
749000,694000,0,0.17651928,0.17470845
749100,694100,0,0.253412,0.24812331
749200,694200,0,0.17416631,0.17242637
749300,694300,0,0.21227313,0.20914124
749400,694400,0,0.17929191,0.17739515
749500,694500,0,0.17381622,0.17208667
749600,694600,0,0.24812381,0.24315421
749700,694700,0,0.14716437,0.14611109
749800,694800,0,0.1849493,0.18286896
749900,694900,0,0.14920182,0.14810446
750000,695000,0,0.26403435,0.25806511
750100,695100,0,0.26029739,0.25457367
750200,695200,0,0.25621646,0.25075327
750300,695300,0,0.19431823,0.19190882
750400,695400,0,0.25115554,0.24600458
750500,695500,0,0.26393685,0.2579741
750600,695600,0,0.24675671,0.24186751
750700,695700,0,0.15079274,0.14966011
750800,695800,0,0.20124577,0.19857227
750900,695900,0,0.14340435,0.14242934
751000,696000,0,0.25219601,0.24698183
751100,696100,0,0.24287192,0.23820656
751200,696200,0,0.17465634,0.17290179
751300,696300,0,0.24340287,0.23870731
751400,696400,0,0.18187751,0.17989822
751500,696500,0,0.17673258,0.17491524
751600,696600,0,0.25207152,0.24686493
751700,696700,0,0.2480709,0.24310443
751800,696800,0,0.24286032,0.23819561
751900,696900,0,0.17598137,0.17418691
752000,697000,0,0.25123199,0.2460764
752100,697100,0,0.17443601,0.17268804
752200,697200,0,0.17483781,0.17307783
752300,697300,0,0.25038396,0.24527956
752400,697400,0,0.24443371,0.23967918
752500,697500,0,0.17783911,0.17598771
752600,697600,0,0.1414849,0.14054832
752700,697700,0,0.26231952,0.25646378
752800,697800,0,0.1739015,0.17216942
752900,697900,0,0.24242123,0.23778139
753000,698000,0,0.17385307,0.17212243
753100,698100,0,0.1736253,0.17190139
753200,698200,0,0.13841374,0.13753654
753300,698300,0,0.246389,0.24152128
753400,698400,0,0.17690638,0.17508372
753500,698500,0,0.14111588,0.14018657
753600,698600,0,0.17371826,0.17199161
753700,698700,0,0.17414718,0.17240781
753800,698800,0,0.24635976,0.24149374
753900,698900,0,0.17492319,0.17316066
754000,699000,0,0.26650819,0.26037271
754100,699100,0,0.13597954,0.13514758
754200,699200,0,0.25842649,0.25282319
754300,699300,0,0.17343091,0.17171274
754400,699400,0,0.14010277,0.13919322
754500,699500,0,0.2488919,0.24387675
754600,699600,0,0.17370182,0.17197566
754700,699700,0,0.24126262,0.23668799
754800,699800,0,0.13469947,0.13389068
754900,699900,0,0.24786041,0.24290636
755000,700000,0,0.1377224,0.13685821
755100,700100,0,0.17476427,0.17300649
755200,700200,0,0.25117288,0.24602087
755300,700300,0,0.19013446,0.18787593
755400,700400,0,0.13300401,0.13222524
755500,700500,0,0.2443191,0.23957115
755600,700600,0,0.24381502,0.23909595
755700,700700,0,0.26409438,0.25812114
755800,700800,0,0.34195193,0.32921888
755900,700900,0,0.13618781,0.13535205
756000,701000,0,0.17515486,0.17338537
756100,701100,0,0.13415491,0.13335584
756200,701200,0,0.24606934,0.24122024
756300,701300,0,0.17452878,0.17277804
756400,701400,0,0.17635571,0.17454987
756500,701500,0,0.13303129,0.13225204
756600,701600,0,0.1354659,0.13464329
756700,701700,0,0.25453941,0.24918101
756800,701800,0,0.174237,0.17249495
756900,701900,0,0.18867879,0.18647125
757000,702000,0,0.13500859,0.13419424
757100,702100,0,0.13301045,0.13223157
757200,702200,0,0.24362881,0.23892037
757300,702300,0,0.13423752,0.13343699
757400,702400,0,0.18099257,0.17904179
757500,702500,0,0.17879782,0.17691656
757600,702600,0,0.26388575,0.2579264
757700,702700,0,0.24378831,0.23907076
757800,702800,0,0.13435419,0.13355157
757900,702900,0,0.1748477,0.17308742
758000,703000,0,0.13927668,0.13838305
758100,703100,0,0.17599779,0.17420283
758200,703200,0,0.13600327,0.13517089
758300,703300,0,0.17618473,0.17438409
758400,703400,0,0.18883828,0.18662519
758500,703500,0,0.25754376,0.2519967
758600,703600,0,0.27693665,0.27006751
758700,703700,0,0.25525649,0.24985344
758800,703800,0,0.17328262,0.17156882
758900,703900,0,0.13760637,0.13674435
759000,704000,0,0.13837406,0.1374976
759100,704100,0,0.13644377,0.1356033
759200,704200,0,0.14165888,0.14071886
759300,704300,0,0.177772,0.17592267
759400,704400,0,0.17776648,0.17591732
759500,704500,0,0.17419771,0.17245684
759600,704600,0,0.27327534,0.2666699
759700,704700,0,0.25741898,0.25187984
759800,704800,0,0.26620887,0.26009367
759900,704900,0,0.17355172,0.17182999
760000,705000,0,0.26478967,0.25876999
760100,705100,0,0.1443673,0.14337263
760200,705200,0,0.27054916,0.26413575
760300,705300,0,0.17825858,0.17639416
760400,705400,0,0.1843729,0.18231177
760500,705500,0,0.27010899,0.26372625
760600,705600,0,0.18247372,0.18047508
760700,705700,0,0.26579383,0.25970667
760800,705800,0,0.17760147,0.17575741
760900,705900,0,0.17669807,0.17488179
761000,706000,0,0.28582302,0.27828581
761100,706100,0,0.25925576,0.25359929
761200,706200,0,0.27357004,0.26694363
761300,706300,0,0.17340646,0.17168902
761400,706400,0,0.18584625,0.18373576
761500,706500,0,0.14490823,0.1439024
761600,706600,0,0.25540693,0.24999448
761700,706700,0,0.25916242,0.25351195
761800,706800,0,0.17434136,0.17259621
761900,706900,0,0.1938865,0.19149296
762000,707000,0,0.17671597,0.17489913
762100,707100,0,0.14966092,0.14855345
762200,707200,0,0.17428006,0.17253674
762300,707300,0,0.17622567,0.17442379
762400,707400,0,0.27853363,0.27154738
762500,707500,0,0.29928216,0.29065555
762600,707600,0,0.27101697,0.26457087
762700,707700,0,0.14403192,0.14304412
762800,707800,0,0.27251341,0.26596201
762900,707900,0,0.18949715,0.18726103
763000,708000,0,0.2476641,0.24272163
763100,708100,0,0.26651578,0.26037979
763200,708200,0,0.25584715,0.25040715
763300,708300,0,0.14265564,0.14169574
763400,708400,0,0.17428051,0.17253717
763500,708500,0,0.2473972,0.24247043
763600,708600,0,0.24883053,0.24381903
763700,708700,0,0.24210322,0.23748134
763800,708800,0,0.2411392,0.23657148
763900,708900,0,0.12696249,0.12628467
764000,709000,0,0.25743446,0.25189434
764100,709100,0,0.17369695,0.17197093
764200,709200,0,0.24553744,0.24071922
764300,709300,0,0.2695682,0.263223
764400,709400,0,0.12035747,0.11977965
764500,709500,0,0.18946922,0.18723409
764600,709600,0,0.23717936,0.23282977
764700,709700,0,0.11701588,0.1164847
764800,709800,0,0.27188233,0.26537547
764900,709900,0,0.11767326,0.11713311
765000,710000,0,0.23497139,0.23074043
765100,710100,0,0.23352915,0.22937452
765200,710200,0,0.24082794,0.23627762
765300,710300,0,0.19165282,0.18934027
765400,710400,0,0.23634832,0.23204364
765500,710500,0,0.1798869,0.17797135
765600,710600,0,0.17435336,0.17260785
765700,710700,0,0.22869959,0.22479402
765800,710800,0,0.1814406,0.17947543
765900,710900,0,0.11138266,0.11092432
766000,711000,0,0.23403041,0.22984936
766100,711100,0,0.11447797,0.1139805
766200,711200,0,0.24128204,0.23670632
766300,711300,0,0.22244262,0.21884494
766400,711400,0,0.10176752,0.10141765
766500,711500,0,0.18680607,0.18466302
766600,711600,0,0.1785922,0.17671737
766700,711700,0,0.096813834,0.096512488
766800,711800,0,0.17628215,0.17447855
766900,711900,0,0.22346749,0.2198205
767000,712000,0,0.17989842,0.17798251
767100,712100,0,0.101947,0.10159528
767200,712200,0,0.098451837,0.098134975
767300,712300,0,0.21944089,0.2159851
767400,712400,0,0.2247716,0.22106124
767500,712500,0,0.18256408,0.1805625
767600,712600,0,0.18020242,0.17827686
767700,712700,0,0.22200287,0.21842621
767800,712800,0,0.24271288,0.23805654
767900,712900,0,0.17567709,0.17389185
768000,713000,0,0.17508797,0.17332049
768100,713100,0,0.17448718,0.17273769
768200,713200,0,0.10459362,0.10421387
768300,713300,0,0.17451942,0.17276896
768400,713400,0,0.10079678,0.1004568
768500,713500,0,0.22254072,0.21893834
768600,713600,0,0.17456364,0.17281186
768700,713700,0,0.10052734,0.10019007
768800,713800,0,0.17360388,0.17188061
768900,713900,0,0.22396907,0.22029779
769000,714000,0,0.22121345,0.21767432
769100,714100,0,0.17368957,0.17196377
769200,714200,0,0.22726288,0.22342947
769300,714300,0,0.1736737,0.17194837
769400,714400,0,0.24024792,0.2357299
769500,714500,0,0.22249826,0.21889791
769600,714600,0,0.22315288,0.21952107
769700,714700,0,0.22677569,0.22296654
769800,714800,0,0.17378008,0.1720516
769900,714900,0,0.10217493,0.10182085
770000,715000,0,0.18140744,0.17944333
770100,715100,0,0.18779111,0.18561429
770200,715200,0,0.10285318,0.10249202
770300,715300,0,0.22147106,0.21791971
770400,715400,0,0.22500189,0.22128027
770500,715500,0,0.22255188,0.21894896
770600,715600,0,0.17948406,0.17758124
770700,715700,0,0.098795098,0.098474919
770800,715800,0,0.17322825,0.17151605
770900,715900,0,0.22346302,0.21981625
771000,716000,0,0.22009933,0.21661273
771100,716100,0,0.17615652,0.17435675
771200,716200,0,0.096070123,0.095775651
771300,716300,0,0.17327132,0.17155785
771400,716400,0,0.2307021,0.22669447
771500,716500,0,0.17513527,0.17336636
771600,716600,0,0.17448807,0.17273855
771700,716700,0,0.096915213,0.096612921
771800,716800,0,0.24098026,0.23642143
771900,716900,0,0.18916642,0.18694188
772000,717000,0,0.094319189,0.094040489
772100,717100,0,0.22416581,0.22048498
772200,717200,0,0.22945822,0.22551419
772300,717300,0,0.21843014,0.21502129
772400,717400,0,0.18834733,0.18615129
772500,717500,0,0.095759302,0.095467673
772600,717600,0,0.23648082,0.23216899
772700,717700,0,0.1003607,0.1000251
772800,717800,0,0.17674717,0.17492938
772900,717900,0,0.19115257,0.18885791
773000,718000,0,0.093434903,0.093163951
773100,718100,0,0.17392733,0.17219449
773200,718200,0,0.23086916,0.22685295
773300,718300,0,0.22270925,0.21909879
773400,718400,0,0.17364818,0.1719236
773500,718500,0,0.091538906,0.09128408
773600,718600,0,0.22442934,0.22073569
773700,718700,0,0.23160515,0.22755094
773800,718800,0,0.24382706,0.23910729
773900,718900,0,0.21778916,0.21440986
774000,719000,0,0.22276594,0.21915275
774100,719100,0,0.17798642,0.17613045
774200,719200,0,0.1057563,0.10536378
774300,719300,0,0.22321782,0.21958288
774400,719400,0,0.10778798,0.10737248
774500,719500,0,0.22640392,0.22261323
774600,719600,0,0.17475331,0.17299586
774700,719700,0,0.21957489,0.21611284
774800,719800,0,0.17449097,0.17274136
774900,719900,0,0.21737483,0.21401454
775000,720000,0,0.17573042,0.17394357
775100,720100,0,0.17493831,0.17317531
775200,720200,0,0.222508,0.21890719
775300,720300,0,0.17603841,0.17424222
775400,720400,0,0.21741287,0.21405084
775500,720500,0,0.088456222,0.088226233
775600,720600,0,0.089255838,0.089019569
775700,720700,0,0.21886182,0.21543298
775800,720800,0,0.219167,0.21572397
775900,720900,0,0.22359472,0.21994158
776000,721000,0,0.17376748,0.17203937
776100,721100,0,0.17364602,0.1719215
776200,721200,0,0.22441338,0.22072049
776300,721300,0,0.21845488,0.21504488
776400,721400,0,0.096111437,0.095816586
776500,721500,0,0.1779909,0.17613479
776600,721600,0,0.091513493,0.09125888
776700,721700,0,0.21929146,0.21584264
776800,721800,0,0.17460454,0.17285154
776900,721900,0,0.088359285,0.08813005
777000,722000,0,0.18280226,0.1807929
777100,722100,0,0.17663193,0.17481766
777200,722200,0,0.086181283,0.085968552
777300,722300,0,0.17757574,0.17573248
777400,722400,0,0.21305094,0.2098849
777500,722500,0,0.18212943,0.18014198
777600,722600,0,0.08987672,0.089635497
777700,722700,0,0.22224466,0.21865645
777800,722800,0,0.17698984,0.17516461
777900,722900,0,0.23347584,0.22932401
778000,723000,0,0.086248146,0.086034921
778100,723100,0,0.22193005,0.21835686
778200,723200,0,0.21610675,0.21280421
778300,723300,0,0.17424365,0.17250141
778400,723400,0,0.08622899,0.086015907
778500,723500,0,0.17877238,0.17689192
778600,723600,0,0.18315725,0.18113627
778700,723700,0,0.085486912,0.085279272
778800,723800,0,0.18125951,0.17930016
778900,723900,0,0.21386426,0.21066226
779000,724000,0,0.1759119,0.17411955
779100,724100,0,0.17533843,0.17356341
779200,724200,0,0.088274417,0.08804584
779300,724300,0,0.1743963,0.17264952
779400,724400,0,0.21872773,0.2153051
779500,724500,0,0.1737872,0.17205851
779600,724600,0,0.089521488,0.089283107
779700,724700,0,0.084855831,0.084652747
779800,724800,0,0.17315286,0.17144288
779900,724900,0,0.21594721,0.21265189
780000,725000,0,0.17569182,0.17390614
780100,725100,0,0.087858417,0.08763305
780200,725200,0,0.21798088,0.21459276
780300,725300,0,0.21667397,0.21334568
780400,725400,0,0.22618677,0.22240684
780500,725500,0,0.17405322,0.17231664
780600,725600,0,0.17449335,0.17274367
780700,725700,0,0.23390332,0.22972897
780800,725800,0,0.17528799,0.17351449
780900,725900,0,0.2159712,0.2126748
781000,726000,0,0.090204403,0.089960537
781100,726100,0,0.22300363,0.21937901
781200,726200,0,0.21472096,0.21148079
781300,726300,0,0.17600368,0.17420854
781400,726400,0,0.086661885,0.086445583
781500,726500,0,0.23275258,0.22863867
781600,726600,0,0.088143855,0.087916289
781700,726700,0,0.086209456,0.085996518
781800,726800,0,0.17410983,0.17237157
781900,726900,0,0.22078787,0.21726887
782000,727000,0,0.18053462,0.17859849
782100,727100,0,0.21970453,0.21623643
782200,727200,0,0.21908505,0.21564583
782300,727300,0,0.083156347,0.082965201
782400,727400,0,0.17886783,0.17698438
782500,727500,0,0.21340563,0.21022394
782600,727600,0,0.212997,0.20983334
782700,727700,0,0.083731042,0.083535913
782800,727800,0,0.17612284,0.17432409
782900,727900,0,0.21920703,0.21576214
783000,728000,0,0.17580962,0.17402037
783100,728100,0,0.22709597,0.22327089
783200,728200,0,0.084931673,0.084728045
783300,728300,0,0.17509215,0.17332454
783400,728400,0,0.21406414,0.21085326
783500,728500,0,0.22733878,0.22350157
783600,728600,0,0.2211759,0.21763855
783700,728700,0,0.21870311,0.21528162
783800,728800,0,0.087632157,0.087408523
783900,728900,0,0.18463833,0.18256836
784000,729000,0,0.21419551,0.21097879
784100,729100,0,0.22321026,0.21957569
784200,729200,0,0.10825756,0.10783662
784300,729300,0,0.086679142,0.086462711
784400,729400,0,0.17543245,0.1736546
784500,729500,0,0.2125737,0.20942864
784600,729600,0,0.085726219,0.085516835
784700,729700,0,0.090939619,0.090689755
784800,729800,0,0.21298593,0.20982276
784900,729900,0,0.17292699,0.17122364
785000,730000,0,0.21207487,0.20895164
785100,730100,0,0.21888594,0.21545598
785200,730200,0,0.085352582,0.085145918
785300,730300,0,0.21442267,0.21119583
785400,730400,0,0.1837155,0.18167614
785500,730500,0,0.091128461,0.090877041
785600,730600,0,0.17464846,0.17289414
785700,730700,0,0.21483981,0.21159433
785800,730800,0,0.085931097,0.08572021
785900,730900,0,0.1745104,0.17276021
786000,731000,0,0.21294919,0.20978763
786100,731100,0,0.17359118,0.17186829
786200,731200,0,0.1066261,0.10622385
786300,731300,0,0.088227349,0.087999137
786400,731400,0,0.21507668,0.21182058
786500,731500,0,0.086180822,0.085968095
786600,731600,0,0.21638881,0.21307349
786700,731700,0,0.2130375,0.20987205
786800,731800,0,0.085906212,0.085695508
786900,731900,0,0.17850614,0.176634
787000,732000,0,0.22389192,0.22022438
787100,732100,0,0.21947635,0.2160189
787200,732200,0,0.22530952,0.22157281
787300,732300,0,0.21316553,0.20999444
787400,732400,0,0.17294242,0.17123862
787500,732500,0,0.096512938,0.096214385
787600,732600,0,0.22424751,0.2205627
787700,732700,0,0.10200382,0.10165151
787800,732800,0,0.17405988,0.1723231
787900,732900,0,0.17467039,0.17291542
788000,733000,0,0.18415231,0.1820985
788100,733100,0,0.17411725,0.17237877
788200,733200,0,0.21265558,0.20950693
788300,733300,0,0.21304699,0.20988112
788400,733400,0,0.18347595,0.18144449
788500,733500,0,0.22472453,0.22101647
788600,733600,0,0.21957998,0.2161177
788700,733700,0,0.21173627,0.2086278
788800,733800,0,0.086418189,0.086203703
788900,733900,0,0.17754755,0.17570516
789000,734000,0,0.086603572,0.086387705
789100,734100,0,0.23510618,0.23086803
789200,734200,0,0.21535596,0.21208731
789300,734300,0,0.17427781,0.17253455
789400,734400,0,0.21666731,0.21333933
789500,734500,0,0.22736888,0.22353017
789600,734600,0,0.086244142,0.086030947
789700,734700,0,0.21819241,0.21479454
789800,734800,0,0.2205478,0.21704012
789900,734900,0,0.21972948,0.21626021
790000,735000,0,0.093578501,0.093306301
790100,735100,0,0.22271056,0.21910003
790200,735200,0,0.22053869,0.21703144
790300,735300,0,0.21621355,0.21290618
790400,735400,0,0.17294664,0.17124272
790500,735500,0,0.21191489,0.20879864
790600,735600,0,0.21547905,0.21220486
790700,735700,0,0.086288527,0.086075003
790800,735800,0,0.2182283,0.21482877
790900,735900,0,0.18552649,0.18342679
791000,736000,0,0.21832883,0.21492466
791100,736100,0,0.17347132,0.17175196
791200,736200,0,0.21341722,0.21023502
791300,736300,0,0.21203698,0.2089154
791400,736400,0,0.17970849,0.17779859
791500,736500,0,0.22376826,0.22010672
791600,736600,0,0.22699463,0.2231746
791700,736700,0,0.21553805,0.2122612
791800,736800,0,0.22192792,0.21835483
791900,736900,0,0.17423721,0.17249516
792000,737000,0,0.21366414,0.21047101
792100,737100,0,0.17480452,0.17304554
792200,737200,0,0.21186433,0.20875028
792300,737300,0,0.2165374,0.21321532
792400,737400,0,0.17521698,0.17344562
792500,737500,0,0.1833875,0.18135896
792600,737600,0,0.21944418,0.21598823
792700,737700,0,0.22866117,0.22475754
792800,737800,0,0.21627355,0.21296346
792900,737900,0,0.17638225,0.1745756
793000,738000,0,0.21186088,0.20874698
793100,738100,0,0.17424772,0.17250536
793200,738200,0,0.21547561,0.21220158
793300,738300,0,0.17372851,0.17200156
793400,738400,0,0.17455023,0.17279885
793500,738500,0,0.21795314,0.21456629
793600,738600,0,0.17374069,0.17201337
793700,738700,0,0.21229101,0.20915833
793800,738800,0,0.17486375,0.173103
793900,738900,0,0.17359249,0.17186956
794000,739000,0,0.22218468,0.21859933
794100,739100,0,0.22278067,0.21916677
794200,739200,0,0.22104695,0.21751571
794300,739300,0,0.17838545,0.17651707
794400,739400,0,0.17271519,0.17101805
794500,739500,0,0.17273971,0.17104184
794600,739600,0,0.089245878,0.089009688
794700,739700,0,0.21271027,0.20955921
794800,739800,0,0.17667881,0.17486311
794900,739900,0,0.17773881,0.17589051
795000,740000,0,0.17880082,0.17691947
795100,740100,0,0.094785503,0.094502659
795200,740200,0,0.21559791,0.21231837
795300,740300,0,0.17598395,0.17418941
795400,740400,0,0.19668209,0.19418459
795500,740500,0,0.2150325,0.21177838
795600,740600,0,0.21536595,0.21209685
795700,740700,0,0.093948373,0.09367294
795800,740800,0,0.0960501,0.095755812
795900,740900,0,0.18352463,0.18149157
796000,741000,0,0.17948331,0.17758052
796100,741100,0,0.094743948,0.094461475
796200,741200,0,0.093737375,0.09346379
796300,741300,0,0.22132676,0.21778226
796400,741400,0,0.18180745,0.17983044
796500,741500,0,0.21894971,0.21551678
796600,741600,0,0.22000127,0.21651927
796700,741700,0,0.092897425,0.092631112
796800,741800,0,0.1734418,0.17172331
796900,741900,0,0.17710879,0.17527991
797000,742000,0,0.17440992,0.17266273
797100,742100,0,0.23447653,0.23027186
797200,742200,0,0.17335381,0.17163791
797300,742300,0,0.17438932,0.17264275
797400,742400,0,0.17381117,0.17208176
797500,742500,0,0.09060969,0.09036253
797600,742600,0,0.23366938,0.22950736
797700,742700,0,0.091384127,0.091130589
797800,742800,0,0.22538618,0.2216457
797900,742900,0,0.17333769,0.17162227
798000,743000,0,0.23714409,0.23279641
798100,743100,0,0.21601944,0.21272085
798200,743200,0,0.21565513,0.21237301
798300,743300,0,0.21893801,0.21550563
798400,743400,0,0.17582014,0.17403057
798500,743500,0,0.23138078,0.22733818
798600,743600,0,0.17447385,0.17272475
798700,743700,0,0.23964204,0.23515761
798800,743800,0,0.17680893,0.17498925
798900,743900,0,0.17428975,0.17254614
799000,744000,0,0.1790998,0.17720907
799100,744100,0,0.17399381,0.172259
799200,744200,0,0.22673703,0.22292981
799300,744300,0,0.21946023,0.21600354
799400,744400,0,0.19282968,0.19047469
799500,744500,0,0.18383611,0.18179277
799600,744600,0,0.21928338,0.21583493
799700,744700,0,0.22075708,0.21723953
799800,744800,0,0.088743949,0.088511713
799900,744900,0,0.18457281,0.18250503
800000,745000,0,0.090797462,0.090548765
800100,745100,0,0.22465862,0.22095378
800200,745200,0,0.21475434,0.21151268
800300,745300,0,0.18093797,0.17898894
800400,745400,0,0.18434577,0.18228554
800500,745500,0,0.21650587,0.21318523
800600,745600,0,0.21536923,0.21209998
800700,745700,0,0.092799808,0.092534331
800800,745800,0,0.17788645,0.17603357
800900,745900,0,0.18408676,0.18203512
801000,746000,0,0.17911828,0.17722698
801100,746100,0,0.093984769,0.093709016
801200,746200,0,0.093737494,0.093463907
801300,746300,0,0.098295774,0.097980413
801400,746400,0,0.17264203,0.17094702
801500,746500,0,0.18523612,0.18314616
801600,746600,0,0.21392222,0.21071764
801700,746700,0,0.21234613,0.20921104
801800,746800,0,0.21979868,0.21632617
801900,746900,0,0.17281934,0.17111915
802000,747000,0,0.18158357,0.17961379
802100,747100,0,0.091494183,0.09123973
802200,747200,0,0.23342336,0.22927429
802300,747300,0,0.17330653,0.17159203
802400,747400,0,0.17404186,0.17230561
802500,747500,0,0.092388493,0.092126522
802600,747600,0,0.22286134,0.21924357
802700,747700,0,0.17411728,0.17237879
802800,747800,0,0.17737723,0.17554009
802900,747900,0,0.18313404,0.18111382
803000,748000,0,0.089216759,0.0889808
803100,748100,0,0.087958339,0.087732204
803200,748200,0,0.2151432,0.21188411
803300,748300,0,0.086383038,0.086168813
803400,748400,0,0.18125936,0.17930001
803500,748500,0,0.21590344,0.2126101
803600,748600,0,0.22467207,0.22096657
803700,748700,0,0.2241936,0.22051142
803800,748800,0,0.18035715,0.17842667
803900,748900,0,0.17779002,0.17594013
804000,749000,0,0.17724154,0.17540858
804100,749100,0,0.088007511,0.087780997
804200,749200,0,0.21308259,0.20991516
804300,749300,0,0.21171687,0.20860924
804400,749400,0,0.18130965,0.17934869
804500,749500,0,0.22939704,0.22545612
804600,749600,0,0.19164127,0.18932913
804700,749700,0,0.21348337,0.21029825
804800,749800,0,0.21838401,0.21497729
804900,749900,0,0.17412229,0.17238365
805000,750000,0,0.18711726,0.18496358
805100,750100,0,0.17613738,0.17433819
805200,750200,0,0.21859129,0.21517498
805300,750300,0,0.21548254,0.21220819
805400,750400,0,0.1739254,0.17219261
805500,750500,0,0.18767471,0.1855019
805600,750600,0,0.10171292,0.10136361
805700,750700,0,0.22249482,0.21889464
805800,750800,0,0.17455989,0.17280822
805900,750900,0,0.1756045,0.17382145
806000,751000,0,0.19401745,0.1916191
806100,751100,0,0.22101814,0.21748826
806200,751200,0,0.08603822,0.085826545
806300,751300,0,0.17514441,0.17337523
806400,751400,0,0.17327062,0.17155718
806500,751500,0,0.18620574,0.1840831
806600,751600,0,0.089116863,0.088881693
806700,751700,0,0.085440364,0.085233063
806800,751800,0,0.21464991,0.21141292
806900,751900,0,0.1750013,0.17323641
807000,752000,0,0.18771633,0.18554209
807100,752100,0,0.17491282,0.17315059
807200,752200,0,0.21649778,0.2131775
807300,752300,0,0.22241552,0.21881913
807400,752400,0,0.1734348,0.17171652
807500,752500,0,0.18587126,0.18375993
807600,752600,0,0.17961714,0.17771013
807700,752700,0,0.21914995,0.21570771
807800,752800,0,0.21363998,0.21044793
807900,752900,0,0.17424916,0.17250676
808000,753000,0,0.2174446,0.21408112
808100,753100,0,0.17340781,0.17169032
808200,753200,0,0.22513794,0.22140965
808300,753300,0,0.21515434,0.21189475
808400,753400,0,0.17422258,0.17248097
808500,753500,0,0.21660142,0.21327643
808600,753600,0,0.17500411,0.17323915
808700,753700,0,0.22106081,0.2175289
808800,753800,0,0.17540006,0.17362319
808900,753900,0,0.17636591,0.17455977
809000,754000,0,0.17474959,0.17299225
809100,754100,0,0.17477859,0.17302038
809200,754200,0,0.21106957,0.20799003
809300,754300,0,0.21261028,0.20946362
809400,754400,0,0.17434667,0.17260136
809500,754500,0,0.2310475,0.2270221
809600,754600,0,0.21902026,0.21558406
809700,754700,0,0.08459061,0.084389421
809800,754800,0,0.21572521,0.21243992
809900,754900,0,0.17499797,0.17323319
810000,755000,0,0.083937103,0.083740532
810100,755100,0,0.18290004,0.18088748
810200,755200,0,0.22049344,0.21698832
810300,755300,0,0.22163804,0.21807875
810400,755400,0,0.1731909,0.1714798
810500,755500,0,0.085787268,0.085577436
810600,755600,0,0.17489717,0.17313541
810700,755700,0,0.21114089,0.20805826
810800,755800,0,0.17962516,0.17771789
810900,755900,0,0.17711374,0.17528471
811000,756000,0,0.21565991,0.21237757
811100,756100,0,0.17590138,0.17410935
811200,756200,0,0.086636385,0.086420273
811300,756300,0,0.21235354,0.20921812
811400,756400,0,0.18152768,0.1795597
811500,756500,0,0.22026974,0.21677514
811600,756600,0,0.21545757,0.21218435
811700,756700,0,0.083527238,0.083333527
811800,756800,0,0.21620309,0.21289619
811900,756900,0,0.17857775,0.17670338
812000,757000,0,0.22902744,0.22510527
812100,757100,0,0.21521936,0.21195685
812200,757200,0,0.22210145,0.21852008
812300,757300,0,0.08190582,0.081723153
812400,757400,0,0.17361723,0.17189357
812500,757500,0,0.21743752,0.21407436
812600,757600,0,0.17342701,0.17170896
812700,757700,0,0.082963597,0.082773775
812800,757800,0,0.17376081,0.1720329
812900,757900,0,0.17396472,0.17223076
813000,758000,0,0.21177879,0.20866847
813100,758100,0,0.17586062,0.17406982
813200,758200,0,0.2179807,0.21459259
813300,758300,0,0.24128445,0.2367086
813400,758400,0,0.17652854,0.17471744
813500,758500,0,0.082710659,0.082522564
813600,758600,0,0.21062877,0.20756825
813700,758700,0,0.2102864,0.20724062
813800,758800,0,0.081677306,0.081496162
813900,758900,0,0.17336811,0.1716518
814000,759000,0,0.18165751,0.17968534
814100,759100,0,0.17685323,0.17503219
814200,759200,0,0.21875047,0.21532679
814300,759300,0,0.21187603,0.20876147
814400,759400,0,0.17347081,0.17175147
814500,759500,0,0.17780942,0.17595893
814600,759600,0,0.17418097,0.1724406
814700,759700,0,0.21566202,0.21237958
814800,759800,0,0.17363242,0.1719083
814900,759900,0,0.17367532,0.17194994
815000,760000,0,0.21248021,0.20933925
815100,760100,0,0.17502811,0.17326243
815200,760200,0,0.081517501,0.081337416
815300,760300,0,0.22295369,0.21933148
815400,760400,0,0.17426726,0.17252432
815500,760500,0,0.17860275,0.1767276
815600,760600,0,0.17410388,0.17236579
815700,760700,0,0.21264995,0.20950154
815800,760800,0,0.17746753,0.17562761
815900,760900,0,0.20399921,0.20121568
816000,761000,0,0.21542141,0.21214982
816100,761100,0,0.21353852,0.21035096
816200,761200,0,0.17409078,0.17235308
816300,761300,0,0.21899571,0.21556065
816400,761400,0,0.1776948,0.17584786
816500,761500,0,0.18010308,0.17818067
816600,761600,0,0.17342567,0.17170766
816700,761700,0,0.21115078,0.20806772
816800,761800,0,0.2193564,0.21590454
816900,761900,0,0.1769616,0.17513724
817000,762000,0,0.19767402,0.19513893
817100,762100,0,0.21603409,0.21273485
817200,762200,0,0.083431742,0.083238694
817300,762300,0,0.22434762,0.22065794
817400,762400,0,0.17702133,0.17519514
817500,762500,0,0.17775218,0.17590347
817600,762600,0,0.17514554,0.17337633
817700,762700,0,0.22348466,0.21983684
817800,762800,0,0.17376847,0.17204034
817900,762900,0,0.17658837,0.17477543
818000,763000,0,0.21320401,0.21003123
818100,763100,0,0.17551598,0.17373561
818200,763200,0,0.22492826,0.22121024
818300,763300,0,0.17530796,0.17353386
818400,763400,0,0.17468247,0.17292714
818500,763500,0,0.17951471,0.17761093
818600,763600,0,0.17369711,0.17197108
818700,763700,0,0.082262863,0.082077801
818800,763800,0,0.17536485,0.17358903
818900,763900,0,0.17303317,0.17132671
819000,764000,0,0.17792347,0.17606945
819100,764100,0,0.083719657,0.083524607
819200,764200,0,0.21265598,0.20950731
819300,764300,0,0.2127898,0.20963525
819400,764400,0,0.17409911,0.17236117
819500,764500,0,0.19505832,0.19262156
819600,764600,0,0.18166489,0.17969248
819700,764700,0,0.22188298,0.21831203
819800,764800,0,0.21421562,0.210998
819900,764900,0,0.17291179,0.17120889
820000,765000,0,0.17469585,0.17294012
820100,765100,0,0.17451654,0.17276617
820200,765200,0,0.085660479,0.085451575
820300,765300,0,0.17330587,0.17159139
820400,765400,0,0.17569666,0.17391083
820500,765500,0,0.18419009,0.18213503
820600,765600,0,0.17569422,0.17390846
820700,765700,0,0.21854363,0.21512953
820800,765800,0,0.17485295,0.17309252
820900,765900,0,0.17761588,0.17577138
821000,766000,0,0.17397742,0.17224309
821100,766100,0,0.17401782,0.17228229
821200,766200,0,0.21985526,0.21638011
821300,766300,0,0.17446077,0.17271206
821400,766400,0,0.17533188,0.17355705
821500,766500,0,0.21490497,0.21165657
821600,766600,0,0.17678963,0.17497054
821700,766700,0,0.086281897,0.086068422
821800,766800,0,0.10606352,0.10566758
821900,766900,0,0.21675355,0.21342164
822000,767000,0,0.21682645,0.21349122
822100,767100,0,0.21376314,0.21056563
822200,767200,0,0.084086392,0.083888772
822300,767300,0,0.24293465,0.23826573
822400,767400,0,0.17387778,0.17214641
822500,767500,0,0.22397492,0.22030336
822600,767600,0,0.17362817,0.17190419
822700,767700,0,0.21576664,0.21247949
822800,767800,0,0.1745805,0.17282822
822900,767900,0,0.17335507,0.17163914
823000,768000,0,0.17844307,0.17657289
823100,768100,0,0.083471861,0.083278535
823200,768200,0,0.2133204,0.21014247
823300,768300,0,0.17673468,0.17491727
823400,768400,0,0.20569284,0.20284019
823500,768500,0,0.17436357,0.17261775
823600,768600,0,0.21530835,0.21204184
823700,768700,0,0.17340137,0.17168408
823800,768800,0,0.21573399,0.21244831
823900,768900,0,0.18379185,0.18174998
824000,769000,0,0.083751178,0.083555908
824100,769100,0,0.22128646,0.21774387
824200,769200,0,0.17755093,0.17570844
824300,769300,0,0.18368786,0.18164942
824400,769400,0,0.17977438,0.1778624
824500,769500,0,0.21972188,0.21625297
824600,769600,0,0.083265627,0.083073728
824700,769700,0,0.21256794,0.20942313
824800,769800,0,0.17962934,0.17772194
824900,769900,0,0.17679782,0.17497848
825000,770000,0,0.216223,0.2129152
825100,770100,0,0.21755962,0.21419086
825200,770200,0,0.17419496,0.17245417
825300,770300,0,0.1732783,0.17156463
825400,770400,0,0.17552785,0.17374712
825500,770500,0,0.083785781,0.08359027
825600,770600,0,0.083092132,0.082901427
825700,770700,0,0.17417138,0.17243129
825800,770800,0,0.18265893,0.18065425
825900,770900,0,0.18716314,0.18500789
826000,771000,0,0.17595724,0.17416352
826100,771100,0,0.17363255,0.17190843
826200,771200,0,0.21632726,0.21301473
826300,771300,0,0.17702504,0.17519874
826400,771400,0,0.17704988,0.17522281
826500,771500,0,0.17887644,0.17699272
826600,771600,0,0.22020421,0.21671269
826700,771700,0,0.17551976,0.17373927
826800,771800,0,0.17965472,0.17774652
826900,771900,0,0.19231724,0.18998079
827000,772000,0,0.083227946,0.083036307
827100,772100,0,0.22554236,0.22179421
827200,772200,0,0.12148967,0.12089546
827300,772300,0,0.21138742,0.20829411
827400,772400,0,0.17712458,0.17529521
827500,772500,0,0.18001853,0.17809881
827600,772600,0,0.17424972,0.1725073
827700,772700,0,0.084072814,0.08387529
827800,772800,0,0.1795511,0.17764617
827900,772900,0,0.1778195,0.1759687
828000,773000,0,0.21806475,0.21467277
828100,773100,0,0.21609767,0.21279554
828200,773200,0,0.22174627,0.21818184
828300,773300,0,0.17513311,0.17336427
828400,773400,0,0.1833371,0.18131021
828500,773500,0,0.17579735,0.17400847
828600,773600,0,0.22260396,0.21899855
828700,773700,0,0.2151716,0.21191124
828800,773800,0,0.17811066,0.17625083
828900,773900,0,0.17602908,0.17423318
829000,774000,0,0.18068932,0.17874825
829100,774100,0,0.22212159,0.21853926
829200,774200,0,0.1752957,0.17352197
829300,774300,0,0.081840683,0.081658451
829400,774400,0,0.17316639,0.17145601
829500,774500,0,0.18769262,0.1855192
829600,774600,0,0.21136294,0.20827069
829700,774700,0,0.21652537,0.21320384
829800,774800,0,0.22824276,0.22436023
829900,774900,0,0.173364,0.17164781
830000,775000,0,0.18001465,0.17809506
830100,775100,0,0.23005087,0.22607662
830200,775200,0,0.17347023,0.1717509
830300,775300,0,0.18715619,0.18500118
830400,775400,0,0.18215895,0.18017054
830500,775500,0,0.2173227,0.21396479
830600,775600,0,0.22101469,0.21748497
830700,775700,0,0.22161638,0.21805812
830800,775800,0,0.1750675,0.17330063
830900,775900,0,0.17843339,0.17656351
831000,776000,0,0.17744843,0.1756091
831100,776100,0,0.21875424,0.21533038
831200,776200,0,0.17370354,0.17197732
831300,776300,0,0.084114316,0.0839165
831400,776400,0,0.18300944,0.1809933
831500,776500,0,0.084096955,0.083899262
831600,776600,0,0.21216208,0.20903504
831700,776700,0,0.17340571,0.17168829
831800,776800,0,0.18362453,0.18158817
831900,776900,0,0.18948356,0.18724792
832000,777000,0,0.21738604,0.21402524
832100,777100,0,0.21543754,0.21216522
832200,777200,0,0.17593516,0.17414211
832300,777300,0,0.081881713,0.081699208
832400,777400,0,0.18646449,0.18433306
832500,777500,0,0.21117426,0.20809019
832600,777600,0,0.082823525,0.082634661
832700,777700,0,0.17349939,0.1717792
832800,777800,0,0.17986554,0.17795067
832900,777900,0,0.17640702,0.17459962
833000,778000,0,0.082489649,0.082303056
833100,778100,0,0.21491355,0.21166476
833200,778200,0,0.21350878,0.21032253
833300,778300,0,0.21103128,0.20795339
833400,778400,0,0.17287581,0.17117396
833500,778500,0,0.17318434,0.17147343
833600,778600,0,0.17403048,0.17229457
833700,778700,0,0.085524122,0.085316212
833800,778800,0,0.21202898,0.20890775
833900,778900,0,0.17333902,0.17162357
834000,779000,0,0.21702973,0.21368523
834100,779100,0,0.21318927,0.21001714
834200,779200,0,0.081682814,0.081501633
834300,779300,0,0.21299566,0.20983205
834400,779400,0,0.18797237,0.1857893
834500,779500,0,0.082921666,0.082732131
834600,779600,0,0.21808953,0.21469641
834700,779700,0,0.081688328,0.08150711
834800,779800,0,0.21135502,0.20826312
834900,779900,0,0.17721675,0.17538455
835000,780000,0,0.21062656,0.20756615
835100,780100,0,0.21318796,0.21001588
835200,780200,0,0.21078612,0.20771882
835300,780300,0,0.2109082,0.20783563
835400,780400,0,0.17962158,0.17771443
835500,780500,0,0.21253994,0.20939636
835600,780600,0,0.17457596,0.17282381
835700,780700,0,0.082457575,0.082271199
835800,780800,0,0.1783066,0.17644068
835900,780900,0,0.18375565,0.18171497
836000,781000,0,0.22360599,0.21995231
836100,781100,0,0.08238885,0.082202938
836200,781200,0,0.21108043,0.20800042
836300,781300,0,0.22060334,0.21709304
836400,781400,0,0.17378288,0.17205431
836500,781500,0,0.22011195,0.21662476
836600,781600,0,0.21866089,0.21524136
836700,781700,0,0.21829843,0.21489566
836800,781800,0,0.22229418,0.2187036
836900,781900,0,0.18161811,0.17964721
837000,782000,0,0.21298964,0.2098263
837100,782100,0,0.21680441,0.21347018
837200,782200,0,0.22378191,0.22011971
837300,782300,0,0.082018891,0.081835468
837400,782400,0,0.17777914,0.17592959
837500,782500,0,0.082292324,0.082107064
837600,782600,0,0.17996426,0.17804626
837700,782700,0,0.082351892,0.08216623
837800,782800,0,0.21081709,0.20774846
837900,782900,0,0.18733985,0.18517855
838000,783000,0,0.081684,0.081502811
838100,783100,0,0.17412961,0.17239076
838200,783200,0,0.17591472,0.17412229
838300,783300,0,0.084410022,0.084210117
838400,783400,0,0.21528766,0.21202209
838500,783500,0,0.17531919,0.17354476
838600,783600,0,0.084006839,0.083809779
838700,783700,0,0.081306893,0.081128197
838800,783800,0,0.18061062,0.17867206
838900,783900,0,0.22012802,0.21664008
839000,784000,0,0.17444228,0.17269412
839100,784100,0,0.17359573,0.1718727
839200,784200,0,0.21870045,0.21527909
839300,784300,0,0.17335511,0.17163918
839400,784400,0,0.21522248,0.21195983
839500,784500,0,0.082694945,0.082506957
839600,784600,0,0.22047445,0.21697022
839700,784700,0,0.21805942,0.21466768
839800,784800,0,0.082691424,0.082503461
839900,784900,0,0.19232366,0.18998697
840000,785000,0,0.081669061,0.081487971
840100,785100,0,0.21571456,0.21242975
840200,785200,0,0.081323461,0.081144657
840300,785300,0,0.21494068,0.21169068
840400,785400,0,0.18589396,0.18378186
840500,785500,0,0.21055718,0.20749975
840600,785600,0,0.081488069,0.081308178
840700,785700,0,0.21149702,0.20839895
840800,785800,0,0.083106885,0.08291608
840900,785900,0,0.18319755,0.18117524
841000,786000,0,0.2145636,0.21133046
841100,786100,0,0.081397859,0.081218564
841200,786200,0,0.21165331,0.20854845
841300,786300,0,0.082019943,0.081836513
841400,786400,0,0.20023713,0.1976032
841500,786500,0,0.18221382,0.18022363
841600,786600,0,0.22126375,0.21772224
841700,786700,0,0.2151331,0.21187447
841800,786800,0,0.21488443,0.21163694
841900,786900,0,0.18671443,0.1845745
842000,787000,0,0.21184566,0.20873242
842100,787100,0,0.21636702,0.21305269
842200,787200,0,0.21399813,0.21079018
842300,787300,0,0.17636094,0.17455494
842400,787400,0,0.21196649,0.20884799
842500,787500,0,0.17463183,0.17287801
842600,787600,0,0.083994362,0.08379739
842700,787700,0,0.23659697,0.23227888
842800,787800,0,0.17384758,0.1721171
842900,787900,0,0.2432751,0.23858682
843000,788000,0,0.17443031,0.17268251
843100,788100,0,0.24202235,0.23740503
843200,788200,0,0.23414919,0.22996185
843300,788300,0,0.18099007,0.17903938
843400,788400,0,0.23635897,0.23205371
843500,788500,0,0.17674431,0.17492661
843600,788600,0,0.23479937,0.23057756
843700,788700,0,0.22708148,0.22325712
843800,788800,0,0.083629186,0.083434767
843900,788900,0,0.22432191,0.22063348
844000,789000,0,0.082246867,0.082061913
844100,789100,0,0.2220662,0.21848651
844200,789200,0,0.21780698,0.21442686
844300,789300,0,0.22149277,0.21794039
844400,789400,0,0.17398142,0.17224697
844500,789500,0,0.2315729,0.22752036
844600,789600,0,0.081397252,0.081217961
844700,789700,0,0.2243275,0.2206388
844800,789800,0,0.23019151,0.22621007
844900,789900,0,0.17317829,0.17146757
845000,790000,0,0.17585922,0.17406847
845100,790100,0,0.17400876,0.1722735
845200,790200,0,0.21849237,0.21508064
845300,790300,0,0.17415994,0.17242019
845400,790400,0,0.18424942,0.18219239
845500,790500,0,0.17905164,0.17716243
845600,790600,0,0.083654565,0.083459969
845700,790700,0,0.17675675,0.17493867
845800,790800,0,0.084465713,0.084265412
845900,790900,0,0.18662017,0.18448345
846000,791000,0,0.084264505,0.08406563
846100,791100,0,0.17709408,0.17526566
846200,791200,0,0.17439772,0.17265089
846300,791300,0,0.23858365,0.2341575
846400,791400,0,0.20547663,0.20263286
846500,791500,0,0.21988134,0.21640496
846600,791600,0,0.085278513,0.085072386
846700,791700,0,0.1765779,0.17476529
846800,791800,0,0.21787858,0.21449517
846900,791900,0,0.22972705,0.22576933
847000,792000,0,0.087682077,0.087458061
847100,792100,0,0.22670431,0.22289872
847200,792200,0,0.086671819,0.086455442
847300,792300,0,0.22131436,0.21777045
847400,792400,0,0.22170623,0.21814371
847500,792500,0,0.085666298,0.085457351
847600,792600,0,0.17401997,0.17228438
847700,792700,0,0.24496319,0.24017818
847800,792800,0,0.21668706,0.21335818
847900,792900,0,0.191425,0.1891206
848000,793000,0,0.2179781,0.21459011
848100,793100,0,0.17782025,0.17596943
848200,793200,0,0.1744537,0.1727052
848300,793300,0,0.085009719,0.08480553
848400,793400,0,0.18428678,0.18222851
848500,793500,0,0.085559497,0.08535133
848600,793600,0,0.086469745,0.086254876
848700,793700,0,0.17355644,0.17183457
848800,793800,0,0.216374,0.21305935
848900,793900,0,0.20031567,0.19767867
849000,794000,0,0.21971187,0.21624343
849100,794100,0,0.17347266,0.17175326
849200,794200,0,0.17899906,0.1771115
849300,794300,0,0.085073276,0.08486863
849400,794400,0,0.18682199,0.18467839
849500,794500,0,0.085905031,0.085694336
849600,794600,0,0.086020832,0.085809285
849700,794700,0,0.17427403,0.17253088
849800,794800,0,0.08463175,0.084430268
849900,794900,0,0.22599606,0.22222555
850000,795000,0,0.2185906,0.21517432
850100,795100,0,0.17581671,0.17402725
850200,795200,0,0.08611707,0.085904813
850300,795300,0,0.17414135,0.17240215
850400,795400,0,0.215434,0.21216184
850500,795500,0,0.21791955,0.21453425
850600,795600,0,0.084996854,0.084792758
850700,795700,0,0.21948684,0.2160289
850800,795800,0,0.17395879,0.17222501
850900,795900,0,0.23996599,0.23546362
851000,796000,0,0.17918374,0.17729038
851100,796100,0,0.085994172,0.085782821
851200,796200,0,0.22240194,0.2188062
851300,796300,0,0.22157078,0.2180147
851400,796400,0,0.22077184,0.21725359
851500,796500,0,0.18327047,0.18124577
851600,796600,0,0.21843963,0.21503034
851700,796700,0,0.085793184,0.085583309
851800,796800,0,0.21825465,0.21485391
851900,796900,0,0.22452486,0.22082654
852000,797000,0,0.21753748,0.21416973
852100,797100,0,0.17796603,0.17611069
852200,797200,0,0.21612817,0.21282466
852300,797300,0,0.21758106,0.21421132
852400,797400,0,0.21927873,0.2158305
852500,797500,0,0.22162962,0.21807074
852600,797600,0,0.21652327,0.21320184
852700,797700,0,0.22439831,0.22070616
852800,797800,0,0.086359756,0.086145704
852900,797900,0,0.085261913,0.085055906
853000,798000,0,0.21581876,0.21252925
853100,798100,0,0.17438513,0.17263868
853200,798200,0,0.17373402,0.1720069
853300,798300,0,0.18040442,0.17847244
853400,798400,0,0.18580413,0.18369506
853500,798500,0,0.22810804,0.22423229
853600,798600,0,0.24227913,0.23764732
853700,798700,0,0.2241676,0.22048668
853800,798800,0,0.1733148,0.17160006
853900,798900,0,0.17299452,0.17128919
854000,799000,0,0.17290101,0.17119843
854100,799100,0,0.087883833,0.087658271
854200,799200,0,0.23901195,0.23456228
854300,799300,0,0.21867015,0.21525019
854400,799400,0,0.19246988,0.19012791
854500,799500,0,0.17500662,0.17324158
854600,799600,0,0.17536284,0.17358709
854700,799700,0,0.088347213,0.088118072
854800,799800,0,0.17722899,0.17539641
854900,799900,0,0.18280786,0.18079832
855000,800000,0,0.21826316,0.21486203
855100,800100,0,0.1786093,0.17673394
855200,800200,0,0.2137798,0.21058155
855300,800300,0,0.21411394,0.21090085
855400,800400,0,0.18881318,0.18660096
855500,800500,0,0.2202943,0.21679855
855600,800600,0,0.17627788,0.17447442
855700,800700,0,0.21430546,0.21108384
855800,800800,0,0.1751859,0.17341547
855900,800900,0,0.17306433,0.17135695
856000,801000,0,0.17788201,0.17602928
856100,801100,0,0.17560399,0.17382096
856200,801200,0,0.21267565,0.20952612
856300,801300,0,0.083842423,0.083646516
856400,801400,0,0.1748839,0.17312254
856500,801500,0,0.18144184,0.17947662
856600,801600,0,0.21297048,0.20980799
856700,801700,0,0.21712316,0.21377439
856800,801800,0,0.22717382,0.22334485
856900,801900,0,0.17803013,0.1761728
857000,802000,0,0.18195467,0.17997289
857100,802100,0,0.17412662,0.17238786
857200,802200,0,0.082849948,0.082660903
857300,802300,0,0.227897,0.22403185
857400,802400,0,0.18654125,0.18440721
857500,802500,0,0.2161381,0.21283414
857600,802600,0,0.086171751,0.085959091
857700,802700,0,0.22289947,0.21927986
857800,802800,0,0.18013988,0.17821631
857900,802900,0,0.17391213,0.17217973
858000,803000,0,0.21506742,0.21181173
858100,803100,0,0.2150071,0.21175412
858200,803200,0,0.21399534,0.21078752
858300,803300,0,0.18717267,0.1850171
858400,803400,0,0.17309837,0.17138999
858500,803500,0,0.21786682,0.21448395
858600,803600,0,0.22178834,0.2182219
858700,803700,0,0.22947596,0.22553103
858800,803800,0,0.18189675,0.17991684
858900,803900,0,0.17696308,0.17513868
859000,804000,0,0.21936576,0.21591347
859100,804100,0,0.17907344,0.17718355
859200,804200,0,0.084462259,0.084261982
859300,804300,0,0.084054013,0.083856622
859400,804400,0,0.17374325,0.17201586
859500,804500,0,0.17651505,0.17470436
859600,804600,0,0.17882268,0.17694065
859700,804700,0,0.17431489,0.17257053
859800,804800,0,0.084969179,0.084765282
859900,804900,0,0.1755531,0.17377161
860000,805000,0,0.21696661,0.21362499
860100,805100,0,0.17465796,0.17290336
860200,805200,0,0.2167355,0.21340442
860300,805300,0,0.17361494,0.17189134
860400,805400,0,0.17390025,0.17216821
860500,805500,0,0.17518543,0.17341502
860600,805600,0,0.17650658,0.17469614
860700,805700,0,0.085406247,0.085199193
860800,805800,0,0.17398862,0.17225396
860900,805900,0,0.17446742,0.17271852
861000,806000,0,0.17580625,0.1740171
861100,806100,0,0.17650416,0.1746938
861200,806200,0,0.089786076,0.08954558
861300,806300,0,0.17706367,0.17523617
861400,806400,0,0.18332159,0.18129521
861500,806500,0,0.17929906,0.17740208
861600,806600,0,0.086991019,0.086772248
861700,806700,0,0.22296753,0.21934465
861800,806800,0,0.17417815,0.17243786
861900,806900,0,0.17676937,0.1749509
862000,807000,0,0.18708309,0.18493057
862100,807100,0,0.086828425,0.086610876
862200,807200,0,0.17614176,0.17434243
862300,807300,0,0.18016968,0.17824516
862400,807400,0,0.17331595,0.17160117
862500,807500,0,0.18977518,0.1875293
862600,807600,0,0.22997197,0.22600175
862700,807700,0,0.085329111,0.085122617
862800,807800,0,0.21689483,0.21355648
862900,807900,0,0.17778246,0.17593281
863000,808000,0,0.24142172,0.23683817
863100,808100,0,0.24398634,0.23925746
863200,808200,0,0.21776413,0.21438598
863300,808300,0,0.21554684,0.2122696
863400,808400,0,0.17358744,0.17186465
863500,808500,0,0.18236314,0.1803681
863600,808600,0,0.17413947,0.17240033
863700,808700,0,0.21768649,0.2143119
863800,808800,0,0.2147591,0.21151722
863900,808900,0,0.18129274,0.17933232
864000,809000,0,0.22759389,0.22374393
864100,809100,0,0.23094162,0.22692167
864200,809200,0,0.21707807,0.21373135
864300,809300,0,0.082042579,0.081858998
864400,809400,0,0.17552528,0.17374463
864500,809500,0,0.21638156,0.21306657
864600,809600,0,0.17731476,0.17547954
864700,809700,0,0.22444212,0.22074784
864800,809800,0,0.18015389,0.17822987
864900,809900,0,0.17362867,0.17190467
865000,810000,0,0.18253814,0.18053741
865100,810100,0,0.17806993,0.17621137
865200,810200,0,0.21786537,0.21448257
865300,810300,0,0.17810878,0.17624901
865400,810400,0,0.17396748,0.17223344
865500,810500,0,0.17805548,0.17619736
865600,810600,0,0.17446352,0.17271473
865700,810700,0,0.21466732,0.21142955
865800,810800,0,0.21370628,0.21051129
865900,810900,0,0.17537765,0.17360145
866000,811000,0,0.17678544,0.17496648
866100,811100,0,0.17622396,0.17442213
866200,811200,0,0.22153038,0.21797621
866300,811300,0,0.17655788,0.17474588
866400,811400,0,0.17305495,0.17134785
866500,811500,0,0.19556879,0.19311303
866600,811600,0,0.084337252,0.084137862
866700,811700,0,0.22726411,0.22343063
866800,811800,0,0.17980061,0.17788779
866900,811900,0,0.17382044,0.17209076
867000,812000,0,0.18526382,0.18317294
867100,812100,0,0.085197128,0.084991588
867200,812200,0,0.21639509,0.21307948
867300,812300,0,0.21490015,0.21165196
867400,812400,0,0.17563531,0.17385133
867500,812500,0,0.17494433,0.17318115
867600,812600,0,0.17542072,0.17364322
867700,812700,0,0.21415671,0.21094172
867800,812800,0,0.17534619,0.17357094
867900,812900,0,0.17351862,0.17179786
868000,813000,0,0.19379183,0.19140176
868100,813100,0,0.17427245,0.17252936
868200,813200,0,0.17591729,0.17412477
868300,813300,0,0.21329944,0.21012244
868400,813400,0,0.19202167,0.18969587
868500,813500,0,0.21472845,0.21148795
868600,813600,0,0.21344952,0.21026589
868700,813700,0,0.08429322,0.084094142
868800,813800,0,0.21788973,0.2145058
868900,813900,0,0.17483471,0.17307483
869000,814000,0,0.1786991,0.17682093
869100,814100,0,0.17394371,0.17221038
869200,814200,0,0.21936151,0.21590942
869300,814300,0,0.17466769,0.1729128
869400,814400,0,0.17647492,0.17466545
869500,814500,0,0.17771723,0.1758696
869600,814600,0,0.2152897,0.21202403
869700,814700,0,0.21601234,0.21271408
869800,814800,0,0.2211888,0.21765084
869900,814900,0,0.17413701,0.17239794
870000,815000,0,0.18102362,0.17907185
870100,815100,0,0.092037238,0.091778237
870200,815200,0,0.25054776,0.2454335
870300,815300,0,0.18456305,0.18249559
870400,815400,0,0.1821938,0.18020426
870500,815500,0,0.095388441,0.095100179
870600,815600,0,0.17368899,0.17196321
870700,815700,0,0.22014127,0.21665271
870800,815800,0,0.17388669,0.17215505
870900,815900,0,0.1806062,0.17866778
871000,816000,0,0.18196798,0.17998577
871100,816100,0,0.21513589,0.21187713
871200,816200,0,0.22377388,0.22011207
871300,816300,0,0.17543853,0.17366049
871400,816400,0,0.18091715,0.17896878
871500,816500,0,0.17815542,0.1762942
871600,816600,0,0.083747375,0.083552131
871700,816700,0,0.17462887,0.17287515
871800,816800,0,0.17472655,0.1729699
871900,816900,0,0.17320002,0.17148866
872000,817000,0,0.18263523,0.18063133
872100,817100,0,0.22607721,0.22230269
872200,817200,0,0.17410508,0.17236696
872300,817300,0,0.19145956,0.18915393
872400,817400,0,0.19064941,0.18837265
872500,817500,0,0.17652353,0.17471257
872600,817600,0,0.22048542,0.21698068
872700,817700,0,0.22466576,0.22096057
872800,817800,0,0.17333523,0.17161988
872900,817900,0,0.17575638,0.17396875
873000,818000,0,0.17298991,0.17128472
873100,818100,0,0.084345455,0.084146007
873200,818200,0,0.21741234,0.21405033
873300,818300,0,0.082956588,0.082766814
873400,818400,0,0.21975519,0.21628472
873500,818500,0,0.17374504,0.1720176
873600,818600,0,0.23545241,0.23119579
873700,818700,0,0.22786775,0.22400407
873800,818800,0,0.22822804,0.22434624
873900,818900,0,0.17638985,0.17458297
874000,819000,0,0.21605951,0.21275912
874100,819100,0,0.22530189,0.22156556
874200,819200,0,0.17350019,0.17177998
874300,819300,0,0.089022734,0.088788307
874400,819400,0,0.17736483,0.17552808
874500,819500,0,0.21553365,0.212257
874600,819600,0,0.22341976,0.21977508
874700,819700,0,0.21910103,0.21566107
874800,819800,0,0.17593547,0.17414241
874900,819900,0,0.173229,0.17151678
875000,820000,0,0.1924759,0.19013372
875100,820100,0,0.085083851,0.084879129
875200,820200,0,0.21813127,0.21473622
875300,820300,0,0.22064185,0.21712973
875400,820400,0,0.18023716,0.1783105
875500,820500,0,0.22656135,0.22276285
875600,820600,0,0.17367306,0.17194774
875700,820700,0,0.08467778,0.08447597
875800,820800,0,0.22223116,0.2186436
875900,820900,0,0.18581088,0.18370159
876000,821000,0,0.21699446,0.21365157
876100,821100,0,0.17484182,0.17308172
876200,821200,0,0.17354074,0.17181933
876300,821300,0,0.22471607,0.22100842
876400,821400,0,0.17349919,0.17177901
876500,821500,0,0.17525826,0.17348566
876600,821600,0,0.086081247,0.085869255
876700,821700,0,0.22930184,0.22536576
876800,821800,0,0.17439827,0.17265143
876900,821900,0,0.17808558,0.17622653
877000,822000,0,0.18835957,0.18616311
877100,822100,0,0.2173639,0.21400411
877200,822200,0,0.17495235,0.17318894
877300,822300,0,0.17914122,0.1772492
877400,822400,0,0.18678048,0.1846383
877500,822500,0,0.21892188,0.21549025
877600,822600,0,0.2248135,0.22110109
877700,822700,0,0.1787459,0.17686626
877800,822800,0,0.23912805,0.23467199
877900,822900,0,0.1979846,0.19543767
878000,823000,0,0.2177299,0.21435332
878100,823100,0,0.21852687,0.21511355
878200,823200,0,0.17414319,0.17240394
878300,823300,0,0.2177162,0.21434025
878400,823400,0,0.21435741,0.21113348
878500,823500,0,0.17394381,0.17221048
878600,823600,0,0.22943677,0.22549383
878700,823700,0,0.2358935,0.23161325
878800,823800,0,0.090284713,0.090040196
878900,823900,0,0.17636412,0.17455802
879000,824000,0,0.22522571,0.22149312
879100,824100,0,0.087544585,0.08732162
879200,824200,0,0.17446138,0.17271265
879300,824300,0,0.21941435,0.2159598
879400,824400,0,0.10897043,0.10854114
879500,824500,0,0.22297493,0.21935169
879600,824600,0,0.2208985,0.21737427
879700,824700,0,0.21702108,0.21367697
879800,824800,0,0.22019648,0.21670532
879900,824900,0,0.20105893,0.19839279
880000,825000,0,0.22147193,0.21792054
880100,825100,0,0.21770576,0.21433029
880200,825200,0,0.22093911,0.21741297
880300,825300,0,0.21620696,0.21289989
880400,825400,0,0.20492331,0.2021022
880500,825500,0,0.08735367,0.087132157
880600,825600,0,0.17954904,0.17764417
880700,825700,0,0.22126172,0.2177203
880800,825800,0,0.22239436,0.21879898
880900,825900,0,0.19638539,0.19389906
881000,826000,0,0.23062018,0.22661677
881100,826100,0,0.17781794,0.17596719
881200,826200,0,0.1750159,0.17325058
881300,826300,0,0.2239572,0.2202865
881400,826400,0,0.2046032,0.20179515
881500,826500,0,0.22834717,0.22445938
881600,826600,0,0.22473481,0.22102625
881700,826700,0,0.088487129,0.088256899
881800,826800,0,0.22961027,0.22565851
881900,826900,0,0.20750628,0.20457837
882000,827000,0,0.086575787,0.086360128
882100,827100,0,0.17417357,0.17243341
882200,827200,0,0.2180743,0.21468187
882300,827300,0,0.21885746,0.21542882
882400,827400,0,0.24930684,0.24426697
882500,827500,0,0.17540661,0.17362954
882600,827600,0,0.22107154,0.21753913
882700,827700,0,0.22532423,0.2215868
882800,827800,0,0.21627816,0.21296785
882900,827900,0,0.23610182,0.23181039
883000,828000,0,0.22079603,0.21727664
883100,828100,0,0.216549,0.2132264
883200,828200,0,0.091177673,0.090925846
883300,828300,0,0.17540437,0.17362737
883400,828400,0,0.083913265,0.083716861
883500,828500,0,0.22703161,0.22320973
883600,828600,0,0.17795926,0.17610413
883700,828700,0,0.21556212,0.21228419
883800,828800,0,0.17290528,0.17120257
883900,828900,0,0.20492525,0.20210406
884000,829000,0,0.08349443,0.083300947
884100,829100,0,0.18559744,0.18349535
884200,829200,0,0.17355084,0.17182913
884300,829300,0,0.17522399,0.17345241
884400,829400,0,0.1947632,0.19233737
884500,829500,0,0.083641951,0.083447443
884600,829600,0,0.21511649,0.2118586
884700,829700,0,0.21778541,0.21440628
884800,829800,0,0.21328086,0.21010468
884900,829900,0,0.20950752,0.20649507
885000,830000,0,0.22179151,0.21822492
885100,830100,0,0.22045645,0.21695307
885200,830200,0,0.086644498,0.086428326
885300,830300,0,0.21669731,0.21336796
885400,830400,0,0.23240108,0.22830552
885500,830500,0,0.083103143,0.082912363
885600,830600,0,0.17864272,0.17676632
885700,830700,0,0.23026806,0.2262827
885800,830800,0,0.22025387,0.21676001
885900,830900,0,0.19049702,0.18822566
886000,831000,0,0.21643618,0.2131187
886100,831100,0,0.17346806,0.1717488
886200,831200,0,0.21566271,0.21238025
886300,831300,0,0.23456132,0.23035215
886400,831400,0,0.21688674,0.21354876
886500,831500,0,0.21827167,0.21487014
886600,831600,0,0.2281749,0.22429578
886700,831700,0,0.23840387,0.23398757
886800,831800,0,0.23590075,0.23162012
886900,831900,0,0.18620296,0.18408041
887000,832000,0,0.17344356,0.17172503
887100,832100,0,0.22581828,0.22205654
887200,832200,0,0.22047254,0.2169684
887300,832300,0,0.084191302,0.083992943
887400,832400,0,0.19412945,0.19172699
887500,832500,0,0.21925568,0.21580852
887600,832600,0,0.22041172,0.21691044
887700,832700,0,0.08525746,0.085051485
887800,832800,0,0.23703065,0.23268912
887900,832900,0,0.18170091,0.17972734
888000,833000,0,0.17591645,0.17412396
888100,833100,0,0.17365006,0.17192542
888200,833200,0,0.085913611,0.085702853
888300,833300,0,0.083274001,0.083082044
888400,833400,0,0.21481127,0.21156706
888500,833500,0,0.17487764,0.17311647
888600,833600,0,0.17437752,0.17263129
888700,833700,0,0.084040896,0.083843597
888800,833800,0,0.18251399,0.18051404
888900,833900,0,0.24118643,0.23661607
889000,834000,0,0.23354444,0.229389
889100,834100,0,0.22300693,0.21938215
889200,834200,0,0.17370308,0.17197687
889300,834300,0,0.090631068,0.090383733
889400,834400,0,0.17513535,0.17336644
889500,834500,0,0.22705445,0.22323143
889600,834600,0,0.17478926,0.17303073
889700,834700,0,0.1739067,0.17217447
889800,834800,0,0.23273969,0.22862646
889900,834900,0,0.17772679,0.17587886
890000,835000,0,0.18178675,0.1798104
890100,835100,0,0.18005194,0.17813116
890200,835200,0,0.21778853,0.21440926
890300,835300,0,0.22176109,0.21819595
890400,835400,0,0.18208637,0.18010032
890500,835500,0,0.21818675,0.21478914
890600,835600,0,0.082690509,0.082502552
890700,835700,0,0.082309762,0.082124384
890800,835800,0,0.22330668,0.21966746
890900,835900,0,0.17364017,0.17191582
891000,836000,0,0.22489372,0.22117739
891100,836100,0,0.17473643,0.17297949
891200,836200,0,0.21602169,0.21272301
891300,836300,0,0.21455704,0.2113242
891400,836400,0,0.17372172,0.17199496
891500,836500,0,0.2157444,0.21245825
891600,836600,0,0.17556799,0.17378605
891700,836700,0,0.17445705,0.17270846
891800,836800,0,0.17478274,0.17302441
891900,836900,0,0.21604946,0.21274952
892000,837000,0,0.2161151,0.21281218
892100,837100,0,0.17372209,0.17199532
892200,837200,0,0.17531414,0.17353985
892300,837300,0,0.21936521,0.21591295
892400,837400,0,0.22733719,0.22350007
892500,837500,0,0.21493623,0.21168642
892600,837600,0,0.22148586,0.2179338
892700,837700,0,0.21571894,0.21243393
892800,837800,0,0.081818329,0.081636246
892900,837900,0,0.21387637,0.21067384
893000,838000,0,0.21719686,0.21384472
893100,838100,0,0.21499018,0.21173795
893200,838200,0,0.17549407,0.17371436
893300,838300,0,0.17443765,0.17268963
893400,838400,0,0.19375264,0.191364
893500,838500,0,0.22239541,0.21879999
893600,838600,0,0.23073181,0.22672266
893700,838700,0,0.22442201,0.22072871
893800,838800,0,0.081853183,0.081670867
893900,838900,0,0.17991953,0.17800295
894000,839000,0,0.21374711,0.2105503
894100,839100,0,0.21636634,0.21305204
894200,839200,0,0.17572526,0.17393856
894300,839300,0,0.21721422,0.21386129
894400,839400,0,0.22537346,0.22163361
894500,839500,0,0.18284721,0.18083638
894600,839600,0,0.17322896,0.17151675
894700,839700,0,0.22097276,0.21744503
894800,839800,0,0.21496719,0.211716
894900,839900,0,0.21329126,0.21011462
895000,840000,0,0.21809989,0.21470628
895100,840100,0,0.082533916,0.082347023
895200,840200,0,0.23224339,0.22815604
895300,840300,0,0.21652695,0.21320535
895400,840400,0,0.091848784,0.091591368
895500,840500,0,0.18655152,0.18441713
895600,840600,0,0.086435262,0.086220649
895700,840700,0,0.087500179,0.087277552
895800,840800,0,0.081367538,0.081188443
895900,840900,0,0.17629,0.17448616
896000,841000,0,0.21591782,0.21262384
896100,841100,0,0.17640937,0.17460189
896200,841200,0,0.17525132,0.17347893
896300,841300,0,0.081227435,0.081049261
896400,841400,0,0.082143241,0.081958984
896500,841500,0,0.22289293,0.21927363
896600,841600,0,0.23512945,0.23089007
896700,841700,0,0.22225009,0.21866162
896800,841800,0,0.17404027,0.17230407
896900,841900,0,0.21677679,0.21344382
897000,842000,0,0.18911726,0.18689444
897100,842100,0,0.084068936,0.08387144
897200,842200,0,0.17990954,0.17799327
897300,842300,0,0.21492276,0.21167355
897400,842400,0,0.1736139,0.17189033
897500,842500,0,0.21308846,0.20992077
897600,842600,0,0.17289503,0.17119262
897700,842700,0,0.17308533,0.17137733
897800,842800,0,0.18076776,0.17882418
897900,842900,0,0.2174642,0.21409982
898000,843000,0,0.083022682,0.082832454
898100,843100,0,0.24262336,0.23797209
898200,843200,0,0.22071688,0.21720123
898300,843300,0,0.083313505,0.083121275
898400,843400,0,0.17376232,0.17203437
898500,843500,0,0.22221263,0.21862595
898600,843600,0,0.21328234,0.21010609
898700,843700,0,0.17409284,0.17235508
898800,843800,0,0.11607156,0.1155531
898900,843900,0,0.17402638,0.1722906
899000,844000,0,0.081896274,0.081713671
899100,844100,0,0.1749885,0.173224
899200,844200,0,0.173552,0.17183026
899300,844300,0,0.17954835,0.17764351
899400,844400,0,0.1735482,0.17182657
899500,844500,0,0.082312193,0.082126799
899600,844600,0,0.17725953,0.17542602
899700,844700,0,0.17408401,0.17234652
899800,844800,0,0.21492755,0.21167813
899900,844900,0,0.1736601,0.17193517
900000,845000,0,0.21990519,0.2164277
900100,845100,0,0.18640188,0.18427259
900200,845200,0,0.17326101,0.17154785
900300,845300,0,0.21724561,0.21389123
900400,845400,0,0.081474374,0.081294573
900500,845500,0,0.21897756,0.21554334
900600,845600,0,0.17341251,0.17169489
900700,845700,0,0.21971468,0.2162461
900800,845800,0,0.21739224,0.21403116
900900,845900,0,0.082038175,0.081854623
901000,846000,0,0.17704237,0.17521553
901100,846100,0,0.085169035,0.084963699
901200,846200,0,0.082620683,0.082433201
901300,846300,0,0.21444674,0.21121883
901400,846400,0,0.1779472,0.17609245
901500,846500,0,0.17703622,0.17520957
901600,846600,0,0.082654731,0.082467017
901700,846700,0,0.21764727,0.21427449
901800,846800,0,0.21167443,0.20856865
901900,846900,0,0.19267362,0.19032428
902000,847000,0,0.17650102,0.17469075
902100,847100,0,0.17492269,0.17316017
902200,847200,0,0.21325385,0.21007886
902300,847300,0,0.083797879,0.083602283
902400,847400,0,0.081369276,0.081190169
902500,847500,0,0.17882888,0.17694665
902600,847600,0,0.082469033,0.082282579
902700,847700,0,0.21861001,0.21519284
902800,847800,0,0.08076674,0.080591576
902900,847900,0,0.2152286,0.21196568
903000,848000,0,0.17321609,0.17150425
903100,848100,0,0.21265431,0.20950571
903200,848200,0,0.21168803,0.20858166
903300,848300,0,0.21489116,0.21164338
903400,848400,0,0.084455378,0.084255151
903500,848500,0,0.17406227,0.17232542
903600,848600,0,0.082367019,0.082181255
903700,848700,0,0.21499323,0.21174087
903800,848800,0,0.21161837,0.20851503
903900,848900,0,0.081595745,0.081415141
904000,849000,0,0.17638213,0.17457549
904100,849100,0,0.21413838,0.2109242
904200,849200,0,0.21809417,0.21470083
904300,849300,0,0.081747878,0.081566264
904400,849400,0,0.081773116,0.081591334
904500,849500,0,0.21182769,0.20871524
904600,849600,0,0.21349072,0.21030527
904700,849700,0,0.22510398,0.22137735
904800,849800,0,0.0820414,0.081857827
904900,849900,0,0.081162916,0.080985166
905000,850000,0,0.17673526,0.17491783
905100,850100,0,0.22139229,0.21784468
905200,850200,0,0.22340756,0.21976347
905300,850300,0,0.21462684,0.21139088
905400,850400,0,0.21168914,0.20858272
905500,850500,0,0.17404203,0.17230579
905600,850600,0,0.21243081,0.20929201
905700,850700,0,0.22023682,0.21674377
905800,850800,0,0.09264916,0.092384972
905900,850900,0,0.21402595,0.21081677
906000,851000,0,0.18067145,0.17873095
906100,851100,0,0.21835872,0.21495317
906200,851200,0,0.22557813,0.22182822
906300,851300,0,0.21341289,0.21023088
906400,851400,0,0.2156427,0.21236114
906500,851500,0,0.17903957,0.17715074
906600,851600,0,0.08280499,0.082616253
906700,851700,0,0.21581556,0.2125262
906800,851800,0,0.21613704,0.21283313
906900,851900,0,0.17459215,0.17283951
907000,852000,0,0.18559276,0.18349082
907100,852100,0,0.08354367,0.083349846
907200,852200,0,0.082947975,0.08275826
907300,852300,0,0.21345428,0.21027044
907400,852400,0,0.2141793,0.2109633
907500,852500,0,0.17328445,0.1715706
907600,852600,0,0.21303519,0.20986984
907700,852700,0,0.21700254,0.21365928
907800,852800,0,0.082187927,0.08200337
907900,852900,0,0.21293009,0.20976937
908000,853000,0,0.17531769,0.17354329
908100,853100,0,0.17354132,0.1718199
908200,853200,0,0.23468991,0.23047392
908300,853300,0,0.22021835,0.21672617
908400,853400,0,0.082076116,0.081892309
908500,853500,0,0.17440076,0.17265384
908600,853600,0,0.21344397,0.21026059
908700,853700,0,0.21321967,0.21004619
908800,853800,0,0.21506548,0.21180988
908900,853900,0,0.22866854,0.22476453
909000,854000,0,0.083113197,0.082922347
909100,854100,0,0.083021735,0.082831514
909200,854200,0,0.17847323,0.17660212
909300,854300,0,0.097287125,0.096981349
909400,854400,0,0.21625258,0.21294344
909500,854500,0,0.17462279,0.17286924
909600,854600,0,0.083241676,0.083049942
909700,854700,0,0.18067499,0.17873437
909800,854800,0,0.22738639,0.22354681
909900,854900,0,0.22644564,0.22265288
910000,855000,0,0.17953175,0.17762743
910100,855100,0,0.08390212,0.083705795
910200,855200,0,0.17552375,0.17374314
910300,855300,0,0.2150912,0.21183444
910400,855400,0,0.21602441,0.2127256
910500,855500,0,0.17319103,0.17147993
910600,855600,0,0.22642357,0.22263191
910700,855700,0,0.17730493,0.17547002
910800,855800,0,0.21442506,0.21119811
910900,855900,0,0.22531231,0.22157546
911000,856000,0,0.083407376,0.083214497
911100,856100,0,0.21507944,0.21182322
911200,856200,0,0.17435549,0.17260992
911300,856300,0,0.082471082,0.082284614
911400,856400,0,0.17378882,0.17206008
911500,856500,0,0.087342247,0.087120821
911600,856600,0,0.17301987,0.1713138
911700,856700,0,0.21532459,0.21205735
911800,856800,0,0.2211269,0.21759187
911900,856900,0,0.21725882,0.21390385
912000,857000,0,0.17412978,0.17239092
912100,857100,0,0.22094648,0.21741999
912200,857200,0,0.17530071,0.17352683
912300,857300,0,0.21354811,0.21036012
912400,857400,0,0.21538587,0.21211587
912500,857500,0,0.17902478,0.17713641
912600,857600,0,0.23564249,0.2313757
912700,857700,0,0.21381731,0.21061739
912800,857800,0,0.21215541,0.20902866
912900,857900,0,0.21226884,0.20913713
913000,858000,0,0.080931538,0.080755301
913100,858100,0,0.21081373,0.20774525
913200,858200,0,0.17513699,0.17336803
913300,858300,0,0.081199635,0.081021645
913400,858400,0,0.17727903,0.17544492
913500,858500,0,0.21117275,0.20808874
913600,858600,0,0.17483964,0.17307961
913700,858700,0,0.22454777,0.22084834
913800,858800,0,0.081152658,0.080974975
913900,858900,0,0.21379565,0.21059669
914000,859000,0,0.22033254,0.21683499
914100,859100,0,0.17335512,0.17163919
914200,859200,0,0.081521478,0.081341366
914300,859300,0,0.21378936,0.21059068
914400,859400,0,0.17811726,0.17625723
914500,859500,0,0.21134517,0.20825369
914600,859600,0,0.081803302,0.081621319
914700,859700,0,0.081288511,0.081109937
914800,859800,0,0.17310475,0.17139618
914900,859900,0,0.080543394,0.080369676
915000,860000,0,0.2177545,0.21437679
915100,860100,0,0.21537753,0.21210791
915200,860200,0,0.21276032,0.20960707
915300,860300,0,0.21156953,0.20846831
915400,860400,0,0.18739711,0.18523384
915500,860500,0,0.18465387,0.18258339
915600,860600,0,0.21333443,0.21015589
915700,860700,0,0.21620669,0.21289963
915800,860800,0,0.21927709,0.21582893
915900,860900,0,0.082671373,0.082483545
916000,861000,0,0.1750758,0.17330868
916100,861100,0,0.21787807,0.21449468
916200,861200,0,0.21747983,0.21411473
916300,861300,0,0.2157943,0.2125059
916400,861400,0,0.08294946,0.082759735
916500,861500,0,0.18431305,0.1822539
916600,861600,0,0.084018273,0.083821132
916700,861700,0,0.21855233,0.21513783
916800,861800,0,0.21433521,0.21111227
916900,861900,0,0.21447681,0.21124755
917000,862000,0,0.17565912,0.17387443
917100,862100,0,0.17398096,0.17224652
917200,862200,0,0.083513282,0.083319669
917300,862300,0,0.21685109,0.21351474
917400,862400,0,0.082964276,0.082774449
917500,862500,0,0.18261876,0.18061539
917600,862600,0,0.08423896,0.084040265
917700,862700,0,0.2133797,0.21019915
917800,862800,0,0.17514314,0.173374
917900,862900,0,0.22059145,0.21708171
918000,863000,0,0.17702279,0.17519655
918100,863100,0,0.084692499,0.084490583
918200,863200,0,0.084788565,0.084585963
918300,863300,0,0.21445197,0.21122382
918400,863400,0,0.21827883,0.21487697
918500,863500,0,0.17299299,0.17128771
918600,863600,0,0.21436014,0.21113609
918700,863700,0,0.21624954,0.21294054
918800,863800,0,0.17351382,0.17179321
918900,863900,0,0.21422609,0.21100801
919000,864000,0,0.17499324,0.1732286
919100,864100,0,0.084003643,0.083806605
919200,864200,0,0.21449923,0.21126897
919300,864300,0,0.21565103,0.21236909
919400,864400,0,0.21894105,0.21550852
919500,864500,0,0.17836962,0.17650174
919600,864600,0,0.21942955,0.21597429
919700,864700,0,0.21691808,0.21357867
919800,864800,0,0.22007396,0.21658855
919900,864900,0,0.22723723,0.2234051
920000,865000,0,0.18128964,0.17932932
920100,865100,0,0.087963841,0.087737663
920200,865200,0,0.18236344,0.18036839
920300,865300,0,0.088173373,0.087945579
920400,865400,0,0.17833657,0.17646972
920500,865500,0,0.18079013,0.17884583
920600,865600,0,0.22844837,0.22455548
920700,865700,0,0.23767775,0.23330109
920800,865800,0,0.21843219,0.21502325
920900,865900,0,0.09046902,0.090223006
921000,866000,0,0.17347085,0.17175151
921100,866100,0,0.22045343,0.21695019
921200,866200,0,0.21958113,0.21611879
921300,866300,0,0.22887518,0.22496073
921400,866400,0,0.2253719,0.22163213
921500,866500,0,0.17348532,0.17176555
921600,866600,0,0.22776178,0.22390341
921700,866700,0,0.088349234,0.088120077
921800,866800,0,0.17512929,0.17336056
921900,866900,0,0.086827175,0.086609635
922000,867000,0,0.18132924,0.17936765
922100,867100,0,0.21966894,0.2162025
922200,867200,0,0.1775499,0.17570744
922300,867300,0,0.1791226,0.17723116
922400,867400,0,0.088515037,0.08828459
922500,867500,0,0.22515388,0.22142481
922600,867600,0,0.172944,0.17124015
922700,867700,0,0.08883236,0.088599431
922800,867800,0,0.22192993,0.21835675
922900,867900,0,0.088456063,0.088226075
923000,868000,0,0.19814862,0.19559541
923100,868100,0,0.17887899,0.17699519
923200,868200,0,0.22643586,0.22264359
923300,868300,0,0.22146205,0.21791113
923400,868400,0,0.22043174,0.21692953
923500,868500,0,0.17854119,0.17666796
923600,868600,0,0.087380809,0.08715909
923700,868700,0,0.0862771,0.086063661
923800,868800,0,0.22039976,0.21689905
923900,868900,0,0.21569343,0.21240958
924000,869000,0,0.21535472,0.21208613
924100,869100,0,0.21835548,0.21495008
924200,869200,0,0.23433622,0.23013898
924300,869300,0,0.21546294,0.21218948
924400,869400,0,0.17932948,0.17743154
924500,869500,0,0.18703354,0.18488273
924600,869600,0,0.22464694,0.22094267
924700,869700,0,0.24173333,0.23713228
924800,869800,0,0.084296424,0.084097323
924900,869900,0,0.17359376,0.17187078
925000,870000,0,0.2217465,0.21818205
925100,870100,0,0.17487234,0.17311133
925200,870200,0,0.085703915,0.085494694
925300,870300,0,0.22455492,0.22085514
925400,870400,0,0.22969203,0.2257361
925500,870500,0,0.18011116,0.1781885
925600,870600,0,0.17310448,0.17139592
925700,870700,0,0.22161442,0.21805626
925800,870800,0,0.090558907,0.090312161
925900,870900,0,0.21751362,0.21414697
926000,871000,0,0.17409103,0.17235332
926100,871100,0,0.21547167,0.21219782
926200,871200,0,0.2256639,0.22190977
926300,871300,0,0.22087527,0.21735215
926400,871400,0,0.082950724,0.08276099
926500,871500,0,0.21931848,0.21586839
926600,871600,0,0.084375598,0.084175936
926700,871700,0,0.23684668,0.23251511
926800,871800,0,0.22126511,0.21772353
926900,871900,0,0.17513174,0.17336294
927000,872000,0,0.22276283,0.21914979
927100,872100,0,0.23737857,0.23301817
927200,872200,0,0.090340594,0.090095625
927300,872300,0,0.21830252,0.21489957
927400,872400,0,0.18930621,0.18707678
927500,872500,0,0.17732525,0.17548971
927600,872600,0,0.21663651,0.21330993
927700,872700,0,0.21850112,0.21508899
927800,872800,0,0.21697074,0.21362893
927900,872900,0,0.21306772,0.20990095
928000,873000,0,0.18469945,0.18262745
928100,873100,0,0.22865241,0.22474922
928200,873200,0,0.2212036,0.21766494
928300,873300,0,0.21526623,0.21200161
928400,873400,0,0.2121839,0.2090559
928500,873500,0,0.17445375,0.17270525
928600,873600,0,0.21564026,0.21235881
928700,873700,0,0.21977212,0.21630086
928800,873800,0,0.21377833,0.21058015
928900,873900,0,0.2114208,0.20832604
929000,874000,0,0.18036682,0.17843603
929100,874100,0,0.0834887,0.083295257
929200,874200,0,0.081539593,0.081359362
929300,874300,0,0.21118516,0.20810062
929400,874400,0,0.082418875,0.08223276
929500,874500,0,0.18570475,0.18359904
929600,874600,0,0.21211994,0.20899474
929700,874700,0,0.21257838,0.20943312
929800,874800,0,0.17462056,0.17286708
929900,874900,0,0.23181547,0.22775036
930000,875000,0,0.17329988,0.17158557
930100,875100,0,0.17600517,0.17420999
930200,875200,0,0.21573312,0.21244748
930300,875300,0,0.088396118,0.088166596
930400,875400,0,0.17636138,0.17455537
930500,875500,0,0.17861689,0.17674129
930600,875600,0,0.17384845,0.17211794
930700,875700,0,0.082559739,0.08237267
930800,875800,0,0.082143478,0.081959219
930900,875900,0,0.17446882,0.17271987
931000,876000,0,0.18291807,0.18090492
931100,876100,0,0.17336086,0.17164476
931200,876200,0,0.2174264,0.21406375
931300,876300,0,0.2122047,0.2090758
931400,876400,0,0.17536984,0.17359388
931500,876500,0,0.18162061,0.17964963
931600,876600,0,0.08215151,0.081967197
931700,876700,0,0.2148595,0.21161313
931800,876800,0,0.21318903,0.21001691
931900,876900,0,0.17770434,0.1758571
932000,877000,0,0.18099916,0.17904817
932100,877100,0,0.17530325,0.17352929
932200,877200,0,0.21538077,0.212111
932300,877300,0,0.21951763,0.21605826
932400,877400,0,0.21545546,0.21218233
932500,877500,0,0.17657569,0.17476314
932600,877600,0,0.17618308,0.1743825
932700,877700,0,0.22226753,0.21867822
932800,877800,0,0.22493752,0.22121904
932900,877900,0,0.17398875,0.17225408
933000,878000,0,0.18103465,0.17908252
933100,878100,0,0.21638833,0.21307303
933200,878200,0,0.1783016,0.17643583
933300,878300,0,0.21100623,0.20792943
933400,878400,0,0.22044285,0.21694011
933500,878500,0,0.21229766,0.20916469
933600,878600,0,0.21278865,0.20963415
933700,878700,0,0.21422611,0.21100803
933800,878800,0,0.083312174,0.083119953
933900,878900,0,0.082486686,0.082300112
934000,879000,0,0.19959877,0.19698969
934100,879100,0,0.082921814,0.082732278
934200,879200,0,0.21576681,0.21247964
934300,879300,0,0.082052873,0.081869222
934400,879400,0,0.17362822,0.17190423
934500,879500,0,0.17416627,0.17242634
934600,879600,0,0.17320975,0.1714981
934700,879700,0,0.17371999,0.17199329
934800,879800,0,0.083981049,0.08378417
934900,879900,0,0.17437014,0.17262413
935000,880000,0,0.17945543,0.17755351
935100,880100,0,0.21873379,0.21531088
935200,880200,0,0.21265876,0.20950996
935300,880300,0,0.21286736,0.2097094
935400,880400,0,0.21277154,0.20961779
935500,880500,0,0.23051079,0.226513
935600,880600,0,0.086271789,0.086058389
935700,880700,0,0.082236524,0.08205164
935800,880800,0,0.218106,0.21471211
935900,880900,0,0.22160039,0.21804289
936000,881000,0,0.17541823,0.17364081
936100,881100,0,0.21817523,0.21477815
936200,881200,0,0.2147893,0.21154608
936300,881300,0,0.21899514,0.2155601
936400,881400,0,0.17476386,0.17300609
936500,881500,0,0.1743677,0.17262176
936600,881600,0,0.082952081,0.082762338
936700,881700,0,0.21337953,0.210199
936800,881800,0,0.21091917,0.20784613
936900,881900,0,0.17461745,0.17286406
937000,882000,0,0.17340365,0.17168629
937100,882100,0,0.17985145,0.17793702
937200,882200,0,0.21153252,0.2084329
937300,882300,0,0.084882612,0.084679336
937400,882400,0,0.081891805,0.081709232
937500,882500,0,0.18267044,0.18066539
937600,882600,0,0.1824625,0.18046422
937700,882700,0,0.1737901,0.17206132
937800,882800,0,0.21662991,0.21330363
937900,882900,0,0.082591821,0.082404534
938000,883000,0,0.17892653,0.17704124
938100,883100,0,0.1824571,0.180459
938200,883200,0,0.083012572,0.082822414
938300,883300,0,0.21167552,0.20856969
938400,883400,0,0.1740017,0.17226665
938500,883500,0,0.17332608,0.171611
938600,883600,0,0.082807292,0.082618538
938700,883700,0,0.21555895,0.21228116
938800,883800,0,0.081809193,0.081627171
938900,883900,0,0.17512858,0.17335988
939000,884000,0,0.17735411,0.17551769
939100,884100,0,0.18432904,0.18226937
939200,884200,0,0.17392515,0.17219237
939300,884300,0,0.086961921,0.086743369
939400,884400,0,0.17373203,0.17200497
939500,884500,0,0.18822357,0.18603182
939600,884600,0,0.17366961,0.1719444
939700,884700,0,0.21483729,0.21159191
939800,884800,0,0.082048379,0.081864759
939900,884900,0,0.21129995,0.20821043
940000,885000,0,0.17520363,0.17343267
940100,885100,0,0.18037961,0.17844842
940200,885200,0,0.086695675,0.08647912
940300,885300,0,0.085072205,0.084867567
940400,885400,0,0.17584521,0.17405488
940500,885500,0,0.17712914,0.17529963
940600,885600,0,0.08141334,0.081233943
940700,885700,0,0.21237917,0.20924263
940800,885800,0,0.21106464,0.20798531
940900,885900,0,0.21360863,0.21041796
941000,886000,0,0.18085505,0.17890867
941100,886100,0,0.17451708,0.17276669
941200,886200,0,0.2204074,0.21690633
941300,886300,0,0.22060117,0.21709097
941400,886400,0,0.17961956,0.17771247
941500,886500,0,0.17855702,0.17668329
941600,886600,0,0.17610333,0.17430518
941700,886700,0,0.21468922,0.21145047
941800,886800,0,0.081375808,0.081196658
941900,886900,0,0.21367417,0.2104806
942000,887000,0,0.19236724,0.19002898
942100,887100,0,0.18167564,0.17970288
942200,887200,0,0.082443852,0.082257569
942300,887300,0,0.096499572,0.096201143
942400,887400,0,0.2144767,0.21124745
942500,887500,0,0.18042089,0.17848838
942600,887600,0,0.21178218,0.20867171
942700,887700,0,0.082399057,0.082213077
942800,887800,0,0.21245208,0.20931235
942900,887900,0,0.17483703,0.17307708
943000,888000,0,0.17924036,0.17734522
943100,888100,0,0.21702293,0.21367874
943200,888200,0,0.21627286,0.21296279
943300,888300,0,0.08369301,0.083498146
943400,888400,0,0.17705078,0.17522368
943500,888500,0,0.18529091,0.18319912
943600,888600,0,0.21282876,0.2096725
943700,888700,0,0.22364413,0.2199886
943800,888800,0,0.21306402,0.20989741
943900,888900,0,0.18185972,0.17988102
944000,889000,0,0.19757302,0.19504178
944100,889100,0,0.087285492,0.087064496
944200,889200,0,0.082962005,0.082772193
944300,889300,0,0.22404753,0.22037244
944400,889400,0,0.21255602,0.20941173
944500,889500,0,0.18739266,0.18522954
944600,889600,0,0.08787173,0.08764626
944700,889700,0,0.084039326,0.083842037
944800,889800,0,0.23020407,0.22622199
944900,889900,0,0.22169333,0.21813141
945000,890000,0,0.17472045,0.17296398
945100,890100,0,0.21346315,0.21027892
945200,890200,0,0.23457155,0.23036184
945300,890300,0,0.085847262,0.085636991
945400,890400,0,0.17750486,0.17566379
945500,890500,0,0.17925599,0.17736036
945600,890600,0,0.21810398,0.21471019
945700,890700,0,0.18479518,0.18271999
945800,890800,0,0.22377463,0.22011279
945900,890900,0,0.18005788,0.17813691
946000,891000,0,0.17961495,0.177708
946100,891100,0,0.23256119,0.22845729
946200,891200,0,0.22235434,0.21876088
946300,891300,0,0.22078037,0.21726172
946400,891400,0,0.17729429,0.17545971
946500,891500,0,0.1865992,0.1844632
946600,891600,0,0.18023037,0.17830392
946700,891700,0,0.081535974,0.081355766
946800,891800,0,0.081463051,0.081283326
946900,891900,0,0.17887461,0.17699095
947000,892000,0,0.17575291,0.17396538
947100,892100,0,0.085492896,0.085285213
947200,892200,0,0.083779819,0.083584349
947300,892300,0,0.22327725,0.21963945
947400,892400,0,0.17772809,0.17588012
947500,892500,0,0.18273356,0.18072644
947600,892600,0,0.21215878,0.20903188
947700,892700,0,0.22170062,0.21813836
947800,892800,0,0.21436951,0.21114504
947900,892900,0,0.09710675,0.096802667
948000,893000,0,0.19074984,0.18846952
948100,893100,0,0.21526076,0.21199639
948200,893200,0,0.21395516,0.21074913
948300,893300,0,0.2190099,0.21557417
948400,893400,0,0.083905437,0.083709088
948500,893500,0,0.23755222,0.23318239
948600,893600,0,0.21184977,0.20873636
948700,893700,0,0.17544499,0.17366676
948800,893800,0,0.082359321,0.082173608
948900,893900,0,0.17524143,0.17346933
949000,894000,0,0.19457725,0.19215829
949100,894100,0,0.22181706,0.21824925
949200,894200,0,0.21133933,0.20824811
949300,894300,0,0.21312576,0.20995643
949400,894400,0,0.21704191,0.21369685
949500,894500,0,0.22814558,0.22426794
949600,894600,0,0.21790662,0.21452192
949700,894700,0,0.17606347,0.17426653
949800,894800,0,0.21403666,0.210827
949900,894900,0,0.22179443,0.2182277
950000,895000,0,0.18487714,0.1827992
950100,895100,0,0.21732486,0.21396686
950200,895200,0,0.21546218,0.21218875
950300,895300,0,0.081140815,0.08096321
950400,895400,0,0.084393883,0.084194092
950500,895500,0,0.17666167,0.1748465
950600,895600,0,0.084015818,0.083818695
950700,895700,0,0.18005077,0.17813003
950800,895800,0,0.21036109,0.2073121
950900,895900,0,0.21461776,0.21138221
951000,896000,0,0.21451284,0.21128197
951100,896100,0,0.21535866,0.21208989
951200,896200,0,0.21231815,0.20918428
951300,896300,0,0.21688174,0.21354399
951400,896400,0,0.081815291,0.081633228
951500,896500,0,0.22424529,0.22056059
951600,896600,0,0.083938197,0.083741618
951700,896700,0,0.22330957,0.21967021
951800,896800,0,0.22576807,0.22200881
951900,896900,0,0.21451366,0.21128276
952000,897000,0,0.20620993,0.20333595
952100,897100,0,0.21516655,0.21190641
952200,897200,0,0.21591566,0.21262177
952300,897300,0,0.22113591,0.21760045
952400,897400,0,0.21615045,0.21284594
952500,897500,0,0.087895162,0.087669513
952600,897600,0,0.18687335,0.184728
952700,897700,0,0.083767329,0.083571946
952800,897800,0,0.21693626,0.21359602
952900,897900,0,0.21470332,0.21146394
953000,898000,0,0.19452684,0.19210975
953100,898100,0,0.18851212,0.18631037
953200,898200,0,0.17394063,0.17220739
953300,898300,0,0.22584544,0.22208236
953400,898400,0,0.21087101,0.20780005
953500,898500,0,0.21305816,0.2098918
953600,898600,0,0.21765013,0.21427722
953700,898700,0,0.21267358,0.20952413
953800,898800,0,0.083247272,0.083055499
953900,898900,0,0.22295655,0.2193342
954000,899000,0,0.21969794,0.21623014
954100,899100,0,0.084378554,0.084178871
954200,899200,0,0.17392209,0.1721894
954300,899300,0,0.21239604,0.20925876
954400,899400,0,0.17351378,0.17179317
954500,899500,0,0.21352728,0.21034021
954600,899600,0,0.084018313,0.083821173
954700,899700,0,0.17751175,0.17567046
954800,899800,0,0.21704171,0.21369666
954900,899900,0,0.17770551,0.17585824
955000,900000,0,0.20004308,0.19741672
955100,900100,0,0.22237582,0.21878133
955200,900200,0,0.17856257,0.17668867
955300,900300,0,0.23016249,0.22618253
955400,900400,0,0.1746211,0.17286761
955500,900500,0,0.18141081,0.17944659
955600,900600,0,0.22750006,0.22365479
955700,900700,0,0.083370396,0.083177773
955800,900800,0,0.23355364,0.22939772
955900,900900,0,0.17366787,0.1719427
956000,901000,0,0.17785167,0.17599988
956100,901100,0,0.084599762,0.084398508
956200,901200,0,0.22182715,0.21825887
956300,901300,0,0.22986991,0.2259049
956400,901400,0,0.089660575,0.089421084
956500,901500,0,0.19184492,0.18952547
956600,901600,0,0.21618724,0.21288106
956700,901700,0,0.21500763,0.21175462
956800,901800,0,0.21656148,0.21323831
956900,901900,0,0.17761181,0.17576744
957000,902000,0,0.17861074,0.17673533
957100,902100,0,0.084245816,0.084047072
957200,902200,0,0.21130607,0.20821629
957300,902300,0,0.21969639,0.21622867
957400,902400,0,0.21481404,0.21156971
957500,902500,0,0.19078119,0.18849975
957600,902600,0,0.21911347,0.21567293
957700,902700,0,0.081612434,0.08143172
957800,902800,0,0.21956547,0.21610386
957900,902900,0,0.082025278,0.081841812
958000,903000,0,0.21514127,0.21188227
958100,903100,0,0.082189774,0.082005204
958200,903200,0,0.21918624,0.21574231
958300,903300,0,0.082536444,0.082349533
958400,903400,0,0.082445185,0.082258893
958500,903500,0,0.18338199,0.18135362
958600,903600,0,0.21521803,0.21195558
958700,903700,0,0.17726337,0.17542974
958800,903800,0,0.21933626,0.21588535
958900,903900,0,0.22544246,0.22169923
959000,904000,0,0.18966147,0.18741959
959100,904100,0,0.085469521,0.085262007
959200,904200,0,0.17505695,0.1732904
959300,904300,0,0.22446343,0.22076811
959400,904400,0,0.17585985,0.17406908
959500,904500,0,0.18519667,0.18310804
959600,904600,0,0.085938879,0.085727936
959700,904700,0,0.21723867,0.21388462
959800,904800,0,0.21742339,0.21406088
959900,904900,0,0.096778202,0.096477187
960000,905000,0,0.215565,0.21228694
960100,905100,0,0.21966845,0.21620204
960200,905200,0,0.22937405,0.22543429
960300,905300,0,0.21423543,0.21101693
960400,905400,0,0.21434192,0.21111867
960500,905500,0,0.20378358,0.20100878
960600,905600,0,0.21407053,0.21085937
960700,905700,0,0.17566734,0.17388239
960800,905800,0,0.21412141,0.21090798
960900,905900,0,0.2190747,0.21563596
961000,906000,0,0.20572508,0.2028711
961100,906100,0,0.22051701,0.21701078
961200,906200,0,0.21810631,0.21471241
961300,906300,0,0.21770557,0.21433011
961400,906400,0,0.17713169,0.17530211
961500,906500,0,0.18240831,0.1804118
961600,906600,0,0.21265992,0.20951108
961700,906700,0,0.21917436,0.21573098
961800,906800,0,0.2121337,0.2090079
961900,906900,0,0.22053803,0.21703081
962000,907000,0,0.19459106,0.19217159
962100,907100,0,0.21301577,0.20985128
962200,907200,0,0.22078593,0.21726702
962300,907300,0,0.21937361,0.21592095
962400,907400,0,0.17332327,0.17160828
962500,907500,0,0.18607291,0.18395477
962600,907600,0,0.22503036,0.22130735
962700,907700,0,0.22376309,0.22010181
962800,907800,0,0.22210217,0.21852076
962900,907900,0,0.1775368,0.17569474
963000,908000,0,0.18708293,0.18493042
963100,908100,0,0.083693316,0.08349845
963200,908200,0,0.23938659,0.23491628
963300,908300,0,0.22279961,0.2191848
963400,908400,0,0.17639942,0.17459225
963500,908500,0,0.18582818,0.18371831
963600,908600,0,0.21929519,0.21584619
963700,908700,0,0.23402935,0.22984834
963800,908800,0,0.21554111,0.21226412
963900,908900,0,0.17811915,0.17625906
964000,909000,0,0.18949903,0.18726285
964100,909100,0,0.22488373,0.22116789
964200,909200,0,0.22377941,0.22011733
964300,909300,0,0.22666468,0.22286106
964400,909400,0,0.21759628,0.21422584
964500,909500,0,0.21041374,0.20736248
964600,909600,0,0.23347482,0.22932305
964700,909700,0,0.2265345,0.22273734
964800,909800,0,0.22444161,0.22074735
964900,909900,0,0.21452046,0.21128925
965000,910000,0,0.20264623,0.19991713
965100,910100,0,0.1741463,0.17240695
965200,910200,0,0.2281537,0.22427565
965300,910300,0,0.082184444,0.081999911
965400,910400,0,0.083814884,0.083619169
965500,910500,0,0.18116976,0.1792133
965600,910600,0,0.23088461,0.2268676
965700,910700,0,0.088167869,0.087940118
965800,910800,0,0.21817476,0.21477771
965900,910900,0,0.22182543,0.21825723
966000,911000,0,0.20146644,0.19878422
966100,911100,0,0.21122567,0.20813937
966200,911200,0,0.17954558,0.17764082
966300,911300,0,0.083986695,0.083789776
966400,911400,0,0.17663645,0.17482204
966500,911500,0,0.20946673,0.20645602
966600,911600,0,0.21487105,0.21162416
966700,911700,0,0.23011097,0.22613365
966800,911800,0,0.08364911,0.083454552
966900,911900,0,0.17880137,0.17692001
967000,912000,0,0.1861488,0.18402809
967100,912100,0,0.17367341,0.17194809
967200,912200,0,0.17440058,0.17265367
967300,912300,0,0.082894594,0.082705244
967400,912400,0,0.17644835,0.17463969
967500,912500,0,0.19347236,0.19109398
967600,912600,0,0.082948322,0.082758604
967700,912700,0,0.21942672,0.21597159
967800,912800,0,0.21648134,0.21316181
967900,912900,0,0.17318458,0.17147366
968000,913000,0,0.17342102,0.17170315
968100,913100,0,0.17967551,0.17776665
968200,913200,0,0.22378149,0.22011931
968300,913300,0,0.087272302,0.087051406
968400,913400,0,0.17820406,0.17634133
968500,913500,0,0.1933599,0.19098562
968600,913600,0,0.18173221,0.17975763
968700,913700,0,0.082199228,0.082014594
968800,913800,0,0.221557,0.21800156
968900,913900,0,0.080604444,0.080430332
969000,914000,0,0.1891464,0.18692256
969100,914100,0,0.21816122,0.21476479
969200,914200,0,0.21296619,0.20980388
969300,914300,0,0.082950634,0.0827609
969400,914400,0,0.22134128,0.21779609
969500,914500,0,0.17812922,0.17626881
969600,914600,0,0.17571971,0.17393318
969700,914700,0,0.22238732,0.21879228
969800,914800,0,0.22231347,0.21872197
969900,914900,0,0.17436441,0.17261858
970000,915000,0,0.18102639,0.17907453
970100,915100,0,0.21306072,0.20989425
970200,915200,0,0.082905762,0.082716336
970300,915300,0,0.21130129,0.20821172
970400,915400,0,0.17352004,0.17179924
970500,915500,0,0.17346898,0.17174969
970600,915600,0,0.20572433,0.20287037
970700,915700,0,0.084207521,0.084009048
970800,915800,0,0.21252151,0.20937874
970900,915900,0,0.1737741,0.1720458
971000,916000,0,0.17442125,0.17267372
971100,916100,0,0.19367443,0.19128866
971200,916200,0,0.17449066,0.17274106
971300,916300,0,0.21302352,0.20985869
971400,916400,0,0.2147509,0.21150939
971500,916500,0,0.17623508,0.17443292
971600,916600,0,0.17842316,0.17655361
971700,916700,0,0.1801006,0.17817828
971800,916800,0,0.084694831,0.084492899
971900,916900,0,0.17357332,0.17185095
972000,917000,0,0.17300217,0.17129661
972100,917100,0,0.1879995,0.1858155
972200,917200,0,0.082507173,0.08232046
972300,917300,0,0.22907851,0.22515376
972400,917400,0,0.17360856,0.17188515
972500,917500,0,0.17524725,0.17347498
972600,917600,0,0.21312667,0.2099573
972700,917700,0,0.18627132,0.18414646
972800,917800,0,0.21604942,0.21274948
972900,917900,0,0.0857468,0.085537265
973000,918000,0,0.21587344,0.21258146
973100,918100,0,0.22680957,0.22299875
973200,918200,0,0.22488767,0.22117164
973300,918300,0,0.21770633,0.21433083
973400,918400,0,0.21226837,0.20913668
973500,918500,0,0.18330943,0.18128345
973600,918600,0,0.22150455,0.21795161
973700,918700,0,0.2218995,0.21832777
973800,918800,0,0.22160232,0.21804473
973900,918900,0,0.21500927,0.21175619
974000,919000,0,0.18795895,0.18577635
974100,919100,0,0.085439867,0.08523257
974200,919200,0,0.2323567,0.22826346
974300,919300,0,0.21651158,0.21319068
974400,919400,0,0.18018159,0.17825669
974500,919500,0,0.17967942,0.17777043
974600,919600,0,0.23051242,0.22651453
974700,919700,0,0.22284539,0.21922838
974800,919800,0,0.084475226,0.084274858
974900,919900,0,0.21689635,0.21355793
975000,920000,0,0.17363649,0.17191226
975100,920100,0,0.18263749,0.18063351
975200,920200,0,0.17978105,0.17786885
975300,920300,0,0.21584528,0.21255457
975400,920400,0,0.21508158,0.21182526
975500,920500,0,0.17312886,0.17141958
975600,920600,0,0.17973231,0.17782166
975700,920700,0,0.081935204,0.081752341
975800,920800,0,0.21144718,0.20835128
975900,920900,0,0.080614981,0.080440801
976000,921000,0,0.17585104,0.17406053
976100,921100,0,0.23292344,0.2288006
976200,921200,0,0.17364559,0.17192109
976300,921300,0,0.22160856,0.21805068
976400,921400,0,0.21341569,0.21023355
976500,921500,0,0.17416324,0.1724234
976600,921600,0,0.21395551,0.21074946
976700,921700,0,0.082971008,0.082781135
976800,921800,0,0.21238567,0.20924885
976900,921900,0,0.1767175,0.17490061
977000,922000,0,0.17801157,0.17615482
977100,922100,0,0.21557235,0.21229396
977200,922200,0,0.083154219,0.082963088
977300,922300,0,0.2307105,0.22670244
977400,922400,0,0.17361839,0.17189469
977500,922500,0,0.18389888,0.18185346
977600,922600,0,0.17475482,0.17299732
977700,922700,0,0.08182945,0.081647293
977800,922800,0,0.081628114,0.081447296
977900,922900,0,0.21201683,0.20889613
978000,923000,0,0.17476669,0.17300884
978100,923100,0,0.18976772,0.1875221
978200,923200,0,0.17952371,0.17761964
978300,923300,0,0.083699199,0.083504292
978400,923400,0,0.21573293,0.2124473
978500,923500,0,0.17286241,0.17116096
978600,923600,0,0.1998512,0.19723231
978700,923700,0,0.085384837,0.085177939
978800,923800,0,0.21559472,0.21231532
978900,923900,0,0.22001713,0.21653439
979000,924000,0,0.1734469,0.17172826
979100,924100,0,0.17684438,0.17502361
979200,924200,0,0.17359021,0.17186735
979300,924300,0,0.2216839,0.21812243
979400,924400,0,0.21830447,0.21490143
979500,924500,0,0.18131527,0.17935413
979600,924600,0,0.23735493,0.23299582
979700,924700,0,0.088363382,0.088134115
979800,924800,0,0.22546528,0.22172092
979900,924900,0,0.22765612,0.22380305
980000,925000,0,0.17618862,0.17438787
980100,925100,0,0.23341856,0.22926975
980200,925200,0,0.17882021,0.17693825
980300,925300,0,0.22709943,0.22327417
980400,925400,0,0.2272865,0.22345191
980500,925500,0,0.17311,0.17140128
980600,925600,0,0.24278194,0.23812168
980700,925700,0,0.17520396,0.17343299
980800,925800,0,0.2380358,0.23363963
980900,925900,0,0.17466604,0.1729112
981000,926000,0,0.1729495,0.17124549
981100,926100,0,0.17875774,0.17687774
981200,926200,0,0.17352852,0.17180748
981300,926300,0,0.10671617,0.1063129
981400,926400,0,0.1754288,0.17365105
981500,926500,0,0.17459973,0.17284687
981600,926600,0,0.18022213,0.17829594
981700,926700,0,0.17454635,0.17279508
981800,926800,0,0.23879293,0.2343553
981900,926900,0,0.17450025,0.17275036
982000,927000,0,0.17457028,0.17281831
982100,927100,0,0.18568805,0.18358291
982200,927200,0,0.11167565,0.11121371
982300,927300,0,0.11166629,0.11120446
982400,927400,0,0.17324488,0.17153219
982500,927500,0,0.17878042,0.17689971
982600,927600,0,0.11404762,0.11355571
982700,927700,0,0.11464711,0.11414743
982800,927800,0,0.11559377,0.11508165
982900,927900,0,0.17915674,0.17726423
983000,928000,0,0.17812252,0.17626232
983100,928100,0,0.17388553,0.17215393
983200,928200,0,0.23399856,0.22981918
983300,928300,0,0.11135903,0.11090099
983400,928400,0,0.17404937,0.1723129
983500,928500,0,0.17482435,0.17306477
983600,928600,0,0.1071788,0.10677027
983700,928700,0,0.17587207,0.17408093
983800,928800,0,0.23675255,0.23242606
983900,928900,0,0.17404106,0.17230484
984000,929000,0,0.17817423,0.17631243
984100,929100,0,0.10175293,0.10140321
984200,929200,0,0.23478229,0.23056139
984300,929300,0,0.098833639,0.098513086
984400,929400,0,0.22584552,0.22208244
984500,929500,0,0.17301739,0.17131139
984600,929600,0,0.17415324,0.17241369
984700,929700,0,0.27009398,0.26371228
984800,929800,0,0.099836724,0.099506338
984900,929900,0,0.093604099,0.093331675
985000,930000,0,0.20826921,0.20530925
985100,930100,0,0.091495808,0.091241341
985200,930200,0,0.21931752,0.21586748
985300,930300,0,0.24874387,0.24373751
985400,930400,0,0.23784634,0.2334605
985500,930500,0,0.19492918,0.19249721
985600,930600,0,0.21551866,0.21224269
985700,930700,0,0.22718583,0.22335626
985800,930800,0,0.088802143,0.088569451
985900,930900,0,0.17529106,0.17351747
986000,931000,0,0.17797634,0.17612068
986100,931100,0,0.10524958,0.10486267
986200,931200,0,0.088861297,0.088628141
986300,931300,0,0.21455797,0.21132508
986400,931400,0,0.21604175,0.21274216
986500,931500,0,0.17439848,0.17265163
986600,931600,0,0.17676548,0.17494713
986700,931700,0,0.2122897,0.20915708
986800,931800,0,0.081256348,0.081077985
986900,931900,0,0.081531965,0.081351784
987000,932000,0,0.20254296,0.19981798
987100,932100,0,0.2128347,0.20967818
987200,932200,0,0.2118698,0.20875551
987300,932300,0,0.21578196,0.21249411
987400,932400,0,0.22017373,0.21668364
987500,932500,0,0.083410142,0.083217243
987600,932600,0,0.086890254,0.086672241
987700,932700,0,0.17456418,0.17281238
987800,932800,0,0.23025975,0.22627482
987900,932900,0,0.22375782,0.22009679
988000,933000,0,0.22408183,0.22040508
988100,933100,0,0.17746644,0.17562655
988200,933200,0,0.083049533,0.082859122
988300,933300,0,0.22510289,0.22137632
988400,933400,0,0.084917756,0.084714228
988500,933500,0,0.082502461,0.082315781
988600,933600,0,0.20597839,0.20311397
988700,933700,0,0.23479449,0.23057294
988800,933800,0,0.087681888,0.087457874
988900,933900,0,0.17443949,0.17269141
989000,934000,0,0.22588017,0.22211538
989100,934100,0,0.17818261,0.17632055
989200,934200,0,0.22308656,0.21945795
989300,934300,0,0.23552118,0.23126088
989400,934400,0,0.17577059,0.17398253
989500,934500,0,0.22433321,0.22064423
989600,934600,0,0.22046993,0.21696592
989700,934700,0,0.17401986,0.17228427
989800,934800,0,0.22067757,0.21716377
989900,934900,0,0.18031084,0.17838183
990000,935000,0,0.091245835,0.090993444
990100,935100,0,0.09274538,0.092480369
990200,935200,0,0.22305704,0.21942985
990300,935300,0,0.18067144,0.17873094
990400,935400,0,0.17393338,0.17220036
990500,935500,0,0.22181038,0.21824289
990600,935600,0,0.17348668,0.17176687
990700,935700,0,0.1736618,0.17193682
990800,935800,0,0.09341519,0.09314441
990900,935900,0,0.17416389,0.17242402
991000,936000,0,0.22609316,0.22231785
991100,936100,0,0.17715844,0.17532804
991200,936200,0,0.17827225,0.1764074
991300,936300,0,0.096779476,0.09647845
991400,936400,0,0.089732088,0.089492024
991500,936500,0,0.22432729,0.22063861
991600,936600,0,0.18642601,0.18429589
991700,936700,0,0.17340564,0.17168822
991800,936800,0,0.094194484,0.093916886
991900,936900,0,0.17438096,0.17263463
992000,937000,0,0.22197378,0.21839851
992100,937100,0,0.231824,0.22775845
992200,937200,0,0.17288376,0.17118168
992300,937300,0,0.22184488,0.21827575
992400,937400,0,0.18249743,0.18049801
992500,937500,0,0.09406555,0.093789087
992600,937600,0,0.18657331,0.18443819
992700,937700,0,0.23551746,0.23125736
992800,937800,0,0.23232651,0.22823484
992900,937900,0,0.18149136,0.17952455
993000,938000,0,0.10003167,0.099699354
993100,938100,0,0.18655725,0.18442268
993200,938200,0,0.23837752,0.23396267
993300,938300,0,0.24572302,0.24089405
993400,938400,0,0.1751173,0.17334893
993500,938500,0,0.10047335,0.10013662
993600,938600,0,0.24330433,0.23861439
993700,938700,0,0.22161213,0.21805408
993800,938800,0,0.23314446,0.22901004
993900,938900,0,0.23809706,0.23369754
994000,939000,0,0.18214507,0.18015712
994100,939100,0,0.22864515,0.22474233
994200,939200,0,0.17478072,0.17302245
994300,939300,0,0.22924886,0.22531546
994400,939400,0,0.10119336,0.10084936
994500,939500,0,0.21497401,0.21172251
994600,939600,0,0.23391284,0.22973799
994700,939700,0,0.23559688,0.23133253
994800,939800,0,0.10707031,0.10666303
994900,939900,0,0.10586042,0.10546675
995000,940000,0,0.22922388,0.22529176
995100,940100,0,0.19785884,0.1953167
995200,940200,0,0.18409148,0.18203969
995300,940300,0,0.23136149,0.22731989
995400,940400,0,0.25218265,0.24696929
995500,940500,0,0.23501285,0.23077968
995600,940600,0,0.1166632,0.11613679
995700,940700,0,0.1065723,0.10617065
995800,940800,0,0.10848463,0.10806104
995900,940900,0,0.17687198,0.17505037
996000,941000,0,0.22669215,0.22288716
996100,941100,0,0.18463964,0.18256964
996200,941200,0,0.22995365,0.22598437
996300,941300,0,0.22744631,0.22360373
996400,941400,0,0.10697439,0.1065682
996500,941500,0,0.21954535,0.21608468
996600,941600,0,0.23250698,0.2284059
996700,941700,0,0.10630692,0.10590826
996800,941800,0,0.22575851,0.22199972
996900,941900,0,0.17459108,0.17283849
997000,942000,0,0.23111173,0.22708302
997100,942100,0,0.18036668,0.1784359
997200,942200,0,0.22859719,0.22469679
997300,942300,0,0.2379732,0.23358044
997400,942400,0,0.18169859,0.17972509
997500,942500,0,0.24490308,0.24012153
997600,942600,0,0.1752368,0.17346485
997700,942700,0,0.17345845,0.17173947
997800,942800,0,0.24291142,0.23824381
997900,942900,0,0.10547336,0.10508397
998000,943000,0,0.23008519,0.22610918
998100,943100,0,0.23017729,0.22619658
998200,943200,0,0.23389494,0.22972104
998300,943300,0,0.23021411,0.22623152
998400,943400,0,0.23333116,0.22918693
998500,943500,0,0.22687428,0.22306024
998600,943600,0,0.17972577,0.17781532
998700,943700,0,0.17894544,0.17705956
998800,943800,0,0.10630658,0.10590792
998900,943900,0,0.17534053,0.17356545
999000,944000,0,0.24008854,0.23557937
999100,944100,0,0.22955834,0.22560921
999200,944200,0,0.22766714,0.22381351
999300,944300,0,0.17369733,0.17197129
999400,944400,0,0.10111881,0.10077557
999500,944500,0,0.18340071,0.18137172
999600,944600,0,0.22748215,0.22363778
999700,944700,0,0.22567568,0.22192097
999800,944800,0,0.23787547,0.23348804
999900,944900,0,0.22409451,0.22041714
1000000,945000,0,0.10192738,0.10157586
1000100,945100,0,0.17468154,0.17292624
1000200,945200,0,0.17521738,0.17344601
1000300,945300,0,0.23189468,0.22782546
1000400,945400,0,0.17611158,0.17431317
1000500,945500,0,0.22142713,0.21787787
1000600,945600,0,0.17963303,0.17772551
1000700,945700,0,0.17454666,0.17279539
1000800,945800,0,0.099264462,0.09893971
1000900,945900,0,0.17405538,0.17231873
1001000,946000,0,0.17459473,0.17284202
1001100,946100,0,0.17418381,0.17244335
1001200,946200,0,0.22098212,0.21745394
1001300,946300,0,0.23669394,0.23237062
1001400,946400,0,0.19061355,0.18833806
1001500,946500,0,0.22558758,0.22183721
1001600,946600,0,0.17363021,0.17190616
1001700,946700,0,0.23750886,0.23314139
1001800,946800,0,0.22848726,0.2245924
1001900,946900,0,0.1753431,0.17356794
1002000,947000,0,0.17560262,0.17381963
1002100,947100,0,0.098418764,0.098102221
1002200,947200,0,0.21758208,0.21421229
1002300,947300,0,0.21934067,0.21588955
1002400,947400,0,0.17338066,0.17166398
1002500,947500,0,0.21744562,0.21408209
1002600,947600,0,0.17560535,0.17382228
1002700,947700,0,0.21969359,0.216226
1002800,947800,0,0.22472726,0.22101906
1002900,947900,0,0.17577705,0.17398879
1003000,948000,0,0.21756108,0.21419226
1003100,948100,0,0.22699855,0.22317832
1003200,948200,0,0.22170477,0.21814231
1003300,948300,0,0.22662809,0.22282628
1003400,948400,0,0.093899395,0.093624392
1003500,948500,0,0.21696272,0.21362128
1003600,948600,0,0.17352507,0.17180412
1003700,948700,0,0.2185375,0.21512368
1003800,948800,0,0.17423231,0.17249041
1003900,948900,0,0.096656021,0.096356142
1004000,949000,0,0.2177416,0.21436448
1004100,949100,0,0.22296086,0.2193383
1004200,949200,0,0.21563142,0.21235037
1004300,949300,0,0.21501993,0.21176638
1004400,949400,0,0.22728799,0.22345332
1004500,949500,0,0.17406027,0.17232349
1004600,949600,0,0.09441219,0.094132667
1004700,949700,0,0.17436121,0.17261547
1004800,949800,0,0.17353347,0.17181227
1004900,949900,0,0.095493532,0.095204318
1005000,950000,0,0.17393362,0.17220059
1005100,950100,0,0.21878951,0.21536402
1005200,950200,0,0.21507289,0.21181695
1005300,950300,0,0.17397106,0.17223692
1005400,950400,0,0.21636007,0.21304605
1005500,950500,0,0.19254449,0.19019983
1005600,950600,0,0.21572514,0.21243985
1005700,950700,0,0.17865177,0.17677509
1005800,950800,0,0.23913106,0.23467483
1005900,950900,0,0.22365843,0.22000221
1006000,951000,0,0.17318799,0.17147697
1006100,951100,0,0.22090974,0.21738498
1006200,951200,0,0.095666059,0.095375279
1006300,951300,0,0.094230645,0.093952728
1006400,951400,0,0.23538523,0.23113219
1006500,951500,0,0.17315356,0.17144356
1006600,951600,0,0.094534373,0.094253766
1006700,951700,0,0.2171794,0.21382806
1006800,951800,0,0.092993994,0.092726851
1006900,951900,0,0.22980847,0.2258466
1007000,952000,0,0.17359454,0.17187154
1007100,952100,0,0.21934333,0.21589209
1007200,952200,0,0.17485974,0.17309911
1007300,952300,0,0.24212077,0.2374979
1007400,952400,0,0.22188937,0.21831812
1007500,952500,0,0.17304728,0.1713404
1007600,952600,0,0.23313941,0.22900525
1007700,952700,0,0.17594905,0.17415557
1007800,952800,0,0.17352873,0.17180767
1007900,952900,0,0.17356453,0.17184242
1008000,953000,0,0.17257083,0.17087791
1008100,953100,0,0.22846854,0.22457463
1008200,953200,0,0.17925011,0.17735466
1008300,953300,0,0.17333921,0.17162374
1008400,953400,0,0.22874255,0.22483481
1008500,953500,0,0.22451574,0.22081787
1008600,953600,0,0.18282677,0.18081661
1008700,953700,0,0.17474759,0.17299031
1008800,953800,0,0.23107069,0.2270441
1008900,953900,0,0.1775899,0.1757462
1009000,954000,0,0.093664582,0.093391632
1009100,954100,0,0.17348878,0.1717689
1009200,954200,0,0.1745341,0.1727832
1009300,954300,0,0.25922857,0.25357385
1009400,954400,0,0.17482633,0.17306669
1009500,954500,0,0.26113951,0.25536105
1009600,954600,0,0.25076254,0.24563532
1009700,954700,0,0.17480793,0.17304884
1009800,954800,0,0.22668371,0.22287914
1009900,954900,0,0.22475141,0.22104204
1010000,955000,0,0.2216786,0.21811739
1010100,955100,0,0.091175329,0.090923521
1010200,955200,0,0.23563621,0.23136975
1010300,955300,0,0.18276606,0.18075788
1010400,955400,0,0.18379345,0.18175152
1010500,955500,0,0.21691466,0.2135754
1010600,955600,0,0.1800495,0.1781288
1010700,955700,0,0.091550121,0.091295203
1010800,955800,0,0.22527721,0.22154209
1010900,955900,0,0.21746365,0.21409929
1011000,956000,0,0.22269737,0.21908748
1011100,956100,0,0.17739262,0.17555501
1011200,956200,0,0.24370594,0.2389931
1011300,956300,0,0.17846259,0.17659181
1011400,956400,0,0.17570622,0.1739201
1011500,956500,0,0.17413204,0.17239312
1011600,956600,0,0.21583082,0.21254076
1011700,956700,0,0.17816128,0.17629988
1011800,956800,0,0.089009406,0.088775084
1011900,956900,0,0.085529808,0.085321856
1012000,957000,0,0.17330393,0.17158951
1012100,957100,0,0.22218183,0.21859662
1012200,957200,0,0.17312688,0.17141766
1012300,957300,0,0.089723863,0.089483866
1012400,957400,0,0.17531629,0.17354194
1012500,957500,0,0.17464789,0.17289359
1012600,957600,0,0.22012206,0.21663439
1012700,957700,0,0.089626664,0.089387444
1012800,957800,0,0.21361278,0.21042193
1012900,957900,0,0.21635021,0.21303664
1013000,958000,0,0.18255104,0.18054988
1013100,958100,0,0.17787779,0.17602518
1013200,958200,0,0.086508905,0.086293744
1013300,958300,0,0.21663869,0.213312
1013400,958400,0,0.21368601,0.21049191
1013500,958500,0,0.1750803,0.17331304
1013600,958600,0,0.21517421,0.21191373
1013700,958700,0,0.094500071,0.094219768
1013800,958800,0,0.2282877,0.22440291
1013900,958900,0,0.088686386,0.088454601
1014000,959000,0,0.18210345,0.18011685
1014100,959100,0,0.21304456,0.2098788
1014200,959200,0,0.22453394,0.22083518
1014300,959300,0,0.21743344,0.21407047
1014400,959400,0,0.21737383,0.21401359
1014500,959500,0,0.090222141,0.089978131
1014600,959600,0,0.21770954,0.2143339
1014700,959700,0,0.17639347,0.17458649
1014800,959800,0,0.21920803,0.21576309
1014900,959900,0,0.17790959,0.176056
1015000,960000,0,0.21686697,0.21352989
1015100,960100,0,0.19418971,0.19178503
1015200,960200,0,0.085633851,0.085425141
1015300,960300,0,0.084700228,0.084498258
1015400,960400,0,0.084510337,0.08430972
1015500,960500,0,0.084238584,0.084039891
1015600,960600,0,0.18273022,0.18072321
1015700,960700,0,0.085781299,0.085571511
1015800,960800,0,0.08667077,0.086454402
1015900,960900,0,0.21990948,0.21643179
1016000,961000,0,0.21545057,0.21217766
1016100,961100,0,0.17715838,0.17532798
1016200,961200,0,0.17298446,0.17127943
1016300,961300,0,0.21921242,0.21576727
1016400,961400,0,0.084038728,0.083841444
1016500,961500,0,0.084221583,0.084023011
1016600,961600,0,0.18239301,0.18039699
1016700,961700,0,0.085058802,0.084854261
1016800,961800,0,0.22496131,0.22124168
1016900,961900,0,0.084515802,0.084315145
1017000,962000,0,0.087191739,0.086971453
1017100,962100,0,0.17862362,0.17674781
1017200,962200,0,0.21633977,0.21302667
1017300,962300,0,0.18018351,0.17825855
1017400,962400,0,0.21397124,0.21076449
1017500,962500,0,0.17298428,0.17127925
1017600,962600,0,0.086413422,0.086198971
1017700,962700,0,0.085368437,0.085161658
1017800,962800,0,0.084043886,0.083846565
1017900,962900,0,0.083240877,0.083049149
1018000,963000,0,0.17539317,0.1736165
1018100,963100,0,0.084138233,0.083940249
1018200,963200,0,0.17456972,0.17281776
1018300,963300,0,0.084716485,0.084514398
1018400,963400,0,0.17693754,0.17511392
1018500,963500,0,0.17351638,0.17179569
1018600,963600,0,0.18117486,0.17921823
1018700,963700,0,0.22635201,0.22256389
1018800,963800,0,0.083753098,0.083557815
1018900,963900,0,0.083494626,0.083301142
1019000,964000,0,0.17326766,0.1715543
1019100,964100,0,0.191046,0.18875514
1019200,964200,0,0.084711884,0.08450983
1019300,964300,0,0.085666688,0.085457738
1019400,964400,0,0.21400128,0.21079319
1019500,964500,0,0.17685559,0.17503448
1019600,964600,0,0.21374297,0.21054635
1019700,964700,0,0.21417857,0.2109626
1019800,964800,0,0.21493711,0.21168726
1019900,964900,0,0.085210155,0.085004522
1020000,965000,0,0.21465001,0.21141302
1020100,965100,0,0.17498644,0.17322201
1020200,965200,0,0.17538615,0.1736097
1020300,965300,0,0.22955137,0.2256026
1020400,965400,0,0.224892,0.22117576
1020500,965500,0,0.21779746,0.21441778
1020600,965600,0,0.21550743,0.21223197
1020700,965700,0,0.087620622,0.087397076
1020800,965800,0,0.087641361,0.087417657
1020900,965900,0,0.22488891,0.22117282
1021000,966000,0,0.086570464,0.086354844
1021100,966100,0,0.17903488,0.17714619
1021200,966200,0,0.22620547,0.22242461
1021300,966300,0,0.087093226,0.086873685
1021400,966400,0,0.21670859,0.21337872
1021500,966500,0,0.22726494,0.22343142
1021600,966600,0,0.18526114,0.18317034
1021700,966700,0,0.17830404,0.1764382
1021800,966800,0,0.22258956,0.21898484
1021900,966900,0,0.1735826,0.17185996
1022000,967000,0,0.17834611,0.17647896
1022100,967100,0,0.085271426,0.08506535
1022200,967200,0,0.18148137,0.17951488
1022300,967300,0,0.24233521,0.23770024
1022400,967400,0,0.2216502,0.21809033
1022500,967500,0,0.18239701,0.18040086
1022600,967600,0,0.085454444,0.08524704
1022700,967700,0,0.17414178,0.17240257
1022800,967800,0,0.17471051,0.17295434
1022900,967900,0,0.085615013,0.08540644
1023000,968000,0,0.17685069,0.17502973
1023100,968100,0,0.086420087,0.086205587
1023200,968200,0,0.18789604,0.1857156
1023300,968300,0,0.18020239,0.17827683
1023400,968400,0,0.17737192,0.17553495
1023500,968500,0,0.17608683,0.17428917
1023600,968600,0,0.21451647,0.21128544
1023700,968700,0,0.17614068,0.17434139
1023800,968800,0,0.086055611,0.085843808
1023900,968900,0,0.22143076,0.21788132
1024000,969000,0,0.17513786,0.17336887
1024100,969100,0,0.085115376,0.084910427
1024200,969200,0,0.17365947,0.17193456
1024300,969300,0,0.17770311,0.17585591
1024400,969400,0,0.2208452,0.21732349
1024500,969500,0,0.17673727,0.17491978
1024600,969600,0,0.21499754,0.21174498
1024700,969700,0,0.17740939,0.17557126
1024800,969800,0,0.17511904,0.17335062
1024900,969900,0,0.174407,0.1726599
1025000,970000,0,0.17400792,0.17227268
1025100,970100,0,0.21329875,0.21012178
1025200,970200,0,0.21275766,0.20960452
1025300,970300,0,0.17391894,0.17218635
1025400,970400,0,0.21537768,0.21210806
1025500,970500,0,0.17353507,0.17181384
1025600,970600,0,0.21873232,0.21530948
1025700,970700,0,0.17440955,0.17266237
1025800,970800,0,0.17369383,0.1719679
1025900,970900,0,0.1747457,0.17298848
1026000,971000,0,0.21550193,0.21222671
1026100,971100,0,0.17550163,0.17372169
1026200,971200,0,0.17386067,0.1721298
1026300,971300,0,0.17369597,0.17196998
1026400,971400,0,0.1747167,0.17296035
1026500,971500,0,0.08686615,0.086648318
1026600,971600,0,0.1736817,0.17195613
1026700,971700,0,0.23697887,0.23264015
1026800,971800,0,0.17533516,0.17356024
1026900,971900,0,0.085760356,0.085550722
1027000,972000,0,0.17555836,0.17377671
1027100,972100,0,0.21951014,0.21605112
1027200,972200,0,0.18162219,0.17965116
1027300,972300,0,0.1758396,0.17404944
1027400,972400,0,0.17590051,0.17410851
1027500,972500,0,0.2198143,0.21634106
1027600,972600,0,0.17834492,0.17647781
1027700,972700,0,0.22837163,0.22448261
1027800,972800,0,0.22068999,0.2171756
1027900,972900,0,0.091870053,0.091612459
1028000,973000,0,0.21962925,0.21616466
1028100,973100,0,0.17459442,0.17284172
1028200,973200,0,0.22343352,0.21978817
1028300,973300,0,0.22220232,0.21861614
1028400,973400,0,0.22230303,0.21871203
1028500,973500,0,0.22678201,0.22297255
1028600,973600,0,0.096905606,0.096603404
1028700,973700,0,0.17606391,0.17426695
1028800,973800,0,0.17369581,0.17196983
1028900,973900,0,0.17331998,0.17160509
1029000,974000,0,0.23265032,0.22854176
1029100,974100,0,0.17942407,0.17752315
1029200,974200,0,0.22242383,0.21882704
1029300,974300,0,0.22045212,0.21694894
1029400,974400,0,0.098914437,0.0985931
1029500,974500,0,0.095012622,0.094727745
1029600,974600,0,0.17642472,0.17461678
1029700,974700,0,0.23949245,0.23501629
1029800,974800,0,0.17881802,0.17693613
1029900,974900,0,0.24889018,0.24387513
1030000,975000,0,0.23529288,0.23104478
1030100,975100,0,0.17312519,0.17141603
1030200,975200,0,0.17939438,0.1774944
1030300,975300,0,0.23453181,0.23032421
1030400,975400,0,0.10464343,0.10426314
1030500,975500,0,0.25420142,0.24886398
1030600,975600,0,0.11004759,0.10960549
1030700,975700,0,0.23501545,0.23078214
1030800,975800,0,0.23587212,0.23159303
1030900,975900,0,0.17764693,0.17580147
1031000,976000,0,0.18064602,0.17870633
1031100,976100,0,0.24252495,0.23787925
1031200,976200,0,0.24166498,0.23706777
1031300,976300,0,0.24515125,0.24035538
1031400,976400,0,0.23290946,0.22878735
1031500,976500,0,0.1778093,0.17595882
1031600,976600,0,0.10169981,0.10135063
1031700,976700,0,0.22547609,0.22173119
1031800,976800,0,0.23685392,0.23252195
1031900,976900,0,0.10088566,0.10054478
1032000,977000,0,0.22905465,0.22513111
1032100,977100,0,0.18023632,0.17830968
1032200,977200,0,0.22684409,0.22303155
1032300,977300,0,0.17490698,0.17314493
1032400,977400,0,0.22573256,0.22197505
1032500,977500,0,0.22600914,0.22223798
1032600,977600,0,0.17836881,0.17650095
1032700,977700,0,0.23245332,0.22835504
1032800,977800,0,0.22634498,0.22255721
1032900,977900,0,0.22714582,0.22331825
1033000,978000,0,0.17363848,0.17191418
1033100,978100,0,0.18252447,0.18052418
1033200,978200,0,0.096862698,0.096560896
1033300,978300,0,0.096652056,0.096352214
1033400,978400,0,0.17567742,0.17389217
1033500,978500,0,0.22351898,0.21986951
1033600,978600,0,0.097419827,0.097112801
1033700,978700,0,0.22385538,0.22018962
1033800,978800,0,0.095751675,0.095460115
1033900,978900,0,0.17479137,0.17303278
1034000,979000,0,0.23733409,0.23297611
1034100,979100,0,0.10165214,0.10130345
1034200,979200,0,0.23163307,0.22757742
1034300,979300,0,0.17533271,0.17355786
1034400,979400,0,0.10035788,0.10002231
1034500,979500,0,0.17355304,0.17183127
1034600,979600,0,0.17825968,0.17639522
1034700,979700,0,0.23387509,0.22970223
1034800,979800,0,0.17685087,0.1750299
1034900,979900,0,0.097563187,0.097254807
1035000,980000,0,0.096954318,0.096651662
1035100,980100,0,0.17383419,0.1721041
1035200,980200,0,0.23736536,0.23300569
1035300,980300,0,0.17343249,0.17171428
1035400,980400,0,0.22948929,0.22554367
1035500,980500,0,0.099452311,0.099125716
1035600,980600,0,0.17412058,0.172382
1035700,980700,0,0.097892473,0.097580968
1035800,980800,0,0.23931665,0.23485019
1035900,980900,0,0.22697932,0.22316005
1036000,981000,0,0.23335393,0.22920851
1036100,981100,0,0.17909625,0.17720564
1036200,981200,0,0.096529076,0.096230374
1036300,981300,0,0.22481917,0.22110649
1036400,981400,0,0.24494143,0.24015768
1036500,981500,0,0.10034448,0.10000904
1036600,981600,0,0.22516551,0.22143587
1036700,981700,0,0.22910663,0.22518046
1036800,981800,0,0.17387584,0.17214453
1036900,981900,0,0.10118328,0.10083938
1037000,982000,0,0.2284064,0.22451562
1037100,982100,0,0.1736083,0.1718849
1037200,982200,0,0.17522364,0.17345207
1037300,982300,0,0.17518521,0.1734148
1037400,982400,0,0.23635234,0.23204744
1037500,982500,0,0.18112702,0.17917193
1037600,982600,0,0.22950723,0.22556071
1037700,982700,0,0.10490203,0.10451892
1037800,982800,0,0.22590376,0.2221378
1037900,982900,0,0.10031912,0.099983931
1038000,983000,0,0.10645421,0.1060539
1038100,983100,0,0.18076682,0.17882327
1038200,983200,0,0.10457971,0.10420011
1038300,983300,0,0.10255504,0.102197
1038400,983400,0,0.22991599,0.22594863
1038500,983500,0,0.10736707,0.1069564
1038600,983600,0,0.27236444,0.26582358
1038700,983700,0,0.23456008,0.23035098
1038800,983800,0,0.24066887,0.23612742
1038900,983900,0,0.10997861,0.10953734
1039000,984000,0,0.17551153,0.17373129
1039100,984100,0,0.23542883,0.23117346
1039200,984200,0,0.17460696,0.17285388
1039300,984300,0,0.23009184,0.2261155
1039400,984400,0,0.23798494,0.23359154
1039500,984500,0,0.17658742,0.17477451
1039600,984600,0,0.23647661,0.23216501
1039700,984700,0,0.11817503,0.11762797
1039800,984800,0,0.23909691,0.23464256
1039900,984900,0,0.24278744,0.23812687
1040000,985000,0,0.25929258,0.25363374
1040100,985100,0,0.17895692,0.17707068
1040200,985200,0,0.13466297,0.13385483
1040300,985300,0,0.25853915,0.25292864
1040400,985400,0,0.13056355,0.12982667
1040500,985500,0,0.25358682,0.24828736
1040600,985600,0,0.26362873,0.25768646
1040700,985700,0,0.25930015,0.25364082
1040800,985800,0,0.27158648,0.26510044
1040900,985900,0,0.13697767,0.13612735
1041000,986000,0,0.17328888,0.1715749
1041100,986100,0,0.13682774,0.1359802
1041200,986200,0,0.13564875,0.13482282
1041300,986300,0,0.13827837,0.13740372
1041400,986400,0,0.26238776,0.25652753
1041500,986500,0,0.15105308,0.14991461
1041600,986600,0,0.18520209,0.18311327
1041700,986700,0,0.26644588,0.26031463
1041800,986800,0,0.27031838,0.26392107
1041900,986900,0,0.15616385,0.15490665
1042000,987000,0,0.1805729,0.17863555
1042100,987100,0,0.16101318,0.15963603
1042200,987200,0,0.1743731,0.17262701
1042300,987300,0,0.17337681,0.17166024
1042400,987400,0,0.15969519,0.15835136
1042500,987500,0,0.17426014,0.17251741
1042600,987600,0,0.16435241,0.16288841
1042700,987700,0,0.17305942,0.17135218
1042800,987800,0,0.28109598,0.27391914
1042900,987900,0,0.15244925,0.15127912
1043000,988000,0,0.15534625,0.15410857
1043100,988100,0,0.17558904,0.17380647
1043200,988200,0,0.26483713,0.25881427
1043300,988300,0,0.26602934,0.25992627
1043400,988400,0,0.26017373,0.25445802
1043500,988500,0,0.27190562,0.26539713
1043600,988600,0,0.18046235,0.17852852
1043700,988700,0,0.27907967,0.27205308
1043800,988800,0,0.14733258,0.14627571
1043900,988900,0,0.26228676,0.25643317
1044000,989000,0,0.26126885,0.25548194
1044100,989100,0,0.17887647,0.17699275
1044200,989200,0,0.26560106,0.25952689
1044300,989300,0,0.26912138,0.26280709
1044400,989400,0,0.13964521,0.13874451
1044500,989500,0,0.14831806,0.14723997
1044600,989600,0,0.2673564,0.26116325
1044700,989700,0,0.26854203,0.26226767
1044800,989800,0,0.26367401,0.25772873
1044900,989900,0,0.14656596,0.14552541
1045000,990000,0,0.17535112,0.17357572
1045100,990100,0,0.27710716,0.27022558
1045200,990200,0,0.2730263,0.26643856
1045300,990300,0,0.26249185,0.25662477
1045400,990400,0,0.26236882,0.25650983
1045500,990500,0,0.15436272,0.15314825
1045600,990600,0,0.17910485,0.17721397
1045700,990700,0,0.28473824,0.27728474
1045800,990800,0,0.17601223,0.17421683
1045900,990900,0,0.27452062,0.26782624
1046000,991000,0,0.163832,0.16238176
1046100,991100,0,0.17583879,0.17404866
1046200,991200,0,0.16043662,0.15907411
1046300,991300,0,0.28345037,0.27609546
1046400,991400,0,0.27470505,0.26799744
1046500,991500,0,0.28424555,0.27682987
1046600,991600,0,0.191298,0.18899815
1046700,991700,0,0.35319436,0.33920542
1046800,991800,0,0.17421298,0.17247166
1046900,991900,0,0.26828976,0.26203274
1047000,992000,0,0.27438194,0.26769751
1047100,992100,0,0.18069426,0.17875303
1047200,992200,0,0.17342073,0.17170286
1047300,992300,0,0.15083332,0.14969978
1047400,992400,0,0.2667372,0.26058619
1047500,992500,0,0.15140247,0.15025613
1047600,992600,0,0.175445,0.17366677
1047700,992700,0,0.2644367,0.25844063
1047800,992800,0,0.27521373,0.26846952
1047900,992900,0,0.27037162,0.2639706
1048000,993000,0,0.26771315,0.26149563
1048100,993100,0,0.18485366,0.18277651
1048200,993200,0,0.14153229,0.14059477
1048300,993300,0,0.27550094,0.26873601
1048400,993400,0,0.24730981,0.24238818
1048500,993500,0,0.24597822,0.24113442
1048600,993600,0,0.180545,0.17860854
1048700,993700,0,0.26587148,0.25977908
1048800,993800,0,0.25052319,0.24541041
1048900,993900,0,0.13164222,0.13088701
1049000,994000,0,0.13074514,0.1300052
1049100,994100,0,0.1888937,0.18667868
1049200,994200,0,0.25145924,0.24628988
1049300,994300,0,0.24991318,0.24483705
1049400,994400,0,0.12981379,0.12908948
1049500,994500,0,0.2849641,0.27749321
1049600,994600,0,0.18690768,0.18476117
1049700,994700,0,0.24616722,0.24131243
1049800,994800,0,0.1336118,0.13282235
1049900,994900,0,0.12915877,0.12844532
1050000,995000,0,0.13017401,0.12944368
1050100,995100,0,0.17617391,0.1743736
1050200,995200,0,0.24287746,0.23821178
1050300,995300,0,0.17564453,0.17386028
1050400,995400,0,0.25370196,0.24839539
1050500,995500,0,0.14093582,0.14001005
1050600,995600,0,0.17398886,0.17225419
1050700,995700,0,0.25687063,0.2513662
1050800,995800,0,0.26521488,0.25916668
1050900,995900,0,0.14141881,0.14048354
1051000,996000,0,0.14365953,0.14267934
1051100,996100,0,0.17467243,0.1729174
1051200,996200,0,0.26890457,0.26260524
1051300,996300,0,0.17582366,0.17403398
1051400,996400,0,0.25308952,0.24782066
1051500,996500,0,0.28327103,0.27592978
1051600,996600,0,0.17565882,0.17387413
1051700,996700,0,0.18236265,0.18036763
1051800,996800,0,0.25628897,0.25082122
1051900,996900,0,0.13970237,0.13880057
1052000,997000,0,0.25327662,0.24799625
1052100,997100,0,0.17766934,0.17582319
1052200,997200,0,0.17979387,0.17788127
1052300,997300,0,0.17431698,0.17257256
1052400,997400,0,0.26027737,0.25455495
1052500,997500,0,0.17593825,0.1741451
1052600,997600,0,0.17854639,0.176673
1052700,997700,0,0.25726,0.25173094
1052800,997800,0,0.25587586,0.25043406
1052900,997900,0,0.14132759,0.14039411
1053000,998000,0,0.14603859,0.14500917
1053100,998100,0,0.18556252,0.1834616
1053200,998200,0,0.17796108,0.1761059
1053300,998300,0,0.26766294,0.26144886
1053400,998400,0,0.27284439,0.26626956
1053500,998500,0,0.1775606,0.17571781
1053600,998600,0,0.17944307,0.17754155
1053700,998700,0,0.17680745,0.17498781
1053800,998800,0,0.27682515,0.26996414
1053900,998900,0,0.25885965,0.25322861
1054000,999000,0,0.27234927,0.26580948
1054100,999100,0,0.18180766,0.17983064
1054200,999200,0,0.17587035,0.17407926
1054300,999300,0,0.28358035,0.27621552
1054400,999400,0,0.14833106,0.14725268
1054500,999500,0,0.14939905,0.14829736
1054600,999600,0,0.17478869,0.17303018
1054700,999700,0,0.28141203,0.27421144
1054800,999800,0,0.1814177,0.17945326
1054900,999900,0,0.25561383,0.25018844
1055000,1000000,0,0.26494913,0.25891877
1055100,1000100,0,0.17315202,0.17144207
1055200,1000200,0,0.25772133,0.25216298
1055300,1000300,0,0.26305375,0.25714958
1055400,1000400,0,0.25401578,0.24868982
1055500,1000500,0,0.28043686,0.27330936
1055600,1000600,0,0.17425761,0.17251496
1055700,1000700,0,0.17949651,0.17759331
1055800,1000800,0,0.26647388,0.26034074
1055900,1000900,0,0.15126733,0.15012403
1056000,1001000,0,0.17448168,0.17273235
1056100,1001100,0,0.17589085,0.17409914
1056200,1001200,0,0.17426484,0.17252197
1056300,1001300,0,0.15417583,0.15296574
1056400,1001400,0,0.26936035,0.26302954
1056500,1001500,0,0.14874304,0.14765571
1056600,1001600,0,0.1787565,0.17687653
1056700,1001700,0,0.17394036,0.17220713
1056800,1001800,0,0.2629718,0.25707305
1056900,1001900,0,0.26905148,0.26274201
1057000,1002000,0,0.17654744,0.17473575
1057100,1002100,0,0.17686274,0.17504141
1057200,1002200,0,0.14998633,0.14887167
1057300,1002300,0,0.14994153,0.14882786
1057400,1002400,0,0.25994802,0.25424692
1057500,1002500,0,0.17849737,0.1766255
1057600,1002600,0,0.18780322,0.18562599
1057700,1002700,0,0.27391239,0.26726155
1057800,1002800,0,0.14547044,0.14445292
1057900,1002900,0,0.14539765,0.14438164
1058000,1003000,0,0.18012934,0.17820611
1058100,1003100,0,0.1866718,0.18453332
1058200,1003200,0,0.17587212,0.17408098
1058300,1003300,0,0.14533028,0.14431568
1058400,1003400,0,0.14887738,0.14778712
1058500,1003500,0,0.15303007,0.15184659
1058600,1003600,0,0.18143799,0.1794729
1058700,1003700,0,0.15202503,0.15086458
1058800,1003800,0,0.26371879,0.25777054
1058900,1003900,0,0.26399465,0.25802805
1059000,1004000,0,0.25102029,0.24587751
1059100,1004100,0,0.18123038,0.17927196
1059200,1004200,0,0.17412838,0.17238957
1059300,1004300,0,0.2635818,0.25764265
1059400,1004400,0,0.25577726,0.25034164
1059500,1004500,0,0.17334759,0.17163188
1059600,1004600,0,0.17291317,0.17121023
1059700,1004700,0,0.14253493,0.14157745
1059800,1004800,0,0.17502302,0.17325749
1059900,1004900,0,0.15211803,0.15095546
1060000,1005000,0,0.17508585,0.17331843
1060100,1005100,0,0.17941279,0.17751222
1060200,1005200,0,0.14162277,0.14068346
1060300,1005300,0,0.2431403,0.23845969
1060400,1005400,0,0.24054322,0.23600878
1060500,1005500,0,0.17425592,0.17251331
1060600,1005600,0,0.17277482,0.17107592
1060700,1005700,0,0.18085503,0.17890865
1060800,1005800,0,0.1732555,0.1715425
1060900,1005900,0,0.24317115,0.23848879
1061000,1006000,0,0.17311055,0.17140181
1061100,1006100,0,0.17497922,0.173215
1061200,1006200,0,0.14184365,0.14089996
1061300,1006300,0,0.14105659,0.14012844
1061400,1006400,0,0.26485213,0.25882826
1061500,1006500,0,0.25279903,0.24754798
1061600,1006600,0,0.18407764,0.18202631
1061700,1006700,0,0.14335636,0.14238233
1061800,1006800,0,0.25306668,0.24779921
1061900,1006900,0,0.26446593,0.2584679
1062000,1007000,0,0.25512418,0.24972939
1062100,1007100,0,0.18813045,0.18594193
1062200,1007200,0,0.25947673,0.25380603
1062300,1007300,0,0.24924553,0.24420932
1062400,1007400,0,0.14492322,0.14391708
1062500,1007500,0,0.17471584,0.17295951
1062600,1007600,0,0.17882341,0.17694135
1062700,1007700,0,0.26218673,0.25633971
1062800,1007800,0,0.26772688,0.26150843
1062900,1007900,0,0.25762917,0.25207668
1063000,1008000,0,0.24910708,0.24407912
1063100,1008100,0,0.20824585,0.20528688
1063200,1008200,0,0.25969355,0.25400888
1063300,1008300,0,0.17820957,0.17634667
1063400,1008400,0,0.1476003,0.1465377
1063500,1008500,0,0.25481832,0.24944258
1063600,1008600,0,0.23635345,0.23204848
1063700,1008700,0,0.25629084,0.25082297
1063800,1008800,0,0.14926053,0.14816187
1063900,1008900,0,0.14809574,0.14702246
1064000,1009000,0,0.1454389,0.14442204
1064100,1009100,0,0.23242727,0.22833035
1064200,1009200,0,0.19298039,0.19061992
1064300,1009300,0,0.14914415,0.14804805
1064400,1009400,0,0.25435928,0.24901205
1064500,1009500,0,0.25006584,0.24498056
1064600,1009600,0,0.19740041,0.19487572
1064700,1009700,0,0.26467041,0.25865871
1064800,1009800,0,0.17850197,0.17662996
1064900,1009900,0,0.14721447,0.14616012
1065000,1010000,0,0.17379201,0.17206317
1065100,1010100,0,0.2494566,0.24440779
1065200,1010200,0,0.17900582,0.17711805
1065300,1010300,0,0.17566783,0.17388287
1065400,1010400,0,0.27508391,0.26834905
1065500,1010500,0,0.17450047,0.17275058
1065600,1010600,0,0.25307406,0.24780614
1065700,1010700,0,0.25395343,0.24863133
1065800,1010800,0,0.17586206,0.17407122
1065900,1010900,0,0.25209768,0.2468895
1066000,1011000,0,0.17315356,0.17144356
1066100,1011100,0,0.26753555,0.26133018
1066200,1011200,0,0.17946121,0.17755911
1066300,1011300,0,0.26646132,0.26032903
1066400,1011400,0,0.28269068,0.27539353
1066500,1011500,0,0.17313235,0.17142298
1066600,1011600,0,0.15329851,0.15210883
1066700,1011700,0,0.18276245,0.18075439
1066800,1011800,0,0.15579653,0.15454812
1066900,1011900,0,0.26857721,0.26230043
1067000,1012000,0,0.15108331,0.14994416
1067100,1012100,0,0.24995417,0.24487558
1067200,1012200,0,0.17856365,0.17668971
1067300,1012300,0,0.2845068,0.27707108
1067400,1012400,0,0.26305099,0.25714701
1067500,1012500,0,0.17906941,0.17717964
1067600,1012600,0,0.24993923,0.24486153
1067700,1012700,0,0.17963569,0.17772809
1067800,1012800,0,0.27899797,0.27197742
1067900,1012900,0,0.27592674,0.26913101
1068000,1013000,0,0.17604965,0.17425312
1068100,1013100,0,0.25181137,0.24662062
1068200,1013200,0,0.15571779,0.15447127
1068300,1013300,0,0.25937151,0.25370759
1068400,1013400,0,0.25939407,0.2537287
1068500,1013500,0,0.15378723,0.15258621
1068600,1013600,0,0.25681739,0.25131633
1068700,1013700,0,0.15715066,0.15586963
1068800,1013800,0,0.26558254,0.25950962
1068900,1013900,0,0.25217839,0.24696529
1069000,1014000,0,0.25389377,0.24857536
1069100,1014100,0,0.21569081,0.21240708
1069200,1014200,0,0.26665551,0.26051005
1069300,1014300,0,0.17380673,0.17207746
1069400,1014400,0,0.27004599,0.26366762
1069500,1014500,0,0.26150595,0.25570356
1069600,1014600,0,0.15878397,0.15746285
1069700,1014700,0,0.17602955,0.17423363
1069800,1014800,0,0.16176619,0.16036976
1069900,1014900,0,0.26818289,0.26193321
1070000,1015000,0,0.16692768,0.1653943
1070100,1015100,0,0.28149159,0.27428502
1070200,1015200,0,0.27147078,0.26499287
1070300,1015300,0,0.25792133,0.25235026
1070400,1015400,0,0.1732302,0.17151794
1070500,1015500,0,0.17273168,0.17103405
1070600,1015600,0,0.25848608,0.25287897
1070700,1015700,0,0.17639336,0.17458637
1070800,1015800,0,0.26912669,0.26281203
1070900,1015900,0,0.28466807,0.27721995
1071000,1016000,0,0.1772872,0.17545284
1071100,1016100,0,0.25910404,0.25345732
1071200,1016200,0,0.16425104,0.16278973
1071300,1016300,0,0.16518019,0.16369412
1071400,1016400,0,0.1640609,0.16260462
1071500,1016500,0,0.17337712,0.17166054
1071600,1016600,0,0.16728052,0.16573747
1071700,1016700,0,0.16691614,0.16538307
1071800,1016800,0,0.26161796,0.25580824
1071900,1016900,0,0.26507711,0.25903816
1072000,1017000,0,0.17709828,0.17526972
1072100,1017100,0,0.16989838,0.16828231
1072200,1017200,0,0.17756078,0.17571798
1072300,1017300,0,0.17164379,0.16997779
1072400,1017400,0,0.27654946,0.26970853
1072500,1017500,0,0.17398771,0.17225308
1072600,1017600,0,0.26114408,0.25536532
1072700,1017700,0,0.17655913,0.17474709
1072800,1017800,0,0.28146707,0.27426234
1072900,1017900,0,0.27569366,0.2689148
1073000,1018000,0,0.18036006,0.17842949
1073100,1018100,0,0.18507961,0.1829949
1073200,1018200,0,0.18182349,0.17984595
1073300,1018300,0,0.26618763,0.26007386
1073400,1018400,0,0.18071306,0.17877123
1073500,1018500,0,0.26378277,0.25783027
1073600,1018600,0,0.26838126,0.26211795
1073700,1018700,0,0.19323087,0.19086129
1073800,1018800,0,0.26858496,0.26230765
1073900,1018900,0,0.28554583,0.27803006
1074000,1019000,0,0.26848398,0.26221361
1074100,1019100,0,0.18306369,0.18104577
1074200,1019200,0,0.18201873,0.18003487
1074300,1019300,0,0.18428763,0.18222933
1074400,1019400,0,0.27932448,0.27227975
1074500,1019500,0,0.267206,0.2610231
1074600,1019600,0,0.28398662,0.27659076
1074700,1019700,0,0.18831357,0.18611871
1074800,1019800,0,0.28229764,0.27503027
1074900,1019900,0,0.27202087,0.26550426
1075000,1020000,0,0.17493318,0.17317034
1075100,1020100,0,0.18457057,0.18250287
1075200,1020200,0,0.28824746,0.28052098
1075300,1020300,0,0.29882914,0.29024075
1075400,1020400,0,0.30002755,0.29133783
1075500,1020500,0,0.17789759,0.17604438
1075600,1020600,0,0.18237502,0.18037959
1075700,1020700,0,0.17562575,0.17384207
1075800,1020800,0,0.1841813,0.18212653
1075900,1020900,0,0.28986087,0.28200675
1076000,1021000,0,0.17581655,0.17402709
1076100,1021100,0,0.28632232,0.27874638
1076200,1021200,0,0.27601829,0.26921593
1076300,1021300,0,0.27988413,0.27279784
1076400,1021400,0,0.17786395,0.17601177
1076500,1021500,0,0.28513507,0.27765101
1076600,1021600,0,0.27820101,0.27123926
1076700,1021700,0,0.28037356,0.27325078
1076800,1021800,0,0.2842972,0.27687756
1076900,1021900,0,0.17674689,0.17492911
1077000,1022000,0,0.18790565,0.18572489
1077100,1022100,0,0.17368963,0.17196382
1077200,1022200,0,0.28080825,0.27365296
1077300,1022300,0,0.1747806,0.17302234
1077400,1022400,0,0.17360022,0.17187706
1077500,1022500,0,0.28971413,0.28187167
1077600,1022600,0,0.17424971,0.17250729
1077700,1022700,0,0.28164275,0.2744248
1077800,1022800,0,0.19112427,0.18883062
1077900,1022900,0,0.17629535,0.17449136
1078000,1023000,0,0.29178693,0.28377867
1078100,1023100,0,0.17392626,0.17219345
1078200,1023200,0,0.29840386,0.28985125
1078300,1023300,0,0.28632422,0.27874813
1078400,1023400,0,0.17394727,0.17221383
1078500,1023500,0,0.1892608,0.18703296
1078600,1023600,0,0.1741179,0.1723794
1078700,1023700,0,0.17728976,0.17545532
1078800,1023800,0,0.28962156,0.28178646
1078900,1023900,0,0.1734438,0.17172526
1079000,1024000,0,0.29362853,0.28547108
1079100,1024100,0,0.28315898,0.27582626
1079200,1024200,0,0.28252608,0.27524141
1079300,1024300,0,0.30567425,0.2964967
1079400,1024400,0,0.17459577,0.17284303
1079500,1024500,0,0.17664012,0.17482561
1079600,1024600,0,0.28347504,0.27611825
1079700,1024700,0,0.29410174,0.28590567
1079800,1024800,0,0.30549359,0.29633191
1079900,1024900,0,0.17561907,0.17383559
1080000,1025000,0,0.28180661,0.27457632
1080100,1025100,0,0.17503201,0.17326621
1080200,1025200,0,0.29284307,0.28474947
1080300,1025300,0,0.18370631,0.18166725
1080400,1025400,0,0.19354702,0.19116591
1080500,1025500,0,0.28673965,0.27913123
1080600,1025600,0,0.17757805,0.17573472
1080700,1025700,0,0.28682621,0.27921105
1080800,1025800,0,0.17903505,0.17714635
1080900,1025900,0,0.17467898,0.17292375
1081000,1026000,0,0.17612964,0.17433068
1081100,1026100,0,0.17315099,0.17144107
1081200,1026200,0,0.30319479,0.29423355
1081300,1026300,0,0.17782685,0.17597582
1081400,1026400,0,0.17955277,0.17764779
1081500,1026500,0,0.28537989,0.27787695
1081600,1026600,0,0.17269234,0.17099586
1081700,1026700,0,0.28303748,0.275714
1081800,1026800,0,0.1732248,0.17151271
1081900,1026900,0,0.17356098,0.17183898
1082000,1027000,0,0.28674952,0.27914033
1082100,1027100,0,0.17306618,0.17135875
1082200,1027200,0,0.28234141,0.27507072
1082300,1027300,0,0.17713767,0.1753079
1082400,1027400,0,0.19566822,0.19320876
1082500,1027500,0,0.2825278,0.275243
1082600,1027600,0,0.17335328,0.17163741
1082700,1027700,0,0.29684511,0.28842281
1082800,1027800,0,0.17403388,0.17229787
1082900,1027900,0,0.29059563,0.28268294
1083000,1028000,0,0.2843614,0.27693683
1083100,1028100,0,0.17601787,0.1742223
1083200,1028200,0,0.19906259,0.19647426
1083300,1028300,0,0.28442809,0.2769984
1083400,1028400,0,0.17646866,0.17465938
1083500,1028500,0,0.28842242,0.28068217
1083600,1028600,0,0.17353986,0.17181848
1083700,1028700,0,0.2813931,0.27419394
1083800,1028800,0,0.17678194,0.17496308
1083900,1028900,0,0.17973676,0.17782596
1084000,1029000,0,0.19833323,0.19577296
1084100,1029100,0,0.20127438,0.19859974
1084200,1029200,0,0.1766352,0.17482083
1084300,1029300,0,0.17367693,0.1719515
1084400,1029400,0,0.28201502,0.274769
1084500,1029500,0,0.28985095,0.28199762
1084600,1029600,0,0.29453562,0.28630403
1084700,1029700,0,0.30949616,0.29997866
1084800,1029800,0,0.20480185,0.2019857
1084900,1029900,0,0.20350912,0.20074539
1085000,1030000,0,0.29929729,0.29066941
1085100,1030100,0,0.29886286,0.29027163
1085200,1030200,0,0.17799534,0.17613909
1085300,1030300,0,0.17348812,0.17176827
1085400,1030400,0,0.20628354,0.20340651
1085500,1030500,0,0.1732865,0.17157259
1085600,1030600,0,0.206904,0.20400123
1085700,1030700,0,0.18546857,0.18337081
1085800,1030800,0,0.28744517,0.27978166
1085900,1030900,0,0.2961909,0.28782291
1086000,1031000,0,0.17446592,0.17271706
1086100,1031100,0,0.18310122,0.18108207
1086200,1031200,0,0.18586693,0.18375574
1086300,1031300,0,0.17386048,0.17212961
1086400,1031400,0,0.29651314,0.28811842
1086500,1031500,0,0.29786353,0.28935623
1086600,1031600,0,0.17752352,0.17568187
1086700,1031700,0,0.29388309,0.28570488
1086800,1031800,0,0.18419456,0.18213935
1086900,1031900,0,0.21088714,0.20781548
1087000,1032000,0,0.28609378,0.27853558
1087100,1032100,0,0.17706471,0.17523719
1087200,1032200,0,0.28796348,0.28025932
1087300,1032300,0,0.17357759,0.1718551
1087400,1032400,0,0.31760558,0.30734027
1087500,1032500,0,0.17344278,0.17172426
1087600,1032600,0,0.17333895,0.17162349
1087700,1032700,0,0.28901148,0.28122472
1087800,1032800,0,0.17363694,0.1719127
1087900,1032900,0,0.17971027,0.17780031
1088000,1033000,0,0.29141316,0.28343497
1088100,1033100,0,0.28986302,0.28200873
1088200,1033200,0,0.21229344,0.20916066
1088300,1033300,0,0.32127249,0.31065706
1088400,1033400,0,0.3138298,0.30391719
1088500,1033500,0,0.17451659,0.17276621
1088600,1033600,0,0.29231355,0.28426281
1088700,1033700,0,0.18095265,0.17900315
1088800,1033800,0,0.21103746,0.20795931
1088900,1033900,0,0.32873475,0.31738343
1089000,1034000,0,0.21047049,0.20741679
1089100,1034100,0,0.17635268,0.17454694
1089200,1034200,0,0.29782007,0.28931641
1089300,1034300,0,0.17982468,0.1779111
1089400,1034400,0,0.17470147,0.17294557
1089500,1034500,0,0.1758206,0.17403101
1089600,1034600,0,0.18022005,0.17829393
1089700,1034700,0,0.21189663,0.20878117
1089800,1034800,0,0.17665426,0.17483931
1089900,1034900,0,0.17734175,0.17550571
1090000,1035000,0,0.29387559,0.28569799
1090100,1035100,0,0.17540474,0.17362772
1090200,1035200,0,0.2995298,0.29088226
1090300,1035300,0,0.29093716,0.28299715
1090400,1035400,0,0.17559887,0.173816
1090500,1035500,0,0.30342298,0.29444197
1090600,1035600,0,0.17518538,0.17341497
1090700,1035700,0,0.18192783,0.17994692
1090800,1035800,0,0.21358236,0.21039285
1090900,1035900,0,0.18144164,0.17947643
1091000,1036000,0,0.28817747,0.2804565
1091100,1036100,0,0.29121767,0.28325517
1091200,1036200,0,0.29371042,0.2855463
1091300,1036300,0,0.31130733,0.30162596
1091400,1036400,0,0.1790983,0.17720762
1091500,1036500,0,0.17483257,0.17307274
1091600,1036600,0,0.21118492,0.20810038
1091700,1036700,0,0.17684138,0.17502071
1091800,1036800,0,0.31023573,0.30065154
1091900,1036900,0,0.30025274,0.29154389
1092000,1037000,0,0.17657627,0.1747637
1092100,1037100,0,0.20931796,0.20631358
1092200,1037200,0,0.1874469,0.18528192
1092300,1037300,0,0.3216158,0.3109672
1092400,1037400,0,0.30325937,0.29429254
1092500,1037500,0,0.28808056,0.28036721
1092600,1037600,0,0.29608194,0.28772298
1092700,1037700,0,0.189891,0.18764105
1092800,1037800,0,0.21151868,0.20841967
1092900,1037900,0,0.323243,0.3124363
1093000,1038000,0,0.29766703,0.28917618
1093100,1038100,0,0.2926644,0.28458528
1093200,1038200,0,0.18743719,0.18527255
1093300,1038300,0,0.30886982,0.29940858
1093400,1038400,0,0.20925958,0.20625769
1093500,1038500,0,0.29089857,0.28296165
1093600,1038600,0,0.17353572,0.17181446
1093700,1038700,0,0.20929812,0.20629459
1093800,1038800,0,0.30019251,0.29148877
1093900,1038900,0,0.17495254,0.17318912
1094000,1039000,0,0.21680508,0.21347082
1094100,1039100,0,0.17546722,0.17368832
1094200,1039200,0,0.21278857,0.20963407
1094300,1039300,0,0.30885006,0.29939059
1094400,1039400,0,0.29003373,0.28216586
1094500,1039500,0,0.1738014,0.17207229
1094600,1039600,0,0.29801758,0.28949738
1094700,1039700,0,0.18460528,0.18253642
1094800,1039800,0,0.32116431,0.31055931
1094900,1039900,0,0.30392601,0.29490132
1095000,1040000,0,0.17570625,0.17392013
1095100,1040100,0,0.28840499,0.28066611
1095200,1040200,0,0.30024023,0.29153244
1095300,1040300,0,0.29379784,0.28562658
1095400,1040400,0,0.20479011,0.20197444
1095500,1040500,0,0.18260321,0.18060035
1095600,1040600,0,0.28926412,0.28145737
1095700,1040700,0,0.18404423,0.18199401
1095800,1040800,0,0.20556738,0.20271989
1095900,1040900,0,0.29135848,0.28338468
1096000,1041000,0,0.17782993,0.1759788
1096100,1041100,0,0.2844965,0.27706157
1096200,1041200,0,0.18597465,0.18385983
1096300,1041300,0,0.20600905,0.20314337
1096400,1041400,0,0.31106794,0.30140833
1096500,1041500,0,0.20403382,0.20124888
1096600,1041600,0,0.20587954,0.20301919
1096700,1041700,0,0.17926987,0.1773738
1096800,1041800,0,0.2044515,0.20164962
1096900,1041900,0,0.30858912,0.29915302
1097000,1042000,0,0.28687341,0.27925457
1097100,1042100,0,0.23441553,0.23021409
1097200,1042200,0,0.18039331,0.17846168
1097300,1042300,0,0.17701005,0.1751842
1097400,1042400,0,0.28351976,0.27615956
1097500,1042500,0,0.18419568,0.18214043
1097600,1042600,0,0.28537334,0.2778709
1097700,1042700,0,0.18209229,0.18010605
1097800,1042800,0,0.2015651,0.19887898
1097900,1042900,0,0.2953409,0.28704313
1098000,1043000,0,0.3034787,0.29449286
1098100,1043100,0,0.29584416,0.28750486
1098200,1043200,0,0.18618124,0.18405943
1098300,1043300,0,0.18149146,0.17952465
1098400,1043400,0,0.20193462,0.19923386
1098500,1043500,0,0.28418902,0.27677766
1098600,1043600,0,0.2830968,0.27576881
1098700,1043700,0,0.28212258,0.27486844
1098800,1043800,0,0.17709091,0.17526258
1098900,1043900,0,0.29227743,0.28422961
1099000,1044000,0,0.30143595,0.29262615
1099100,1044100,0,0.20203174,0.19932712
1099200,1044200,0,0.29029142,0.28240301
1099300,1044300,0,0.18087068,0.1789238
1099400,1044400,0,0.29809795,0.28957102
1099500,1044500,0,0.29796234,0.28944677
1099600,1044600,0,0.22562849,0.2218761
1099700,1044700,0,0.17812116,0.17626101
1099800,1044800,0,0.17366765,0.17194249
1099900,1044900,0,0.30029682,0.29158422
1100000,1045000,0,0.17384485,0.17211445
1100100,1045100,0,0.18568449,0.18357946
1100200,1045200,0,0.28446898,0.27703616
1100300,1045300,0,0.30292403,0.29398621
1100400,1045400,0,0.28959676,0.28176363
1100500,1045500,0,0.2889806,0.28119629
1100600,1045600,0,0.19676271,0.19426217
1100700,1045700,0,0.30348259,0.29449642
1100800,1045800,0,0.30715376,0.29784556
1100900,1045900,0,0.29560224,0.28728293
1101000,1046000,0,0.31406159,0.30412755
1101100,1046100,0,0.19374264,0.19135437
1101200,1046200,0,0.19762405,0.19509087
1101300,1046300,0,0.28367217,0.27630034
1101400,1046400,0,0.29177275,0.28376564
1101500,1046500,0,0.17623813,0.17443588
1101600,1046600,0,0.19293148,0.19057279
1101700,1046700,0,0.19771996,0.19518312
1101800,1046800,0,0.27997353,0.27288059
1101900,1046900,0,0.27935854,0.27231129
1102000,1047000,0,0.3009714,0.29220132
1102100,1047100,0,0.18559138,0.18348949
1102200,1047200,0,0.2858723,0.27833127
1102300,1047300,0,0.17702175,0.17519555
1102400,1047400,0,0.29256253,0.28449165
1102500,1047500,0,0.17408089,0.17234349
1102600,1047600,0,0.1776688,0.17582266
1102700,1047700,0,0.19466412,0.19224195
1102800,1047800,0,0.18224542,0.18025421
1102900,1047900,0,0.27915317,0.27212113
1103000,1048000,0,0.19882144,0.19624241
1103100,1048100,0,0.18969733,0.18745418
1103200,1048200,0,0.28415766,0.2767487
1103300,1048300,0,0.18172713,0.17975271
1103400,1048400,0,0.30216907,0.29329635
1103500,1048500,0,0.28448916,0.27705479
1103600,1048600,0,0.28109466,0.27391791
1103700,1048700,0,0.27776737,0.27083748
1103800,1048800,0,0.17941423,0.17751361
1103900,1048900,0,0.20103376,0.19836861
1104000,1049000,0,0.30022883,0.29152201
1104100,1049100,0,0.1874003,0.18523692
1104200,1049200,0,0.28824818,0.28052164
1104300,1049300,0,0.30151118,0.29269494
1104400,1049400,0,0.19174146,0.18942573
1104500,1049500,0,0.1907832,0.18850169
1104600,1049600,0,0.1965073,0.19401639
1104700,1049700,0,0.29856656,0.29000027
1104800,1049800,0,0.17563429,0.17385035
1104900,1049900,0,0.30132703,0.29252656
1105000,1050000,0,0.19502845,0.1925928
1105100,1050100,0,0.18901824,0.18679888
1105200,1050200,0,0.19044826,0.18817863
1105300,1050300,0,0.17504441,0.17327823
1105400,1050400,0,0.18832541,0.18613014
1105500,1050500,0,0.28107882,0.27390326
1105600,1050600,0,0.18732183,0.18516114
1105700,1050700,0,0.1919395,0.18961666
1105800,1050800,0,0.17660684,0.17479334
1105900,1050900,0,0.18928491,0.18705623
1106000,1051000,0,0.17471655,0.1729602
1106100,1051100,0,0.1872605,0.18510192
1106200,1051200,0,0.17471473,0.17295844
1106300,1051300,0,0.30449985,0.29542517
1106400,1051400,0,0.28500025,0.27752659
1106500,1051500,0,0.28938274,0.28156659
1106600,1051600,0,0.2289103,0.22499406
1106700,1051700,0,0.28879408,0.28102451
1106800,1051800,0,0.28441893,0.27698995
1106900,1051900,0,0.27732441,0.27042696
1107000,1052000,0,0.28458056,0.27713917
1107100,1052100,0,0.27571183,0.26893165
1107200,1052200,0,0.28452791,0.27709056
1107300,1052300,0,0.30161672,0.29279144
1107400,1052400,0,0.17362475,0.17190086
1107500,1052500,0,0.1821369,0.18014921
1107600,1052600,0,0.1733648,0.17164858
1107700,1052700,0,0.27312336,0.26652873
1107800,1052800,0,0.27440612,0.26771996
1107900,1052900,0,0.17509694,0.17332918
1108000,1053000,0,0.17535658,0.17358102
1108100,1053100,0,0.27527228,0.26852384
1108200,1053200,0,0.17981074,0.17789761
1108300,1053300,0,0.29677331,0.28835698
1108400,1053400,0,0.27845246,0.2714722
1108500,1053500,0,0.17536816,0.17359224
1108600,1053600,0,0.27120975,0.26475015
1108700,1053700,0,0.17639932,0.17459216
1108800,1053800,0,0.30504202,0.29591995
1108900,1053900,0,0.2922826,0.28423437
1109000,1054000,0,0.27177356,0.26527436
1109100,1054100,0,0.2786167,0.27162432
1109200,1054200,0,0.18765424,0.18548213
1109300,1054300,0,0.28576946,0.27823639
1109400,1054400,0,0.17607732,0.17427995
1109500,1054500,0,0.1757754,0.17398719
1109600,1054600,0,0.17251667,0.17082532
1109700,1054700,0,0.26766631,0.261452
1109800,1054800,0,0.18255218,0.18055099
1109900,1054900,0,0.17605485,0.17425816
1110000,1055000,0,0.17345741,0.17173846
1110100,1055100,0,0.17711509,0.17528602
1110200,1055200,0,0.28656081,0.27896632
1110300,1055300,0,0.17117557,0.16952306
1110400,1055400,0,0.18007994,0.17815827
1110500,1055500,0,0.27181745,0.26531516
1110600,1055600,0,0.26497606,0.25894389
1110700,1055700,0,0.17417862,0.17243831
1110800,1055800,0,0.26647475,0.26034155
1110900,1055900,0,0.16982931,0.16821519
1111000,1056000,0,0.18396741,0.18191973
1111100,1056100,0,0.27049571,0.26408603
1111200,1056200,0,0.17921398,0.17731966
1111300,1056300,0,0.17385117,0.17212058
1111400,1056400,0,0.2848218,0.27736187
1111500,1056500,0,0.17594776,0.17415432
1111600,1056600,0,0.26480585,0.25878509
1111700,1056700,0,0.18891766,0.1867018
1111800,1056800,0,0.29558906,0.28727083
1111900,1056900,0,0.28258246,0.27529352
1112000,1057000,0,0.17571432,0.17392796
1112100,1057100,0,0.17960045,0.17769396
1112200,1057200,0,0.27736989,0.27046911
1112300,1057300,0,0.26495622,0.25892538
1112400,1057400,0,0.2837234,0.27634766
1112500,1057500,0,0.17750807,0.1756669
1112600,1057600,0,0.1933171,0.19094438
1112700,1057700,0,0.28690015,0.27927922
1112800,1057800,0,0.2907722,0.28284539
1112900,1057900,0,0.26247332,0.25660745
1113000,1058000,0,0.17618543,0.17438477
1113100,1058100,0,0.26329864,0.25737826
1113200,1058200,0,0.26541726,0.25935546
1113300,1058300,0,0.27235737,0.265817
1113400,1058400,0,0.17436455,0.17261871
1113500,1058500,0,0.26085634,0.25509632
1113600,1058600,0,0.16898637,0.16739599
1113700,1058700,0,0.17820945,0.17634655
1113800,1058800,0,0.27827474,0.27130757
1113900,1058900,0,0.26791367,0.26168243
1114000,1059000,0,0.17431898,0.1725745
1114100,1059100,0,0.17586833,0.1740773
1114200,1059200,0,0.16413351,0.16267531
1114300,1059300,0,0.26743179,0.26123349
1114400,1059400,0,0.2672506,0.26106466
1114500,1059500,0,0.26191518,0.25608599
1114600,1059600,0,0.16725889,0.16571643
1114700,1059700,0,0.19233871,0.19000149
1114800,1059800,0,0.16707268,0.16553533
1114900,1059900,0,0.28766595,0.27998514
1115000,1060000,0,0.17393435,0.1722013
1115100,1060100,0,0.16315985,0.16172727
1115200,1060200,0,0.18634619,0.18421878
1115300,1060300,0,0.16588968,0.16438452
1115400,1060400,0,0.28519301,0.27770449
1115500,1060500,0,0.17425082,0.17250837
1115600,1060600,0,0.26295967,0.25706172
1115700,1060700,0,0.16364569,0.16220037
1115800,1060800,0,0.27217375,0.26564635
1115900,1060900,0,0.17392462,0.17219186
1116000,1061000,0,0.26227149,0.2564189
1116100,1061100,0,0.17585636,0.1740657
1116200,1061200,0,0.16178127,0.16038444
1116300,1061300,0,0.25669968,0.25120605
1116400,1061400,0,0.17440864,0.17266149
1116500,1061500,0,0.26947021,0.26313179
1116600,1061600,0,0.26445513,0.25845782
1116700,1061700,0,0.17433491,0.17258995
1116800,1061800,0,0.26068677,0.25493778
1116900,1061900,0,0.25572024,0.2502882
1117000,1062000,0,0.29983457,0.29116121
1117100,1062100,0,0.16317528,0.1617423
1117200,1062200,0,0.25931659,0.25365621
1117300,1062300,0,0.17370656,0.17198026
1117400,1062400,0,0.1756904,0.17390476
1117500,1062500,0,0.17343057,0.17171241
1117600,1062600,0,0.25716283,0.25163992
1117700,1062700,0,0.17758737,0.17574375
1117800,1062800,0,0.28763142,0.27995332
1117900,1062900,0,0.27908062,0.27205396
1118000,1063000,0,0.17470818,0.17295208
1118100,1063100,0,0.25748809,0.25194456
1118200,1063200,0,0.26548782,0.25942127
1118300,1063300,0,0.2537821,0.24847058
1118400,1063400,0,0.17401546,0.17228001
1118500,1063500,0,0.15400525,0.15279914
1118600,1063600,0,0.17314505,0.1714353
1118700,1063700,0,0.17311492,0.17140606
1118800,1063800,0,0.25934089,0.25367894
1118900,1063900,0,0.17548344,0.17370405
1119000,1064000,0,0.256454,0.25097586
1119100,1064100,0,0.26464801,0.25863781
1119200,1064200,0,0.17406504,0.17232811
1119300,1064300,0,0.26391722,0.25795578
1119400,1064400,0,0.26116464,0.25538454
1119500,1064500,0,0.17329366,0.17157954
1119600,1064600,0,0.15551124,0.15426964
1119700,1064700,0,0.15628403,0.15502395
1119800,1064800,0,0.15408444,0.15287649
1119900,1064900,0,0.27023789,0.26384618
1120000,1065000,0,0.17380521,0.17207599
1120100,1065100,0,0.18019097,0.17826577
1120200,1065200,0,0.26220465,0.25635646
1120300,1065300,0,0.25794462,0.25237206
1120400,1065400,0,0.25585394,0.25041351
1120500,1065500,0,0.15011279,0.14899532
1120600,1065600,0,0.18003367,0.17811347
1120700,1065700,0,0.15288127,0.15170122
1120800,1065800,0,0.25124417,0.24608784
1120900,1065900,0,0.2529348,0.24767543
1121000,1066000,0,0.17468615,0.17293071
1121100,1066100,0,0.19346858,0.19109033
1121200,1066200,0,0.14845837,0.14737724
1121300,1066300,0,0.15020351,0.14908403
1121400,1066400,0,0.18201293,0.18002926
1121500,1066500,0,0.1519062,0.15074845
1121600,1066600,0,0.15057032,0.14944267
1121700,1066700,0,0.14625547,0.14522148
1121800,1066800,0,0.24404354,0.23931138
1121900,1066900,0,0.25544748,0.2500325
1122000,1067000,0,0.17553981,0.17375872
1122100,1067100,0,0.21888223,0.21545244
1122200,1067200,0,0.17586462,0.1740737
1122300,1067300,0,0.17551634,0.17373596
1122400,1067400,0,0.24239491,0.23775656
1122500,1067500,0,0.17628745,0.17448369
1122600,1067600,0,0.25100149,0.24585985
1122700,1067700,0,0.24726587,0.24234683
1122800,1067800,0,0.25387666,0.2485593
1122900,1067900,0,0.2448141,0.24003769
1123000,1068000,0,0.25603926,0.2505872
1123100,1068100,0,0.25008294,0.24499663
1123200,1068200,0,0.17366926,0.17194406
1123300,1068300,0,0.14997138,0.14885705
1123400,1068400,0,0.14541883,0.14440239
1123500,1068500,0,0.17999907,0.17807996
1123600,1068600,0,0.17986025,0.17794555
1123700,1068700,0,0.14609848,0.1450678
1123800,1068800,0,0.2506013,0.24548381
1123900,1068900,0,0.24678154,0.24189088
1124000,1069000,0,0.255097,0.2497039
1124100,1069100,0,0.2621714,0.25632539
1124200,1069200,0,0.17582221,0.17403258
1124300,1069300,0,0.2455192,0.24070204
1124400,1069400,0,0.1735319,0.17181076
1124500,1069500,0,0.1414542,0.14051822
1124600,1069600,0,0.25192133,0.24672389
1124700,1069700,0,0.24480096,0.2400253
1124800,1069800,0,0.24926609,0.24422865
1124900,1069900,0,0.17414215,0.17240293
1125000,1070000,0,0.1778995,0.17604622
1125100,1070100,0,0.26724415,0.26105865
1125200,1070200,0,0.1771222,0.17529291
1125300,1070300,0,0.24557292,0.24075265
1125400,1070400,0,0.17448905,0.1727395
1125500,1070500,0,0.1995732,0.19696511
1125600,1070600,0,0.14751103,0.14645034
1125700,1070700,0,0.14071254,0.13979114
1125800,1070800,0,0.25347461,0.24818206
1125900,1070900,0,0.25003616,0.24495265
1126000,1071000,0,0.24248337,0.23784002
1126100,1071100,0,0.1878205,0.18564268
1126200,1071200,0,0.24014315,0.23563096
1126300,1071300,0,0.13427143,0.13347029
1126400,1071400,0,0.17718474,0.17535352
1126500,1071500,0,0.24321979,0.23853466
1126600,1071600,0,0.17306267,0.17135534
1126700,1071700,0,0.13372024,0.13292888
1126800,1071800,0,0.24857983,0.24358322
1126900,1071900,0,0.13082725,0.13008592
1127000,1072000,0,0.23506123,0.23082548
1127100,1072100,0,0.24144986,0.23686474
1127200,1072200,0,0.12867275,0.12796729
1127300,1072300,0,0.17441372,0.17266642
1127400,1072400,0,0.1734199,0.17170206
1127500,1072500,0,0.17432517,0.17258051
1127600,1072600,0,0.23903583,0.23458484
1127700,1072700,0,0.25116764,0.24601595
1127800,1072800,0,0.1737241,0.17199727
1127900,1072900,0,0.12724388,0.12656156
1128000,1073000,0,0.24064887,0.23610854
1128100,1073100,0,0.1787003,0.17682209
1128200,1073200,0,0.24727792,0.24235817
1128300,1073300,0,0.17314674,0.17143694
1128400,1073400,0,0.12736592,0.12668165
1128500,1073500,0,0.24266245,0.23800897
1128600,1073600,0,0.14632469,0.14528925
1128700,1073700,0,0.17628126,0.17447769
1128800,1073800,0,0.13173281,0.13097606
1128900,1073900,0,0.1243156,0.12367913
1129000,1074000,0,0.17468836,0.17293285
1129100,1074100,0,0.2417386,0.23713725
1129200,1074200,0,0.24525458,0.24045274
1129300,1074300,0,0.17416535,0.17242544
1129400,1074400,0,0.25594503,0.25049888
1129500,1074500,0,0.17436715,0.17262124
1129600,1074600,0,0.12370424,0.12307708
1129700,1074700,0,0.19546869,0.19301667
1129800,1074800,0,0.11786588,0.11732308
1129900,1074900,0,0.11524174,0.11473428
1130000,1075000,0,0.24208302,0.23746229
1130100,1075100,0,0.17414549,0.17240617
1130200,1075200,0,0.24184497,0.23723764
1130300,1075300,0,0.11594828,0.11543146
1130400,1075400,0,0.17388427,0.17215271
1130500,1075500,0,0.11151935,0.11105933
1130600,1075600,0,0.22848765,0.22459277
1130700,1075700,0,0.1738161,0.17208655
1130800,1075800,0,0.22828502,0.22440036
1130900,1075900,0,0.11488907,0.11438623
1131000,1076000,0,0.23553093,0.2312701
1131100,1076100,0,0.17444815,0.17269982
1131200,1076200,0,0.17963551,0.17772792
1131300,1076300,0,0.11455027,0.11405185
1131400,1076400,0,0.23993662,0.23543588
1131500,1076500,0,0.23059393,0.22659186
1131600,1076600,0,0.17612696,0.17432808
1131700,1076700,0,0.1823047,0.18031156
1131800,1076800,0,0.17446326,0.17271448
1131900,1076900,0,0.10929811,0.10886495
1132000,1077000,0,0.17333072,0.1716155
1132100,1077100,0,0.10863407,0.10820874
1132200,1077200,0,0.1753929,0.17361624
1132300,1077300,0,0.24058153,0.23604495
1132400,1077400,0,0.23604479,0.23175642
1132500,1077500,0,0.17371404,0.17198751
1132600,1077600,0,0.22424451,0.22055985
1132700,1077700,0,0.23141434,0.22737001
1132800,1077800,0,0.22222869,0.21864124
1132900,1077900,0,0.23900722,0.23455781
1133000,1078000,0,0.22592453,0.22215754
1133100,1078100,0,0.17940318,0.17750292
1133200,1078200,0,0.1797931,0.17788052
1133300,1078300,0,0.2546153,0.24925218
1133400,1078400,0,0.24232735,0.23769282
1133500,1078500,0,0.17408172,0.17234429
1133600,1078600,0,0.10331097,0.10294498
1133700,1078700,0,0.2492813,0.24424296
1133800,1078800,0,0.23443604,0.23023352
1133900,1078900,0,0.22812216,0.22424569
1134000,1079000,0,0.17429543,0.17255164
1134100,1079100,0,0.10892452,0.10849578
1134200,1079200,0,0.1780243,0.17616715
1134300,1079300,0,0.10371376,0.10334348
1134400,1079400,0,0.22792169,0.22405529
1134500,1079500,0,0.17649031,0.17468037
1134600,1079600,0,0.27173797,0.26524128
1134700,1079700,0,0.17493072,0.17316796
1134800,1079800,0,0.09994871,0.099617214
1134900,1079900,0,0.22659632,0.22279609
1135000,1080000,0,0.22696956,0.22315077
1135100,1080100,0,0.18137929,0.17941609
1135200,1080200,0,0.22642722,0.22263538
1135300,1080300,0,0.097352859,0.097046464
1135400,1080400,0,0.2248701,0.22115493
1135500,1080500,0,0.2311204,0.22709124
1135600,1080600,0,0.22174113,0.21817694
1135700,1080700,0,0.17423444,0.17249247
1135800,1080800,0,0.094843976,0.09456061
1135900,1080900,0,0.22892069,0.22500394
1136000,1081000,0,0.23465349,0.23043942
1136100,1081100,0,0.22012416,0.2166364
1136200,1081200,0,0.17475531,0.1729978
1136300,1081300,0,0.21711847,0.21376991
1136400,1081400,0,0.17345526,0.17173637
1136500,1081500,0,0.17510078,0.17333292
1136600,1081600,0,0.2219922,0.21841605
1136700,1081700,0,0.18317291,0.18115141
1136800,1081800,0,0.22756473,0.22371623
1136900,1081900,0,0.17579013,0.17400147
1137000,1082000,0,0.24867947,0.24367694
1137100,1082100,0,0.22737548,0.22353644
1137200,1082200,0,0.22179801,0.21823111
1137300,1082300,0,0.17856498,0.176691
1137400,1082400,0,0.22013228,0.21664414
1137500,1082500,0,0.22442408,0.22073067
1137600,1082600,0,0.08578322,0.085573418
1137700,1082700,0,0.21672483,0.21339422
1137800,1082800,0,0.17371147,0.17198502
1137900,1082900,0,0.22467046,0.22096504
1138000,1083000,0,0.21422339,0.21100543
1138100,1083100,0,0.085123416,0.084918409
1138200,1083200,0,0.21490536,0.21165694
1138300,1083300,0,0.1749965,0.17323176
1138400,1083400,0,0.22051412,0.21700802
1138500,1083500,0,0.085131947,0.084926878
1138600,1083600,0,0.17375685,0.17202905
1138700,1083700,0,0.21427697,0.21105662
1138800,1083800,0,0.17375094,0.17202332
1138900,1083900,0,0.17506743,0.17330056
1139000,1084000,0,0.21446067,0.21123213
1139100,1084100,0,0.17399367,0.17225886
1139200,1084200,0,0.083558388,0.083364461
1139300,1084300,0,0.21701717,0.21367324
1139400,1084400,0,0.083608076,0.083413804
1139500,1084500,0,0.2113991,0.20830528
1139600,1084600,0,0.17405365,0.17231706
1139700,1084700,0,0.21178948,0.20867869
1139800,1084800,0,0.17400503,0.17226988
1139900,1084900,0,0.21787356,0.21449038
1140000,1085000,0,0.21166953,0.20856396
1140100,1085100,0,0.21744046,0.21407717
1140200,1085200,0,0.18061396,0.17867529
1140300,1085300,0,0.082357489,0.082171789
1140400,1085400,0,0.22174335,0.21817906
1140500,1085500,0,0.08110371,0.080926348
1140600,1085600,0,0.08126578,0.081087355
1140700,1085700,0,0.083241457,0.083049724
1140800,1085800,0,0.21774055,0.21436348
1140900,1085900,0,0.082880498,0.082691245
1141000,1086000,0,0.081049943,0.080872933
1141100,1086100,0,0.17405107,0.17231455
1141200,1086200,0,0.21195371,0.20883576
1141300,1086300,0,0.17429189,0.17254822
1141400,1086400,0,0.21198297,0.20886374
1141500,1086500,0,0.21143285,0.20833756
1141600,1086600,0,0.18348313,0.18145143
1141700,1086700,0,0.21400657,0.21079825
1141800,1086800,0,0.17320544,0.17149391
1141900,1086900,0,0.21580635,0.2125174
1142000,1087000,0,0.21545534,0.21218222
1142100,1087100,0,0.18368044,0.18164224
1142200,1087200,0,0.17741289,0.17557465
1142300,1087300,0,0.17351306,0.17179247
1142400,1087400,0,0.22382433,0.22016007
1142500,1087500,0,0.21107977,0.20799979
1142600,1087600,0,0.22666875,0.22286492
1142700,1087700,0,0.18181638,0.17983908
1142800,1087800,0,0.082021137,0.081837699
1142900,1087900,0,0.17385399,0.17212332
1143000,1088000,0,0.21653356,0.21321166
1143100,1088100,0,0.21378052,0.21058223
1143200,1088200,0,0.17558834,0.17380579
1143300,1088300,0,0.22775415,0.22389616
1143400,1088400,0,0.2203663,0.21686716
1143500,1088500,0,0.083095741,0.082905011
1143600,1088600,0,0.21666176,0.21333403
1143700,1088700,0,0.17291175,0.17120885
1143800,1088800,0,0.21246187,0.20932171
1143900,1088900,0,0.21575798,0.21247121
1144000,1089000,0,0.083111631,0.082920792
1144100,1089100,0,0.21526632,0.2120017
1144200,1089200,0,0.17337979,0.17166313
1144300,1089300,0,0.21362128,0.21043005
1144400,1089400,0,0.17428618,0.17254268
1144500,1089500,0,0.084354088,0.084154579
1144600,1089600,0,0.21752564,0.21415844
1144700,1089700,0,0.18075915,0.17881584
1144800,1089800,0,0.21713206,0.21378288
1144900,1089900,0,0.175217,0.17344564
1145000,1090000,0,0.21633166,0.21301893
1145100,1090100,0,0.18414411,0.18209057
1145200,1090200,0,0.22074759,0.21723049
1145300,1090300,0,0.2159259,0.21263155
1145400,1090400,0,0.23415787,0.22997007
1145500,1090500,0,0.086101352,0.085889212
1145600,1090600,0,0.17497342,0.17320937
1145700,1090700,0,0.089082399,0.088847502
1145800,1090800,0,0.2161481,0.21284369
1145900,1090900,0,0.21391461,0.21071038
1146000,1091000,0,0.21291058,0.20975072
1146100,1091100,0,0.18766107,0.18548873
1146200,1091200,0,0.1741636,0.17242374
1146300,1091300,0,0.17560408,0.17382105
1146400,1091400,0,0.092205404,0.091944984
1146500,1091500,0,0.2321813,0.22809719
1146600,1091600,0,0.21578433,0.21249638
1146700,1091700,0,0.21429458,0.21107344
1146800,1091800,0,0.17356889,0.17184665
1146900,1091900,0,0.21630839,0.21299672
1147000,1092000,0,0.089984519,0.089742429
1147100,1092100,0,0.21764974,0.21427685
1147200,1092200,0,0.19481609,0.1923883
1147300,1092300,0,0.17726462,0.17543095
1147400,1092400,0,0.22719868,0.22336847
1147500,1092500,0,0.22027084,0.21677619
1147600,1092600,0,0.21645366,0.21313539
1147700,1092700,0,0.21950287,0.21604418
1147800,1092800,0,0.18193748,0.17995625
1147900,1092900,0,0.096212321,0.095916543
1148000,1093000,0,0.094313181,0.094034535
1148100,1093100,0,0.17514832,0.17337903
1148200,1093200,0,0.2172558,0.21390096
1148300,1093300,0,0.22829891,0.22441355
1148400,1093400,0,0.22012896,0.21664097
1148500,1093500,0,0.094627025,0.094345594
1148600,1093600,0,0.22627906,0.22249455
1148700,1093700,0,0.1889107,0.18669509
1148800,1093800,0,0.22790234,0.22403692
1148900,1093900,0,0.23004889,0.22607475
1149000,1094000,0,0.22643132,0.22263927
1149100,1094100,0,0.21945155,0.21599526
1149200,1094200,0,0.18047428,0.17854006
1149300,1094300,0,0.21895297,0.21551989
1149400,1094400,0,0.22146456,0.21791352
1149500,1094500,0,0.22215008,0.21856639
1149600,1094600,0,0.10141968,0.10107337
1149700,1094700,0,0.22483959,0.2211259
1149800,1094800,0,0.21810452,0.21471071
1149900,1094900,0,0.23226267,0.22817432
1150000,1095000,0,0.21814968,0.21475378
1150100,1095100,0,0.1869663,0.18481778
1150200,1095200,0,0.23795965,0.23356763
1150300,1095300,0,0.23533803,0.23108752
1150400,1095400,0,0.17357121,0.1718489
1150500,1095500,0,0.22191458,0.21834213
1150600,1095600,0,0.10083108,0.10049075
1150700,1095700,0,0.18677716,0.1846351
1150800,1095800,0,0.23733325,0.23297532
1150900,1095900,0,0.22037539,0.21687582
1151000,1096000,0,0.22080152,0.21728187
1151100,1096100,0,0.22303107,0.21940513
1151200,1096200,0,0.17320483,0.17149332
1151300,1096300,0,0.22069385,0.21717929
1151400,1096400,0,0.17365209,0.17192739
1151500,1096500,0,0.21908787,0.21564852
1151600,1096600,0,0.1025139,0.1021563
1151700,1096700,0,0.17494943,0.17318611
1151800,1096800,0,0.23719838,0.23284776
1151900,1096900,0,0.17547433,0.17369521
1152000,1097000,0,0.10401361,0.10364012
1152100,1097100,0,0.19122518,0.18892793
1152200,1097200,0,0.18621024,0.18408744
1152300,1097300,0,0.23886543,0.23442382
1152400,1097400,0,0.18538396,0.18328904
1152500,1097500,0,0.23735132,0.23299241
1152600,1097600,0,0.22348267,0.21983495
1152700,1097700,0,0.17502164,0.17325615
1152800,1097800,0,0.22329287,0.21965431
1152900,1097900,0,0.17444504,0.1726968
1153000,1098000,0,0.2224923,0.21889224
1153100,1098100,0,0.22266716,0.21905872
1153200,1098200,0,0.17381811,0.1720885
1153300,1098300,0,0.18045271,0.17851918
1153400,1098400,0,0.17647429,0.17466484
1153500,1098500,0,0.10340619,0.10303919
1153600,1098600,0,0.22505742,0.22133307
1153700,1098700,0,0.17346183,0.17174275
1153800,1098800,0,0.17773735,0.1758891
1153900,1098900,0,0.18320633,0.18118374
1154000,1099000,0,0.22615207,0.22237385
1154100,1099100,0,0.23550178,0.23124251
1154200,1099200,0,0.19044352,0.18817406
1154300,1099300,0,0.10558693,0.10519629
1154400,1099400,0,0.22089151,0.21736761
1154500,1099500,0,0.10858832,0.10816352
1154600,1099600,0,0.22196293,0.21838817
1154700,1099700,0,0.18352314,0.18149013
1154800,1099800,0,0.18457769,0.18250975
1154900,1099900,0,0.17350542,0.17178506
1155000,1100000,0,0.104681,0.1043003
1155100,1100100,0,0.17475352,0.17299606
1155200,1100200,0,0.18106469,0.1791116
1155300,1100300,0,0.2334311,0.22928163
1155400,1100400,0,0.18076234,0.17881893
1155500,1100500,0,0.2256642,0.22191005
1155600,1100600,0,0.22737414,0.22353517
1155700,1100700,0,0.17649002,0.17468009
1155800,1100800,0,0.22450313,0.22080587
1155900,1100900,0,0.22424971,0.2205648
1156000,1101000,0,0.222601,0.21899572
1156100,1101100,0,0.18908113,0.18685957
1156200,1101200,0,0.17433153,0.17258667
1156300,1101300,0,0.19693491,0.19442786
1156400,1101400,0,0.22329351,0.21965493
1156500,1101500,0,0.22410551,0.22042761
1156600,1101600,0,0.25514637,0.24975019
1156700,1101700,0,0.17384103,0.17211075
1156800,1101800,0,0.18211657,0.18012954
1156900,1101900,0,0.23030313,0.22631597
1157000,1102000,0,0.23133295,0.22729282
1157100,1102100,0,0.23716834,0.23281935
1157200,1102200,0,0.17254469,0.17085253
1157300,1102300,0,0.24892866,0.24391132
1157400,1102400,0,0.24849763,0.24350589
1157500,1102500,0,0.23707838,0.23273426
1157600,1102600,0,0.11545653,0.11494623
1157700,1102700,0,0.17653135,0.17472015
1157800,1102800,0,0.19435027,0.19193968
1157900,1102900,0,0.24613591,0.24128294
1158000,1103000,0,0.23792571,0.23353554
1158100,1103100,0,0.23860091,0.23417382
1158200,1103200,0,0.17410347,0.1723654
1158300,1103300,0,0.18179603,0.17981939
1158400,1103400,0,0.17395208,0.1722185
1158500,1103500,0,0.2857215,0.27819214
1158600,1103600,0,0.14866876,0.14758304
1158700,1103700,0,0.17505076,0.17328439
1158800,1103800,0,0.15462232,0.15340175
1158900,1103900,0,0.17458071,0.17282842
1159000,1104000,0,0.162179,0.16077192
1159100,1104100,0,0.1745867,0.17283423
1159200,1104200,0,0.17881181,0.17693012
1159300,1104300,0,0.18590439,0.18379194
1159400,1104400,0,0.17367472,0.17194936
1159500,1104500,0,0.30435394,0.29529199
1159600,1104600,0,0.30972537,0.30018723
1159700,1104700,0,0.17515799,0.1733884
1159800,1104800,0,0.19077378,0.1884926
1159900,1104900,0,0.31309693,0.30325186
1160000,1105000,0,0.32155837,0.31091532
1160100,1105100,0,0.18586752,0.18375632
1160200,1105200,0,0.17676008,0.17494189
1160300,1105300,0,0.1727379,0.17104009
1160400,1105400,0,0.30978876,0.30024491
1160500,1105500,0,0.17468304,0.17292769
1160600,1105600,0,0.32146696,0.31083275
1160700,1105700,0,0.21128092,0.20819223
1160800,1105800,0,0.29455205,0.28631911
1160900,1105900,0,0.17714316,0.17531322
1161000,1106000,0,0.28383702,0.2764526
1161100,1106100,0,0.16611622,0.16460493
1161200,1106200,0,0.16474198,0.16326763
1161300,1106300,0,0.18444394,0.18238045
1161400,1106400,0,0.17506117,0.17329449
1161500,1106500,0,0.2845739,0.27713302
1161600,1106600,0,0.17366828,0.1719431
1161700,1106700,0,0.27219548,0.26566655
1161800,1106800,0,0.18256374,0.18056217
1161900,1106900,0,0.17437362,0.17262751
1162000,1107000,0,0.26542117,0.2593591
1162100,1107100,0,0.17389423,0.17216237
1162200,1107200,0,0.14436825,0.14337355
1162300,1107300,0,0.19363812,0.19125368
1162400,1107400,0,0.26169628,0.25588143
1162500,1107500,0,0.28033554,0.2732156
1162600,1107600,0,0.17486711,0.17310625
1162700,1107700,0,0.17458121,0.17282891
1162800,1107800,0,0.19629178,0.19380897
1162900,1107900,0,0.12614365,0.12547881
1163000,1108000,0,0.25091659,0.24578007
1163100,1108100,0,0.23631972,0.23201657
1163200,1108200,0,0.20094293,0.19828135
1163300,1108300,0,0.25196457,0.24676449
1163400,1108400,0,0.18015823,0.17823408
1163500,1108500,0,0.24519671,0.24039822
1163600,1108600,0,0.24293104,0.23826232
1163700,1108700,0,0.19646845,0.193979
1163800,1108800,0,0.23563604,0.2313696
1163900,1108900,0,0.17355409,0.17183229
1164000,1109000,0,0.23705704,0.23271408
1164100,1109100,0,0.23231032,0.22821949
1164200,1109200,0,0.23761379,0.23324061
1164300,1109300,0,0.24372986,0.23901565
1164400,1109400,0,0.22953705,0.22558901
1164500,1109500,0,0.22905207,0.22512866
1164600,1109600,0,0.10043667,0.10010031
1164700,1109700,0,0.22995283,0.2259836
1164800,1109800,0,0.10780848,0.10739273
1164900,1109900,0,0.17414752,0.17240814
1165000,1110000,0,0.10514609,0.10476031
1165100,1110100,0,0.2354173,0.23116255
1165200,1110200,0,0.106931,0.1065253
1165300,1110300,0,0.1834804,0.1814488
1165400,1110400,0,0.17502354,0.17325799
1165500,1110500,0,0.10201868,0.10166622
1165600,1110600,0,0.22692901,0.22311224
1165700,1110700,0,0.22744291,0.22360051
1165800,1110800,0,0.23171062,0.22765095
1165900,1110900,0,0.17579719,0.17400831
1166000,1111000,0,0.25409851,0.24876744
1166100,1111100,0,0.22619576,0.22241538
1166200,1111200,0,0.20973454,0.2067124
1166300,1111300,0,0.2314607,0.22741397
1166400,1111400,0,0.17492975,0.17316702
1166500,1111500,0,0.22817309,0.22429406
1166600,1111600,0,0.24098184,0.23642292
1166700,1111700,0,0.18360174,0.18156614
1166800,1111800,0,0.10232131,0.10196571
1166900,1111900,0,0.17313633,0.17142684
1167000,1112000,0,0.22293395,0.21931268
1167100,1112100,0,0.17978108,0.17786888
1167200,1112200,0,0.18224976,0.1802584
1167300,1112300,0,0.24351996,0.23881774
1167400,1112400,0,0.22973937,0.22578102
1167500,1112500,0,0.2294089,0.22546737
1167600,1112600,0,0.17372063,0.17199391
1167700,1112700,0,0.1797359,0.17782513
1167800,1112800,0,0.24248836,0.23784473
1167900,1112900,0,0.25751242,0.25196735
1168000,1113000,0,0.22492102,0.22120335
1168100,1113100,0,0.089249347,0.089013129
1168200,1113200,0,0.23483135,0.23060784
1168300,1113300,0,0.17882805,0.17694585
1168400,1113400,0,0.17602455,0.17422878
1168500,1113500,0,0.089505787,0.089267532
1168600,1113600,0,0.17411588,0.17237743
1168700,1113700,0,0.21693755,0.21359726
1168800,1113800,0,0.18182079,0.17984334
1168900,1113900,0,0.17443489,0.17268695
1169000,1114000,0,0.22609746,0.22232194
1169100,1114100,0,0.17396174,0.17222788
1169200,1114200,0,0.09054762,0.090300966
1169300,1114300,0,0.1903362,0.18807053
1169400,1114400,0,0.22229203,0.21870155
1169500,1114500,0,0.21813103,0.21473599
1169600,1114600,0,0.23555098,0.23128908
1169700,1114700,0,0.2147568,0.21151503
1169800,1114800,0,0.18161704,0.17964617
1169900,1114900,0,0.17367893,0.17195344
1170000,1115000,0,0.22307546,0.21944739
1170100,1115100,0,0.17511998,0.17335154
1170200,1115200,0,0.2160765,0.21277534
1170300,1115300,0,0.18068216,0.17874131
1170400,1115400,0,0.212858,0.20970045
1170500,1115500,0,0.17396529,0.17223132
1170600,1115600,0,0.082134559,0.081950361
1170700,1115700,0,0.22192779,0.2183547
1170800,1115800,0,0.18480422,0.18272873
1170900,1115900,0,0.095335814,0.095048027
1171000,1116000,0,0.2162475,0.21293859
1171100,1116100,0,0.17655821,0.1747462
1171200,1116200,0,0.22475292,0.22104347
1171300,1116300,0,0.17999823,0.17807916
1171400,1116400,0,0.088259409,0.088030949
1171500,1116500,0,0.18112328,0.17916831
1171600,1116600,0,0.17428998,0.17254636
1171700,1116700,0,0.22182331,0.21825521
1171800,1116800,0,0.18626615,0.18414145
1171900,1116900,0,0.082172544,0.08198809
1172000,1117000,0,0.21465601,0.21141875
1172100,1117100,0,0.21440179,0.21117588
1172200,1117200,0,0.21214606,0.20901972
1172300,1117300,0,0.17474896,0.17299164
1172400,1117400,0,0.17486033,0.17309968
1172500,1117500,0,0.21866105,0.21524151
1172600,1117600,0,0.17360061,0.17187744
1172700,1117700,0,0.21168999,0.20858353
1172800,1117800,0,0.18801828,0.18583363
1172900,1117900,0,0.21276921,0.20961556
1173000,1118000,0,0.21879644,0.21537062
1173100,1118100,0,0.081508499,0.081328473
1173200,1118200,0,0.18578457,0.18367617
1173300,1118300,0,0.21934194,0.21589077
1173400,1118400,0,0.1741645,0.17242461
1173500,1118500,0,0.21902694,0.21559043
1173600,1118600,0,0.21431549,0.21109342
1173700,1118700,0,0.082310459,0.082125077
1173800,1118800,0,0.21326878,0.21009313
1173900,1118900,0,0.18078967,0.17884538
1174000,1119000,0,0.081810791,0.081628758
1174100,1119100,0,0.21765982,0.21428646
1174200,1119200,0,0.21175674,0.20864738
1174300,1119300,0,0.18935208,0.18712105
1174400,1119400,0,0.17453889,0.17278785
1174500,1119500,0,0.21874245,0.21531914
1174600,1119600,0,0.17384219,0.17211187
1174700,1119700,0,0.21220696,0.20907796
1174800,1119800,0,0.17830981,0.17644379
1174900,1119900,0,0.082652351,0.082464653
1175000,1120000,0,0.21790222,0.21451772
1175100,1120100,0,0.2111416,0.20805894
1175200,1120200,0,0.20729047,0.20437158
1175300,1120300,0,0.19037398,0.18810698
1175400,1120400,0,0.17491463,0.17315235
1175500,1120500,0,0.21105085,0.20797212
1175600,1120600,0,0.2256383,0.22188542
1175700,1120700,0,0.21967161,0.21620504
1175800,1120800,0,0.17489495,0.17313326
1175900,1120900,0,0.083086439,0.082895774
1176000,1121000,0,0.21782936,0.21444821
1176100,1121100,0,0.17684846,0.17502757
1176200,1121200,0,0.081828437,0.081646286
1176300,1121300,0,0.17339184,0.17167482
1176400,1121400,0,0.083739636,0.083544447
1176500,1121500,0,0.082520258,0.082333457
1176600,1121600,0,0.1781734,0.17631163
1176700,1121700,0,0.21611029,0.2128076
1176800,1121800,0,0.21216662,0.20903938
1176900,1121900,0,0.21371414,0.21051879
1177000,1122000,0,0.17354193,0.17182048
1177100,1122100,0,0.22158335,0.21802666
1177200,1122200,0,0.17548882,0.17370927
1177300,1122300,0,0.21208692,0.20896316
1177400,1122400,0,0.17604209,0.17424579
1177500,1122500,0,0.22144351,0.21789347
1177600,1122600,0,0.21457851,0.21134471
1177700,1122700,0,0.18685738,0.18471258
1177800,1122800,0,0.082027289,0.08184381
1177900,1122900,0,0.17786834,0.17601602
1178000,1123000,0,0.23420091,0.23001084
1178100,1123100,0,0.21669114,0.21336207
1178200,1123200,0,0.22229653,0.21870583
1178300,1123300,0,0.082349792,0.082164144
1178400,1123400,0,0.17912714,0.17723556
1178500,1123500,0,0.17452172,0.17277119
1178600,1123600,0,0.17474393,0.17298676
1178700,1123700,0,0.21603892,0.21273946
1178800,1123800,0,0.082410596,0.082224537
1178900,1123900,0,0.082752317,0.082563938
1179000,1124000,0,0.22233663,0.21874402
1179100,1124100,0,0.17357764,0.17185514
1179200,1124200,0,0.082273212,0.082088081
1179300,1124300,0,0.17653141,0.17472021
1179400,1124400,0,0.23764233,0.2332676
1179500,1124500,0,0.22415306,0.22047284
1179600,1124600,0,0.17310815,0.17139949
1179700,1124700,0,0.21193843,0.20882115
1179800,1124800,0,0.1737571,0.1720293
1179900,1124900,0,0.21870184,0.21528041
1180000,1125000,0,0.22440304,0.22071066
1180100,1125100,0,0.081964417,0.081781359
1180200,1125200,0,0.17479592,0.1730372
1180300,1125300,0,0.21705834,0.21371253
1180400,1125400,0,0.082465496,0.082279066
1180500,1125500,0,0.17465308,0.17289863
1180600,1125600,0,0.212263,0.20913154
1180700,1125700,0,0.17651925,0.17470843
1180800,1125800,0,0.21534026,0.21207232
1180900,1125900,0,0.21354822,0.21036023
1181000,1126000,0,0.17860277,0.17672761
1181100,1126100,0,0.21098117,0.20790545
1181200,1126200,0,0.17538315,0.17360679
1181300,1126300,0,0.21165628,0.20855129
1181400,1126400,0,0.17390035,0.17216831
1181500,1126500,0,0.17496625,0.17320242
1181600,1126600,0,0.083838744,0.083642862
1181700,1126700,0,0.21146665,0.2083699
1181800,1126800,0,0.21857138,0.21515599
1181900,1126900,0,0.22536326,0.22162391
1182000,1127000,0,0.17413653,0.17239748
1182100,1127100,0,0.21236864,0.20923256
1182200,1127200,0,0.17439797,0.17265114
1182300,1127300,0,0.21811325,0.21471903
1182400,1127400,0,0.22851762,0.22462123
1182500,1127500,0,0.17403029,0.17229439
1182600,1127600,0,0.2205468,0.21703917
1182700,1127700,0,0.17382679,0.17209693
1182800,1127800,0,0.082934781,0.082745156
1182900,1127900,0,0.21204192,0.20892013
1183000,1128000,0,0.1735974,0.17187432
1183100,1128100,0,0.21973932,0.21626959
1183200,1128200,0,0.17336363,0.17164745
1183300,1128300,0,0.21439156,0.2111661
1183400,1128400,0,0.17642702,0.17461901
1183500,1128500,0,0.17558356,0.17380114
1183600,1128600,0,0.21253859,0.20939507
1183700,1128700,0,0.17302253,0.17131638
1183800,1128800,0,0.082627041,0.082439515
1183900,1128900,0,0.17476207,0.17300436
1184000,1129000,0,0.18199372,0.18001067
1184100,1129100,0,0.21229199,0.20915927
1184200,1129200,0,0.17444643,0.17269814
1184300,1129300,0,0.21112546,0.2080435
1184400,1129400,0,0.17717903,0.17534799
1184500,1129500,0,0.175466,0.17368713
1184600,1129600,0,0.17382197,0.17209225
1184700,1129700,0,0.21159608,0.20849371
1184800,1129800,0,0.17880263,0.17692122
1184900,1129900,0,0.083592144,0.083397983
1185000,1130000,0,0.17552409,0.17374348
1185100,1130100,0,0.08240508,0.082219059
1185200,1130200,0,0.1730976,0.17138924
1185300,1130300,0,0.21149544,0.20839744
1185400,1130400,0,0.1744344,0.17268648
1185500,1130500,0,0.08281409,0.08262529
1185600,1130600,0,0.22303818,0.2194119
1185700,1130700,0,0.19334914,0.19097525
1185800,1130800,0,0.17738468,0.17554731
1185900,1130900,0,0.21347958,0.21029462
1186000,1131000,0,0.21306732,0.20990056
1186100,1131100,0,0.21303266,0.20986743
1186200,1131200,0,0.082705577,0.082517517
1186300,1131300,0,0.17572195,0.17393535
1186400,1131400,0,0.17441079,0.17266358
1186500,1131500,0,0.083440796,0.083247685
1186600,1131600,0,0.17424497,0.17250269
1186700,1131700,0,0.2128944,0.20973525
1186800,1131800,0,0.18255148,0.18055031
1186900,1131900,0,0.21284516,0.20968817
1187000,1132000,0,0.084073096,0.08387557
1187100,1132100,0,0.086564914,0.086349335
1187200,1132200,0,0.21483654,0.2115912
1187300,1132300,0,0.09068161,0.090433862
1187400,1132400,0,0.17827298,0.1764081
1187500,1132500,0,0.17365349,0.17192875
1187600,1132600,0,0.21702256,0.21367838
1187700,1132700,0,0.17306857,0.17136106
1187800,1132800,0,0.21761554,0.21424422
1187900,1132900,0,0.17681831,0.17499834
1188000,1133000,0,0.21929389,0.21584495
1188100,1133100,0,0.22071721,0.21720155
1188200,1133200,0,0.17696498,0.17514052
1188300,1133300,0,0.18797472,0.18579158
1188400,1133400,0,0.17539317,0.1736165
1188500,1133500,0,0.22635483,0.22256657
1188600,1133600,0,0.21846141,0.21505111
1188700,1133700,0,0.18261813,0.18061478
1188800,1133800,0,0.18260905,0.180606
1188900,1133900,0,0.091594413,0.091339125
1189000,1134000,0,0.22014337,0.21665471
1189100,1134100,0,0.097566908,0.097258493
1189200,1134200,0,0.17410401,0.17236592
1189300,1134300,0,0.23272874,0.22861608
1189400,1134400,0,0.18007878,0.17815715
1189500,1134500,0,0.17851045,0.17663817
1189600,1134600,0,0.22758441,0.22373492
1189700,1134700,0,0.17396196,0.17222809
1189800,1134800,0,0.22492769,0.2212097
1189900,1134900,0,0.10120551,0.10086138
1190000,1135000,0,0.23546115,0.23120406
1190100,1135100,0,0.17459887,0.17284603
1190200,1135200,0,0.2265954,0.22279522
1190300,1135300,0,0.18426986,0.18221216
1190400,1135400,0,0.22993678,0.22596836
1190500,1135500,0,0.23498876,0.23075687
1190600,1135600,0,0.17341752,0.17169975
1190700,1135700,0,0.23308397,0.22895272
1190800,1135800,0,0.17548488,0.17370545
1190900,1135900,0,0.10924922,0.10881664
1191000,1136000,0,0.23384756,0.22967615
1191100,1136100,0,0.17937584,0.17747644
1191200,1136200,0,0.23998588,0.23548241
1191300,1136300,0,0.17692281,0.17509964
1191400,1136400,0,0.11290507,0.11242775
1191500,1136500,0,0.25158273,0.24640587
1191600,1136600,0,0.11227395,0.11180456
1191700,1136700,0,0.2342018,0.23001168
1191800,1136800,0,0.17522411,0.17345253
1191900,1136900,0,0.2726311,0.26607138
1192000,1137000,0,0.17557094,0.17378891
1192100,1137100,0,0.11516894,0.11466243
1192200,1137200,0,0.17417372,0.17243356
1192300,1137300,0,0.11217481,0.11170666
1192400,1137400,0,0.24365556,0.23894559
1192500,1137500,0,0.17353225,0.17181109
1192600,1137600,0,0.23458446,0.23037407
1192700,1137700,0,0.23430742,0.23011171
1192800,1137800,0,0.17406676,0.17232978
1192900,1137900,0,0.17403068,0.17229477
1193000,1138000,0,0.17572188,0.17393529
1193100,1138100,0,0.17705341,0.17522624
1193200,1138200,0,0.23502616,0.23079227
1193300,1138300,0,0.17440187,0.17265492
1193400,1138400,0,0.25079105,0.24566212
1193500,1138500,0,0.26631639,0.26019391
1193600,1138600,0,0.23662864,0.23230884
1193700,1138700,0,0.11050147,0.11005389
1193800,1138800,0,0.18517187,0.18308407
1193900,1138900,0,0.24356462,0.23885984
1194000,1139000,0,0.23685792,0.23252574
1194100,1139100,0,0.1741424,0.17240317
1194200,1139200,0,0.11165948,0.11119773
1194300,1139300,0,0.17361451,0.17189093
1194400,1139400,0,0.10838046,0.10795808
1194500,1139500,0,0.17551323,0.17373294
1194600,1139600,0,0.24525478,0.24045293
1194700,1139700,0,0.23963587,0.23515179
1194800,1139800,0,0.23170841,0.22764885
1194900,1139900,0,0.23233614,0.22824397
1195000,1140000,0,0.1747611,0.17300342
1195100,1140100,0,0.23767631,0.23329973
1195200,1140200,0,0.17396941,0.17223532
1195300,1140300,0,0.17313791,0.17142837
1195400,1140400,0,0.17851821,0.17664569
1195500,1140500,0,0.17328688,0.17157296
1195600,1140600,0,0.24188893,0.23727913
1195700,1140700,0,0.24237763,0.23774026
1195800,1140800,0,0.17297963,0.17127474
1195900,1140900,0,0.24432195,0.23957383
1196000,1141000,0,0.24356172,0.23885711
1196100,1141100,0,0.24245658,0.23781475
1196200,1141200,0,0.17652858,0.17471747
1196300,1141300,0,0.19139446,0.18909116
1196400,1141400,0,0.2570918,0.25157339
1196500,1141500,0,0.23561978,0.23135421
1196600,1141600,0,0.24190723,0.2372964
1196700,1141700,0,0.17863324,0.17675713
1196800,1141800,0,0.17835686,0.17648937
1196900,1141900,0,0.23239954,0.22830407
1197000,1142000,0,0.23895016,0.23450389
1197100,1142100,0,0.17373035,0.17200334
1197200,1142200,0,0.10711474,0.10670695
1197300,1142300,0,0.17361333,0.17188978
1197400,1142400,0,0.24589985,0.24106061
1197500,1142500,0,0.099177301,0.098853401
1197600,1142600,0,0.10070397,0.10036492
1197700,1142700,0,0.23109993,0.22707183
1197800,1142800,0,0.17477804,0.17301986
1197900,1142900,0,0.26011657,0.25440456
1198000,1143000,0,0.23679287,0.2324642
1198100,1143100,0,0.25196047,0.24676064
1198200,1143200,0,0.17519619,0.17342545
1198300,1143300,0,0.093671407,0.093398397
1198400,1143400,0,0.23200493,0.22792999
1198500,1143500,0,0.090464344,0.090218369
1198600,1143600,0,0.091833415,0.091576127
1198700,1143700,0,0.17501346,0.17324821
1198800,1143800,0,0.18870847,0.1864999
1198900,1143900,0,0.17411362,0.17237524
1199000,1144000,0,0.17628933,0.17448551
1199100,1144100,0,0.23443635,0.23023381
1199200,1144200,0,0.17449767,0.17274786
1199300,1144300,0,0.22734516,0.22350763
1199400,1144400,0,0.17837203,0.17650407
1199500,1144500,0,0.091800234,0.091543225
1199600,1144600,0,0.24346564,0.23876651
1199700,1144700,0,0.17566356,0.17387873
1199800,1144800,0,0.18625924,0.18413478
1199900,1144900,0,0.17572283,0.17393621
1200000,1145000,0,0.1744035,0.1726565
1200100,1145100,0,0.21449647,0.21126633
1200200,1145200,0,0.17525902,0.17348639
1200300,1145300,0,0.082439041,0.08225279
1200400,1145400,0,0.17344281,0.17172429
1200500,1145500,0,0.2196697,0.21620322
1200600,1145600,0,0.081268925,0.081090479
1200700,1145700,0,0.083455598,0.083262385
1200800,1145800,0,0.18295854,0.18094407
1200900,1145900,0,0.17319467,0.17148346
1201000,1146000,0,0.23264113,0.22853305
1201100,1146100,0,0.084403692,0.084203831
1201200,1146200,0,0.21356089,0.21037233
1201300,1146300,0,0.17593764,0.17414451
1201400,1146400,0,0.1742403,0.17249816
1201500,1146500,0,0.24366064,0.23895038
1201600,1146600,0,0.22811961,0.22424327
1201700,1146700,0,0.17647603,0.17466652
1201800,1146800,0,0.22473586,0.22102725
1201900,1146900,0,0.21483299,0.21158781
1202000,1147000,0,0.22867076,0.22476665
1202100,1147100,0,0.22232177,0.21872987
1202200,1147200,0,0.21900216,0.21556679
1202300,1147300,0,0.1794613,0.1775592
1202400,1147400,0,0.17755715,0.17571446
1202500,1147500,0,0.17618632,0.17438564
1202600,1147600,0,0.21982094,0.21634739
1202700,1147700,0,0.17994047,0.17802322
1202800,1147800,0,0.095699731,0.095408644
1202900,1147900,0,0.088662837,0.088431236
1203000,1148000,0,0.174048,0.17231158
1203100,1148100,0,0.22092296,0.21739758
1203200,1148200,0,0.17356999,0.17184772
1203300,1148300,0,0.21411694,0.21090372
1203400,1148400,0,0.087811202,0.087586197
1203500,1148500,0,0.08979561,0.089555038
1203600,1148600,0,0.22522697,0.22149432
1203700,1148700,0,0.21398219,0.21077496
1203800,1148800,0,0.17486167,0.17310097
1203900,1148900,0,0.093246127,0.09297681
1204000,1149000,0,0.21500804,0.21175502
1204100,1149100,0,0.21521775,0.21195532
1204200,1149200,0,0.21359702,0.21040686
1204300,1149300,0,0.21983437,0.21636019
1204400,1149400,0,0.21968055,0.21621356
1204500,1149500,0,0.21640829,0.21309208
1204600,1149600,0,0.2150076,0.2117546
1204700,1149700,0,0.089826945,0.089586121
1204800,1149800,0,0.23711358,0.23276756
1204900,1149900,0,0.21747101,0.21410632
1205000,1150000,0,0.21393016,0.21072523
1205100,1150100,0,0.21494988,0.21169947
1205200,1150200,0,0.21468439,0.21144586
1205300,1150300,0,0.21818768,0.21479003
1205400,1150400,0,0.21482413,0.21157934
1205500,1150500,0,0.21337326,0.210193
1205600,1150600,0,0.21351902,0.21033232
1205700,1150700,0,0.21381787,0.21061793
1205800,1150800,0,0.18002657,0.1781066
1205900,1150900,0,0.18962213,0.18738163
1206000,1151000,0,0.18841877,0.18622027
1206100,1151100,0,0.22031269,0.21681607
1206200,1151200,0,0.21860276,0.21518593
1206300,1151300,0,0.17572918,0.17394237
1206400,1151400,0,0.22758251,0.22373312
1206500,1151500,0,0.18736846,0.18520618
1206600,1151600,0,0.21843209,0.21502315
1206700,1151700,0,0.22085768,0.21733539
1206800,1151800,0,0.17655564,0.1747437
1206900,1151900,0,0.17837523,0.17650717
1207000,1152000,0,0.17448978,0.17274021
1207100,1152100,0,0.22399535,0.2203228
1207200,1152200,0,0.22676625,0.22295757
1207300,1152300,0,0.17311766,0.17140872
1207400,1152400,0,0.097832768,0.097521831
1207500,1152500,0,0.096728231,0.096427682
1207600,1152600,0,0.21746231,0.21409801
1207700,1152700,0,0.22164803,0.21808827
1207800,1152800,0,0.17292364,0.17122039
1207900,1152900,0,0.22541038,0.22166872
1208000,1153000,0,0.17582864,0.17403881
1208100,1153100,0,0.10696496,0.10655887
1208200,1153200,0,0.17348953,0.17176963
1208300,1153300,0,0.17334372,0.17162813
1208400,1153400,0,0.22107958,0.21754679
1208500,1153500,0,0.17364358,0.17191914
1208600,1153600,0,0.22151159,0.21795832
1208700,1153700,0,0.23200933,0.22793416
1208800,1153800,0,0.17699452,0.17516916
1208900,1153900,0,0.10311577,0.10275184
1209000,1154000,0,0.22924164,0.22530861
1209100,1154100,0,0.22602158,0.2222498
1209200,1154200,0,0.22461164,0.22090909
1209300,1154300,0,0.17308202,0.17137412
1209400,1154400,0,0.23881307,0.23437433
1209500,1154500,0,0.22346956,0.21982247
1209600,1154600,0,0.22807699,0.22420279
1209700,1154700,0,0.22709115,0.2232663
1209800,1154800,0,0.17520032,0.17342945
1209900,1154900,0,0.10593483,0.10554033
1210000,1155000,0,0.24639948,0.24153115
1210100,1155100,0,0.23421819,0.2300272
1210200,1155200,0,0.23594541,0.23166238
1210300,1155300,0,0.23626393,0.23196378
1210400,1155400,0,0.22516651,0.22143682
1210500,1155500,0,0.1735143,0.17179368
1210600,1155600,0,0.22475672,0.22104709
1210700,1155700,0,0.22427598,0.22058979
1210800,1155800,0,0.17320056,0.17148918
1210900,1155900,0,0.11407048,0.11357827
1211000,1156000,0,0.24534895,0.24054165
1211100,1156100,0,0.24068129,0.23613916
1211200,1156200,0,0.24076386,0.23621711
1211300,1156300,0,0.19032747,0.18806211
1211400,1156400,0,0.17355994,0.17183797
1211500,1156500,0,0.1150231,0.11451851
1211600,1156600,0,0.11310796,0.11262807
1211700,1156700,0,0.11220317,0.11173467
1211800,1156800,0,0.17533276,0.17355792
1211900,1156900,0,0.11558856,0.11507651
1212000,1157000,0,0.25587191,0.25043036
1212100,1157100,0,0.24552341,0.24070601
1212200,1157200,0,0.17345972,0.1717407
1212300,1157300,0,0.19204246,0.18971592
1212400,1157400,0,0.11680523,0.11627691
1212500,1157500,0,0.11597397,0.1154568
1212600,1157600,0,0.23214181,0.22805976
1212700,1157700,0,0.23212899,0.2280476
1212800,1157800,0,0.19365325,0.19126826
1212900,1157900,0,0.23298923,0.22886294
1213000,1158000,0,0.17486864,0.17310774
1213100,1158100,0,0.23073952,0.22672997
1213200,1158200,0,0.18189593,0.17991605
1213300,1158300,0,0.23413565,0.22994903
1213400,1158400,0,0.23001309,0.22604077
1213500,1158500,0,0.23253183,0.22842946
1213600,1158600,0,0.22923808,0.22530523
1213700,1158700,0,0.18237905,0.18038349
1213800,1158800,0,0.23194674,0.22787482
1213900,1158900,0,0.23041316,0.22642036
1214000,1159000,0,0.23242098,0.22832439
1214100,1159100,0,0.23296068,0.22883588
1214200,1159200,0,0.1216207,0.12102457
1214300,1159300,0,0.17362443,0.17190055
1214400,1159400,0,0.25533904,0.24993084
1214500,1159500,0,0.25181545,0.24662445
1214600,1159600,0,0.26148455,0.25568356
1214700,1159700,0,0.12670378,0.12603008
1214800,1159800,0,0.27436987,0.2676863
1214900,1159900,0,0.27686049,0.26999691
1215000,1160000,0,0.18190075,0.17992071
1215100,1160100,0,0.12796466,0.12727074
1215200,1160200,0,0.26110325,0.25532715
1215300,1160300,0,0.24937364,0.24432979
1215400,1160400,0,0.26491288,0.25888494
1215500,1160500,0,0.26183816,0.25601402
1215600,1160600,0,0.24933812,0.24429639
1215700,1160700,0,0.2765074,0.26966953
1215800,1160800,0,0.17516424,0.17339446
1215900,1160900,0,0.24494506,0.2401611
1216000,1161000,0,0.17762746,0.1757826
1216100,1161100,0,0.14235656,0.14140265
1216200,1161200,0,0.24625707,0.24139704
1216300,1161300,0,0.17468993,0.17293438
1216400,1161400,0,0.24499123,0.2402046
1216500,1161500,0,0.18293052,0.18091696
1216600,1161600,0,0.24335954,0.23866646
1216700,1161700,0,0.17816432,0.17630283
1216800,1161800,0,0.24253849,0.23789202
1216900,1161900,0,0.18828878,0.18609477
1217000,1162000,0,0.26956047,0.26321581
1217100,1162100,0,0.25546557,0.25004946
1217200,1162200,0,0.25023955,0.24514383
1217300,1162300,0,0.17429826,0.17255439
1217400,1162400,0,0.13692111,0.13607184
1217500,1162500,0,0.24533626,0.2405297
1217600,1162600,0,0.2371266,0.23277987
1217700,1162700,0,0.2485161,0.24352327
1217800,1162800,0,0.17344933,0.17173062
1217900,1162900,0,0.25078819,0.24565943
1218000,1163000,0,0.13539475,0.13457343
1218100,1163100,0,0.13682651,0.13597899
1218200,1163200,0,0.24622802,0.24136969
1218300,1163300,0,0.18478079,0.18270608
1218400,1163400,0,0.2464768,0.24160396
1218500,1163500,0,0.2448729,0.24009309
1218600,1163600,0,0.24242545,0.23778537
1218700,1163700,0,0.26773394,0.26151501
1218800,1163800,0,0.17730569,0.17547075
1218900,1163900,0,0.14592488,0.14489785
1219000,1164000,0,0.17862706,0.17675115
1219100,1164100,0,0.24620865,0.24135144
1219200,1164200,0,0.24791602,0.24295869
1219300,1164300,0,0.17968336,0.17777426
1219400,1164400,0,0.24833312,0.24335113
1219500,1164500,0,0.26113373,0.25535564
1219600,1164600,0,0.1445457,0.14354736
1219700,1164700,0,0.24945253,0.24440396
1219800,1164800,0,0.1474385,0.14637937
1219900,1164900,0,0.15466098,0.15343951
1220000,1165000,0,0.16958195,0.16797482
1220100,1165100,0,0.25431706,0.24897245
1220200,1165200,0,0.27486195,0.26814306
1220300,1165300,0,0.17371082,0.17198439
1220400,1165400,0,0.25765621,0.252102
1220500,1165500,0,0.25586697,0.25042572
1220600,1165600,0,0.25803339,0.25245518
1220700,1165700,0,0.286963,0.27933717
1220800,1165800,0,0.17553417,0.17375325
1220900,1165900,0,0.26163975,0.25582861
1221000,1166000,0,0.1739716,0.17223745
1221100,1166100,0,0.26374931,0.25779903
1221200,1166200,0,0.17381648,0.17208692
1221300,1166300,0,0.15458984,0.15337004
1221400,1166400,0,0.17838446,0.17651611
1221500,1166500,0,0.15416108,0.15295134
1221600,1166600,0,0.25638424,0.25091049
1221700,1166700,0,0.18689416,0.18474811
1221800,1166800,0,0.15555278,0.15431018
1221900,1166900,0,0.26304208,0.25713868
1222000,1167000,0,0.25698535,0.25147367
1222100,1167100,0,0.15660829,0.15534039
1222200,1167200,0,0.27736336,0.27046306
1222300,1167300,0,0.19970539,0.19709217
1222400,1167400,0,0.27347089,0.26685154
1222500,1167500,0,0.2597554,0.25406674
1222600,1167600,0,0.16763209,0.16607936
1222700,1167700,0,0.1833654,0.18133758
1222800,1167800,0,0.15975212,0.15840686
1222900,1167900,0,0.28089698,0.27373505
1223000,1168000,0,0.17728924,0.17545481
1223100,1168100,0,0.15922242,0.1578904
1223200,1168200,0,0.17661637,0.17480258
1223300,1168300,0,0.18241038,0.18041381
1223400,1168400,0,0.26256719,0.25669514
1223500,1168500,0,0.16198897,0.1605868
1223600,1168600,0,0.16419182,0.16273208
1223700,1168700,0,0.17814537,0.17628446
1223800,1168800,0,0.1808881,0.17894067
1223900,1168900,0,0.17796483,0.17610953
1224000,1169000,0,0.26769722,0.2614808
1224100,1169100,0,0.2623115,0.25645629
1224200,1169200,0,0.25849175,0.25288427
1224300,1169300,0,0.26720806,0.26102502
1224400,1169400,0,0.17558988,0.17380727
1224500,1169500,0,0.17452667,0.17277599
1224600,1169600,0,0.16136722,0.15998102
1224700,1169700,0,0.17414995,0.1724105
1224800,1169800,0,0.17428214,0.17253876
1224900,1169900,0,0.17430878,0.1725646
1225000,1170000,0,0.16638069,0.16486222
1225100,1170100,0,0.27095345,0.2645118
1225200,1170200,0,0.1830645,0.18104656
1225300,1170300,0,0.19740718,0.19488224
1225400,1170400,0,0.17737605,0.17553895
1225500,1170500,0,0.16774365,0.16618784
1225600,1170600,0,0.26660623,0.26046411
1225700,1170700,0,0.26778738,0.26156479
1225800,1170800,0,0.26974695,0.26338936
1225900,1170900,0,0.17542067,0.17364317
1226000,1171000,0,0.28623958,0.27867007
1226100,1171100,0,0.16597075,0.1644634
1226200,1171200,0,0.26114487,0.25536606
1226300,1171300,0,0.1790459,0.17715687
1226400,1171400,0,0.19442542,0.19201206
1226500,1171500,0,0.1699495,0.16833198
1226600,1171600,0,0.26337159,0.25744638
1226700,1171700,0,0.17768198,0.17583543
1226800,1171800,0,0.18656439,0.18442957
1226900,1171900,0,0.28577268,0.27823936
1227000,1172000,0,0.29072732,0.2828041
1227100,1172100,0,0.27764889,0.27072768
1227200,1172200,0,0.28202101,0.27477454
1227300,1172300,0,0.17314018,0.17143057
1227400,1172400,0,0.17966538,0.17775685
1227500,1172500,0,0.16854278,0.1669648
1227600,1172600,0,0.26904664,0.26273751
1227700,1172700,0,0.26498701,0.2589541
1227800,1172800,0,0.17553458,0.17375365
1227900,1172900,0,0.27909993,0.27207184
1228000,1173000,0,0.17348624,0.17176644
1228100,1173100,0,0.16822366,0.16665455
1228200,1173200,0,0.17362879,0.17190478
1228300,1173300,0,0.17476841,0.17301051
1228400,1173400,0,0.17299778,0.17129235
1228500,1173500,0,0.17341193,0.17169433
1228600,1173600,0,0.26998799,0.26361366
1228700,1173700,0,0.17733891,0.17550295
1228800,1173800,0,0.19770797,0.19517159
1228900,1173900,0,0.17362403,0.17190016
1229000,1174000,0,0.26317907,0.25726661
1229100,1174100,0,0.17139132,0.1697326
1229200,1174200,0,0.16909377,0.16750037
1229300,1174300,0,0.18925596,0.18702829
1229400,1174400,0,0.17308832,0.17138024
1229500,1174500,0,0.27563997,0.26886499
1229600,1174600,0,0.26443598,0.25843996
1229700,1174700,0,0.17336788,0.17165157
1229800,1174800,0,0.2265234,0.22272678
1229900,1174900,0,0.27117678,0.26471949
1230000,1175000,0,0.17715856,0.17532816
1230100,1175100,0,0.27388086,0.26723227
1230200,1175200,0,0.29898449,0.29038301
1230300,1175300,0,0.23954944,0.23507013
1230400,1175400,0,0.27632365,0.26949914
1230500,1175500,0,0.27192393,0.26541415
1230600,1175600,0,0.27436795,0.26768452
1230700,1175700,0,0.27241432,0.26586993
1230800,1175800,0,0.23150996,0.22746068
1230900,1175900,0,0.27770079,0.27077577
1231000,1176000,0,0.17483652,0.17307658
1231100,1176100,0,0.27974679,0.27267071
1231200,1176200,0,0.28962569,0.28179026
1231300,1176300,0,0.17596035,0.17416654
1231400,1176400,0,0.29044178,0.28254137
1231500,1176500,0,0.17654605,0.17473441
1231600,1176600,0,0.17687247,0.17505085
1231700,1176700,0,0.17350499,0.17178464
1231800,1176800,0,0.1769618,0.17513743
1231900,1176900,0,0.18154198,0.17957354
1232000,1177000,0,0.26883112,0.26253685
1232100,1177100,0,0.17716619,0.17533554
1232200,1177200,0,0.17350654,0.17178614
1232300,1177300,0,0.17620322,0.17440203
1232400,1177400,0,0.17795265,0.17609772
1232500,1177500,0,0.17657321,0.17476073
1232600,1177600,0,0.27549606,0.26873148
1232700,1177700,0,0.17428839,0.17254482
1232800,1177800,0,0.27517593,0.26843444
1232900,1177900,0,0.17633265,0.17452752
1233000,1178000,0,0.26918146,0.26286302
1233100,1178100,0,0.27043517,0.26402972
1233200,1178200,0,0.2685092,0.2622371
1233300,1178300,0,0.27680999,0.26995009
1233400,1178400,0,0.18119822,0.17924084
1233500,1178500,0,0.17449441,0.1727447
1233600,1178600,0,0.17846637,0.17659547
1233700,1178700,0,0.17371071,0.17198428
1233800,1178800,0,0.26826309,0.2620079
1233900,1178900,0,0.17820551,0.17634273
1234000,1179000,0,0.27882694,0.27181904
1234100,1179100,0,0.28729036,0.27963896
1234200,1179200,0,0.17341687,0.17169912
1234300,1179300,0,0.22749753,0.22365239
1234400,1179400,0,0.18014756,0.17822375
1234500,1179500,0,0.28227917,0.27501319
1234600,1179600,0,0.28836894,0.28063289
1234700,1179700,0,0.28315798,0.27582534
1234800,1179800,0,0.18150379,0.17953657
1234900,1179900,0,0.18776936,0.1855933
1235000,1180000,0,0.18129682,0.17933627
1235100,1180100,0,0.29825887,0.28971843
1235200,1180200,0,0.28153398,0.27432422
1235300,1180300,0,0.28163325,0.27441601
1235400,1180400,0,0.1938826,0.1914892
1235500,1180500,0,0.17441082,0.1726636
1235600,1180600,0,0.26973832,0.26338132
1235700,1180700,0,0.2756021,0.26882986
1235800,1180800,0,0.20801651,0.2050672
1235900,1180900,0,0.27663596,0.26978873
1236000,1181000,0,0.17580263,0.17401359
1236100,1181100,0,0.18144929,0.17948384
1236200,1181200,0,0.20158459,0.1988977
1236300,1181300,0,0.21434565,0.21112224
1236400,1181400,0,0.1726781,0.17098204
1236500,1181500,0,0.17373772,0.1720105
1236600,1181600,0,0.17401924,0.17228367
1236700,1181700,0,0.26906385,0.26275353
1236800,1181800,0,0.26783646,0.26161051
1236900,1181900,0,0.1780732,0.17621453
1237000,1182000,0,0.2638482,0.25789134
1237100,1182100,0,0.1681951,0.16662679
1237200,1182200,0,0.27477371,0.26806117
1237300,1182300,0,0.16732217,0.16577797
1237400,1182400,0,0.17909052,0.17720009
1237500,1182500,0,0.29095111,0.28300998
1237600,1182600,0,0.28611239,0.27855275
1237700,1182700,0,0.26226147,0.25640954
1237800,1182800,0,0.26482544,0.25880336
1237900,1182900,0,0.2658471,0.25975634
1238000,1183000,0,0.26479406,0.25877409
1238100,1183100,0,0.17499489,0.1732302
1238200,1183200,0,0.27063056,0.26421147
1238300,1183300,0,0.17450321,0.17275324
1238400,1183400,0,0.16439658,0.16293141
1238500,1183500,0,0.26346463,0.25753326
1238600,1183600,0,0.1743361,0.1725911
1238700,1183700,0,0.16407752,0.16262081
1238800,1183800,0,0.16357761,0.16213407
1238900,1183900,0,0.17345981,0.17174079
1239000,1184000,0,0.28740788,0.27974729
1239100,1184100,0,0.16142143,0.16003385
1239200,1184200,0,0.25912286,0.25347493
1239300,1184300,0,0.2625776,0.25670487
1239400,1184400,0,0.17597421,0.17417997
1239500,1184500,0,0.27551407,0.26874819
1239600,1184600,0,0.28893473,0.28115404
1239700,1184700,0,0.17336804,0.17165173
1239800,1184800,0,0.17411374,0.17237536
1239900,1184900,0,0.27268384,0.26612039
1240000,1185000,0,0.25979673,0.2541054
1240100,1185100,0,0.17367255,0.17194725
1240200,1185200,0,0.25747791,0.25193503
1240300,1185300,0,0.17748808,0.17564752
1240400,1185400,0,0.15746638,0.15617766
1240500,1185500,0,0.17585524,0.17406461
1240600,1185600,0,0.26183478,0.25601086
1240700,1185700,0,0.26438447,0.25839188
1240800,1185800,0,0.17787669,0.17602412
1240900,1185900,0,0.26097048,0.25520303
1241000,1186000,0,0.2630395,0.25713627
1241100,1186100,0,0.17481922,0.1730598
1241200,1186200,0,0.15524211,0.1540069
1241300,1186300,0,0.18232624,0.1803324
1241400,1186400,0,0.15766545,0.15637188
1241500,1186500,0,0.18698157,0.18483253
1241600,1186600,0,0.17420849,0.1724673
1241700,1186700,0,0.15319885,0.15201148
1241800,1186800,0,0.25912372,0.25347573
1241900,1186900,0,0.27144144,0.26496559
1242000,1187000,0,0.2838536,0.27646791
1242100,1187100,0,0.27370984,0.26707346
1242200,1187200,0,0.26983107,0.26346763
1242300,1187300,0,0.17387242,0.1721412
1242400,1187400,0,0.15569423,0.15444826
1242500,1187500,0,0.15362856,0.15243123
1242600,1187600,0,0.17378975,0.17206098
1242700,1187700,0,0.26481221,0.25879101
1242800,1187800,0,0.17584161,0.17405139
1242900,1187900,0,0.2526667,0.24742376
1243000,1188000,0,0.17592626,0.17413348
1243100,1188100,0,0.17368938,0.17196359
1243200,1188200,0,0.2833045,0.2759607
1243300,1188300,0,0.17344331,0.17172478
1243400,1188400,0,0.25821755,0.25262759
1243500,1188500,0,0.17825875,0.17639432
1243600,1188600,0,0.17439313,0.17264643
1243700,1188700,0,0.26810482,0.26186048
1243800,1188800,0,0.184164,0.18210981
1243900,1188900,0,0.25254816,0.24731247
1244000,1189000,0,0.17692627,0.175103
1244100,1189100,0,0.17386487,0.17213388
1244200,1189200,0,0.29155803,0.28356819
1244300,1189300,0,0.17521687,0.17344551
1244400,1189400,0,0.21237302,0.20923675
1244500,1189500,0,0.17738942,0.17555191
1244600,1189600,0,0.27531069,0.26855949
1244700,1189700,0,0.25490536,0.24952421
1244800,1189800,0,0.17422945,0.17248764
1244900,1189900,0,0.15905149,0.15772373
1245000,1190000,0,0.17362152,0.17189773
1245100,1190100,0,0.17393709,0.17220396
1245200,1190200,0,0.1510486,0.14991023
1245300,1190300,0,0.18743064,0.18526622
1245400,1190400,0,0.18247344,0.18047481
1245500,1190500,0,0.1759054,0.17411325
1245600,1190600,0,0.14624823,0.1452144
1245700,1190700,0,0.17641721,0.1746095
1245800,1190800,0,0.24863763,0.24363758
1245900,1190900,0,0.18252345,0.18052319
1246000,1191000,0,0.17925956,0.17736382
1246100,1191100,0,0.24388711,0.23916391
1246200,1191200,0,0.17499805,0.17323327
1246300,1191300,0,0.14886916,0.14777907
1246400,1191400,0,0.19543896,0.19298804
1246500,1191500,0,0.2496095,0.24455155
1246600,1191600,0,0.14280506,0.14184216
1246700,1191700,0,0.27779551,0.27086355
1246800,1191800,0,0.24860718,0.24360894
1246900,1191900,0,0.17718913,0.17535778
1247000,1192000,0,0.26538644,0.25932671
1247100,1192100,0,0.14072623,0.13980456
1247200,1192200,0,0.17405676,0.17232007
1247300,1192300,0,0.27049119,0.26408183
1247400,1192400,0,0.17899815,0.17711061
1247500,1192500,0,0.25023454,0.24513912
1247600,1192600,0,0.24654113,0.24166453
1247700,1192700,0,0.17386946,0.17213833
1247800,1192800,0,0.24786098,0.2429069
1247900,1192900,0,0.25509946,0.24970621
1248000,1193000,0,0.24208348,0.23746272
1248100,1193100,0,0.17417569,0.17243547
1248200,1193200,0,0.17902101,0.17713276
1248300,1193300,0,0.13482461,0.13401357
1248400,1193400,0,0.13570331,0.13487639
1248500,1193500,0,0.1744332,0.17268531
1248600,1193600,0,0.23934464,0.23487664
1248700,1193700,0,0.13372206,0.13293067
1248800,1193800,0,0.17365921,0.17193431
1248900,1193900,0,0.25426401,0.24892269
1249000,1194000,0,0.13689239,0.13604365
1249100,1194100,0,0.17394243,0.17220914
1249200,1194200,0,0.1328564,0.1320802
1249300,1194300,0,0.17358085,0.17185826
1249400,1194400,0,0.18869512,0.18648701
1249500,1194500,0,0.18197522,0.17999278
1249600,1194600,0,0.25564476,0.25021744
1249700,1194700,0,0.24155805,0.23696686
1249800,1194800,0,0.19142999,0.18912542
1249900,1194900,0,0.1876194,0.1854485
1250000,1195000,0,0.17452355,0.17277297
1250100,1195100,0,0.13190913,0.13114934
1250200,1195200,0,0.17366343,0.1719384
1250300,1195300,0,0.19168201,0.18936841
1250400,1195400,0,0.17972344,0.17781307
1250500,1195500,0,0.17349955,0.17177936
1250600,1195600,0,0.2554194,0.25000618
1250700,1195700,0,0.17486252,0.1731018
1250800,1195800,0,0.19331214,0.1909396
1250900,1195900,0,0.23684768,0.23251605
1251000,1196000,0,0.24686321,0.24196778
1251100,1196100,0,0.25789267,0.25232342
1251200,1196200,0,0.26465779,0.25864694
1251300,1196300,0,0.17443179,0.17268394
1251400,1196400,0,0.19223384,0.1899004
1251500,1196500,0,0.1733676,0.1716513
1251600,1196600,0,0.24760285,0.24266398
1251700,1196700,0,0.2368705,0.23253764
1251800,1196800,0,0.24267588,0.23802163
1251900,1196900,0,0.23164234,0.22758621
1252000,1197000,0,0.23258761,0.22848232
1252100,1197100,0,0.25124511,0.24608873
1252200,1197200,0,0.17441194,0.17266469
1252300,1197300,0,0.2324489,0.22835085
1252400,1197400,0,0.17632625,0.17452131
1252500,1197500,0,0.17487938,0.17311816
1252600,1197600,0,0.29511591,0.28683667
1252700,1197700,0,0.17590312,0.17411103
1252800,1197800,0,0.23802038,0.23362504
1252900,1197900,0,0.25100221,0.24586053
1253000,1198000,0,0.25831381,0.25271771
1253100,1198100,0,0.23852562,0.23410265
1253200,1198200,0,0.17363851,0.17191422
1253300,1198300,0,0.23240617,0.22831035
1253400,1198400,0,0.1834379,0.18140769
1253500,1198500,0,0.24860297,0.24360498
1253600,1198600,0,0.1743077,0.17256356
1253700,1198700,0,0.17477951,0.17302128
1253800,1198800,0,0.22716304,0.2233346
1253900,1198900,0,0.17341254,0.17169491
1254000,1199000,0,0.2494904,0.24443957
1254100,1199100,0,0.17510228,0.17333437
1254200,1199200,0,0.13067495,0.12993619
1254300,1199300,0,0.17388287,0.17215134
1254400,1199400,0,0.17623751,0.17443527
1254500,1199500,0,0.17606935,0.17427223
1254600,1199600,0,0.23559638,0.23133206
1254700,1199700,0,0.23924824,0.23478555
1254800,1199800,0,0.17602013,0.1742245
1254900,1199900,0,0.17426947,0.17252646
1255000,1200000,0,0.17497085,0.17320688
1255100,1200100,0,0.12048691,0.11990723
1255200,1200200,0,0.10887324,0.1084451
1255300,1200300,0,0.19335287,0.19097884
1255400,1200400,0,0.17504163,0.17327554
1255500,1200500,0,0.23441881,0.2302172
1255600,1200600,0,0.23074015,0.22673057
1255700,1200700,0,0.22628559,0.22250076
1255800,1200800,0,0.11188796,0.11142338
1255900,1200900,0,0.176047,0.17425055
1256000,1201000,0,0.2407779,0.23623038
1256100,1201100,0,0.23283287,0.22871477
1256200,1201200,0,0.23494319,0.23071373
1256300,1201300,0,0.23883215,0.23439236
1256400,1201400,0,0.17680084,0.17498141
1256500,1201500,0,0.22412408,0.22044528
1256600,1201600,0,0.17434836,0.17260301
1256700,1201700,0,0.10521603,0.10482948
1256800,1201800,0,0.19063321,0.18835703
1256900,1201900,0,0.17315804,0.17144791
1257000,1202000,0,0.10871456,0.10828828
1257100,1202100,0,0.10968449,0.10924674
1257200,1202200,0,0.23162941,0.22757395
1257300,1202300,0,0.10586567,0.10547194
1257400,1202400,0,0.17423071,0.17248886
1257500,1202500,0,0.23904898,0.23459727
1257600,1202600,0,0.10326606,0.10290055
1257700,1202700,0,0.23204107,0.22796425
1257800,1202800,0,0.17446828,0.17271935
1257900,1202900,0,0.17651432,0.17470365
1258000,1203000,0,0.11129314,0.11083591
1258100,1203100,0,0.1776459,0.17580047
1258200,1203200,0,0.22388742,0.22022011
1258300,1203300,0,0.10328109,0.10291542
1258400,1203400,0,0.17311674,0.17140782
1258500,1203500,0,0.10414421,0.10376932
1258600,1203600,0,0.099731113,0.099401771
1258700,1203700,0,0.22626651,0.22248263
1258800,1203800,0,0.2301816,0.22620067
1258900,1203900,0,0.21915223,0.21570989
1259000,1204000,0,0.17406699,0.17233001
1259100,1204100,0,0.17385237,0.17212175
1259200,1204200,0,0.23712205,0.23277557
1259300,1204300,0,0.17351589,0.17179522
1259400,1204400,0,0.18897778,0.18675983
1259500,1204500,0,0.2350547,0.2308193
1259600,1204600,0,0.17397414,0.17223991
1259700,1204700,0,0.21842636,0.21501768
1259800,1204800,0,0.17315151,0.17144157
1259900,1204900,0,0.17774781,0.17589923
1260000,1205000,0,0.18849102,0.18629001
1260100,1205100,0,0.17532969,0.17355493
1260200,1205200,0,0.092427275,0.092164975
1260300,1205300,0,0.21827804,0.21487621
1260400,1205400,0,0.090100543,0.089857517
1260500,1205500,0,0.17971312,0.17780307
1260600,1205600,0,0.17508201,0.1733147
1260700,1205700,0,0.22137184,0.2178252
1260800,1205800,0,0.21696543,0.21362386
1260900,1205900,0,0.19644971,0.19396096
1261000,1206000,0,0.21662291,0.21329694
1261100,1206100,0,0.17415744,0.17241777
1261200,1206200,0,0.21930525,0.21585578
1261300,1206300,0,0.17361993,0.17189618
1261400,1206400,0,0.18385704,0.18181301
1261500,1206500,0,0.17611281,0.17431437
1261600,1206600,0,0.091666766,0.091410874
1261700,1206700,0,0.2193336,0.21588282
1261800,1206800,0,0.090079133,0.089836279
1261900,1206900,0,0.22698368,0.22316419
1262000,1207000,0,0.17456761,0.17281572
1262100,1207100,0,0.17469236,0.17293673
1262200,1207200,0,0.21771905,0.21434297
1262300,1207300,0,0.22025805,0.216764
1262400,1207400,0,0.22213876,0.21855561
1262500,1207500,0,0.17457867,0.17282645
1262600,1207600,0,0.22331911,0.21967929
1262700,1207700,0,0.087435742,0.087213606
1262800,1207800,0,0.094117885,0.093840962
1262900,1207900,0,0.21255066,0.20940661
1263000,1208000,0,0.087130569,0.086910745
1263100,1208100,0,0.22123248,0.21769244
1263200,1208200,0,0.21288452,0.20972581
1263300,1208300,0,0.084204439,0.084005987
1263400,1208400,0,0.21242793,0.20928926
1263500,1208500,0,0.083712021,0.083517025
1263600,1208600,0,0.083836792,0.083640924
1263700,1208700,0,0.21400832,0.21079992
1263800,1208800,0,0.21634909,0.21303556
1263900,1208900,0,0.22276998,0.2191566
1264000,1209000,0,0.21166408,0.20855875
1264100,1209100,0,0.22665331,0.22285025
1264200,1209200,0,0.082819432,0.082630596
1264300,1209300,0,0.17426269,0.17251988
1264400,1209400,0,0.083410959,0.083218055
1264500,1209500,0,0.084869401,0.08466622
1264600,1209600,0,0.21387637,0.21067383
1264700,1209700,0,0.09224684,0.09198607
1264800,1209800,0,0.17453559,0.17278465
1264900,1209900,0,0.21130154,0.20821195
1265000,1210000,0,0.21123866,0.20815179
1265100,1210100,0,0.2152938,0.21202795
1265200,1210200,0,0.082330991,0.082145471
1265300,1210300,0,0.21308844,0.20992075
1265400,1210400,0,0.2144139,0.21118744
1265500,1210500,0,0.084573571,0.084372503
1265600,1210600,0,0.18432463,0.18226511
1265700,1210700,0,0.095840069,0.095547703
1265800,1210800,0,0.22454248,0.2208433
1265900,1210900,0,0.19000138,0.18774754
1266000,1211000,0,0.22321981,0.21958477
1266100,1211100,0,0.21891452,0.21548323
1266200,1211200,0,0.08241568,0.082229587
1266300,1211300,0,0.081988466,0.081805247
1266400,1211400,0,0.21268153,0.20953173
1266500,1211500,0,0.17744437,0.17560516
1266600,1211600,0,0.21100289,0.20792623
1266700,1211700,0,0.21094661,0.20787239
1266800,1211800,0,0.17620799,0.17440665
1266900,1211900,0,0.22056288,0.21705449
1267000,1212000,0,0.17963668,0.17772905
1267100,1212100,0,0.17669595,0.17487973
1267200,1212200,0,0.22237612,0.21878162
1267300,1212300,0,0.17616676,0.17436668
1267400,1212400,0,0.18757105,0.18540181
1267500,1212500,0,0.17355752,0.17183562
1267600,1212600,0,0.1744617,0.17271297
1267700,1212700,0,0.081858547,0.081676196
1267800,1212800,0,0.17428131,0.17253795
1267900,1212900,0,0.21345612,0.2102722
1268000,1213000,0,0.1799752,0.17805685
1268100,1213100,0,0.21792596,0.21454036
1268200,1213200,0,0.22472573,0.22101761
1268300,1213300,0,0.083790333,0.083594789
1268400,1213400,0,0.21199917,0.20887924
1268500,1213500,0,0.081965042,0.08178198
1268600,1213600,0,0.084238203,0.084039513
1268700,1213700,0,0.084498426,0.084297893
1268800,1213800,0,0.17543441,0.1736565
1268900,1213900,0,0.18588615,0.18377432
1269000,1214000,0,0.17968664,0.17777743
1269100,1214100,0,0.21275625,0.20960318
1269200,1214200,0,0.22019327,0.21670227
1269300,1214300,0,0.21761429,0.21424303
1269400,1214400,0,0.21110648,0.20802534
1269500,1214500,0,0.082663265,0.082475493
1269600,1214600,0,0.22233423,0.21874173
1269700,1214700,0,0.21458474,0.21135066
1269800,1214800,0,0.08271824,0.082530094
1269900,1214900,0,0.21207493,0.2089517
1270000,1215000,0,0.21708068,0.21373385
1270100,1215100,0,0.18449247,0.18242736
1270200,1215200,0,0.082258943,0.082073908
1270300,1215300,0,0.17367544,0.17195005
1270400,1215400,0,0.18465667,0.1825861
1270500,1215500,0,0.17546689,0.173688
1270600,1215600,0,0.17356183,0.1718398
1270700,1215700,0,0.22036045,0.21686159
1270800,1215800,0,0.17392638,0.17219356
1270900,1215900,0,0.082923189,0.082733643
1271000,1216000,0,0.083900803,0.083704487
1271100,1216100,0,0.17959613,0.17768977
1271200,1216200,0,0.22930568,0.2253694
1271300,1216300,0,0.18014119,0.17821758
1271400,1216400,0,0.19385285,0.19146054
1271500,1216500,0,0.17986625,0.17795135
1271600,1216600,0,0.085948195,0.085737183
1271700,1216700,0,0.21975637,0.21628584
1271800,1216800,0,0.17403313,0.17229715
1271900,1216900,0,0.22138833,0.2178409
1272000,1217000,0,0.083665443,0.083470771
1272100,1217100,0,0.22353566,0.21988538
1272200,1217200,0,0.089040432,0.088805866
1272300,1217300,0,0.21538217,0.21211234
1272400,1217400,0,0.21753962,0.21417178
1272500,1217500,0,0.21825855,0.21485762
1272600,1217600,0,0.21232869,0.20919436
1272700,1217700,0,0.21765877,0.21428546
1272800,1217800,0,0.084554312,0.084353381
1272900,1217900,0,0.21186981,0.20875552
1273000,1218000,0,0.084042463,0.083845152
1273100,1218100,0,0.21311205,0.20994332
1273200,1218200,0,0.21108582,0.20800557
1273300,1218300,0,0.082199042,0.08201441
1273400,1218400,0,0.082880911,0.082691654
1273500,1218500,0,0.21552883,0.2122524
1273600,1218600,0,0.17354071,0.17181931
1273700,1218700,0,0.083277161,0.083085183
1273800,1218800,0,0.17459024,0.17283767
1273900,1218900,0,0.22918832,0.225258
1274000,1219000,0,0.21736994,0.21400988
1274100,1219100,0,0.18082534,0.17887992
1274200,1219200,0,0.21801114,0.21462163
1274300,1219300,0,0.22247264,0.21887352
1274400,1219400,0,0.20930662,0.20630272
1274500,1219500,0,0.21581525,0.2125259
1274600,1219600,0,0.082834254,0.082645316
1274700,1219700,0,0.21469527,0.21145625
1274800,1219800,0,0.082673559,0.082485717
1274900,1219900,0,0.08180913,0.081627109
1275000,1220000,0,0.18001936,0.17809961
1275100,1220100,0,0.17428147,0.1725381
1275200,1220200,0,0.083763801,0.083568444
1275300,1220300,0,0.17379442,0.17206552
1275400,1220400,0,0.17350117,0.17178093
1275500,1220500,0,0.18197635,0.17999386
1275600,1220600,0,0.17472684,0.17297018
1275700,1220700,0,0.21049252,0.20743787
1275800,1220800,0,0.17452201,0.17277148
1275900,1220900,0,0.084187731,0.083989398
1276000,1221000,0,0.20370346,0.20093189
1276100,1221100,0,0.2140942,0.21088199
1276200,1221200,0,0.21210129,0.2089769
1276300,1221300,0,0.1774624,0.17562264
1276400,1221400,0,0.17409195,0.17235422
1276500,1221500,0,0.18342248,0.18139278
1276600,1221600,0,0.23061127,0.22660831
1276700,1221700,0,0.21775933,0.2143814
1276800,1221800,0,0.21525266,0.21198866
1276900,1221900,0,0.22082125,0.21730068
1277000,1222000,0,0.17390057,0.17216852
1277100,1222100,0,0.088457242,0.088227245
1277200,1222200,0,0.082895548,0.082706192
1277300,1222300,0,0.1740124,0.17227703
1277400,1222400,0,0.21150245,0.20840415
1277500,1222500,0,0.17494575,0.17318254
1277600,1222600,0,0.082184432,0.081999898
1277700,1222700,0,0.22316396,0.21953162
1277800,1222800,0,0.083965077,0.08376831
1277900,1222900,0,0.21269049,0.2095403
1278000,1223000,0,0.21470852,0.21146891
1278100,1223100,0,0.082179413,0.081994913
1278200,1223200,0,0.21748028,0.21411516
1278300,1223300,0,0.17366312,0.1719381
1278400,1223400,0,0.083152647,0.082961526
1278500,1223500,0,0.21352039,0.21033362
1278600,1223600,0,0.084143617,0.083945594
1278700,1223700,0,0.23279252,0.22867653
1278800,1223800,0,0.11011726,0.10967432
1278900,1223900,0,0.17843111,0.17656131
1279000,1224000,0,0.18452231,0.18245621
1279100,1224100,0,0.22532939,0.2215917
1279200,1224200,0,0.17895362,0.17706748
1279300,1224300,0,0.21580789,0.21251887
1279400,1224400,0,0.23407911,0.22989547
1279500,1224500,0,0.17735746,0.17552093
1279600,1224600,0,0.2169472,0.21360646
1279700,1224700,0,0.17702315,0.17519691
1279800,1224800,0,0.2161056,0.21280311
1279900,1224900,0,0.22697994,0.22316064
1280000,1225000,0,0.18063787,0.17869844
1280100,1225100,0,0.25480096,0.2494263
1280200,1225200,0,0.17382372,0.17209394
1280300,1225300,0,0.25159287,0.2464154
1280400,1225400,0,0.10562282,0.10523179
1280500,1225500,0,0.17501631,0.17325098
1280600,1225600,0,0.22653356,0.22273645
1280700,1225700,0,0.23449397,0.23028837
1280800,1225800,0,0.17411373,0.17237535
1280900,1225900,0,0.22814417,0.2242666
1281000,1226000,0,0.23568509,0.23141601
1281100,1226100,0,0.17516054,0.17339088
1281200,1226200,0,0.1740304,0.1722945
1281300,1226300,0,0.24159471,0.23700145
1281400,1226400,0,0.1776675,0.1758214
1281500,1226500,0,0.19146367,0.18915789
1281600,1226600,0,0.18121806,0.17926004
1281700,1226700,0,0.18549538,0.18339672
1281800,1226800,0,0.22717837,0.22334917
1281900,1226900,0,0.1809843,0.17903378
1282000,1227000,0,0.18409673,0.18204477
1282100,1227100,0,0.17929329,0.17739649
1282200,1227200,0,0.10561704,0.10522607
1282300,1227300,0,0.1802808,0.17835275
1282400,1227400,0,0.17394805,0.17221459
1282500,1227500,0,0.1806569,0.17871686
1282600,1227600,0,0.17995328,0.17803562
1282700,1227700,0,0.10496592,0.10458212
1282800,1227800,0,0.23393221,0.22975633
1282900,1227900,0,0.17569892,0.17391302
1283000,1228000,0,0.10367162,0.10330179
1283100,1228100,0,0.17414707,0.1724077
1283200,1228200,0,0.25535488,0.24994569
1283300,1228300,0,0.17447872,0.17272948
1283400,1228400,0,0.1021922,0.10183794
1283500,1228500,0,0.22935311,0.22541442
1283600,1228600,0,0.22799865,0.22412839
1283700,1228700,0,0.10266209,0.10230294
1283800,1228800,0,0.17378981,0.17206104
1283900,1228900,0,0.10259853,0.10224004
1284000,1229000,0,0.23157344,0.22752088
1284100,1229100,0,0.23179442,0.2277304
1284200,1229200,0,0.23269278,0.228582
1284300,1229300,0,0.17366683,0.1719417
1284400,1229400,0,0.23603277,0.23174505
1284500,1229500,0,0.18061422,0.17867554
1284600,1229600,0,0.22039816,0.21689752
1284700,1229700,0,0.17914721,0.177255
1284800,1229800,0,0.098380368,0.098064194
1284900,1229900,0,0.22139083,0.21784329
1285000,1230000,0,0.17642742,0.17461939
1285100,1230100,0,0.17870273,0.17682445
1285200,1230200,0,0.23006749,0.22609239
1285300,1230300,0,0.22315083,0.21951913
1285400,1230400,0,0.17576612,0.17397819
1285500,1230500,0,0.18179954,0.17982278
1285600,1230600,0,0.22156086,0.21800524
1285700,1230700,0,0.17964064,0.17773288
1285800,1230800,0,0.22495727,0.22123783
1285900,1230900,0,0.22115643,0.21762
1286000,1231000,0,0.19004927,0.18779374
1286100,1231100,0,0.22371656,0.22005753
1286200,1231200,0,0.21908714,0.21564783
1286300,1231300,0,0.17793916,0.17608466
1286400,1231400,0,0.17540696,0.17362987
1286500,1231500,0,0.21787125,0.21448817
1286600,1231600,0,0.17550842,0.17372828
1286700,1231700,0,0.2295675,0.22561791
1286800,1231800,0,0.22355535,0.21990411
1286900,1231900,0,0.09788895,0.097577479
1287000,1232000,0,0.2195244,0.21606471
1287100,1232100,0,0.097568735,0.097260303
1287200,1232200,0,0.21770035,0.21432513
1287300,1232300,0,0.21806386,0.21467191
1287400,1232400,0,0.21888979,0.21545965
1287500,1232500,0,0.17532072,0.17354623
1287600,1232600,0,0.096187622,0.095892071
1287700,1232700,0,0.22908767,0.22516246
1287800,1232800,0,0.17554692,0.17376562
1287900,1232900,0,0.096513677,0.096215118
1288000,1233000,0,0.1738947,0.17216282
1288100,1233100,0,0.21942638,0.21597126
1288200,1233200,0,0.17565966,0.17387495
1288300,1233300,0,0.21779686,0.21441721
1288400,1233400,0,0.17365257,0.17192786
1288500,1233500,0,0.17945909,0.17755706
1288600,1233600,0,0.17486581,0.17310499
1288700,1233700,0,0.22641271,0.22262158
1288800,1233800,0,0.23561896,0.23135343
1288900,1233900,0,0.2215696,0.21801357
1289000,1234000,0,0.1736335,0.17190935
1289100,1234100,0,0.22706802,0.22324432
1289200,1234200,0,0.17467281,0.17291777
1289300,1234300,0,0.21624237,0.21293369
1289400,1234400,0,0.21817408,0.21477705
1289500,1234500,0,0.17574462,0.17395734
1289600,1234600,0,0.17484094,0.17308087
1289700,1234700,0,0.17567852,0.17389323
1289800,1234800,0,0.22377626,0.22011433
1289900,1234900,0,0.17959816,0.17769174
1290000,1235000,0,0.1772029,0.17537113
1290100,1235100,0,0.2205989,0.21708881
1290200,1235200,0,0.09389202,0.093617081
1290300,1235300,0,0.091852182,0.091594737
1290400,1235400,0,0.21659472,0.21327004
1290500,1235500,0,0.17327251,0.17155901
1290600,1235600,0,0.21824347,0.21484324
1290700,1235700,0,0.17433628,0.17259128
1290800,1235800,0,0.091661313,0.091405467
1290900,1235900,0,0.22029853,0.21680258
1291000,1236000,0,0.17685321,0.17503217
1291100,1236100,0,0.1738734,0.17214216
1291200,1236200,0,0.17392237,0.17218967
1291300,1236300,0,0.21742149,0.21405907
1291400,1236400,0,0.17568729,0.17390174
1291500,1236500,0,0.17649323,0.1746832
1291600,1236600,0,0.20249484,0.19977178
1291700,1236700,0,0.2192784,0.21583018
1291800,1236800,0,0.22207622,0.21849605
1291900,1236900,0,0.091974099,0.09171563
1292000,1237000,0,0.17634591,0.17454037
1292100,1237100,0,0.1746712,0.17291621
1292200,1237200,0,0.17827755,0.17641254
1292300,1237300,0,0.086975893,0.086757236
1292400,1237400,0,0.17675898,0.17494083
1292500,1237500,0,0.18189433,0.17991451
1292600,1237600,0,0.087764958,0.087540308
1292700,1237700,0,0.21609338,0.21279145
1292800,1237800,0,0.086358674,0.08614463
1292900,1237900,0,0.22345704,0.21981055
1293000,1238000,0,0.17414738,0.17240801
1293100,1238100,0,0.21613811,0.21283415
1293200,1238200,0,0.21673545,0.21340436
1293300,1238300,0,0.21603066,0.21273157
1293400,1238400,0,0.17482312,0.17306358
1293500,1238500,0,0.1771347,0.17530502
1293600,1238600,0,0.35950563,0.34477851
1293700,1238700,0,0.21371226,0.210517
1293800,1238800,0,0.21362871,0.21043716
1293900,1238900,0,0.17738274,0.17554544
1294000,1239000,0,0.1728865,0.17118433
1294100,1239100,0,0.22378753,0.22012506
1294200,1239200,0,0.21772748,0.21435102
1294300,1239300,0,0.22214113,0.21855787
1294400,1239400,0,0.085508724,0.085300926
1294500,1239500,0,0.17427566,0.17253247
1294600,1239600,0,0.21556977,0.21229149
1294700,1239700,0,0.22618124,0.22240158
1294800,1239800,0,0.21913604,0.21569445
1294900,1239900,0,0.087627015,0.087403421
1295000,1240000,0,0.17344108,0.17172261
1295100,1240100,0,0.23138917,0.22734614
1295200,1240200,0,0.22916884,0.22523951
1295300,1240300,0,0.083759603,0.083564274
1295400,1240400,0,0.23260908,0.22850267
1295500,1240500,0,0.17458015,0.17282788
1295600,1240600,0,0.19336742,0.19099287
1295700,1240700,0,0.17980453,0.17789159
1295800,1240800,0,0.23158889,0.22753552
1295900,1240900,0,0.083250334,0.08305854
1296000,1241000,0,0.082561886,0.082374803
1296100,1241100,0,0.21672626,0.21339559
1296200,1241200,0,0.22020711,0.21671545
1296300,1241300,0,0.22184193,0.21827294
1296400,1241400,0,0.17325541,0.17154241
1296500,1241500,0,0.22369171,0.22003388
1296600,1241600,0,0.23329235,0.22915017
1296700,1241700,0,0.1736453,0.1719208
1296800,1241800,0,0.084528173,0.084327428
1296900,1241900,0,0.081995331,0.081812065
1297000,1242000,0,0.082096568,0.081912625
1297100,1242100,0,0.18597945,0.18386446
1297200,1242200,0,0.082884605,0.082695324
1297300,1242300,0,0.17555032,0.17376891
1297400,1242400,0,0.17655952,0.17474747
1297500,1242500,0,0.21977851,0.21630695
1297600,1242600,0,0.08346857,0.083275267
1297700,1242700,0,0.2166536,0.21332624
1297800,1242800,0,0.083664224,0.083469561
1297900,1242900,0,0.23745111,0.23308678
1298000,1243000,0,0.21837809,0.21497164
1298100,1243100,0,0.17514155,0.17337246
1298200,1243200,0,0.17473685,0.17297989
1298300,1243300,0,0.22400141,0.22032856
1298400,1243400,0,0.084650896,0.084449278
1298500,1243500,0,0.17357112,0.17184882
1298600,1243600,0,0.21898755,0.21555287
1298700,1243700,0,0.17378506,0.17205643
1298800,1243800,0,0.21790629,0.2145216
1298900,1243900,0,0.23535328,0.23110195
1299000,1244000,0,0.18038313,0.17845182
1299100,1244100,0,0.23169541,0.22763653
1299200,1244200,0,0.22479237,0.22108099
1299300,1244300,0,0.085475832,0.085268273
1299400,1244400,0,0.085240169,0.085034318
1299500,1244500,0,0.17833257,0.17646583
1299600,1244600,0,0.18034078,0.17841082
1299700,1244700,0,0.08609073,0.085878668
1299800,1244800,0,0.22424069,0.22055622
1299900,1244900,0,0.086132214,0.085919846
1300000,1245000,0,0.1752856,0.17351217
1300100,1245100,0,0.17417865,0.17243834
1300200,1245200,0,0.22122651,0.21768676
1300300,1245300,0,0.22268737,0.21907795
1300400,1245400,0,0.21862283,0.21520506
1300500,1245500,0,0.22263971,0.21903258
1300600,1245600,0,0.22143849,0.21788869
1300700,1245700,0,0.17700213,0.17517653
1300800,1245800,0,0.086092994,0.085880915
1300900,1245900,0,0.18462782,0.1825582
1301000,1246000,0,0.22041028,0.21690907
1301100,1246100,0,0.18284519,0.18083442
1301200,1246200,0,0.086952833,0.086734349
1301300,1246300,0,0.086192558,0.085979745
1301400,1246400,0,0.17357615,0.1718537
1301500,1246500,0,0.22078434,0.2172655
1301600,1246600,0,0.18545177,0.18335458
1301700,1246700,0,0.089159351,0.088923846
1301800,1246800,0,0.22320814,0.21957367
1301900,1246900,0,0.22315379,0.21952194
1302000,1247000,0,0.086362378,0.086148306
1302100,1247100,0,0.17726847,0.17543468
1302200,1247200,0,0.087306133,0.087084981
1302300,1247300,0,0.17360124,0.17187805
1302400,1247400,0,0.087146308,0.086926365
1302500,1247500,0,0.23674787,0.23242163
1302600,1247600,0,0.18973574,0.18749125
1302700,1247700,0,0.23268333,0.22857305
1302800,1247800,0,0.17448159,0.17273226
1302900,1247900,0,0.17589495,0.17410311
1303000,1248000,0,0.088040308,0.087813541
1303100,1248100,0,0.088702572,0.08847066
1303200,1248200,0,0.0889902,0.08875603
1303300,1248300,0,0.17714718,0.17531713
1303400,1248400,0,0.088581054,0.088350092
1303500,1248500,0,0.088087968,0.087860834
1303600,1248600,0,0.17874309,0.17686355
1303700,1248700,0,0.2386839,0.23425225
1303800,1248800,0,0.17362472,0.17190083
1303900,1248900,0,0.17627353,0.1744702
1304000,1249000,0,0.21934562,0.21589427
1304100,1249100,0,0.17704445,0.17521754
1304200,1249200,0,0.17497492,0.17321083
1304300,1249300,0,0.17399359,0.17225878
1304400,1249400,0,0.08529318,0.085086946
1304500,1249500,0,0.17355311,0.17183133
1304600,1249600,0,0.18963161,0.18739077
1304700,1249700,0,0.24106756,0.23650385
1304800,1249800,0,0.18216202,0.18017352
1304900,1249900,0,0.17897193,0.17708522
1305000,1250000,0,0.21626365,0.212954
1305100,1250100,0,0.17621304,0.17441154
1305200,1250200,0,0.18062481,0.1786858
1305300,1250300,0,0.08458455,0.084383404
1305400,1250400,0,0.22490454,0.22118768
1305500,1250500,0,0.21542673,0.21215489
1305600,1250600,0,0.18097226,0.17902213
1305700,1250700,0,0.1747447,0.1729875
1305800,1250800,0,0.17683386,0.17501342
1305900,1250900,0,0.084242426,0.084043706
1306000,1251000,0,0.084582644,0.084381512
1306100,1251100,0,0.18427475,0.18221688
1306200,1251200,0,0.22083135,0.2173103
1306300,1251300,0,0.179579,0.17767319
1306400,1251400,0,0.22087278,0.21734977
1306500,1251500,0,0.08442706,0.084227033
1306600,1251600,0,0.17931074,0.17741338
1306700,1251700,0,0.086715136,0.086498436
1306800,1251800,0,0.17344606,0.17172744
1306900,1251900,0,0.17377344,0.17204516
1307000,1252000,0,0.21360088,0.21041055
1307100,1252100,0,0.084469959,0.084269628
1307200,1252200,0,0.084984677,0.084780669
1307300,1252300,0,0.1767851,0.17496615
1307400,1252400,0,0.17478723,0.17302877
1307500,1252500,0,0.21462045,0.21138477
1307600,1252600,0,0.20273367,0.20000107
1307700,1252700,0,0.21778378,0.21440473
1307800,1252800,0,0.17966776,0.17775914
1307900,1252900,0,0.22023715,0.21674408
1308000,1253000,0,0.17670375,0.17488728
1308100,1253100,0,0.18546766,0.18336993
1308200,1253200,0,0.2283672,0.2244784
1308300,1253300,0,0.21938332,0.21593021
1308400,1253400,0,0.094492123,0.094211892
1308500,1253500,0,0.17468914,0.17293361
1308600,1253600,0,0.1781468,0.17628585
1308700,1253700,0,0.23006443,0.22608949
1308800,1253800,0,0.22141554,0.21786682
1308900,1253900,0,0.17409485,0.17235704
1309000,1254000,0,0.2323393,0.22824696
1309100,1254100,0,0.1806479,0.17870815
1309200,1254200,0,0.17356294,0.17184087
1309300,1254300,0,0.17546212,0.17368338
1309400,1254400,0,0.17518174,0.17341144
1309500,1254500,0,0.17523321,0.17346136
1309600,1254600,0,0.23976281,0.2352717
1309700,1254700,0,0.17376217,0.17203422
1309800,1254800,0,0.23210748,0.22802721
1309900,1254900,0,0.23054658,0.22654694
1310000,1255000,0,0.17376737,0.17203926
1310100,1255100,0,0.23166402,0.22760677
1310200,1255200,0,0.2280239,0.22415237
1310300,1255300,0,0.2305582,0.22655797
1310400,1255400,0,0.24515689,0.2403607
1310500,1255500,0,0.18582016,0.18371055
1310600,1255600,0,0.17957662,0.17767089
1310700,1255700,0,0.17343969,0.17172127
1310800,1255800,0,0.17493901,0.17317599
1310900,1255900,0,0.11489704,0.1143941
1311000,1256000,0,0.11169603,0.11123383
1311100,1256100,0,0.1741131,0.17237475
1311200,1256200,0,0.17494467,0.17318149
1311300,1256300,0,0.17467558,0.17292046
1311400,1256400,0,0.11524507,0.11473756
1311500,1256500,0,0.24012082,0.23560987
1311600,1256600,0,0.17526914,0.17349621
1311700,1256700,0,0.17701772,0.17519164
1311800,1256800,0,0.17442992,0.17268213
1311900,1256900,0,0.11330631,0.1128239
1312000,1257000,0,0.23639537,0.23208815
1312100,1257100,0,0.1749078,0.17314572
1312200,1257200,0,0.10996074,0.10951969
1312300,1257300,0,0.2354706,0.231213
1312400,1257400,0,0.24328049,0.23859191
1312500,1257500,0,0.24703422,0.24212877
1312600,1257600,0,0.19504426,0.19260802
1312700,1257700,0,0.12168451,0.12108745
1312800,1257800,0,0.17385407,0.1721234
1312900,1257900,0,0.27313371,0.26653834
1313000,1258000,0,0.17345553,0.17173664
1313100,1258100,0,0.24477251,0.23999849
1313200,1258200,0,0.12148247,0.12088837
1313300,1258300,0,0.24526426,0.24046186
1313400,1258400,0,0.1216501,0.12105355
1313500,1258500,0,0.17692365,0.17510045
1313600,1258600,0,0.12648396,0.12581374
1313700,1258700,0,0.17357948,0.17185693
1313800,1258800,0,0.17540668,0.17362961
1313900,1258900,0,0.24564344,0.24081908
1314000,1259000,0,0.2451701,0.24037314
1314100,1259100,0,0.11784647,0.11730394
1314200,1259200,0,0.24030034,0.23577941
1314300,1259300,0,0.23885602,0.23441492
1314400,1259400,0,0.2479108,0.24295378
1314500,1259500,0,0.11706615,0.11653429
1314600,1259600,0,0.24047067,0.23594027
1314700,1259700,0,0.11442332,0.11392655
1314800,1259800,0,0.25023902,0.24514333
1314900,1259900,0,0.23885203,0.23441115
1315000,1260000,0,0.11232514,0.11185511
1315100,1260100,0,0.17309847,0.17139009
1315200,1260200,0,0.23716888,0.23281986
1315300,1260300,0,0.1751877,0.17341722
1315400,1260400,0,0.24227773,0.237646
1315500,1260500,0,0.17871874,0.17683996
1315600,1260600,0,0.17365195,0.17192726
1315700,1260700,0,0.18040984,0.17847768
1315800,1260800,0,0.22852567,0.22462887
1315900,1260900,0,0.22798716,0.22411748
1316000,1261000,0,0.10207231,0.10171929
1316100,1261100,0,0.17686884,0.17504732
1316200,1261200,0,0.10335866,0.10299216
1316300,1261300,0,0.18057338,0.17863601
1316400,1261400,0,0.10119194,0.10084795
1316500,1261500,0,0.10203719,0.10168454
1316600,1261600,0,0.19559507,0.19313833
1316700,1261700,0,0.19203508,0.1897088
1316800,1261800,0,0.1749091,0.17314698
1316900,1261900,0,0.24212056,0.23749771
1317000,1262000,0,0.17402034,0.17228473
1317100,1262100,0,0.22828049,0.22439606
1317200,1262200,0,0.23634602,0.23204145
1317300,1262300,0,0.22998513,0.22601424
1317400,1262400,0,0.23465917,0.23044481
1317500,1262500,0,0.17696334,0.17513893
1317600,1262600,0,0.22553053,0.22178296
1317700,1262700,0,0.23750947,0.23314196
1317800,1262800,0,0.18532816,0.18323512
1317900,1262900,0,0.23879531,0.23435754
1318000,1263000,0,0.22209896,0.21851771
1318100,1263100,0,0.17755781,0.1757151
1318200,1263200,0,0.18148348,0.17951692
1318300,1263300,0,0.23069223,0.22668512
1318400,1263400,0,0.1740183,0.17228275
1318500,1263500,0,0.17499598,0.17323126
1318600,1263600,0,0.22313356,0.21950268
1318700,1263700,0,0.18112682,0.17917173
1318800,1263800,0,0.22873172,0.22482453
1318900,1263900,0,0.24428622,0.23954016
1319000,1264000,0,0.09199422,0.091735582
1319100,1264100,0,0.23403581,0.22985447
1319200,1264200,0,0.23010024,0.22612347
1319300,1264300,0,0.096097343,0.095802622
1319400,1264400,0,0.11211523,0.11164783
1319500,1264500,0,0.25962009,0.25394015
1319600,1264600,0,0.17548202,0.17370268
1319700,1264700,0,0.094655369,0.094373686
1319800,1264800,0,0.24451636,0.23975708
1319900,1264900,0,0.22675822,0.22294995
1320000,1265000,0,0.21976584,0.21629487
1320100,1265100,0,0.17441601,0.17266863
1320200,1265200,0,0.21866277,0.21524315
1320300,1265300,0,0.17961574,0.17770877
1320400,1265400,0,0.23834337,0.23393038
1320500,1265500,0,0.2293989,0.22545789
1320600,1265600,0,0.17396519,0.17223122
1320700,1265700,0,0.17462904,0.1728753
1320800,1265800,0,0.23129283,0.22725478
1320900,1265900,0,0.085008532,0.084804352
1321000,1266000,0,0.23177881,0.22771561
1321100,1266100,0,0.085172689,0.084967327
1321200,1266200,0,0.17359667,0.17187361
1321300,1266300,0,0.0847706,0.084568127
1321400,1266400,0,0.21592586,0.21263151
1321500,1266500,0,0.2189031,0.21547233
1321600,1266600,0,0.21840976,0.21500185
1321700,1266700,0,0.17466074,0.17290606
1321800,1266800,0,0.17759809,0.17575414
1321900,1266900,0,0.22871092,0.22480477
1322000,1267000,0,0.22435688,0.22066675
1322100,1267100,0,0.17485909,0.17309847
1322200,1267200,0,0.17360065,0.17187747
1322300,1267300,0,0.18544875,0.18335165
1322400,1267400,0,0.21644953,0.21313145
1322500,1267500,0,0.083041343,0.082850988
1322600,1267600,0,0.1734184,0.1717006
1322700,1267700,0,0.18067296,0.1787324
1322800,1267800,0,0.18152062,0.17955287
1322900,1267900,0,0.21903702,0.21560004
1323000,1268000,0,0.23091647,0.22689782
1323100,1268100,0,0.2213467,0.21780125
1323200,1268200,0,0.22441275,0.2207199
1323300,1268300,0,0.21685205,0.21351565
1323400,1268400,0,0.1837885,0.18174673
1323500,1268500,0,0.21824759,0.21484718
1323600,1268600,0,0.22025166,0.21675791
1323700,1268700,0,0.20385451,0.20107684
1323800,1268800,0,0.21628202,0.21297154
1323900,1268900,0,0.18102791,0.179076
1324000,1269000,0,0.083707694,0.083512728
1324100,1269100,0,0.21705812,0.21371231
1324200,1269200,0,0.18455147,0.1824844
1324300,1269300,0,0.085899003,0.085688352
1324400,1269400,0,0.22742219,0.22358082
1324500,1269500,0,0.21850875,0.21509626
1324600,1269600,0,0.21419177,0.21097521
1324700,1269700,0,0.2164761,0.21315681
1324800,1269800,0,0.22031399,0.21681732
1324900,1269900,0,0.22320763,0.21957319
1325000,1270000,0,0.22918319,0.22525313
1325100,1270100,0,0.21271055,0.20955948
1325200,1270200,0,0.18198138,0.17999873
1325300,1270300,0,0.21626164,0.21295208
1325400,1270400,0,0.23054069,0.22654136
1325500,1270500,0,0.21275075,0.20959792
1325600,1270600,0,0.082474046,0.082287558
1325700,1270700,0,0.197451,0.19492439
1325800,1270800,0,0.21260885,0.20946225
1325900,1270900,0,0.21216978,0.2090424
1326000,1271000,0,0.08313786,0.082946841
1326100,1271100,0,0.22340511,0.21976114
1326200,1271200,0,0.18722926,0.18507175
1326300,1271300,0,0.08398169,0.083784806
1326400,1271400,0,0.39507295,0.37572532
1326500,1271500,0,0.22220946,0.21862293
1326600,1271600,0,0.22618608,0.22240617
1326700,1271700,1,0.27066582,0.26424428
1326800,1271800,1,0.32423823,0.31333411
1326900,1271900,0,0.4033211,0.38278703
1327000,1272000,0,0.23457699,0.23036699
1327100,1272100,1,0.4985514,0.46097714
1327200,1272200,0,0.21498458,0.21173261
1327300,1272300,0,0.2127869,0.20963248
1327400,1272400,1,0.60500529,0.54060164
1327500,1272500,0,0.60505327,0.5406356
1327600,1272600,0,0.71785856,0.61558109
1327700,1272700,1,0.86419741,0.69841397
1327800,1272800,1,1.0136143,0.76725279
1327900,1272900,0,1.1572894,0.82015455
1328000,1273000,1,1.3013716,0.86207583
1328100,1273100,0,1.443798,0.89445969
1328200,1273200,1,1.5997657,0.92163329
1328300,1273300,0,1.7403143,0.94026308
1328400,1273400,1,1.8964574,0.95593314
1328500,1273500,0,2.0127026,0.96491412
1328600,1273600,0,2.1597346,0.97373561
1328700,1273700,0,2.2699308,0.97887573
1328800,1273800,0,2.347729,0.98189208
1328900,1273900,0,2.4612973,0.9855448
1329000,1274000,0,2.5765189,0.98850285
1329100,1274100,1,2.6872849,0.99077691
1329200,1274200,0,2.8045168,0.99269754
1329300,1274300,0,2.9408684,0.99443565
1329400,1274400,0,0.21396175,0.21075542
1329500,1274500,1,3.1290515,0.99617757
1329600,1274600,1,3.2593522,0.99705319
1329700,1274700,1,3.3900506,0.99773026
1329800,1274800,0,3.4761494,0.99808896
1329900,1274900,1,3.6152644,0.99855277
1330000,1275000,0,3.7168433,0.99881869
1330100,1275100,0,3.8166211,0.99903229
1330200,1275200,1,3.8839949,0.99915423
1330300,1275300,0,3.8891247,0.99916286
1330400,1275400,1,3.9173425,0.99920878
1330500,1275500,0,3.9992671,0.99932832
1330600,1275600,0,0.17357558,0.17185315
1330700,1275700,0,4.1539241,0.99950697
1330800,1275800,1,4.2602807,0.99960142
1330900,1275900,1,4.3230995,0.99964847
1331000,1276000,0,4.4097763,0.99970441
1331100,1276100,0,4.4959086,0.99975118
1331200,1276200,1,4.5891575,0.99979351
1331300,1276300,1,4.714446,0.99983928
1331400,1276400,0,4.8150515,0.99986857
1331500,1276500,1,4.9266202,0.99989485
1331600,1276600,1,4.9616883,0.99990197
1331700,1276700,0,5.0728763,0.99992152
1331800,1276800,0,5.1654603,0.99993478
1331900,1276900,0,5.2636609,0.99994641
1332000,1277000,0,5.3533486,0.99995521
1332100,1277100,1,5.4368577,0.9999621
1332200,1277200,0,5.4815272,0.99996534
1332300,1277300,0,5.5773811,0.99997139
1332400,1277400,0,5.6706572,0.99997626
1332500,1277500,1,5.7945045,0.99998147
1332600,1277600,1,5.8063904,0.9999819
1332700,1277700,0,5.8931473,0.99998478
1332800,1277800,1,5.9582002,0.99998664
1332900,1277900,1,6.0374048,0.9999886
1333000,1278000,0,6.1077993,0.99999009
1333100,1278100,1,6.1945207,0.99999167
1333200,1278200,0,6.2262955,0.99999218
1333300,1278300,0,6.2306713,0.99999225
1333400,1278400,0,6.2966196,0.99999321
1333500,1278500,0,6.3691762,0.99999413
1333600,1278600,1,6.4495245,0.999995
1333700,1278700,0,6.5425741,0.99999585
1333800,1278800,1,6.604828,0.99999633
1333900,1278900,1,6.6621389,0.99999673
1334000,1279000,0,6.7331979,0.99999716
1334100,1279100,0,6.6529048,0.99999667
1334200,1279200,1,6.7604655,0.99999731
1334300,1279300,1,6.8308464,0.99999767
1334400,1279400,0,6.8926714,0.99999794
1334500,1279500,1,6.9419971,0.99999813
1334600,1279600,0,6.9906426,0.99999831
1334700,1279700,1,7.0573122,0.99999852
1334800,1279800,0,7.0898096,0.99999861
1334900,1279900,0,0.17387426,0.17214299
1335000,1280000,0,7.0513519,0.9999985
1335100,1280100,0,7.153208,0.99999878
1335200,1280200,0,7.2359558,0.99999896
1335300,1280300,1,7.2892281,0.99999907
1335400,1280400,0,7.2511472,0.99999899
1335500,1280500,0,7.2719289,0.99999903
1335600,1280600,1,7.3420087,0.99999916
1335700,1280700,1,7.4174547,0.99999928
1335800,1280800,0,0.082716901,0.082528764
1335900,1280900,0,7.3489088,0.99999917
1336000,1281000,1,7.4342008,0.9999993
1336100,1281100,0,7.507807,0.9999994
1336200,1281200,1,7.5561501,0.99999945
1336300,1281300,0,7.6144249,0.99999951
1336400,1281400,1,7.674475,0.99999957
1336500,1281500,1,7.7420137,0.99999962
1336600,1281600,1,7.7410359,0.99999962
1336700,1281700,1,7.7359194,0.99999962
1336800,1281800,1,7.7729334,0.99999965
1336900,1281900,0,7.8386643,0.99999969
1337000,1282000,1,7.9242912,0.99999974
1337100,1282100,0,7.9965874,0.99999977
1337200,1282200,0,8.0686754,0.9999998
1337300,1282300,0,8.1478609,0.99999983
1337400,1282400,1,8.2174954,0.99999985
1337500,1282500,1,8.2895902,0.99999987
1337600,1282600,0,8.2265644,0.99999986
1337700,1282700,0,8.2548602,0.99999986
1337800,1282800,0,8.3154851,0.99999988
1337900,1282900,1,8.3315118,0.99999988
1338000,1283000,0,8.3849492,0.9999999
1338100,1283100,1,8.4375402,0.99999991
1338200,1283200,0,8.4696408,0.99999991
1338300,1283300,1,8.5341416,0.99999992
1338400,1283400,0,8.5815976,0.99999993
1338500,1283500,0,8.5761854,0.99999993
1338600,1283600,0,8.6409409,0.99999994
1338700,1283700,1,8.6744343,0.99999994
1338800,1283800,0,8.7189514,0.99999995
1338900,1283900,1,8.7659844,0.99999995
1339000,1284000,1,8.778705,0.99999995
1339100,1284100,0,8.8206211,0.99999996
1339200,1284200,1,8.8486238,0.99999996
1339300,1284300,0,8.7663368,0.99999995
1339400,1284400,0,8.6789767,0.99999994
1339500,1284500,0,8.5111864,0.99999992
1339600,1284600,0,0.21959682,0.21613375
1339700,1284700,0,0.22525348,0.22151952
1339800,1284800,1,8.2864972,0.99999987
1339900,1284900,0,7.6542569,0.99999955
1340000,1285000,1,7.5992852,0.9999995
1340100,1285100,0,7.6899044,0.99999958
1340200,1285200,0,7.7764856,0.99999965
1340300,1285300,1,7.8564858,0.9999997
1340400,1285400,0,7.9401689,0.99999975
1340500,1285500,1,7.9892073,0.99999977
1340600,1285600,1,8.0752958,0.99999981
1340700,1285700,1,8.1570765,0.99999984
1340800,1285800,0,8.11632,0.99999982
1340900,1285900,0,8.1762337,0.99999984
1341000,1286000,1,8.2393158,0.99999986
1341100,1286100,0,8.3279041,0.99999988
1341200,1286200,0,8.3285034,0.99999988
1341300,1286300,1,8.368199,0.99999989
1341400,1286400,0,8.4261484,0.9999999
1341500,1286500,0,8.4812931,0.99999991
1341600,1286600,1,8.5719416,0.99999993
1341700,1286700,1,8.5899784,0.99999993
1341800,1286800,0,8.6605111,0.99999994
1341900,1286900,1,8.7397758,0.99999995
1342000,1287000,0,8.7981041,0.99999995
1342100,1287100,0,8.8628207,0.99999996
1342200,1287200,1,8.932594,0.99999997
1342300,1287300,0,8.9382812,0.99999997
1342400,1287400,1,8.9958807,0.99999997
1342500,1287500,0,9.0514739,0.99999997
1342600,1287600,1,9.1234154,0.99999998
1342700,1287700,0,9.1920944,0.99999998
1342800,1287800,0,9.2424131,0.99999998
1342900,1287900,0,9.227345,0.99999998
1343000,1288000,1,9.2863956,0.99999998
1343100,1288100,0,9.3328079,0.99999998
1343200,1288200,1,9.3829082,0.99999999
1343300,1288300,1,9.4350446,0.99999999
1343400,1288400,0,9.4862546,0.99999999
1343500,1288500,1,9.540817,0.99999999
1343600,1288600,0,9.6086966,0.99999999
1343700,1288700,1,9.4640422,0.99999999
1343800,1288800,0,9.5087048,0.99999999
1343900,1288900,0,9.5642209,0.99999999
1344000,1289000,0,9.6194162,0.99999999
1344100,1289100,0,9.6763519,0.99999999
1344200,1289200,1,9.7064674,0.99999999
1344300,1289300,0,9.6990568,0.99999999
1344400,1289400,0,9.7707395,0.99999999
1344500,1289500,0,9.6532164,0.99999999
1344600,1289600,1,9.7143191,0.99999999
1344700,1289700,0,9.7694521,0.99999999
1344800,1289800,1,9.8223793,0.99999999
1344900,1289900,0,9.8225009,0.99999999
1345000,1290000,0,9.8500804,0.99999999
1345100,1290100,1,9.8963281,0.99999999
1345200,1290200,0,9.9111369,1
1345300,1290300,0,9.9295609,1
1345400,1290400,0,9.9246861,1
1345500,1290500,0,9.9606962,1
1345600,1290600,1,10.042541,1
1345700,1290700,0,10.078473,1
1345800,1290800,0,10.074242,1
1345900,1290900,1,10.109771,1
1346000,1291000,1,10.144909,1
1346100,1291100,1,10.200524,1
1346200,1291200,0,10.259473,1
1346300,1291300,1,10.310004,1
1346400,1291400,0,10.36821,1
1346500,1291500,1,10.40892,1
1346600,1291600,0,10.470152,1
1346700,1291700,1,10.459802,1
1346800,1291800,1,10.372811,1
1346900,1291900,0,10.39265,1
1347000,1292000,1,10.443071,1
1347100,1292100,1,10.439506,1
1347200,1292200,1,10.501658,1
1347300,1292300,0,10.421061,1
1347400,1292400,0,10.492796,1
1347500,1292500,0,10.552307,1
1347600,1292600,1,10.621198,1
1347700,1292700,0,0.22574294,0.22198491
1347800,1292800,1,10.63772,1
1347900,1292900,0,0.08376081,0.083565473
1348000,1293000,1,10.40689,1
1348100,1293100,0,10.450615,1
1348200,1293200,0,10.451852,1
1348300,1293300,0,10.502984,1
1348400,1293400,0,10.535445,1
1348500,1293500,1,10.548196,1
1348600,1293600,0,10.493043,1
1348700,1293700,0,10.534391,1
1348800,1293800,0,10.577922,1
1348900,1293900,1,10.645203,1
1349000,1294000,0,0.2189318,0.2154997
1349100,1294100,0,10.724852,1
1349200,1294200,1,10.764885,1
1349300,1294300,0,10.827635,1
1349400,1294400,0,10.870497,1
1349500,1294500,0,10.854592,1
1349600,1294600,1,10.716369,1
1349700,1294700,0,10.757751,1
1349800,1294800,0,10.827457,1
1349900,1294900,0,10.892136,1
1350000,1295000,1,10.907409,1
1350100,1295100,1,10.900447,1
1350200,1295200,1,10.924323,1
1350300,1295300,1,10.94944,1
1350400,1295400,0,11.00022,1
1350500,1295500,0,11.066522,1
1350600,1295600,1,11.020252,1
1350700,1295700,0,11.042891,1
1350800,1295800,0,11.085638,1
1350900,1295900,0,11.134016,1
1351000,1296000,0,11.145827,1
1351100,1296100,0,11.1736,1
1351200,1296200,0,11.220978,1
1351300,1296300,1,11.253546,1
1351400,1296400,1,11.193532,1
1351500,1296500,1,11.210502,1
1351600,1296600,1,11.233786,1
1351700,1296700,1,11.266558,1
1351800,1296800,0,0.21308114,0.20991377
1351900,1296900,1,11.366413,1
1352000,1297000,1,11.185587,1
1352100,1297100,0,11.086595,1
1352200,1297200,1,11.079677,1
1352300,1297300,0,11.154651,1
1352400,1297400,0,11.21705,1
1352500,1297500,0,11.044582,1
1352600,1297600,0,11.102499,1
1352700,1297700,1,11.085296,1
1352800,1297800,1,11.153904,1
1352900,1297900,1,11.183187,1
1353000,1298000,0,11.023445,1
1353100,1298100,0,10.978922,1
1353200,1298200,0,10.820815,1
1353300,1298300,1,10.113344,1
1353400,1298400,1,9.959421,1
1353500,1298500,0,9.8475731,0.99999999
1353600,1298600,0,9.8413414,0.99999999
1353700,1298700,0,0.1741482,0.1724088
1353800,1298800,0,9.1848332,0.99999998
1353900,1298900,0,9.1440633,0.99999998
1354000,1299000,1,9.0598604,0.99999997
1354100,1299100,1,9.018281,0.99999997
1354200,1299200,0,8.6310293,0.99999994
1354300,1299300,1,8.5606975,0.99999993
1354400,1299400,0,8.5262223,0.99999992
1354500,1299500,1,8.4671535,0.99999991
1354600,1299600,0,8.4469102,0.99999991
1354700,1299700,0,8.4415977,0.99999991
1354800,1299800,0,8.3831957,0.9999999
1354900,1299900,1,8.3544514,0.99999989
1355000,1300000,0,8.3004213,0.99999988
1355100,1300100,1,8.2834914,0.99999987
1355200,1300200,1,8.2380794,0.99999986
1355300,1300300,0,8.2257823,0.99999986
1355400,1300400,1,8.1822612,0.99999984
1355500,1300500,1,8.1439409,0.99999983
1355600,1300600,0,7.7975044,0.99999966
1355700,1300700,0,7.7642847,0.99999964
1355800,1300800,1,7.748048,0.99999963
1355900,1300900,0,0.17457565,0.17282352
1356000,1301000,1,7.5154701,0.99999941
1356100,1301100,0,7.5233309,0.99999942
1356200,1301200,1,7.5386787,0.99999943
1356300,1301300,1,7.3153526,0.99999911
1356400,1301400,1,7.2705802,0.99999903
1356500,1301500,1,7.2752161,0.99999904
1356600,1301600,1,7.1201703,0.99999869
1356700,1301700,0,7.0855444,0.9999986
1356800,1301800,0,7.1076906,0.99999866
1356900,1301900,0,7.1053519,0.99999865
1357000,1302000,0,7.1069861,0.99999866
1357100,1302100,1,7.1019925,0.99999864
1357200,1302200,1,7.1126466,0.99999867
1357300,1302300,0,7.1059528,0.99999865
1357400,1302400,1,7.0642771,0.99999854
1357500,1302500,0,7.0735639,0.99999856
1357600,1302600,0,7.0814592,0.99999859
1357700,1302700,0,7.0738545,0.99999857
1357800,1302800,1,6.9355366,0.99999811
1357900,1302900,1,6.9170909,0.99999804
1358000,1303000,1,6.9022233,0.99999798
1358100,1303100,0,0.21196931,0.20885068
1358200,1303200,1,6.6400793,0.99999658
1358300,1303300,1,6.6919965,0.99999692
1358400,1303400,1,6.7583285,0.9999973
1358500,1303500,0,6.8191522,0.99999761
1358600,1303600,0,6.8904417,0.99999793
1358700,1303700,0,6.9108008,0.99999801
1358800,1303800,1,6.9979547,0.99999833
1358900,1303900,1,7.0869545,0.9999986
1359000,1304000,0,7.1516223,0.99999877
1359100,1304100,1,7.2400221,0.99999897
1359200,1304200,0,7.2933353,0.99999908
1359300,1304300,1,7.3186226,0.99999912
1359400,1304400,0,7.4043869,0.99999926
1359500,1304500,1,7.4832806,0.99999937
1359600,1304600,0,7.5637841,0.99999946
1359700,1304700,0,7.593338,0.99999949
1359800,1304800,1,7.6720935,0.99999957
1359900,1304900,1,7.7452127,0.99999963
1360000,1305000,1,7.8292769,0.99999968
1360100,1305100,1,7.8559527,0.9999997
1360200,1305200,1,7.9251915,0.99999974
1360300,1305300,1,7.9984223,0.99999977
1360400,1305400,0,0.18802091,0.18583617
1360500,1305500,1,8.0851664,0.99999981
1360600,1305600,1,8.1536312,0.99999983
1360700,1305700,0,8.2170146,0.99999985
1360800,1305800,1,8.2751373,0.99999987
1360900,1305900,1,8.2985033,0.99999988
1361000,1306000,1,8.3362761,0.99999989
1361100,1306100,1,8.4064306,0.9999999
1361200,1306200,0,8.4759256,0.99999991
1361300,1306300,0,0.17974077,0.17782984
1361400,1306400,0,8.5908549,0.99999993
1361500,1306500,0,0.19275395,0.1904017
1361600,1306600,1,8.6921035,0.99999994
1361700,1306700,1,8.7050537,0.99999995
1361800,1306800,0,8.7399079,0.99999995
1361900,1306900,1,8.7994931,0.99999995
1362000,1307000,1,8.8054811,0.99999996
1362100,1307100,1,8.8772354,0.99999996
1362200,1307200,1,8.9325029,0.99999997
1362300,1307300,0,8.9990022,0.99999997
1362400,1307400,1,9.0684605,0.99999997
1362500,1307500,0,9.1057026,0.99999998
1362600,1307600,0,9.1546431,0.99999998
1362700,1307700,1,9.2112151,0.99999998
1362800,1307800,0,9.2432232,0.99999998
1362900,1307900,0,9.2807744,0.99999998
1363000,1308000,1,9.3785384,0.99999999
1363100,1308100,1,9.416753,0.99999999
1363200,1308200,0,9.505436,0.99999999
1363300,1308300,0,9.5689938,0.99999999
1363400,1308400,1,9.6635776,0.99999999
1363500,1308500,0,9.7331457,0.99999999
1363600,1308600,0,9.7855224,0.99999999
1363700,1308700,0,9.8091943,0.99999999
1363800,1308800,0,9.8755063,0.99999999
1363900,1308900,1,9.9418977,1
1364000,1309000,0,9.9405216,1
1364100,1309100,0,9.9396081,1
1364200,1309200,0,9.9973021,1
1364300,1309300,0,10.017644,1
1364400,1309400,1,10.077755,1
1364500,1309500,1,10.086092,1
1364600,1309600,1,10.127671,1
1364700,1309700,0,10.179324,1
1364800,1309800,1,10.252961,1
1364900,1309900,0,10.298144,1
1365000,1310000,0,10.307638,1
1365100,1310100,0,10.374145,1
1365200,1310200,1,10.431396,1
1365300,1310300,0,10.485329,1
1365400,1310400,1,10.527658,1
1365500,1310500,1,10.575004,1
1365600,1310600,1,10.549904,1
1365700,1310700,0,10.509523,1
1365800,1310800,0,10.558086,1
1365900,1310900,1,10.623486,1
1366000,1311000,0,10.583556,1
1366100,1311100,0,10.604055,1
1366200,1311200,1,10.664069,1
1366300,1311300,1,10.732177,1
1366400,1311400,1,10.775375,1
1366500,1311500,1,10.78589,1
1366600,1311600,1,10.832568,1
1366700,1311700,1,10.818761,1
1366800,1311800,1,10.862169,1
1366900,1311900,0,10.909643,1
1367000,1312000,1,10.948288,1
1367100,1312100,1,11.018422,1
1367200,1312200,1,11.027298,1
1367300,1312300,1,11.091876,1
1367400,1312400,1,11.141868,1
1367500,1312500,1,11.189747,1
1367600,1312600,0,11.207457,1
1367700,1312700,0,11.229186,1
1367800,1312800,1,11.247518,1
1367900,1312900,1,11.309983,1
1368000,1313000,0,11.322789,1
1368100,1313100,1,11.350509,1
1368200,1313200,0,11.325592,1
1368300,1313300,1,11.215829,1
1368400,1313400,0,11.203038,1
1368500,1313500,0,11.24772,1
1368600,1313600,1,11.23439,1
1368700,1313700,1,11.26841,1
1368800,1313800,0,11.190512,1
1368900,1313900,1,11.251004,1
1369000,1314000,1,11.302382,1
1369100,1314100,1,11.311838,1
1369200,1314200,0,11.26381,1
1369300,1314300,1,11.287613,1
1369400,1314400,0,11.321573,1
1369500,1314500,1,11.358265,1
1369600,1314600,0,11.402004,1
1369700,1314700,0,11.459801,1
1369800,1314800,0,11.509435,1
1369900,1314900,1,11.540846,1
1370000,1315000,1,11.550793,1
1370100,1315100,1,11.594046,1
1370200,1315200,1,11.517645,1
1370300,1315300,1,11.543218,1
1370400,1315400,1,11.592511,1
1370500,1315500,0,0.21172396,0.20861602
1370600,1315600,1,11.521236,1
1370700,1315700,0,11.586607,1
1370800,1315800,1,11.632354,1
1370900,1315900,1,11.63817,1
1371000,1316000,0,11.645673,1
1371100,1316100,1,11.554701,1
1371200,1316200,1,11.61632,1
1371300,1316300,1,11.617661,1
1371400,1316400,1,11.530226,1
1371500,1316500,0,11.396392,1
1371600,1316600,1,11.28968,1
1371700,1316700,0,0.17390127,0.1721692
1371800,1316800,0,11.062031,1
1371900,1316900,0,10.96424,1
1372000,1317000,0,10.867753,1
1372100,1317100,0,10.849233,1
1372200,1317200,1,10.728337,1
1372300,1317300,0,0.18488335,0.18280521
1372400,1317400,1,10.637679,1
1372500,1317500,1,10.574998,1
1372600,1317600,1,10.439694,1
1372700,1317700,0,10.417749,1
1372800,1317800,1,10.266582,1
1372900,1317900,0,10.17106,1
1373000,1318000,0,10.105072,1
1373100,1318100,1,10.012358,1
1373200,1318200,0,9.8930013,0.99999999
1373300,1318300,1,9.7967986,0.99999999
1373400,1318400,1,9.6964467,0.99999999
1373500,1318500,1,9.6854686,0.99999999
1373600,1318600,0,9.5204489,0.99999999
1373700,1318700,1,9.460955,0.99999999
1373800,1318800,1,9.3149273,0.99999998
1373900,1318900,0,9.2938915,0.99999998
1374000,1319000,0,9.1048405,0.99999998
1374100,1319100,0,9.061628,0.99999997
1374200,1319200,0,8.9719843,0.99999997
1374300,1319300,0,8.9295162,0.99999996
1374400,1319400,0,8.8884898,0.99999996
1374500,1319500,0,0.17674281,0.17492516
1374600,1319600,0,8.6454601,0.99999994
1374700,1319700,0,8.5059542,0.99999992
1374800,1319800,0,8.4388112,0.99999991
1374900,1319900,1,8.2960672,0.99999988
1375000,1320000,1,8.2816854,0.99999987
1375100,1320100,0,8.2631971,0.99999987
1375200,1320200,0,8.1196886,0.99999982
1375300,1320300,0,8.1245565,0.99999982
1375400,1320400,0,8.1276063,0.99999983
1375500,1320500,0,0.17357278,0.17185043
1375600,1320600,1,7.9034902,0.99999973
1375700,1320700,1,7.8669371,0.99999971
1375800,1320800,1,7.8542523,0.9999997
1375900,1320900,1,7.7986133,0.99999966
1376000,1321000,0,7.7712787,0.99999964
1376100,1321100,0,7.7653216,0.99999964
1376200,1321200,1,7.7263586,0.99999961
1376300,1321300,0,0.22584818,0.22208497
1376400,1321400,1,7.6908393,0.99999958
1376500,1321500,0,7.6823811,0.99999958
1376600,1321600,0,7.6948909,0.99999959
1376700,1321700,0,7.7039202,0.99999959
1376800,1321800,1,7.6706293,0.99999957
1376900,1321900,0,7.6741428,0.99999957
1377000,1322000,0,7.5140256,0.99999941
1377100,1322100,0,0.17511228,0.17334406
1377200,1322200,1,7.3950043,0.99999925
1377300,1322300,0,7.3836412,0.99999923
1377400,1322400,1,7.3065806,0.9999991
1377500,1322500,0,7.3241542,0.99999913
1377600,1322600,1,7.19706,0.99999888
1377700,1322700,0,7.1869836,0.99999886
1377800,1322800,0,0.21511487,0.21185705
1377900,1322900,0,7.1042868,0.99999865
1378000,1323000,0,7.1173399,0.99999868
1378100,1323100,1,7.0268985,0.99999842
1378200,1323200,0,7.0126745,0.99999838
1378300,1323300,0,7.0396829,0.99999846
1378400,1323400,0,6.9398767,0.99999812
1378500,1323500,0,0.21179447,0.20868346
1378600,1323600,0,6.9225251,0.99999806
1378700,1323700,0,6.9334951,0.9999981
1378800,1323800,0,6.9098143,0.99999801
1378900,1323900,1,6.9515762,0.99999817
1379000,1324000,1,6.9284443,0.99999808
1379100,1324100,1,6.8964526,0.99999795
1379200,1324200,0,6.9112383,0.99999801
1379300,1324300,0,6.9007883,0.99999797
1379400,1324400,0,6.9351543,0.99999811
1379500,1324500,0,6.8990141,0.99999796
1379600,1324600,0,6.8772195,0.99999787
1379700,1324700,1,6.8946919,0.99999795
1379800,1324800,0,6.8994034,0.99999797
1379900,1324900,0,6.489943,0.99999539
1380000,1325000,0,6.1321245,0.99999057
1380100,1325100,0,5.8577832,0.99998367
1380200,1325200,1,5.7398576,0.99997932
1380300,1325300,1,5.6023673,0.99997278
1380400,1325400,0,5.5664079,0.99997075
1380500,1325500,0,5.5020195,0.99996673
1380600,1325600,0,5.4309755,0.99996165
1380700,1325700,1,5.4048174,0.99995959
1380800,1325800,0,5.3967014,0.99995893
1380900,1325900,0,5.4001838,0.99995922
1381000,1326000,0,5.414607,0.99996038
1381100,1326100,0,5.4192356,0.99996074
1381200,1326200,0,5.3759376,0.99995719
1381300,1326300,0,5.226584,0.99994229
1381400,1326400,1,5.0792337,0.99992251
1381500,1326500,0,0.1774892,0.17564861
1381600,1326600,1,4.8290744,0.9998722
1381700,1326700,0,4.764059,0.99985446
1381800,1326800,1,4.7197991,0.99984099
1381900,1326900,1,4.6688229,0.99982392
1382000,1327000,1,4.6319441,0.99981045
1382100,1327100,0,4.6244479,0.99980758
1382200,1327200,1,4.6419078,0.99981419
1382300,1327300,1,4.6793956,0.99982761
1382400,1327400,1,4.7047618,0.99983613
1382500,1327500,0,4.7255135,0.99984279
1382600,1327600,0,4.7403902,0.9998474
1382700,1327700,1,4.7892725,0.99986161
1382800,1327800,0,4.7930601,0.99986266
1382900,1327900,0,0.17427614,0.17253294
1383000,1328000,1,4.8539675,0.99987841
1383100,1328100,0,4.8605344,0.99988
1383200,1328200,0,0.21447133,0.21124231
1383300,1328300,0,4.4226573,0.99971193
1383400,1328400,1,4.2815291,0.999618
1383500,1328500,1,4.1612856,0.99951418
1383600,1328600,0,4.1306217,0.99948346
1383700,1328700,1,4.0783529,0.99942655
1383800,1328800,1,4.0685412,0.99941519
1383900,1328900,0,4.0409985,0.99938208
1384000,1329000,0,0.081505724,0.081325717
1384100,1329100,1,4.0564294,0.99940086
1384200,1329200,1,3.9886962,0.99931397
1384300,1329300,0,3.9992249,0.99932826
1384400,1329400,1,4.0496234,0.99939265
1384500,1329500,0,4.0823924,0.99943117
1384600,1329600,0,4.1020268,0.99945306
1384700,1329700,0,4.149629,0.99950272
1384800,1329800,0,0.1981746,0.1956204
1384900,1329900,1,3.7207592,0.9988279
1385000,1330000,0,0.22044868,0.21694567
1385100,1330100,0,3.5639428,0.99839646
1385200,1330200,0,0.18613991,0.1840195
1385300,1330300,1,3.4818923,0.99811076
1385400,1330400,0,3.4822634,0.99811216
1385500,1330500,1,3.4742816,0.99808181
1385600,1330600,0,0.21131347,0.20822336
1385700,1330700,0,3.4784614,0.99809777
1385800,1330800,1,3.5215878,0.99825483
1385900,1330900,0,3.5741324,0.99842878
1386000,1331000,0,3.6111265,0.99854075
1386100,1331100,1,3.6571262,0.99866893
1386200,1331200,1,3.718894,0.99882352
1386300,1331300,1,3.7226361,0.99883229
1386400,1331400,1,3.6457133,0.99863822
1386500,1331500,1,3.6229875,0.99857494
1386600,1331600,0,3.5646085,0.99839859
1386700,1331700,1,3.5294662,0.99828209
1386800,1331800,0,3.5133628,0.99822591
1386900,1331900,1,3.4886893,0.99813625
1387000,1332000,0,3.5111104,0.9982179
1387100,1332100,0,0.17464894,0.17289462
1387200,1332200,0,0.081831899,0.081649725
1387300,1332300,0,3.5390725,0.99831475
1387400,1332400,0,3.5181162,0.99824268
1387500,1332500,1,3.5669149,0.99840595
1387600,1332600,1,3.6143261,0.99855006
1387700,1332700,0,3.6789866,0.99872583
1387800,1332800,1,3.7445956,0.99888243
1387900,1332900,1,3.7908831,0.9989812
1388000,1333000,1,3.8593777,0.99911157
1388100,1333100,1,3.8542594,0.99910243
1388200,1333200,1,3.7961926,0.99899195
1388300,1333300,1,3.7671036,0.9989316
1388400,1333400,1,3.7137575,0.99881138
1388500,1333500,1,3.7105318,0.99880369
1388600,1333600,0,3.6919509,0.99875843
1388700,1333700,0,3.7114742,0.99880594
1388800,1333800,0,3.7191168,0.99882404
1388900,1333900,0,3.6885278,0.9987499
1389000,1334000,1,3.7322509,0.99885452
1389100,1334100,1,3.742832,0.99887849
1389200,1334200,0,0.21133911,0.20824789
1389300,1334300,0,3.7533938,0.99890192
1389400,1334400,0,3.8346573,0.99906656
1389500,1334500,1,3.8956126,0.99917365
1389600,1334600,0,3.9342083,0.99923501
1389700,1334700,0,3.9730663,0.99929219
1389800,1334800,1,4.0500505,0.99939317
1389900,1334900,0,4.1044635,0.99945572
1390000,1335000,1,4.1831064,0.99953492
1390100,1335100,1,4.2278072,0.99957468
1390200,1335200,0,4.2848178,0.99962051
1390300,1335300,1,4.3065876,0.99963667
1390400,1335400,1,4.36864,0.99967907
1390500,1335500,0,4.3967103,0.99969659
1390600,1335600,1,4.4070821,0.99970282
1390700,1335700,1,4.0993632,0.99945014
1390800,1335800,0,3.8686666,0.99912791
1390900,1335900,0,0.082182935,0.081998412
1391000,1336000,0,3.653638,0.99865962
1391100,1336100,0,0.17781801,0.17596726
1391200,1336200,1,3.511282,0.99821852
1391300,1336300,0,0.22646481,0.2226711
1391400,1336400,0,3.5260959,0.99827048
1391500,1336500,0,3.551685,0.99835669
1391600,1336600,0,3.5829847,0.99845633
1391700,1336700,0,3.6071805,0.9985292
1391800,1336800,0,3.6418969,0.99862779
1391900,1336900,0,3.7045038,0.99878919
1392000,1337000,0,3.7700756,0.99893793
1392100,1337100,1,3.8210825,0.99904088
1392200,1337200,1,3.8881001,0.99916114
1392300,1337300,1,3.9685167,0.99928573
1392400,1337400,0,4.0226314,0.99935897
1392500,1337500,0,4.0842959,0.99943333
1392600,1337600,0,4.1028573,0.99945397
1392700,1337700,1,4.158858,0.99951181
1392800,1337800,0,0.21289641,0.20973718
1392900,1337900,1,4.0377036,0.999378
1393000,1338000,0,3.9503984,0.99925938
1393100,1338100,0,3.9847182,0.99930849
1393200,1338200,1,3.9976416,0.99932613
1393300,1338300,1,4.055244,0.99939944
1393400,1338400,0,0.17991509,0.17799865
1393500,1338500,0,0.17705627,0.17522901
1393600,1338600,0,4.0719162,0.99941913
1393700,1338700,1,4.1159112,0.99946804
1393800,1338800,1,4.0929603,0.99944306
1393900,1338900,1,4.1589709,0.99951192
1394000,1339000,1,4.1611154,0.99951401
1394100,1339100,0,4.1760254,0.99952829
1394200,1339200,0,4.1901701,0.99954144
1394300,1339300,1,4.2661957,0.99960611
1394400,1339400,1,4.3113385,0.99964011
1394500,1339500,0,4.3615931,0.99967452
1394600,1339600,0,0.23024221,0.22625818
1394700,1339700,1,4.4436807,0.99972379
1394800,1339800,0,4.5191243,0.99976247
1394900,1339900,0,4.5854493,0.99979198
1395000,1340000,1,4.6441213,0.99981501
1395100,1340100,0,0.083646429,0.08345189
1395200,1340200,0,4.7384211,0.9998468
1395300,1340300,1,4.7608567,0.99985352
1395400,1340400,0,4.7701506,0.99985622
1395500,1340500,0,4.6430059,0.99981459
1395600,1340600,0,4.4081011,0.99970342
1395700,1340700,1,4.3016906,0.9996331
1395800,1340800,1,4.2465808,0.99959035
1395900,1340900,1,4.2019297,0.9995521
1396000,1341000,0,0.22051744,0.21701119
1396100,1341100,0,4.1689894,0.9995216
1396200,1341200,1,4.1633738,0.9995162
1396300,1341300,0,0.22790988,0.22404408
1396400,1341400,0,4.1550747,0.99950811
1396500,1341500,1,4.126901,0.9994796
1396600,1341600,1,4.1663751,0.9995191
1396700,1341700,1,4.1600375,0.99951296
1396800,1341800,1,4.2170939,0.99956548
1396900,1341900,0,4.2677349,0.99960732
1397000,1342000,0,4.3099876,0.99963914
1397100,1342100,0,4.3473382,0.99966511
1397200,1342200,1,4.3982481,0.99969752
1397300,1342300,0,4.4483537,0.99972636
1397400,1342400,1,4.4939615,0.99975021
1397500,1342500,0,0.1752913,0.1735177
1397600,1342600,0,4.4939567,0.99975021
1397700,1342700,0,4.5323443,0.99976867
1397800,1342800,0,4.5077259,0.99975699
1397900,1342900,1,4.2431251,0.99958751
1398000,1343000,1,4.1028143,0.99945393
1398100,1343100,0,4.030008,0.99936836
1398200,1343200,0,3.9953568,0.99932304
1398300,1343300,1,3.9534331,0.99926386
1398400,1343400,1,3.905743,0.99919022
1398500,1343500,1,3.8801187,0.99914765
1398600,1343600,0,3.8590306,0.99911095
1398700,1343700,0,3.8785453,0.99914497
1398800,1343800,0,3.8642522,0.99912018
1398900,1343900,0,3.8762748,0.99914108
1399000,1344000,1,3.9307023,0.99922963
1399100,1344100,1,3.9790331,0.99930059
1399200,1344200,1,4.0416181,0.99938285
1399300,1344300,0,4.0583654,0.99940317
1399400,1344400,1,4.1241939,0.99947678
1399500,1344500,0,4.1331049,0.99948602
1399600,1344600,1,4.1186961,0.99947099
1399700,1344700,1,4.0532728,0.99939706
1399800,1344800,0,4.0044708,0.99933527
1399900,1344900,1,3.9995804,0.99932874
1400000,1345000,0,3.9603105,0.99927391
1400100,1345100,0,3.984671,0.99930843
1400200,1345200,0,3.9657449,0.99928176
1400300,1345300,0,3.9639625,0.99927919
1400400,1345400,0,4.0052538,0.99933631
1400500,1345500,1,4.0447455,0.9993867
1400600,1345600,0,4.0477487,0.99939037
1400700,1345700,0,4.0959356,0.99944636
1400800,1345800,0,4.0564144,0.99940084
1400900,1345900,0,0.21414485,0.21093039
1401000,1346000,0,0.081719395,0.081537971
1401100,1346100,0,4.193537,0.99954452
1401200,1346200,0,4.2452744,0.99958928
1401300,1346300,1,4.309146,0.99963853
1401400,1346400,1,4.3746697,0.99968292
1401500,1346500,1,4.3566862,0.99967131
1401600,1346600,0,4.3724351,0.9996815
1401700,1346700,1,4.4434671,0.99972367
1401800,1346800,0,4.4722204,0.99973911
1401900,1346900,0,4.5246025,0.99976506
1402000,1347000,0,4.5875311,0.99979284
1402100,1347100,1,4.6309025,0.99981005
1402200,1347200,0,4.6757026,0.99982633
1402300,1347300,1,4.7102729,0.99983793
1402400,1347400,0,4.6406385,0.99981371
1402500,1347500,1,4.6566628,0.99981959
1402600,1347600,1,4.6410685,0.99981387
1402700,1347700,0,4.6913317,0.99983167
1402800,1347800,1,4.653441,0.99981842
1402900,1347900,1,4.6068295,0.99980068
1403000,1348000,1,4.6672219,0.99982336
1403100,1348100,1,4.6356303,0.99981184
1403200,1348200,0,4.6759062,0.9998264
1403300,1348300,1,4.7373127,0.99984646
1403400,1348400,0,4.6983432,0.99983402
1403500,1348500,0,4.7276391,0.99984346
1403600,1348600,1,4.7322052,0.99984488
1403700,1348700,0,4.7047422,0.99983613
1403800,1348800,0,4.7550593,0.99985181
1403900,1348900,0,4.70367,0.99983578
1404000,1349000,1,4.7402735,0.99984737
1404100,1349100,0,4.7656176,0.99985491
1404200,1349200,0,4.8075626,0.99986658
1404300,1349300,1,4.8214114,0.99987023
1404400,1349400,1,4.8583904,0.99987948
1404500,1349500,0,4.9076454,0.99989079
1404600,1349600,1,4.9170719,0.99989283
1404700,1349700,0,0.18885038,0.18663687
1404800,1349800,1,4.9202023,0.99989349
1404900,1349900,0,4.9068113,0.9998906
1405000,1350000,0,4.9247462,0.99989446
1405100,1350100,1,4.9553569,0.99990072
1405200,1350200,1,4.9147287,0.99989232
1405300,1350300,1,4.7684529,0.99985573
1405400,1350400,1,4.6139492,0.9998035
1405500,1350500,1,4.572357,0.99978646
1405600,1350600,1,4.504945,0.99975564
1405700,1350700,0,4.467709,0.99973675
1405800,1350800,1,4.4399828,0.99972174
1405900,1350900,1,4.4194915,0.9997101
1406000,1351000,0,4.4387279,0.99972104
1406100,1351100,1,4.4181991,0.99970935
1406200,1351200,1,4.4276291,0.99971478
1406300,1351300,1,4.4166367,0.99970844
1406400,1351400,0,4.4469438,0.99972559
1406500,1351500,0,4.5025881,0.99975448
1406600,1351600,1,4.545042,0.99977447
1406700,1351700,0,4.5933822,0.99979525
1406800,1351800,1,4.6435883,0.99981481
1406900,1351900,0,4.679733,0.99982772
1407000,1352000,1,4.6898392,0.99983117
1407100,1352100,0,4.7225832,0.99984187
1407200,1352200,0,4.749845,0.99985026
1407300,1352300,0,4.787127,0.99986102
1407400,1352400,1,4.8389622,0.99987471
1407500,1352500,1,4.8891269,0.99988667
1407600,1352600,1,4.8948107,0.99988795
1407700,1352700,0,4.9355323,0.99989671
1407800,1352800,1,4.9025501,0.99988967
1407900,1352900,0,4.868975,0.999882
1408000,1353000,0,0.18956833,0.18732972
1408100,1353100,0,4.8578308,0.99987934
1408200,1353200,0,4.8209277,0.9998701
1408300,1353300,0,0.22570563,0.22194944
1408400,1353400,1,4.8390825,0.99987474
1408500,1353500,1,4.83949,0.99987484
1408600,1353600,1,4.7848031,0.99986037
1408700,1353700,1,4.7115737,0.99983835
1408800,1353800,1,4.743317,0.99984829
1408900,1353900,0,4.7131793,0.99983887
1409000,1354000,1,4.7349822,0.99984574
1409100,1354100,1,4.698101,0.99983394
1409200,1354200,0,4.7295807,0.99984407
1409300,1354300,1,4.7553273,0.99985189
1409400,1354400,1,4.7840549,0.99986016
1409500,1354500,1,4.8405692,0.99987511
1409600,1354600,1,4.8894806,0.99988675
1409700,1354700,0,4.9380825,0.99989724
1409800,1354800,1,4.9432069,0.99989828
1409900,1354900,1,4.8664684,0.99988141
1410000,1355000,0,0.17378764,0.17205893
1410100,1355100,1,4.777474,0.99985831
1410200,1355200,0,4.7458888,0.99984907
1410300,1355300,0,0.17458159,0.17282928
1410400,1355400,1,4.7490901,0.99985003
1410500,1355500,0,4.7184328,0.99984055
1410600,1355600,0,4.6880139,0.99983055
1410700,1355700,1,4.6790908,0.9998275
1410800,1355800,0,4.6689736,0.99982398
1410900,1355900,1,4.6513402,0.99981766
1411000,1356000,1,4.6541642,0.99981868
1411100,1356100,1,4.6692536,0.99982407
1411200,1356200,1,4.6453542,0.99981546
1411300,1356300,0,4.6801812,0.99982788
1411400,1356400,1,4.7173774,0.99984022
1411500,1356500,0,4.7572136,0.99985245
1411600,1356600,0,4.7973121,0.99986382
1411700,1356700,1,4.8043997,0.99986574
1411800,1356800,1,4.8320031,0.99987295
1411900,1356900,1,4.8827643,0.99988521
1412000,1357000,0,4.8971156,0.99988846
1412100,1357100,0,0.17368488,0.17195922
1412200,1357200,1,4.9212885,0.99989373
1412300,1357300,1,4.9771302,0.99990496
1412400,1357400,0,5.0168804,0.99991222
1412500,1357500,0,4.9781488,0.99990515
1412600,1357600,0,4.9244443,0.99989439
1412700,1357700,0,4.8073006,0.99986651
1412800,1357800,1,4.7265469,0.99984312
1412900,1357900,0,0.083753331,0.083558046
1413000,1358000,0,4.5803703,0.99978985
1413100,1358100,1,4.5611215,0.9997816
1413200,1358200,1,4.5623648,0.99978215
1413300,1358300,0,4.5263364,0.99976587
1413400,1358400,1,4.5277972,0.99976655
1413500,1358500,1,4.5080913,0.99975717
1413600,1358600,1,4.5665931,0.99978398
1413700,1358700,0,4.5636572,0.99978271
1413800,1358800,1,4.5738922,0.99978711
1413900,1358900,0,4.6143531,0.99980366
1414000,1359000,1,4.6497705,0.99981708
1414100,1359100,1,4.7010455,0.99983491
1414200,1359200,0,4.7400833,0.99984731
1414300,1359300,0,4.7906082,0.99986198
1414400,1359400,0,4.8321638,0.99987299
1414500,1359500,0,4.8884045,0.9998865
1414600,1359600,1,4.9163724,0.99989268
1414700,1359700,0,4.9457467,0.9998988
1414800,1359800,0,0.17319916,0.17148782
1414900,1359900,1,5.036142,0.99991554
1415000,1360000,0,5.0752542,0.99992189
1415100,1360100,0,5.0828098,0.99992306
1415200,1360200,1,5.0484066,0.99991758
1415300,1360300,0,5.0398319,0.99991616
1415400,1360400,1,4.9661777,0.99990285
1415500,1360500,0,4.9069111,0.99989063
1415600,1360600,0,4.9387325,0.99989737
1415700,1360700,0,4.9024031,0.99988963
1415800,1360800,1,4.9055339,0.99989032
1415900,1360900,1,4.9320936,0.999896
1416000,1361000,1,4.8939736,0.99988776
1416100,1361100,0,4.9367737,0.99989697
1416200,1361200,0,4.9107038,0.99989145
1416300,1361300,0,4.8843601,0.99988558
1416400,1361400,0,4.8871664,0.99988622
1416500,1361500,0,4.8795837,0.99988448
1416600,1361600,1,4.9161923,0.99989264
1416700,1361700,1,4.941173,0.99989787
1416800,1361800,1,4.8867746,0.99988613
1416900,1361900,0,4.9023272,0.99988962
1417000,1362000,0,4.9236148,0.99989422
1417100,1362100,1,4.9829512,0.99990606
1417200,1362200,0,5.0135904,0.99991164
1417300,1362300,1,5.0199881,0.99991276
1417400,1362400,1,5.0588135,0.99991928
1417500,1362500,1,5.0744269,0.99992176
1417600,1362600,1,5.1076211,0.99992679
1417700,1362700,0,0.17666154,0.17484637
1417800,1362800,1,5.1793661,0.99993657
1417900,1362900,1,5.2219773,0.99994175
1418000,1363000,0,5.2646776,0.99994652
1418100,1363100,0,5.2933379,0.9999495
1418200,1363200,0,0.17429596,0.17255217
1418300,1363300,0,5.2697798,0.99994706
1418400,1363400,0,0.22408794,0.22041089
1418500,1363500,0,4.7892706,0.99986161
1418600,1363600,1,4.7003006,0.99983466
1418700,1363700,0,4.5638149,0.99978278
1418800,1363800,0,4.4908925,0.99974867
1418900,1363900,0,4.4478768,0.9997261
1419000,1364000,1,4.3797714,0.99968614
1419100,1364100,0,4.3486843,0.99966601
1419200,1364200,0,4.3515258,0.9996679
1419300,1364300,0,4.3523542,0.99966845
1419400,1364400,1,4.3643492,0.99967631
1419500,1364500,1,4.3872693,0.99969081
1419600,1364600,0,4.4143883,0.99970713
1419700,1364700,1,4.4612702,0.99973334
1419800,1364800,0,4.4940391,0.99975025
1419900,1364900,1,4.5376139,0.99977109
1420000,1365000,1,4.5449987,0.99977445
1420100,1365100,1,4.5121723,0.99975915
1420200,1365200,1,4.4900931,0.99974827
1420300,1365300,0,4.5258963,0.99976567
1420400,1365400,1,4.499312,0.99975287
1420500,1365500,0,0.17568709,0.17390155
1420600,1365600,1,4.5471894,0.99977543
1420700,1365700,0,4.5144127,0.99976022
1420800,1365800,0,4.561175,0.99978163
1420900,1365900,0,4.5374977,0.99977104
1421000,1366000,1,4.5915793,0.99979451
1421100,1366100,0,4.6674964,0.99982345
1421200,1366200,1,4.5997355,0.99979783
1421300,1366300,0,4.6498301,0.99981711
1421400,1366400,0,4.6838245,0.99982913
1421500,1366500,1,4.6386104,0.99981296
1421600,1366600,0,4.6197737,0.99980578
1421700,1366700,0,4.6727646,0.99982531
1421800,1366800,0,4.7044156,0.99983602
1421900,1366900,0,4.7559463,0.99985208
1422000,1367000,1,4.7873155,0.99986107
1422100,1367100,1,4.819021,0.99986961
1422200,1367200,0,4.8702269,0.9998823
1422300,1367300,1,4.8806214,0.99988472
1422400,1367400,1,4.8745503,0.99988331
1422500,1367500,0,4.8454241,0.99987631
1422600,1367600,0,4.8344374,0.99987357
1422700,1367700,1,4.8610039,0.99988011
1422800,1367800,0,4.8251773,0.9998712
1422900,1367900,1,4.7437243,0.99984842
1423000,1368000,0,4.6822901,0.9998286
1423100,1368100,0,4.655134,0.99981904
1423200,1368200,0,4.594415,0.99979567
1423300,1368300,0,4.615198,0.99980399
1423400,1368400,0,4.5940788,0.99979553
1423500,1368500,0,4.5463794,0.99977507
1423600,1368600,0,4.5886267,0.99979329
1423700,1368700,0,4.5368403,0.99977074
1423800,1368800,1,4.5929711,0.99979508
1423900,1368900,1,4.6183203,0.99980521
1424000,1369000,1,4.6606684,0.99982103
1424100,1369100,0,4.6916977,0.9998318
1424200,1369200,1,4.7350212,0.99984576
1424300,1369300,0,4.7286983,0.99984379
1424400,1369400,0,4.7960911,0.99986349
1424500,1369500,0,4.8541995,0.99987847
1424600,1369600,0,4.8992941,0.99988895
1424700,1369700,1,4.9159833,0.99989259
1424800,1369800,0,4.977478,0.99990502
1424900,1369900,0,4.9844348,0.99990633
1425000,1370000,0,5.0319693,0.99991483
1425100,1370100,1,5.0391246,0.99991604
1425200,1370200,1,4.9816943,0.99990582
1425300,1370300,0,0.22493567,0.22121729
1425400,1370400,0,4.7487253,0.99984993
1425500,1370500,0,4.7144975,0.99983929
1425600,1370600,0,4.6993052,0.99983434
1425700,1370700,1,4.6289204,0.9998093
1425800,1370800,1,4.5913657,0.99979442
1425900,1370900,0,4.5745226,0.99978738
1426000,1371000,1,4.6016394,0.9997986
1426100,1371100,1,4.5750344,0.9997876
1426200,1371200,0,0.22397128,0.2202999
1426300,1371300,1,4.5632667,0.99978254
1426400,1371400,0,4.5936927,0.99979538
1426500,1371500,1,4.6004043,0.9997981
1426600,1371600,0,4.6577439,0.99981998
1426700,1371700,0,4.7107678,0.99983809
1426800,1371800,0,4.7573479,0.99985249
1426900,1371900,1,4.8167617,0.99986902
1427000,1372000,1,4.8156582,0.99986873
1427100,1372100,1,4.8532748,0.99987824
1427200,1372200,0,4.8986918,0.99988881
1427300,1372300,1,4.945065,0.99989866
1427400,1372400,1,4.9048765,0.99989018
1427500,1372500,1,4.9060414,0.99989043
1427600,1372600,0,0.2145738,0.21134021
1427700,1372700,0,0.19057563,0.18830148
1427800,1372800,1,4.2221549,0.99956985
1427900,1372900,1,4.1375998,0.99949062
1428000,1373000,0,0.18662175,0.18448498
1428100,1373100,1,3.993006,0.99931986
1428200,1373200,0,3.9862179,0.99931056
1428300,1373300,0,3.9292852,0.99922745
1428400,1373400,0,0.2186674,0.21524757
1428500,1373500,1,3.9709125,0.99928914
1428600,1373600,0,4.0095911,0.99934204
1428700,1373700,0,4.0423449,0.99938375
1428800,1373800,1,4.0760706,0.99942393
1428900,1373900,0,4.1378853,0.99949091
1429000,1374000,1,4.1891778,0.99954053
1429100,1374100,0,4.2403835,0.99958525
1429200,1374200,0,4.2550651,0.99959725
1429300,1374300,0,4.3160611,0.99964349
1429400,1374400,0,4.3335805,0.99965577
1429500,1374500,0,0.18009439,0.17817226
1429600,1374600,0,3.6863028,0.99874433
1429700,1374700,0,3.5934558,0.9984883
1429800,1374800,0,3.5796482,0.99844601
1429900,1374900,1,3.5672116,0.9984069
1430000,1375000,0,0.17422413,0.17248247
1430100,1375100,1,3.5872733,0.99846951
1430200,1375200,1,3.5957749,0.99849529
1430300,1375300,0,3.5993787,0.99850609
1430400,1375400,0,3.6018425,0.99851343
1430500,1375500,0,3.6175453,0.99855935
1430600,1375600,0,3.6434293,0.99863199
1430700,1375700,1,3.7091322,0.99880034
1430800,1375800,0,3.7438755,0.99888083
1430900,1375900,0,3.725099,0.99883802
1431000,1376000,0,0.21574943,0.21246305
1431100,1376100,0,0.21377539,0.21057733
1431200,1376200,1,3.4371935,0.99793427
1431300,1376300,0,0.085675502,0.085466488
1431400,1376400,1,3.3486499,0.99753456
1431500,1376500,1,3.329862,0.99744028
1431600,1376600,1,3.3407701,0.99749545
1431700,1376700,0,3.3318216,0.99745028
1431800,1376800,0,3.3876783,0.99771948
1431900,1376900,1,3.404999,0.99779704
1432000,1377000,0,0.21537548,0.21210595
1432100,1377100,0,3.4682425,0.99805853
1432200,1377200,0,3.522301,0.99825731
1432300,1377300,1,3.5832293,0.99845709
1432400,1377400,0,3.6397848,0.99862199
1432500,1377500,1,3.6656023,0.99869129
1432600,1377600,0,3.6753386,0.99871651
1432700,1377700,1,3.5452476,0.99833542
1432800,1377800,0,0.2142574,0.21103792
1432900,1377900,0,3.4827624,0.99811405
1433000,1378000,0,0.23393004,0.22975428
1433100,1378100,1,3.4657159,0.9980487
1433200,1378200,0,3.4368754,0.99793296
1433300,1378300,1,3.4642452,0.99804296
1433400,1378400,0,0.22975668,0.22579745
1433500,1378500,1,3.4813947,0.99810888
1433600,1378600,0,0.17763516,0.17579007
1433700,1378700,0,3.535222,0.99830173
1433800,1378800,1,3.5713318,0.99841996
1433900,1378900,0,3.6223152,0.99857302
1434000,1379000,1,3.6723904,0.99870892
1434100,1379100,1,3.7438375,0.99888074
1434200,1379200,0,3.8056518,0.99901084
1434300,1379300,0,3.8276367,0.99905337
1434400,1379400,0,3.8764232,0.99914133
1434500,1379500,1,3.8804392,0.9991482
1434600,1379600,1,3.8964906,0.9991751
1434700,1379700,0,3.9220549,0.9992162
1434800,1379800,0,3.965449,0.99928133
1434900,1379900,0,3.9261478,0.99922259
1435000,1380000,1,3.8877689,0.99916059
1435100,1380100,1,3.8455289,0.99908663
1435200,1380200,1,3.8327097,0.99906292
1435300,1380300,0,3.8424772,0.99908104
1435400,1380400,1,3.8671352,0.99912524
1435500,1380500,0,3.889288,0.99916313
1435600,1380600,1,3.9243781,0.99921983
1435700,1380700,0,3.9005571,0.99918178
1435800,1380800,1,3.9721187,0.99929085
1435900,1380900,1,3.9625294,0.99927712
1436000,1381000,0,4.0304457,0.99936891
1436100,1381100,1,4.0421006,0.99938344
1436200,1381200,0,0.22056826,0.21705961
1436300,1381300,1,4.076741,0.9994247
1436400,1381400,1,4.1192979,0.99947163
1436500,1381500,0,4.1612168,0.99951411
1436600,1381600,0,4.219625,0.99956767
1436700,1381700,1,4.2650221,0.99960519
1436800,1381800,1,4.3270424,0.99965123
1436900,1381900,1,4.3833622,0.99968838
1437000,1382000,0,4.4291381,0.99971564
1437100,1382100,1,4.3875922,0.99969101
1437200,1382200,0,4.3081302,0.99963779
1437300,1382300,1,4.2357125,0.99958135
1437400,1382400,1,4.1278688,0.99948061
1437500,1382500,1,4.122475,0.99947498
1437600,1382600,0,4.1243731,0.99947696
1437700,1382700,1,4.1138702,0.99946586
1437800,1382800,0,4.088103,0.99943762
1437900,1382900,0,4.1206533,0.99947306
1438000,1383000,0,4.1092077,0.99946086
1438100,1383100,1,4.0792252,0.99942755
1438200,1383200,0,4.0984412,0.99944913
1438300,1383300,1,4.1462774,0.99949938
1438400,1383400,0,4.1832787,0.99953508
1438500,1383500,0,4.1897881,0.99954109
1438600,1383600,0,4.2239194,0.99957137
1438700,1383700,0,4.2880141,0.99962293
1438800,1383800,0,4.3345953,0.99965646
1438900,1383900,1,4.3613053,0.99967433
1439000,1384000,0,4.3972339,0.99969691
1439100,1384100,1,4.4792136,0.99974274
1439200,1384200,1,4.5265627,0.99976598
1439300,1384300,0,4.5311216,0.9997681
1439400,1384400,1,4.6043522,0.99979969
1439500,1384500,1,4.6217825,0.99980655
1439600,1384600,0,4.573209,0.99978682
1439700,1384700,1,4.5820296,0.99979055
1439800,1384800,1,4.5795525,0.99978951
1439900,1384900,0,4.5841928,0.99979145
1440000,1385000,0,4.6157053,0.99980419
1440100,1385100,0,4.5884216,0.99979321
1440200,1385200,1,4.6410883,0.99981388
1440300,1385300,0,4.6268595,0.99980851
1440400,1385400,1,4.6579206,0.99982004
1440500,1385500,0,0.18163466,0.17966323
1440600,1385600,0,4.6969074,0.99983354
1440700,1385700,1,4.641543,0.99981405
1440800,1385800,1,4.6997844,0.99983449
1440900,1385900,1,4.680931,0.99982813
1441000,1386000,0,4.7353426,0.99984585
1441100,1386100,1,4.6678683,0.99982359
1441200,1386200,1,4.7019235,0.9998352
1441300,1386300,1,4.7226857,0.9998419
1441400,1386400,0,4.7471886,0.99984946
1441500,1386500,1,4.8132895,0.9998681
1441600,1386600,0,4.8451355,0.99987624
1441700,1386700,0,4.8874976,0.9998863
1441800,1386800,1,4.9084702,0.99989097
1441900,1386900,0,4.9519765,0.99990005
1442000,1387000,0,5.0064353,0.99991037
1442100,1387100,0,5.0328776,0.99991498
1442200,1387200,0,5.0538151,0.99991847
1442300,1387300,0,5.0948496,0.99992489
1442400,1387400,1,5.1468708,0.99993231
1442500,1387500,0,5.1494993,0.99993267
1442600,1387600,1,5.0909183,0.9999243
1442700,1387700,1,5.051069,0.99991802
1442800,1387800,0,5.0451747,0.99991705
1442900,1387900,0,4.9842607,0.9999063
1443000,1388000,1,4.9621674,0.99990207
1443100,1388100,1,4.928155,0.99989517
1443200,1388200,1,4.9505249,0.99989976
1443300,1388300,0,4.9021854,0.99988959
1443400,1388400,0,0.1743505,0.17260508
1443500,1388500,0,4.9568302,0.99990102
1443600,1388600,1,5.0113068,0.99991123
1443700,1388700,1,5.0273111,0.99991403
1443800,1388800,0,5.0480137,0.99991752
1443900,1388900,1,5.0984957,0.99992544
1444000,1389000,1,5.1338826,0.99993053
1444100,1389100,0,5.1561067,0.99993355
1444200,1389200,0,5.1949866,0.99993852
1444300,1389300,1,5.2013724,0.9999393
1444400,1389400,0,0.083537772,0.083343988
1444500,1389500,0,5.2699378,0.99994708
1444600,1389600,1,5.2910767,0.99994927
1444700,1389700,0,5.3132694,0.99995147
1444800,1389800,1,5.3472144,0.99995466
1444900,1389900,1,5.346179,0.99995457
1445000,1390000,1,5.3336189,0.99995341
1445100,1390100,0,5.3496325,0.99995488
1445200,1390200,0,5.3740661,0.99995703
1445300,1390300,1,5.3737111,0.999957
1445400,1390400,0,5.3902449,0.9999584
1445500,1390500,1,5.3606067,0.99995586
1445600,1390600,1,5.3864558,0.99995808
1445700,1390700,0,5.3678987,0.9999565
1445800,1390800,0,5.3697909,0.99995666
1445900,1390900,1,5.4021143,0.99995937
1446000,1391000,1,5.3520667,0.9999551
1446100,1391100,1,5.341503,0.99995414
1446200,1391200,1,5.378895,0.99995744
1446300,1391300,0,0.21810743,0.21471348
1446400,1391400,0,5.3706029,0.99995673
1446500,1391500,0,5.4150333,0.99996041
1446600,1391600,0,5.3523609,0.99995512
1446700,1391700,0,5.3907175,0.99995844
1446800,1391800,1,5.4276374,0.9999614
1446900,1391900,0,5.3541865,0.99995529
1447000,1392000,1,5.4061676,0.9999597
1447100,1392100,0,5.3449508,0.99995445
1447200,1392200,0,5.3666536,0.99995639
1447300,1392300,0,5.2904601,0.99994921
1447400,1392400,0,0.21640718,0.21309103
1447500,1392500,1,5.3360204,0.99995363
1447600,1392600,0,5.3528934,0.99995517
1447700,1392700,0,5.3936576,0.99995868
1447800,1392800,1,5.4141683,0.99996034
1447900,1392900,1,5.4394132,0.99996229
1448000,1393000,1,5.469485,0.9999645
1448100,1393100,0,5.5071008,0.99996707
1448200,1393200,1,5.5315392,0.99996864
1448300,1393300,1,5.5606341,0.99997041
1448400,1393400,1,5.5903967,0.99997212
1448500,1393500,1,5.5883588,0.99997201
1448600,1393600,1,5.637431,0.99997462
1448700,1393700,1,5.6691766,0.99997619
1448800,1393800,0,0.2144841,0.21125451
1448900,1393900,0,5.5166905,0.99996769
1449000,1394000,0,5.3657064,0.99995631
1449100,1394100,0,5.2311182,0.99994281
1449200,1394200,0,0.17466272,0.17290798
1449300,1394300,0,5.0752652,0.99992189
1449400,1394400,0,5.0521026,0.99991819
1449500,1394500,1,5.0058572,0.99991026
1449600,1394600,0,5.0000901,0.99990922
1449700,1394700,1,4.9540542,0.99990047
1449800,1394800,1,4.9772457,0.99990498
1449900,1394900,1,4.9611373,0.99990187
1450000,1395000,0,4.9911182,0.99990758
1450100,1395100,0,4.9427106,0.99989818
1450200,1395200,0,4.9704089,0.99990367
1450300,1395300,1,5.0265898,0.99991391
1450400,1395400,0,5.0658802,0.99992041
1450500,1395500,1,5.0918741,0.99992444
1450600,1395600,1,5.1338699,0.99993053
1450700,1395700,1,5.1111624,0.9999273
1450800,1395800,1,5.0882905,0.9999239
1450900,1395900,1,5.0817491,0.9999229
1451000,1396000,0,4.9445553,0.99989856
1451100,1396100,0,4.8684261,0.99988187
1451200,1396200,0,4.7591212,0.99985301
1451300,1396300,0,0.1939997,0.19160201
1451400,1396400,1,4.6912577,0.99983165
1451500,1396500,0,4.676847,0.99982673
1451600,1396600,0,0.21699181,0.21364904
1451700,1396700,1,4.6972702,0.99983366
1451800,1396800,1,4.7136394,0.99983902
1451900,1396900,0,4.665489,0.99982274
1452000,1397000,1,4.7135836,0.999839
1452100,1397100,0,4.6874622,0.99983037
1452200,1397200,0,4.7451039,0.99984883
1452300,1397300,1,4.7537313,0.99985142
1452400,1397400,1,4.8050002,0.9998659
1452500,1397500,0,4.8407002,0.99987514
1452600,1397600,1,4.9075297,0.99989076
1452700,1397700,0,0.084069948,0.083872444
1452800,1397800,0,4.9311584,0.9998958
1452900,1397900,1,4.9721786,0.99990401
1453000,1398000,1,5.0057036,0.99991023
1453100,1398100,0,0.1755358,0.17375483
1453200,1398200,1,5.0542199,0.99991853
1453300,1398300,0,5.0757859,0.99992197
1453400,1398400,0,5.087754,0.99992382
1453500,1398500,1,5.0559613,0.99991882
1453600,1398600,1,5.0905371,0.99992424
1453700,1398700,1,5.0746099,0.99992179
1453800,1398800,0,5.0975237,0.99992529
1453900,1398900,1,5.0905077,0.99992424
1454000,1399000,1,5.1248939,0.99992927
1454100,1399100,1,5.1225094,0.99992893
1454200,1399200,0,0.22533225,0.22159443
1454300,1399300,0,5.0821627,0.99992296
1454400,1399400,1,5.1207048,0.99992868
1454500,1399500,1,5.0581488,0.99991917
1454600,1399600,0,0.084391849,0.084192073
1454700,1399700,0,5.0424965,0.9999166
1454800,1399800,0,5.0695625,0.999921
1454900,1399900,0,5.1129029,0.99992756
1455000,1400000,1,5.062294,0.99991984
1455100,1400100,0,5.1069938,0.99992669
1455200,1400200,0,0.23939648,0.23492562
1455300,1400300,1,5.0894935,0.99992408
1455400,1400400,1,5.133337,0.99993046
1455500,1400500,1,5.1768085,0.99993625
1455600,1400600,1,5.2015953,0.99993933
1455700,1400700,0,5.1826668,0.99993699
1455800,1400800,0,5.2032404,0.99993953
1455900,1400900,1,5.1361414,0.99993085
1456000,1401000,0,5.0693724,0.99992097
1456100,1401100,0,5.0321292,0.99991485
1456200,1401200,0,4.9569983,0.99990105
1456300,1401300,0,4.7720525,0.99985677
1456400,1401400,1,4.7116991,0.99983839
1456500,1401500,1,4.6541289,0.99981867
1456600,1401600,0,4.6053941,0.99980011
1456700,1401700,1,4.5539455,0.99977845
1456800,1401800,0,0.21567324,0.2123903
1456900,1401900,0,4.5156453,0.99976081
1457000,1402000,0,4.5116415,0.99975889
1457100,1402100,0,4.5096336,0.99975792
1457200,1402200,0,4.4984011,0.99975242
1457300,1402300,0,4.5277494,0.99976653
1457400,1402400,1,4.5897786,0.99979377
1457500,1402500,1,4.6357374,0.99981188
1457600,1402600,1,4.6864104,0.99983001
1457700,1402700,1,4.6865401,0.99983005
1457800,1402800,1,4.7429122,0.99984817
1457900,1402900,1,4.7830026,0.99985987
1458000,1403000,0,4.8186724,0.99986952
1458100,1403100,1,4.7379877,0.99984667
1458200,1403200,1,4.6669858,0.99982327
1458300,1403300,1,4.6436044,0.99981481
1458400,1403400,1,4.6218261,0.99980657
1458500,1403500,1,4.648424,0.99981659
1458600,1403600,0,4.6248558,0.99980774
1458700,1403700,0,0.21840269,0.21499511
1458800,1403800,0,4.6312237,0.99981017
1458900,1403900,0,4.5904117,0.99979403
1459000,1404000,0,4.6511789,0.9998176
1459100,1404100,1,4.6047857,0.99979987
1459200,1404200,1,4.6430678,0.99981462
1459300,1404300,0,4.6246236,0.99980765
1459400,1404400,0,4.62327,0.99980713
1459500,1404500,0,4.6498585,0.99981712
1459600,1404600,0,4.6673634,0.99982341
1459700,1404700,0,4.6624715,0.99982167
1459800,1404800,0,4.6731187,0.99982543
1459900,1404900,0,4.6544354,0.99981878
1460000,1405000,1,4.6753726,0.99982621
1460100,1405100,0,4.6855519,0.99982972
1460200,1405200,1,4.5925932,0.99979493
1460300,1405300,0,4.5539467,0.99977845
1460400,1405400,0,4.5636042,0.99978269
1460500,1405500,0,4.5943781,0.99979566
1460600,1405600,0,0.21668772,0.2133588
1460700,1405700,0,0.18145898,0.17949321
1460800,1405800,0,4.0787046,0.99942696
1460900,1405900,0,3.9525861,0.99926261
1461000,1406000,1,3.8695797,0.9991295
1461100,1406100,1,3.7664849,0.99893028
1461200,1406200,0,3.6957182,0.99876774
1461300,1406300,0,3.681224,0.99873152
1461400,1406400,1,3.7212489,0.99882905
1461500,1406500,1,3.6694642,0.99870135
1461600,1406600,1,3.6324205,0.99860155
1461700,1406700,1,3.5332685,0.99829509
1461800,1406800,0,3.5126787,0.99822348
1461900,1406900,0,3.6041646,0.99852031
1462000,1407000,1,3.6888485,0.9987507
1462100,1407100,0,3.7644054,0.99892582
1462200,1407200,1,3.8459319,0.99908736
1462300,1407300,0,3.9326685,0.99923265
1462400,1407400,1,4.0349299,0.99937454
1462500,1407500,1,4.142719,0.9994958
1462600,1407600,0,4.2349195,0.99958069
1462700,1407700,0,4.3445846,0.99966326
1462800,1407800,1,4.4069039,0.99970271
1462900,1407900,1,4.4969752,0.99975171
1463000,1408000,0,4.6002776,0.99979805
1463100,1408100,0,4.6900379,0.99983124
1463200,1408200,1,4.7458044,0.99984905
1463300,1408300,0,4.8605672,0.99988
1463400,1408400,1,4.9648758,0.9999026
1463500,1408500,0,5.0811891,0.99992281
1463600,1408600,0,5.196244,0.99993868
1463700,1408700,1,5.3079796,0.99995096
1463800,1408800,1,5.4231883,0.99996105
1463900,1408900,1,5.5256778,0.99996827
1464000,1409000,0,5.6313034,0.99997431
1464100,1409100,1,5.7284616,0.99997885
1464200,1409200,1,5.8334052,0.99998285
1464300,1409300,1,5.9023217,0.99998506
1464400,1409400,0,0.17421421,0.17247284
1464500,1409500,0,0.082011304,0.081827932
1464600,1409600,1,6.0786105,0.9999895
1464700,1409700,0,6.1793119,0.99999141
1464800,1409800,1,6.2938498,0.99999317
1464900,1409900,1,6.3920772,0.99999439
1465000,1410000,1,6.4804685,0.9999953
1465100,1410100,1,6.5643974,0.99999603
1465200,1410200,0,6.6486009,0.99999664
1465300,1410300,0,6.7376978,0.99999719
1465400,1410400,1,6.8729119,0.99999786
1465500,1410500,1,6.8853341,0.99999791
1465600,1410600,0,0.21122867,0.20814224
1465700,1410700,0,7.023458,0.99999841
1465800,1410800,1,7.1234217,0.9999987
1465900,1410900,1,7.2435832,0.99999898
1466000,1411000,1,7.3300779,0.99999914
1466100,1411100,0,0.21337981,0.21019926
1466200,1411200,1,7.5330767,0.99999943
1466300,1411300,0,7.6274138,0.99999953
1466400,1411400,1,7.6690847,0.99999956
1466500,1411500,0,7.7429024,0.99999962
1466600,1411600,0,7.8378996,0.99999969
1466700,1411700,0,7.9438601,0.99999975
1466800,1411800,1,8.0470412,0.9999998
1466900,1411900,1,8.1544924,0.99999983
1467000,1412000,0,8.2355745,0.99999986
1467100,1412100,0,8.3418334,0.99999989
1467200,1412200,0,8.4496655,0.99999991
1467300,1412300,1,8.5704038,0.99999993
1467400,1412400,1,8.664041,0.99999994
1467500,1412500,1,8.8284602,0.99999996
1467600,1412600,0,8.8520638,0.99999996
1467700,1412700,1,9.0268468,0.99999997
1467800,1412800,0,9.0885008,0.99999997
1467900,1412900,1,9.286146,0.99999998
1468000,1413000,1,9.3926622,0.99999999
1468100,1413100,1,9.5261663,0.99999999
1468200,1413200,1,9.6436389,0.99999999
1468300,1413300,1,9.7416608,0.99999999
1468400,1413400,1,9.8487945,0.99999999
1468500,1413500,1,9.8994495,0.99999999
1468600,1413600,0,9.9857165,1
1468700,1413700,1,10.131532,1
1468800,1413800,0,10.238181,1
1468900,1413900,1,10.407515,1
1469000,1414000,1,10.535274,1
1469100,1414100,1,10.676924,1
1469200,1414200,1,10.813084,1
1469300,1414300,1,10.938534,1
1469400,1414400,0,11.047739,1
1469500,1414500,1,11.209366,1
1469600,1414600,1,11.340097,1
1469700,1414700,1,11.477728,1
1469800,1414800,0,0.17428065,0.17253731
1469900,1414900,0,0.18561099,0.18350843
1470000,1415000,0,0.21521174,0.21194958
1470100,1415100,0,0.18057936,0.17864179
1470200,1415200,0,0.22353724,0.21988688
1470300,1415300,0,0.17956323,0.17765791
1470400,1415400,0,0.17732061,0.17548521
1470500,1415500,0,0.1735389,0.17181755
1470600,1415600,0,0.21875036,0.21532668
1470700,1415700,0,0.17374245,0.17201509
1470800,1415800,0,0.21189434,0.20877898
1470900,1415900,0,0.1837377,0.18169761
1471000,1416000,0,0.082875575,0.082686355
1471100,1416100,0,0.21469296,0.21145404
1471200,1416200,0,0.21394687,0.2107412
1471300,1416300,0,0.1789931,0.17710573
1471400,1416400,0,0.18013116,0.17820786
1471500,1416500,0,0.084425916,0.084225898
1471600,1416600,0,0.1803633,0.17843262
1471700,1416700,0,0.17682594,0.17500574
1471800,1416800,0,0.082148737,0.081964443
1471900,1416900,0,0.17655974,0.17474768
1472000,1417000,0,0.21834134,0.21493659
1472100,1417100,0,0.21466701,0.21142926
1472200,1417200,0,0.17461265,0.17285941
1472300,1417300,0,0.21392175,0.21071719
1472400,1417400,0,0.17768952,0.17584274
1472500,1417500,0,0.084388672,0.084188918
1472600,1417600,0,0.17407081,0.17233371
1472700,1417700,0,0.17345492,0.17173604
1472800,1417800,0,0.21406962,0.2108585
1472900,1417900,0,0.17558725,0.17380473
1473000,1418000,0,0.21761492,0.21424363
1473100,1418100,0,0.18032536,0.17839589
1473200,1418200,0,0.21720255,0.21385015
1473300,1418300,0,0.215216,0.21195365
1473400,1418400,0,0.17338358,0.17166681
1473500,1418500,0,0.21567987,0.21239663
1473600,1418600,0,0.1742455,0.17250321
1473700,1418700,0,0.17495949,0.17319586
1473800,1418800,0,0.22040418,0.21690326
1473900,1418900,0,0.17520087,0.17342999
1474000,1419000,0,0.087361552,0.08713998
1474100,1419100,0,0.17499065,0.17322608
1474200,1419200,0,0.21585222,0.2125612
1474300,1419300,0,0.087541572,0.08731863
1474400,1419400,0,0.17499889,0.17323408
1474500,1419500,0,0.23847288,0.2340528
1474600,1419600,0,0.21804362,0.21465261
1474700,1419700,0,0.17539479,0.17361808
1474800,1419800,0,0.22435887,0.22066864
1474900,1419900,0,0.088580829,0.088349869
1475000,1420000,0,0.18180982,0.17983273
1475100,1420100,0,0.1848051,0.18272957
1475200,1420200,0,0.23156322,0.22751119
1475300,1420300,0,0.22037673,0.2168771
1475400,1420400,0,0.22039029,0.21689002
1475500,1420500,0,0.17485626,0.17309573
1475600,1420600,0,0.091901409,0.091643551
1475700,1420700,0,0.22247254,0.21887342
1475800,1420800,0,0.23211051,0.22803008
1475900,1420900,0,0.2322011,0.22811596
1476000,1421000,0,0.17549034,0.17371075
1476100,1421100,0,0.1757613,0.17397352
1476200,1421200,0,0.09503237,0.094747316
1476300,1421300,0,0.17502331,0.17325777
1476400,1421400,0,0.22602184,0.22225006
1476500,1421500,0,0.22603953,0.22226687
1476600,1421600,0,0.097190655,0.096885785
1476700,1421700,0,0.22679159,0.22298166
1476800,1421800,0,0.1733681,0.17165178
1476900,1421900,0,0.22297092,0.21934788
1477000,1422000,0,0.17310191,0.17139342
1477100,1422100,0,0.17467924,0.17292401
1477200,1422200,0,0.23442968,0.2302275
1477300,1422300,0,0.17564031,0.17385618
1477400,1422400,0,0.17444563,0.17269738
1477500,1422500,0,0.17816854,0.17630691
1477600,1422600,0,0.25742969,0.25188987
1477700,1422700,0,0.24782749,0.24287538
1477800,1422800,0,0.1744852,0.17273577
1477900,1422900,0,0.097229547,0.096924312
1478000,1423000,0,0.17310898,0.17140029
1478100,1423100,0,0.24075468,0.23620845
1478200,1423200,0,0.22810256,0.22422708
1478300,1423300,0,0.17778789,0.17593807
1478400,1423400,0,0.096322976,0.096026179
1478500,1423500,0,0.22428605,0.22059937
1478600,1423600,0,0.094092851,0.093816148
1478700,1423700,0,0.22039211,0.21689176
1478800,1423800,0,0.17830756,0.17644161
1478900,1423900,0,0.096417074,0.096119408
1479000,1424000,0,0.17357831,0.1718558
1479100,1424100,0,0.095237445,0.094950546
1479200,1424200,0,0.23440938,0.23020827
1479300,1424300,0,0.1877385,0.1855635
1479400,1424400,0,0.18458066,0.18251262
1479500,1424500,0,0.1731559,0.17144583
1479600,1424600,0,0.22708145,0.22325708
1479700,1424700,0,0.2221667,0.21858222
1479800,1424800,0,0.09432086,0.094042145
1479900,1424900,0,0.21969909,0.21623124
1480000,1425000,0,0.22276595,0.21915276
1480100,1425100,0,0.22051386,0.21700778
1480200,1425200,0,0.22146154,0.21791064
1480300,1425300,0,0.095436648,0.095147949
1480400,1425400,0,0.183274,0.18124918
1480500,1425500,0,0.094409482,0.094129983
1480600,1425600,0,0.21938233,0.21592927
1480700,1425700,0,0.22551779,0.22177084
1480800,1425800,0,0.17878463,0.17690378
1480900,1425900,0,0.095813786,0.095521659
1481000,1426000,0,0.1732249,0.1715128
1481100,1426100,0,0.096905152,0.096602954
1481200,1426200,0,0.22704061,0.22321828
1481300,1426300,0,0.1878724,0.18569278
1481400,1426400,0,0.18679087,0.18464834
1481500,1426500,0,0.22290742,0.21928743
1481600,1426600,0,0.23295042,0.22882616
1481700,1426700,0,0.23919583,0.23473603
1481800,1426800,0,0.17691473,0.1750918
1481900,1426900,0,0.19551833,0.19306446
1482000,1427000,0,0.24947663,0.24442663
1482100,1427100,0,0.10116533,0.10082162
1482200,1427200,0,0.10091109,0.10056995
1482300,1427300,0,0.22758364,0.22373419
1482400,1427400,0,0.17518501,0.17341461
1482500,1427500,0,0.22830541,0.22441972
1482600,1427600,0,0.23217404,0.2280903
1482700,1427700,0,0.22621082,0.22242969
1482800,1427800,0,0.10425163,0.10387558
1482900,1427900,0,0.17431661,0.1725722
1483000,1428000,0,0.10593034,0.10553589
1483100,1428100,0,0.23099027,0.22696782
1483200,1428200,0,0.23200474,0.22792981
1483300,1428300,0,0.22795901,0.22409075
1483400,1428400,0,0.17428399,0.17254055
1483500,1428500,0,0.17333342,0.17161813
1483600,1428600,0,0.17549544,0.17371569
1483700,1428700,0,0.23206435,0.22798632
1483800,1428800,0,0.23351747,0.22936345
1483900,1428900,0,0.17525654,0.17348399
1484000,1429000,0,0.23019958,0.22621772
1484100,1429100,0,0.1753024,0.17352847
1484200,1429200,0,0.10815895,0.10773916
1484300,1429300,0,0.17316694,0.17145655
1484400,1429400,0,0.17588596,0.1740944
1484500,1429500,0,0.19744409,0.19491775
1484600,1429600,0,0.17585711,0.17406642
1484700,1429700,0,0.11093063,0.11047783
1484800,1429800,0,0.23222671,0.22814024
1484900,1429900,0,0.17623382,0.1744317
1485000,1430000,0,0.10850758,0.10808372
1485100,1430100,0,0.17805838,0.17620017
1485200,1430200,0,0.10569836,0.10530648
1485300,1430300,0,0.2276578,0.22380464
1485400,1430400,0,0.17623889,0.17443661
1485500,1430500,0,0.22756572,0.22371717
1485600,1430600,0,0.1777295,0.17588148
1485700,1430700,0,0.24081381,0.23626428
1485800,1430800,0,0.17330053,0.17158621
1485900,1430900,0,0.17307796,0.17137018
1486000,1431000,0,0.17440052,0.17265361
1486100,1431100,0,0.22940795,0.22546647
1486200,1431200,0,0.2305594,0.2265591
1486300,1431300,0,0.11006641,0.10962408
1486400,1431400,0,0.17319402,0.17148283
1486500,1431500,0,0.23302928,0.22890089
1486600,1431600,0,0.24258303,0.23793404
1486700,1431700,0,0.22936915,0.22542965
1486800,1431800,0,0.11030096,0.1098558
1486900,1431900,0,0.17408628,0.17234872
1487000,1432000,0,0.24315717,0.2384756
1487100,1432100,0,0.17426021,0.17251747
1487200,1432200,0,0.11101256,0.11055877
1487300,1432300,0,0.24086782,0.23631527
1487400,1432400,0,0.17565676,0.17387214
1487500,1432500,0,0.23318168,0.2290453
1487600,1432600,0,0.17630649,0.17450215
1487700,1432700,0,0.11058784,0.11013922
1487800,1432800,0,0.25734249,0.2518082
1487900,1432900,0,0.17367083,0.17194558
1488000,1433000,0,0.23763632,0.23326192
1488100,1433100,0,0.17805598,0.17619785
1488200,1433200,0,0.23575771,0.23148474
1488300,1433300,0,0.11858706,0.11803428
1488400,1433400,0,0.17828114,0.17641601
1488500,1433500,0,0.23720699,0.2328559
1488600,1433600,0,0.23890454,0.23446078
1488700,1433700,0,0.23633905,0.23203486
1488800,1433800,0,0.23684526,0.23251376
1488900,1433900,0,0.17464017,0.17288611
1489000,1434000,0,0.23751621,0.23314834
1489100,1434100,0,0.17381487,0.17208536
1489200,1434200,0,0.11906019,0.11850079
1489300,1434300,0,0.17555168,0.17377024
1489400,1434400,0,0.18468639,0.18261483
1489500,1434500,0,0.17476392,0.17300615
1489600,1434600,0,0.17527222,0.1734992
1489700,1434700,0,0.24673904,0.24185087
1489800,1434800,0,0.17658573,0.17477287
1489900,1434900,0,0.19311242,0.19074716
1490000,1435000,0,0.25112901,0.24597965
1490100,1435100,0,0.25187625,0.24668155
1490200,1435200,0,0.24855489,0.24355976
1490300,1435300,0,0.1760185,0.17422292
1490400,1435400,0,0.17936995,0.17747073
1490500,1435500,0,0.18134577,0.17938364
1490600,1435600,0,0.25157046,0.24639435
1490700,1435700,0,0.24833041,0.24334858
1490800,1435800,0,0.17650688,0.17469643
1490900,1435900,0,0.1735832,0.17186054
1491000,1436000,0,0.17450651,0.17275644
1491100,1436100,0,0.2622785,0.25642546
1491200,1436200,0,0.25237007,0.24714527
1491300,1436300,0,0.1256051,0.1249487
1491400,1436400,0,0.1734807,0.17176106
1491500,1436500,0,0.17923403,0.17733908
1491600,1436600,0,0.17376711,0.17203901
1491700,1436700,0,0.12407195,0.1234392
1491800,1436800,0,0.24169996,0.23710078
1491900,1436900,0,0.17625308,0.17445037
1492000,1437000,0,0.26018537,0.25446891
1492100,1437100,0,0.25417002,0.24883452
1492200,1437200,0,0.23963326,0.23514931
1492300,1437300,0,0.26127007,0.25548309
1492400,1437400,0,0.17524211,0.17346999
1492500,1437500,0,0.18099532,0.17904445
1492600,1437600,0,0.17362485,0.17190096
1492700,1437700,0,0.12085403,0.12026906
1492800,1437800,0,0.23914329,0.23468638
1492900,1437900,0,0.17520954,0.1734384
1493000,1438000,0,0.18388453,0.18183959
1493100,1438100,0,0.17834921,0.17648196
1493200,1438200,0,0.23682478,0.23249439
1493300,1438300,0,0.118003,0.11745831
1493400,1438400,0,0.18659392,0.18445809
1493500,1438500,0,0.11816397,0.11761706
1493600,1438600,0,0.18581154,0.18370223
1493700,1438700,0,0.24192971,0.23731761
1493800,1438800,0,0.11322596,0.11274458
1493900,1438900,0,0.17413192,0.172393
1494000,1439000,0,0.26267899,0.25679957
1494100,1439100,0,0.27244487,0.26589832
1494200,1439200,0,0.23887765,0.23443536
1494300,1439300,0,0.17743752,0.17559853
1494400,1439400,0,0.24654519,0.24166835
1494500,1439500,0,0.26303987,0.25713662
1494600,1439600,0,0.18378078,0.18173927
1494700,1439700,0,0.2342326,0.23004085
1494800,1439800,0,0.108196,0.10777577
1494900,1439900,0,0.17741566,0.17557734
1495000,1440000,0,0.25857756,0.25296459
1495100,1440100,0,0.17468772,0.17293223
1495200,1440200,0,0.10726268,0.1068532
1495300,1440300,0,0.17363099,0.17190692
1495400,1440400,0,0.173739,0.17201173
1495500,1440500,0,0.23682101,0.23249082
1495600,1440600,0,0.2307152,0.2267069
1495700,1440700,0,0.22996395,0.22599414
1495800,1440800,0,0.22838808,0.22449823
1495900,1440900,0,0.17831376,0.17644761
1496000,1441000,0,0.23431317,0.23011715
1496100,1441100,0,0.23657759,0.23226054
1496200,1441200,0,0.10475521,0.1043737
1496300,1441300,0,0.10561102,0.10522012
1496400,1441400,0,0.18347732,0.18144582
1496500,1441500,0,0.22968924,0.22573345
1496600,1441600,0,0.23629792,0.23199594
1496700,1441700,0,0.10644732,0.10604708
1496800,1441800,0,0.22557241,0.22182279
1496900,1441900,0,0.18360328,0.18156762
1497000,1442000,0,0.22585224,0.22208882
1497100,1442100,0,0.24671028,0.24182379
1497200,1442200,0,0.10401882,0.10364528
1497300,1442300,0,0.17554107,0.17375994
1497400,1442400,0,0.19141385,0.18910986
1497500,1442500,0,0.24261917,0.23796813
1497600,1442600,0,0.25596916,0.25052151
1497700,1442700,0,0.23433672,0.23013946
1497800,1442800,0,0.17874182,0.17686231
1497900,1442900,0,0.23216044,0.22807741
1498000,1443000,0,0.24819125,0.24321766
1498100,1443100,0,0.10467602,0.10429538
1498200,1443200,0,0.10464217,0.10426189
1498300,1443300,0,0.17370045,0.17197432
1498400,1443400,0,0.24079491,0.23624644
1498500,1443500,0,0.17331227,0.1715976
1498600,1443600,0,0.10456367,0.10418424
1498700,1443700,0,0.10312591,0.10276188
1498800,1443800,0,0.17904897,0.17715984
1498900,1443900,0,0.22943426,0.22549144
1499000,1444000,0,0.17502941,0.17326368
1499100,1444100,0,0.10547083,0.10508147
1499200,1444200,0,0.22651091,0.22271491
1499300,1444300,0,0.17589385,0.17410205
1499400,1444400,0,0.2314152,0.22737082
1499500,1444500,0,0.17472472,0.17296813
1499600,1444600,0,0.10644387,0.10604367
1499700,1444700,0,0.23245047,0.22835234
1499800,1444800,0,0.19730337,0.19478237
1499900,1444900,0,0.22438125,0.22068994
1500000,1445000,0,0.17569004,0.17390441
1500100,1445100,0,0.17552229,0.17374173
1500200,1445200,0,0.22852045,0.22462392
1500300,1445300,0,0.17435346,0.17260795
1500400,1445400,0,0.23381367,0.22964405
1500500,1445500,0,0.2366343,0.2323142
1500600,1445600,0,0.24061776,0.23607917
1500700,1445700,0,0.10132309,0.10097777
1500800,1445800,0,0.18098999,0.17903929
1500900,1445900,0,0.17536492,0.1735891
1501000,1446000,0,0.22647832,0.22268395
1501100,1446100,0,0.17963727,0.17772962
1501200,1446200,0,0.10341091,0.10304386
1501300,1446300,0,0.17470728,0.1729512
1501400,1446400,0,0.10627198,0.10587371
1501500,1446500,0,0.23940473,0.23493342
1501600,1446600,0,0.1736653,0.17194022
1501700,1446700,0,0.23450639,0.23030013
1501800,1446800,0,0.1732973,0.17158307
1501900,1446900,0,0.22779821,0.22393801
1502000,1447000,0,0.17599664,0.17420172
1502100,1447100,0,0.17505019,0.17328384
1502200,1447200,0,0.25302859,0.24776346
1502300,1447300,0,0.18072938,0.17878702
1502400,1447400,0,0.1792733,0.17737712
1502500,1447500,0,0.17344364,0.1717251
1502600,1447600,0,0.10839581,0.10797326
1502700,1447700,0,0.22641837,0.22262696
1502800,1447800,0,0.10630251,0.1059039
1502900,1447900,0,0.176948,0.17512406
1503000,1448000,0,0.23030071,0.22631368
1503100,1448100,0,0.24073845,0.23619312
1503200,1448200,0,0.10750788,0.1070956
1503300,1448300,0,0.17594323,0.17414993
1503400,1448400,0,0.22767002,0.22381625
1503500,1448500,0,0.24128076,0.23670511
1503600,1448600,0,0.22645698,0.22266366
1503700,1448700,0,0.10485072,0.10446817
1503800,1448800,0,0.10440483,0.10402712
1503900,1448900,0,0.23021856,0.22623573
1504000,1449000,0,0.23230743,0.22821675
1504100,1449100,0,0.10717562,0.10676714
1504200,1449200,0,0.22694182,0.22312441
1504300,1449300,0,0.22343473,0.21978933
1504400,1449400,0,0.10780317,0.10738749
1504500,1449500,0,0.17910341,0.17721257
1504600,1449600,0,0.17400759,0.17227236
1504700,1449700,0,0.2286671,0.22476317
1504800,1449800,0,0.17689099,0.1750688
1504900,1449900,0,0.1051023,0.104717
1505000,1450000,0,0.17423278,0.17249086
1505100,1450100,0,0.10571838,0.10532628
1505200,1450200,0,0.22638415,0.22259444
1505300,1450300,0,0.1737087,0.17198233
1505400,1450400,0,0.2339595,0.22978218
1505500,1450500,0,0.23063416,0.22663003
1505600,1450600,0,0.17931417,0.17741671
1505700,1450700,0,0.17477506,0.17301696
1505800,1450800,0,0.221922,0.2183492
1505900,1450900,0,0.17681786,0.17499791
1506000,1451000,0,0.10587655,0.1054827
1506100,1451100,0,0.1758832,0.17409173
1506200,1451200,0,0.22440068,0.22070842
1506300,1451300,0,0.17866905,0.17679182
1506400,1451400,0,0.10420803,0.10383245
1506500,1451500,0,0.17920048,0.1773066
1506600,1451600,0,0.1740439,0.17230759
1506700,1451700,0,0.17603348,0.17423744
1506800,1451800,0,0.22816664,0.22428794
1506900,1451900,0,0.23556823,0.23130541
1507000,1452000,0,0.17966665,0.17775807
1507100,1452100,0,0.17476575,0.17300793
1507200,1452200,0,0.10206664,0.10171368
1507300,1452300,0,0.17329343,0.17157931
1507400,1452400,0,0.22324658,0.21961026
1507500,1452500,0,0.17321988,0.17150793
1507600,1452600,0,0.2293375,0.22539961
1507700,1452700,0,0.10279744,0.10243687
1507800,1452800,0,0.22278715,0.21917294
1507900,1452900,0,0.17482546,0.17306585
1508000,1453000,0,0.22380243,0.22013923
1508100,1453100,0,0.10336976,0.10300315
1508200,1453200,0,0.22253483,0.21893272
1508300,1453300,0,0.10213838,0.10178468
1508400,1453400,0,0.18592112,0.1838081
1508500,1453500,0,0.22710592,0.22328034
1508600,1453600,0,0.10205899,0.10170611
1508700,1453700,0,0.10111688,0.10077366
1508800,1453800,0,0.22967136,0.22571648
1508900,1453900,0,0.17425888,0.17251619
1509000,1454000,0,0.21931378,0.21586391
1509100,1454100,0,0.23005323,0.22607886
1509200,1454200,0,0.22425248,0.22056744
1509300,1454300,0,0.22448016,0.22078403
1509400,1454400,0,0.22052118,0.21701476
1509500,1454500,0,0.22398772,0.22031553
1509600,1454600,0,0.17363374,0.17190959
1509700,1454700,0,0.22090872,0.21738401
1509800,1454800,0,0.22025724,0.21676323
1509900,1454900,0,0.17822206,0.17635877
1510000,1455000,0,0.24307214,0.2383954
1510100,1455100,0,0.23078654,0.22677458
1510200,1455200,0,0.10117312,0.10082933
1510300,1455300,0,0.2198385,0.21636413
1510400,1455400,0,0.17343888,0.17172048
1510500,1455500,0,0.21886335,0.21543443
1510600,1455600,0,0.17944537,0.17754378
1510700,1455700,0,0.10220838,0.10185396
1510800,1455800,0,0.10021244,0.09987832
1510900,1455900,0,0.18316075,0.18113965
1511000,1456000,0,0.23625957,0.23195966
1511100,1456100,0,0.10200789,0.10165554
1511200,1456200,0,0.21855911,0.21514429
1511300,1456300,0,0.21861042,0.21519323
1511400,1456400,0,0.18033378,0.17840404
1511500,1456500,0,0.10299575,0.10263309
1511600,1456600,0,0.22884644,0.22493344
1511700,1456700,0,0.22061818,0.21710718
1511800,1456800,0,0.21982527,0.21635152
1511900,1456900,0,0.18602507,0.18390854
1512000,1457000,0,0.10202717,0.10167461
1512100,1457100,0,0.17892411,0.1770389
1512200,1457200,0,0.099887505,0.099556616
1512300,1457300,0,0.22223552,0.21864775
1512400,1457400,0,0.17594917,0.1741557
1512500,1457500,0,0.17514698,0.17337773
1512600,1457600,0,0.17891428,0.17702937
1512700,1457700,0,0.10086869,0.10052798
1512800,1457800,0,0.22565265,0.22189907
1512900,1457900,0,0.17461984,0.17286639
1513000,1458000,0,0.23022918,0.22624582
1513100,1458100,0,0.1741155,0.17237707
1513200,1458200,0,0.10118799,0.10084404
1513300,1458300,0,0.17373482,0.17200768
1513400,1458400,0,0.19757247,0.19504125
1513500,1458500,0,0.17644474,0.17463619
1513600,1458600,0,0.10430536,0.10392873
1513700,1458700,0,0.23173611,0.22767512
1513800,1458800,0,0.17784212,0.17599062
1513900,1458900,0,0.17480587,0.17304684
1514000,1459000,0,0.18462346,0.18255399
1514100,1459100,0,0.24904981,0.24402526
1514200,1459200,0,0.22534808,0.22160948
1514300,1459300,0,0.22459926,0.22089731
1514400,1459400,0,0.17308428,0.17137632
1514500,1459500,0,0.17549836,0.17371852
1514600,1459600,0,0.17396295,0.17222905
1514700,1459700,0,0.10273442,0.1023745
1514800,1459800,0,0.17719591,0.17536435
1514900,1459900,0,0.17741759,0.17557921
1515000,1460000,0,0.10527993,0.10489268
1515100,1460100,0,0.1054192,0.10503041
1515200,1460200,0,0.1035845,0.10321561
1515300,1460300,0,0.23039309,0.22640133
1515400,1460400,0,0.21616583,0.21286062
1515500,1460500,0,0.22655014,0.2227522
1515600,1460600,0,0.18178161,0.17980543
1515700,1460700,0,0.22620811,0.22242712
1515800,1460800,0,0.10363029,0.10326091
1515900,1460900,0,0.20384026,0.20106317
1516000,1461000,0,0.10476562,0.104384
1516100,1461100,0,0.10667613,0.10627331
1516200,1461200,0,0.23833717,0.23392452
1516300,1461300,0,0.24097698,0.23641833
1516400,1461400,0,0.18045259,0.17851907
1516500,1461500,0,0.23034053,0.22635146
1516600,1461600,0,0.23063927,0.22663487
1516700,1461700,0,0.24001699,0.2355118
1516800,1461800,0,0.22492792,0.22120992
1516900,1461900,0,0.19675933,0.19425892
1517000,1462000,0,0.1064912,0.10609047
1517100,1462100,0,0.22842439,0.22453271
1517200,1462200,0,0.10758589,0.10717271
1517300,1462300,0,0.10551583,0.10512598
1517400,1462400,0,0.20305885,0.20031322
1517500,1462500,0,0.22500648,0.22128463
1517600,1462600,0,0.17321582,0.17150399
1517700,1462700,0,0.1046732,0.10429258
1517800,1462800,0,0.23336067,0.2292149
1517900,1462900,0,0.22092594,0.21740041
1518000,1463000,0,0.22696949,0.2231507
1518100,1463100,0,0.18722812,0.18507065
1518200,1463200,0,0.23212172,0.2280407
1518300,1463300,0,0.22372804,0.22006844
1518400,1463400,0,0.20190414,0.19920459
1518500,1463500,0,0.10557482,0.10518431
1518600,1463600,0,0.22961044,0.22565866
1518700,1463700,0,0.17951041,0.17760677
1518800,1463800,0,0.2282752,0.22439103
1518900,1463900,0,0.19110762,0.18881456
1519000,1464000,0,0.22265545,0.21904757
1519100,1464100,0,0.22388954,0.22022212
1519200,1464200,0,0.10492951,0.1045461
1519300,1464300,0,0.10647173,0.10607121
1519400,1464400,0,0.20942366,0.20641478
1519500,1464500,0,0.23090256,0.22688462
1519600,1464600,0,0.2254103,0.22166864
1519700,1464700,0,0.10571866,0.10532656
1519800,1464800,0,0.25666261,0.25117132
1519900,1464900,0,0.20994575,0.20691457
1520000,1465000,0,0.10755018,0.10713742
1520100,1465100,0,0.10637276,0.10597336
1520200,1465200,0,0.10786594,0.10744953
1520300,1465300,0,0.22969343,0.22573743
1520400,1465400,0,0.19087232,0.18858764
1520500,1465500,0,0.22500368,0.22128196
1520600,1465600,0,0.22823963,0.22435725
1520700,1465700,0,0.23282479,0.22870711
1520800,1465800,0,0.1058711,0.10547731
1520900,1465900,0,0.18439867,0.18233669
1521000,1466000,0,0.10914549,0.10871414
1521100,1466100,0,0.22751123,0.2236654
1521200,1466200,0,0.22970502,0.22574843
1521300,1466300,0,0.23263416,0.22852644
1521400,1466400,0,0.23093129,0.22691187
1521500,1466500,0,0.10890833,0.10847977
1521600,1466600,0,0.18043247,0.17849959
1521700,1466700,0,0.10939855,0.1089642
1521800,1466800,0,0.22961781,0.22566566
1521900,1466900,0,0.22669699,0.22289176
1522000,1467000,0,0.2310819,0.22705473
1522100,1467100,0,0.17517968,0.17340944
1522200,1467200,0,0.10956703,0.10913068
1522300,1467300,0,0.18558659,0.18348486
1522400,1467400,0,0.18569716,0.18359171
1522500,1467500,0,0.25090167,0.24576606
1522600,1467600,0,0.23928224,0.23481768
1522700,1467700,0,0.22817326,0.22429422
1522800,1467800,0,0.22748402,0.22363956
1522900,1467900,0,0.24333356,0.23864196
1523000,1468000,0,0.23791908,0.23352928
1523100,1468100,0,0.17472159,0.17296509
1523200,1468200,0,0.10686291,0.10645798
1523300,1468300,0,0.17990325,0.17798719
1523400,1468400,0,0.18671066,0.18457086
1523500,1468500,0,0.2432752,0.23858692
1523600,1468600,0,0.23901007,0.2345605
1523700,1468700,0,0.10656377,0.10616223
1523800,1468800,0,0.10836363,0.10794145
1523900,1468900,0,0.20044028,0.19779842
1524000,1469000,0,0.23429488,0.23009984
1524100,1469100,0,0.23341748,0.22926872
1524200,1469200,0,0.22682357,0.22301205
1524300,1469300,0,0.17399569,0.17226082
1524400,1469400,0,0.1743205,0.17257597
1524500,1469500,0,0.22463477,0.22093109
1524600,1469600,0,0.174231,0.17248913
1524700,1469700,0,0.22664199,0.22283949
1524800,1469800,0,0.17369564,0.17196966
1524900,1469900,0,0.17608769,0.17429001
1525000,1470000,0,0.10455449,0.10417517
1525100,1470100,0,0.22084601,0.21732426
1525200,1470200,0,0.2216019,0.21804433
1525300,1470300,0,0.23983148,0.23533657
1525400,1470400,0,0.18835065,0.18615451
1525500,1470500,0,0.10068689,0.10034801
1525600,1470600,0,0.23321161,0.22907366
1525700,1470700,0,0.22658219,0.22278266
1525800,1470800,0,0.17762461,0.17577984
1525900,1470900,0,0.1889474,0.18673051
1526000,1471000,0,0.099439152,0.099112687
1526100,1471100,0,0.22524397,0.22151048
1526200,1471200,0,0.21513603,0.21187726
1526300,1471300,0,0.17370312,0.17197692
1526400,1471400,0,0.1755534,0.1737719
1526500,1471500,0,0.18129776,0.17933718
1526600,1471600,0,0.17429333,0.17254961
1526700,1471700,0,0.21985818,0.21638289
1526800,1471800,0,0.17497308,0.17320904
1526900,1471900,0,0.17800858,0.17615192
1527000,1472000,0,0.11103025,0.11057624
1527100,1472100,0,0.2186237,0.2152059
1527200,1472200,0,0.097498315,0.097190549
1527300,1472300,0,0.18301926,0.1810028
1527400,1472400,0,0.1790164,0.17712829
1527500,1472500,0,0.22982092,0.22585841
1527600,1472600,0,0.22033148,0.21683398
1527700,1472700,0,0.2180939,0.21470058
1527800,1472800,0,0.094168192,0.093890826
1527900,1472900,0,0.18158444,0.17961463
1528000,1473000,0,0.18351693,0.18148412
1528100,1473100,0,0.23043785,0.2264438
1528200,1473200,0,0.094468443,0.094188421
1528300,1473300,0,0.10376373,0.10339292
1528400,1473400,0,0.17875374,0.17687387
1528500,1473500,0,0.21770268,0.21432736
1528600,1473600,0,0.085262714,0.085056701
1528700,1473700,0,0.082566032,0.082378921
1528800,1473800,0,0.083942947,0.083746335
1528900,1473900,0,0.19089975,0.18861409
1529000,1474000,0,0.08324535,0.083053591
1529100,1474100,0,0.2124017,0.20926418
1529200,1474200,0,0.21201327,0.20889272
1529300,1474300,0,0.21608215,0.21278073
1529400,1474400,0,0.1911766,0.18888108
1529500,1474500,0,0.17504477,0.17327859
1529600,1474600,0,0.23278938,0.22867355
1529700,1474700,0,0.21253272,0.20938946
1529800,1474800,0,0.17637039,0.1745641
1529900,1474900,0,0.17788572,0.17603287
1530000,1475000,0,0.082071711,0.081887934
1530100,1475100,0,0.08213455,0.081950352
1530200,1475200,0,0.21104958,0.2079709
1530300,1475300,0,0.17770685,0.17585953
1530400,1475400,0,0.17834136,0.17647436
1530500,1475500,0,0.081816323,0.081634253
1530600,1475600,0,0.082054793,0.08187113
1530700,1475700,0,0.21324658,0.21007192
1530800,1475800,0,0.081041442,0.080864487
1530900,1475900,0,0.18429986,0.18224116
1531000,1476000,0,0.21325155,0.21007667
1531100,1476100,0,0.22639309,0.22260294
1531200,1476200,0,0.21085306,0.20778287
1531300,1476300,0,0.21180982,0.20869814
1531400,1476400,0,0.2053706,0.20253118
1531500,1476500,0,0.083083732,0.082893085
1531600,1476600,0,0.21367577,0.21048212
1531700,1476700,0,0.21172243,0.20861456
1531800,1476800,0,0.21189757,0.20878207
1531900,1476900,0,0.19956363,0.19695592
1532000,1477000,0,0.21731149,0.21395411
1532100,1477100,0,0.18187283,0.17989369
1532200,1477200,0,0.083812141,0.083616445
1532300,1477300,0,0.21305092,0.20988488
1532400,1477400,0,0.21189985,0.20878425
1532500,1477500,0,0.22984066,0.22587714
1532600,1477600,0,0.082838333,0.082649368
1532700,1477700,0,0.08256122,0.082374141
1532800,1477800,0,0.21192955,0.20881266
1532900,1477900,0,0.22535459,0.22161567
1533000,1478000,0,0.2222553,0.21866658
1533100,1478100,0,0.17524659,0.17347434
1533200,1478200,0,0.082766096,0.082577623
1533300,1478300,0,0.083202605,0.08301114
1533400,1478400,0,0.19599551,0.19352381
1533500,1478500,0,0.22773286,0.22387594
1533600,1478600,0,0.21414621,0.21093168
1533700,1478700,0,0.21224334,0.20911274
1533800,1478800,0,0.23375886,0.22959213
1533900,1478900,0,0.21390537,0.21070154
1534000,1479000,0,0.21515604,0.21189637
1534100,1479100,0,0.22259218,0.21898732
1534200,1479200,0,0.21960462,0.21614118
1534300,1479300,0,0.21884534,0.21541725
1534400,1479400,0,0.081990017,0.081806787
1534500,1479500,0,0.21586162,0.21257017
1534600,1479600,0,0.21433097,0.21110821
1534700,1479700,0,0.085881167,0.085670647
1534800,1479800,0,0.21212802,0.20900247
1534900,1479900,0,0.21431129,0.21108941
1535000,1480000,0,0.21246737,0.20932697
1535100,1480100,0,0.083171851,0.082980598
1535200,1480200,0,0.21399689,0.210789
1535300,1480300,0,0.081345466,0.081166517
1535400,1480400,0,0.082352865,0.082167196
1535500,1480500,0,0.17695214,0.17512807
1535600,1480600,0,0.17407437,0.17233717
1535700,1480700,0,0.0823582,0.082172496
1535800,1480800,0,0.17592552,0.17413276
1535900,1480900,0,0.21205353,0.20893123
1536000,1481000,0,0.081923694,0.081740908
1536100,1481100,0,0.083994113,0.083797142
1536200,1481200,0,0.17463854,0.17288452
1536300,1481300,0,0.22745442,0.22361143
1536400,1481400,0,0.22450278,0.22080554
1536500,1481500,0,0.22196044,0.2183858
1536600,1481600,0,0.21198216,0.20886298
1536700,1481700,0,0.083200093,0.083008645
1536800,1481800,0,0.21514418,0.21188505
1536900,1481900,0,0.21358465,0.21039504
1537000,1482000,0,0.21849475,0.21508291
1537100,1482100,0,0.21522307,0.2119604
1537200,1482200,0,0.17681245,0.17499266
1537300,1482300,0,0.17664946,0.17483466
1537400,1482400,0,0.21219692,0.20906835
1537500,1482500,0,0.083539529,0.083345734
1537600,1482600,0,0.21774084,0.21436376
1537700,1482700,0,0.17594656,0.17415316
1537800,1482800,0,0.082940776,0.08275111
1537900,1482900,0,0.17596917,0.17417508
1538000,1483000,0,0.21452377,0.21129241
1538100,1483100,0,0.18261748,0.18061415
1538200,1483200,0,0.22817657,0.22429737
1538300,1483300,0,0.22502559,0.22130281
1538400,1483400,0,0.17903926,0.17715044
1538500,1483500,0,0.21515913,0.21189933
1538600,1483600,0,0.17646569,0.1746565
1538700,1483700,0,0.23618549,0.23188957
1538800,1483800,0,0.17334176,0.17162622
1538900,1483900,0,0.17349777,0.17177763
1539000,1484000,0,0.23055307,0.2265531
1539100,1484100,0,0.21832073,0.21491693
1539200,1484200,0,0.23442387,0.23022199
1539300,1484300,0,0.17364726,0.17192271
1539400,1484400,0,0.17587695,0.17408566
1539500,1484500,0,0.087734868,0.087510448
1539600,1484600,0,0.17399508,0.17226023
1539700,1484700,0,0.17434727,0.17260194
1539800,1484800,0,0.22205379,0.2184747
1539900,1484900,0,0.21497598,0.21172439
1540000,1485000,0,0.21929986,0.21585064
1540100,1485100,0,0.23944492,0.23497138
1540200,1485200,0,0.17338352,0.17166675
1540300,1485300,0,0.095766369,0.095474675
1540400,1485400,0,0.18278406,0.18077529
1540500,1485500,0,0.21826962,0.21486818
1540600,1485600,0,0.2184328,0.21502383
1540700,1485700,0,0.087023839,0.086804821
1540800,1485800,0,0.21334933,0.21017013
1540900,1485900,0,0.17962381,0.17771658
1541000,1486000,0,0.1759919,0.17419713
1541100,1486100,0,0.17332051,0.1716056
1541200,1486200,0,0.091834467,0.091577171
1541300,1486300,0,0.21377433,0.21057632
1541400,1486400,0,0.1743362,0.1725912
1541500,1486500,0,0.22357394,0.21992181
1541600,1486600,0,0.1764735,0.17466407
1541700,1486700,0,0.17336696,0.17165068
1541800,1486800,0,0.2168844,0.21354653
1541900,1486900,0,0.1735973,0.17187423
1542000,1487000,0,0.18869457,0.18648648
1542100,1487100,0,0.17430291,0.1725589
1542200,1487200,0,0.091368313,0.091114907
1542300,1487300,0,0.24983771,0.2447661
1542400,1487400,0,0.17605848,0.17426169
1542500,1487500,0,0.18780129,0.18562412
1542600,1487600,0,0.17512954,0.17336081
1542700,1487700,0,0.22828999,0.22440508
1542800,1487800,0,0.1776284,0.17578351
1542900,1487900,0,0.094340395,0.094061507
1543000,1488000,0,0.22492094,0.22120328
1543100,1488100,0,0.21572632,0.21244098
1543200,1488200,0,0.21672433,0.21339375
1543300,1488300,0,0.17378033,0.17205184
1543400,1488400,0,0.18174369,0.17976873
1543500,1488500,0,0.17430757,0.17256343
1543600,1488600,0,0.10045176,0.10011525
1543700,1488700,0,0.21993134,0.21645262
1543800,1488800,0,0.22534688,0.22160834
1543900,1488900,0,0.18165813,0.17968594
1544000,1489000,0,0.22762241,0.22377102
1544100,1489100,0,0.22206287,0.21848335
1544200,1489200,0,0.2228827,0.2192639
1544300,1489300,0,0.21756987,0.21420065
1544400,1489400,0,0.17528592,0.17351248
1544500,1489500,0,0.22176314,0.2181979
1544600,1489600,0,0.17453049,0.1727797
1544700,1489700,0,0.17441669,0.1726693
1544800,1489800,0,0.1026316,0.10227276
1544900,1489900,0,0.22528503,0.22154953
1545000,1490000,0,0.23710811,0.23276239
1545100,1490100,0,0.23685886,0.23252662
1545200,1490200,0,0.17495881,0.1731952
1545300,1490300,0,0.24142355,0.2368399
1545400,1490400,0,0.17426633,0.17252342
1545500,1490500,0,0.1068416,0.10643692
1545600,1490600,0,0.18450616,0.18244059
1545700,1490700,0,0.11006901,0.10962665
1545800,1490800,0,0.22318501,0.21955166
1545900,1490900,0,0.17578506,0.17399656
1546000,1491000,0,0.22343499,0.21978958
1546100,1491100,0,0.17438991,0.17264331
1546200,1491200,0,0.24808368,0.24311645
1546300,1491300,0,0.24181983,0.23721391
1546400,1491400,0,0.17711997,0.17529074
1546500,1491500,0,0.23468335,0.2304677
1546600,1491600,0,0.17386871,0.1721376
1546700,1491700,0,0.13291235,0.13213518
1546800,1491800,0,0.23616927,0.23187422
1546900,1491900,0,0.1819772,0.17999469
1547000,1492000,0,0.18731671,0.1851562
1547100,1492100,0,0.17915342,0.17726101
1547200,1492200,0,0.11442883,0.11393199
1547300,1492300,0,0.17524685,0.17347459
1547400,1492400,0,0.11930217,0.11873936
1547500,1492500,0,0.22636322,0.22257455
1547600,1492600,0,0.11928305,0.11872051
1547700,1492700,0,0.22812397,0.22424741
1547800,1492800,0,0.2283718,0.22448276
1547900,1492900,0,0.17345082,0.17173207
1548000,1493000,0,0.24066707,0.23612572
1548100,1493100,0,0.1743484,0.17260304
1548200,1493200,0,0.1235345,0.1229099
1548300,1493300,0,0.2308037,0.22679085
1548400,1493400,0,0.17373426,0.17200713
1548500,1493500,0,0.12390488,0.12327467
1548600,1493600,0,0.18361913,0.18158295
1548700,1493700,0,0.12471103,0.12406849
1548800,1493800,0,0.2369808,0.23264197
1548900,1493900,0,0.2327698,0.22865499
1549000,1494000,0,0.2480215,0.24305795
1549100,1494100,0,0.17532682,0.17355215
1549200,1494200,0,0.13686512,0.13601688
1549300,1494300,0,0.24300467,0.23833177
1549400,1494400,0,0.18525056,0.18316012
1549500,1494500,0,0.18531726,0.18322458
1549600,1494600,0,0.25261184,0.24737226
1549700,1494700,0,0.1277555,0.12706496
1549800,1494800,0,0.23536635,0.23111432
1549900,1494900,0,0.17547439,0.17369527
1550000,1495000,0,0.24247545,0.23783254
1550100,1495100,0,0.17358109,0.17185849
1550200,1495200,0,0.2542401,0.24890026
1550300,1495300,0,0.23929067,0.23482564
1550400,1495400,0,0.17642679,0.17461879
1550500,1495500,0,0.25178347,0.24659442
1550600,1495600,0,0.27358149,0.26695426
1550700,1495700,0,0.25797592,0.25240137
1550800,1495800,0,0.24219883,0.23757156
1550900,1495900,0,0.17374778,0.17202025
1551000,1496000,0,0.26016993,0.25445447
1551100,1496100,0,0.13344257,0.13265611
1551200,1496200,0,0.27364068,0.26700924
1551300,1496300,0,0.24851805,0.2435251
1551400,1496400,0,0.17318629,0.17147533
1551500,1496500,0,0.26955565,0.26321132
1551600,1496600,0,0.17447106,0.17272205
1551700,1496700,0,0.13201062,0.13124908
1551800,1496800,0,0.25301469,0.24775041
1551900,1496900,0,0.24069607,0.2361531
1552000,1497000,0,0.17652798,0.17471689
1552100,1497100,0,0.17407554,0.1723383
1552200,1497200,0,0.26272666,0.2568441
1552300,1497300,0,0.24740155,0.24247453
1552400,1497400,0,0.25101948,0.24587675
1552500,1497500,0,0.17618151,0.17438098
1552600,1497600,0,0.24440037,0.23964775
1552700,1497700,0,0.1344851,0.13368015
1552800,1497800,0,0.13437998,0.1335769
1552900,1497900,0,0.13564519,0.13481933
1553000,1498000,0,0.18303076,0.18101392
1553100,1498100,0,0.24663143,0.24174955
1553200,1498200,0,0.18034087,0.17841091
1553300,1498300,0,0.24566439,0.24083882
1553400,1498400,0,0.14001388,0.13910606
1553500,1498500,0,0.17592714,0.17413433
1553600,1498600,0,0.26763912,0.26142667
1553700,1498700,0,0.14673087,0.14568683
1553800,1498800,0,0.25499184,0.24960529
1553900,1498900,0,0.17429858,0.17255471
1554000,1499000,0,0.1914524,0.18914703
1554100,1499100,0,0.1573956,0.15610862
1554200,1499200,0,0.24946818,0.24441868
1554300,1499300,0,0.17731556,0.17548032
1554400,1499400,0,0.15310508,0.15191987
1554500,1499500,0,0.17306998,0.17136244
1554600,1499600,0,0.25284989,0.24759573
1554700,1499700,0,0.27562427,0.26885043
1554800,1499800,0,0.17616044,0.17436055
1554900,1499900,0,0.25785141,0.25228479
1555000,1500000,0,0.18091409,0.17896583
1555100,1500100,0,0.15378634,0.15258534
1555200,1500200,0,0.17552479,0.17374415
1555300,1500300,0,0.26338138,0.25745552
1555400,1500400,0,0.28708351,0.27944827
1555500,1500500,0,0.17584555,0.17405521
1555600,1500600,0,0.26594759,0.25985005
1555700,1500700,0,0.17858997,0.17671521
1555800,1500800,0,0.17712213,0.17529284
1555900,1500900,0,0.26681941,0.26066282
1556000,1501000,0,0.17908247,0.17719229
1556100,1501100,0,0.2886012,0.28084685
1556200,1501200,0,0.28531353,0.27781571
1556300,1501300,0,0.17599751,0.17420257
1556400,1501400,0,0.26765529,0.26144174
1556500,1501500,0,0.17676098,0.17494277
1556600,1501600,0,0.27507292,0.26833885
1556700,1501700,0,0.27625973,0.26943985
1556800,1501800,0,0.26208738,0.25624689
1556900,1501900,0,0.2660219,0.25991934
1557000,1502000,0,0.17516234,0.17339262
1557100,1502100,0,0.28387576,0.27648838
1557200,1502200,0,0.29478998,0.28653753
1557300,1502300,0,0.17346407,0.17174493
1557400,1502400,0,0.17592815,0.17413531
1557500,1502500,0,0.19315089,0.19078422
1557600,1502600,0,0.28333086,0.27598506
1557700,1502700,0,0.29072785,0.28280459
1557800,1502800,0,0.17624282,0.17444042
1557900,1502900,0,0.30114704,0.29236196
1558000,1503000,0,0.18653821,0.18440428
1558100,1503100,0,0.27744625,0.27053989
1558200,1503200,0,0.26720124,0.26101867
1558300,1503300,0,0.17059691,0.16896098
1558400,1503400,0,0.27544763,0.26868654
1558500,1503500,0,0.17345261,0.1717338
1558600,1503600,0,0.25983025,0.25413675
1558700,1503700,0,0.26283693,0.25694709
1558800,1503800,0,0.16305113,0.1616214
1558900,1503900,0,0.27566536,0.26888855
1559000,1504000,0,0.18366241,0.1816248
1559100,1504100,0,0.2678111,0.26158688
1559200,1504200,0,0.17478403,0.17302567
1559300,1504300,0,0.18310081,0.18108167
1559400,1504400,0,0.26362355,0.25768162
1559500,1504500,0,0.17343116,0.17171299
1559600,1504600,0,0.26858144,0.26230437
1559700,1504700,0,0.17559218,0.1738095
1559800,1504800,0,0.26029219,0.25456881
1559900,1504900,0,0.25963224,0.25395152
1560000,1505000,0,0.17357116,0.17184886
1560100,1505100,0,0.16244907,0.161035
1560200,1505200,0,0.2691713,0.26285356
1560300,1505300,0,0.27382987,0.26718492
1560400,1505400,0,0.18448239,0.18241761
1560500,1505500,0,0.17875871,0.17687868
1560600,1505600,0,0.26632527,0.26020219
1560700,1505700,0,0.26406782,0.25809635
1560800,1505800,0,0.17665236,0.17483747
1560900,1505900,0,0.263289,0.25736927
1561000,1506000,0,0.181417,0.17945258
1561100,1506100,0,0.26308474,0.25717852
1561200,1506200,0,0.26664548,0.26050069
1561300,1506300,0,0.18340885,0.1813796
1561400,1506400,0,0.26421287,0.25823173
1561500,1506500,0,0.1752673,0.17349442
1561600,1506600,0,0.28949949,0.28167408
1561700,1506700,0,0.28807972,0.28036643
1561800,1506800,0,0.17607442,0.17427714
1561900,1506900,0,0.16354864,0.16210587
1562000,1507000,0,0.17705874,0.1752314
1562100,1507100,0,0.2621202,0.25627756
1562200,1507200,0,0.28280993,0.27550374
1562300,1507300,0,0.17456169,0.17280997
1562400,1507400,0,0.2832703,0.27592911
1562500,1507500,0,0.1738831,0.17215157
1562600,1507600,0,0.26147792,0.25567736
1562700,1507700,0,0.17929071,0.17739398
1562800,1507800,0,0.17408475,0.17234723
1562900,1507900,0,0.26511133,0.25907008
1563000,1508000,0,0.17323786,0.17152538
1563100,1508100,0,0.29482604,0.28657063
1563200,1508200,0,0.28448604,0.27705191
1563300,1508300,0,0.17556096,0.17377923
1563400,1508400,0,0.26170175,0.25588655
1563500,1508500,0,0.16776112,0.16620483
1563600,1508600,0,0.17525514,0.17348263
1563700,1508700,0,0.28832385,0.28059136
1563800,1508800,0,0.174225,0.17248331
1563900,1508900,0,0.28055701,0.27342053
1564000,1509000,0,0.17714912,0.17531901
1564100,1509100,0,0.28381389,0.27643123
1564200,1509200,0,0.29164224,0.28364563
1564300,1509300,0,0.16377162,0.16232298
1564400,1509400,0,0.16776451,0.16620812
1564500,1509500,0,0.1741791,0.17243878
1564600,1509600,0,0.27363646,0.26700531
1564700,1509700,0,0.26015732,0.25444268
1564800,1509800,0,0.17490259,0.17314067
1564900,1509900,0,0.17868193,0.17680429
1565000,1510000,0,0.28040988,0.27328439
1565100,1510100,0,0.29952677,0.29087948
1565200,1510200,0,0.18339834,0.18136943
1565300,1510300,0,0.17431025,0.17256603
1565400,1510400,0,0.18336619,0.18133834
1565500,1510500,0,0.17397165,0.17223749
1565600,1510600,0,0.29185949,0.28384539
1565700,1510700,0,0.1744305,0.1726827
1565800,1510800,0,0.17822759,0.17636413
1565900,1510900,0,0.27674563,0.26989042
1566000,1511000,0,0.27957582,0.27251245
1566100,1511100,0,0.27099432,0.26454981
1566200,1511200,0,0.17585748,0.17406678
1566300,1511300,0,0.26748477,0.26128287
1566400,1511400,0,0.27140975,0.26493612
1566500,1511500,0,0.17404967,0.17231319
1566600,1511600,0,0.2978072,0.28930462
1566700,1511700,0,0.17556021,0.1737785
1566800,1511800,0,0.28263265,0.27533991
1566900,1511900,0,0.2734565,0.26683818
1567000,1512000,0,0.27744893,0.27054236
1567100,1512100,0,0.29084954,0.28291654
1567200,1512200,0,0.27979295,0.27271344
1567300,1512300,0,0.29920422,0.2905842
1567400,1512400,0,0.17353013,0.17180903
1567500,1512500,0,0.27530385,0.26855314
1567600,1512600,0,0.18192091,0.17994022
1567700,1512700,0,0.17757981,0.17573642
1567800,1512800,0,0.30316383,0.29420527
1567900,1512900,0,0.29764485,0.28915586
1568000,1513000,0,0.17308197,0.17137407
1568100,1513100,0,0.20210245,0.19939503
1568200,1513200,0,0.17442212,0.17267456
1568300,1513300,0,0.19794949,0.1954039
1568400,1513400,0,0.17451167,0.17276144
1568500,1513500,0,0.28847114,0.28072704
1568600,1513600,0,0.30092478,0.29215869
1568700,1513700,0,0.31705953,0.30684572
1568800,1513800,0,0.17387388,0.17214262
1568900,1513900,0,0.29329321,0.28516306
1569000,1514000,0,0.19883949,0.19625977
1569100,1514100,0,0.20504408,0.20221804
1569200,1514200,0,0.17551744,0.17373702
1569300,1514300,0,0.29737565,0.28890914
1569400,1514400,0,0.17337187,0.17165545
1569500,1514500,0,0.20380486,0.2010292
1569600,1514600,0,0.31340635,0.3035328
1569700,1514700,0,0.34865472,0.33518195
1569800,1514800,0,0.34024905,0.32769972
1569900,1514900,0,0.35323988,0.3392457
1570000,1515000,0,0.18637106,0.18424281
1570100,1515100,0,0.21384579,0.21064461
1570200,1515200,0,0.31000867,0.30044498
1570300,1515300,0,0.31558799,0.30551213
1570400,1515400,0,0.21391753,0.21071317
1570500,1515500,0,0.17745227,0.17561282
1570600,1515600,1,6.5922376e+11,1
1570700,1515700,0,0.30640626,0.29716422
1570800,1515800,0,0.30297181,0.29402986
1570900,1515900,0,0.17456694,0.17281506
1571000,1516000,0,0.32032434,0.30980016
1571100,1516100,0,0.18518532,0.18309707
1571200,1516200,0,0.1747363,0.17297936
1571300,1516300,0,0.21999419,0.21651253
1571400,1516400,0,0.22104991,0.21751852
1571500,1516500,0,0.21803157,0.21464111
1571600,1516600,0,0.30591824,0.29671923
1571700,1516700,0,0.30394102,0.29491503
1571800,1516800,0,0.31209432,0.30234118
1571900,1516900,0,0.21953522,0.21607503
1572000,1517000,0,0.17700522,0.17517953
1572100,1517100,0,0.22177205,0.21820639
1572200,1517200,0,0.17367526,0.17194988
1572300,1517300,0,0.31893038,0.30853944
1572400,1517400,0,0.1754426,0.17366445
1572500,1517500,0,0.17597109,0.17417694
1572600,1517600,0,0.32365867,0.31281135
1572700,1517700,0,0.1742086,0.1724674
1572800,1517800,0,0.32659182,0.31545506
1572900,1517900,0,0.35232494,0.33843581
1573000,1518000,0,0.19435168,0.19194104
1573100,1518100,0,0.17595408,0.17416045
1573200,1518200,0,0.17464273,0.17288859
1573300,1518300,0,0.33937058,0.32691536
1573400,1518400,0,0.34081177,0.32820192
1573500,1518500,0,0.17639622,0.17458915
1573600,1518600,0,0.32001021,0.30951615
1573700,1518700,0,0.17409783,0.17235993
1573800,1518800,0,0.32210579,0.31140975
1573900,1518900,0,0.17480216,0.17304325
1574000,1519000,0,0.23766554,0.23328955
1574100,1519100,0,0.177841,0.17598953
1574200,1519200,0,0.33258867,0.32084489
1574300,1519300,0,0.17911774,0.17722645
1574400,1519400,0,0.3443607,0.33136487
1574500,1519500,0,0.34386782,0.33092604
1574600,1519600,0,0.24058851,0.23605154
1574700,1519700,0,0.24007234,0.23556407
1574800,1519800,0,0.17721096,0.17537894
1574900,1519900,0,0.24982132,0.24475069
1575000,1520000,0,0.24262785,0.23797632
1575100,1520100,0,0.24372045,0.23900677
1575200,1520200,0,0.38383876,0.36603656
1575300,1520300,0,0.17531511,0.1735408
1575400,1520400,0,0.25157524,0.24639884
1575500,1520500,0,0.24635251,0.24148692
1575600,1520600,0,0.24633296,0.24146851
1575700,1520700,0,0.32847969,0.31715405
1575800,1520800,0,0.1748239,0.17306434
1575900,1520900,0,0.2476637,0.24272125
1576000,1521000,0,0.17427733,0.17253408
1576100,1521100,0,0.1738026,0.17207345
1576200,1521200,0,0.35209443,0.33823168
1576300,1521300,0,0.18470873,0.18263642
1576400,1521400,0,0.17516326,0.17339351
1576500,1521500,0,0.33269622,0.32094137
1576600,1521600,0,0.17548383,0.17370443
1576700,1521700,0,0.18704195,0.18489085
1576800,1521800,0,0.18297408,0.1809591
1576900,1521900,0,0.25573977,0.2503065
1577000,1522000,0,0.33246331,0.32073243
1577100,1522100,0,0.3323957,0.32067178
1577200,1522200,0,0.33250165,0.32076683
1577300,1522300,0,0.25472763,0.24935753
1577400,1522400,0,0.35242043,0.33852036
1577500,1522500,0,0.17886629,0.17698289
1577600,1522600,0,0.33524595,0.32322659
1577700,1522700,0,0.17329107,0.17157702
1577800,1522800,0,0.34891681,0.33541456
1577900,1522900,0,0.34520815,0.33211906
1578000,1523000,0,0.34689304,0.33361726
1578100,1523100,0,0.33789081,0.3255931
1578200,1523200,0,0.34423891,0.33125645
1578300,1523300,0,0.33921308,0.32677468
1578400,1523400,0,0.33362384,0.32177319
1578500,1523500,0,0.19523317,0.19278992
1578600,1523600,0,0.18555685,0.18345612
1578700,1523700,0,0.25626109,0.25079509
1578800,1523800,0,0.1787507,0.17687092
1578900,1523900,0,0.2629313,0.25703522
1579000,1524000,0,0.25796373,0.25238996
1579100,1524100,0,0.33340542,0.32157737
1579200,1524200,0,0.2578205,0.25225584
1579300,1524300,0,0.33740594,0.32515956
1579400,1524400,0,0.25755678,0.25200889
1579500,1524500,0,0.17573243,0.17394552
1579600,1524600,0,0.37818305,0.36112851
1579700,1524700,0,0.37177176,0.35554048
1579800,1524800,0,0.17867161,0.1767943
1579900,1524900,0,0.25958812,0.25391025
1580000,1525000,0,0.17933067,0.17743269
1580100,1525100,0,0.17628157,0.17447799
1580200,1525200,0,0.263953,0.25798917
1580300,1525300,0,0.36387708,0.34862449
1580400,1525400,0,0.35613813,0.34180787
1580500,1525500,0,0.36154667,0.34657566
1580600,1525600,0,0.1877569,0.18558127
1580700,1525700,0,0.36021489,0.3454033
1580800,1525800,0,0.17651538,0.17470467
1580900,1525900,0,0.34415188,0.33117896
1581000,1526000,0,0.34655472,0.33331656
1581100,1526100,0,0.17311447,0.17140562
1581200,1526200,0,0.34984509,0.33623816
1581300,1526300,0,0.17457517,0.17282305
1581400,1526400,0,0.36475309,0.3493938
1581500,1526500,0,0.36934034,0.35341458
1581600,1526600,0,0.18395934,0.18191192
1581700,1526700,0,0.19063457,0.18835834
1581800,1526800,0,0.18531799,0.18322528
1581900,1526900,0,0.26658037,0.26044001
1582000,1527000,0,0.17648581,0.17467601
1582100,1527100,0,0.17408372,0.17234623
1582200,1527200,0,0.18171825,0.17974412
1582300,1527300,0,0.39152344,0.37267283
1582400,1527400,0,0.44447891,0.41735011
1582500,1527500,0,0.1735659,0.17184375
1582600,1527600,0,0.1819169,0.17993634
1582700,1527700,0,0.175079,0.17331179
1582800,1527800,0,0.26113861,0.2553602
1582900,1527900,0,0.44117791,0.41462033
1583000,1528000,0,0.34692318,0.33364405
1583100,1528100,0,0.17529263,0.17351899
1583200,1528200,0,0.18710681,0.18495349
1583300,1528300,0,0.17384735,0.17211687
1583400,1528400,0,0.26564855,0.25957118
1583500,1528500,0,0.18078931,0.17884504
1583600,1528600,0,0.18510194,0.18301648
1583700,1528700,0,0.26729697,0.26110787
1583800,1528800,0,0.3444758,0.33146733
1583900,1528900,0,0.28081375,0.27365806
1584000,1529000,0,0.18474856,0.18267492
1584100,1529100,0,0.18361563,0.18157956
1584200,1529200,0,0.17453935,0.1727883
1584300,1529300,0,0.29618139,0.28781419
1584400,1529400,0,0.274567,0.26786929
1584500,1529500,0,0.35084856,0.33712787
1584600,1529600,0,0.17323819,0.1715257
1584700,1529700,0,0.17957843,0.17767264
1584800,1529800,0,0.17488167,0.17312038
1584900,1529900,0,0.36448038,0.34915435
1585000,1530000,0,0.17448239,0.17273304
1585100,1530100,0,0.18152556,0.17955765
1585200,1530200,0,0.35089957,0.33717309
1585300,1530300,0,0.2628676,0.25697574
1585400,1530400,0,0.33704368,0.32483557
1585500,1530500,0,0.26181457,0.25599198
1585600,1530600,0,0.17611642,0.17431787
1585700,1530700,0,0.34280942,0.32998321
1585800,1530800,0,0.34301408,0.33016558
1585900,1530900,0,0.33788925,0.3255917
1586000,1531000,0,0.18750656,0.18533953
1586100,1531100,0,0.18189508,0.17991523
1586200,1531200,0,0.3128526,0.30302998
1586300,1531300,0,0.34830821,0.33487432
1586400,1531400,0,0.26555438,0.25948335
1586500,1531500,0,0.17375783,0.17203
1586600,1531600,0,0.17304823,0.17134132
1586700,1531700,0,0.36159177,0.34661533
1586800,1531800,0,0.37735228,0.36040587
1586900,1531900,0,0.37391549,0.35741179
1587000,1532000,0,0.28407693,0.27667416
1587100,1532100,0,0.17420419,0.17246313
1587200,1532200,0,0.19483636,0.19240782
1587300,1532300,0,0.18222796,0.18023731
1587400,1532400,0,0.26676991,0.26061668
1587500,1532500,0,0.37682913,0.35995059
1587600,1532600,0,0.17334509,0.17162945
1587700,1532700,0,0.17328915,0.17157517
1587800,1532800,0,0.26470774,0.25869355
1587900,1532900,0,0.43546816,0.40988098
1588000,1533000,0,0.35355413,0.33952376
1588100,1533100,0,0.18220451,0.18021463
1588200,1533200,0,0.34625186,0.33304732
1588300,1533300,0,0.17698945,0.17516424
1588400,1533400,0,0.3685658,0.3527366
1588500,1533500,0,0.33790787,0.32560835
1588600,1533600,0,0.17607458,0.1742773
1588700,1533700,0,0.44164242,0.41500491
1588800,1533800,0,0.17376125,0.17203333
1588900,1533900,0,0.35464416,0.34048777
1589000,1534000,0,0.3558745,0.34157502
1589100,1534100,0,0.17355454,0.17183273
1589200,1534200,0,0.18655964,0.18442498
1589300,1534300,0,0.18056723,0.17863005
1589400,1534400,0,0.26466727,0.25865578
1589500,1534500,0,0.17386079,0.17212992
1589600,1534600,0,0.1818399,0.17986183
1589700,1534700,0,0.17547956,0.17370028
1589800,1534800,0,0.25834349,0.25274549
1589900,1534900,0,0.32722919,0.31602889
1590000,1535000,0,0.32804046,0.31675894
1590100,1535100,0,0.17525793,0.17348533
1590200,1535200,0,0.17812492,0.17626464
1590300,1535300,0,0.17424925,0.17250685
1590400,1535400,0,0.25274234,0.24749476
1590500,1535500,0,0.17643794,0.1746296
1590600,1535600,0,0.17282814,0.17112769
1590700,1535700,0,0.25866817,0.25304941
1590800,1535800,0,0.1741671,0.17242713
1590900,1535900,0,0.32732016,0.31611077
1591000,1536000,0,0.17454592,0.17279467
1591100,1536100,0,0.17308077,0.17137291
1591200,1536200,0,0.17613053,0.17433155
1591300,1536300,0,0.30256599,0.29365909
1591400,1536400,0,0.34136972,0.32869968
1591500,1536500,0,0.17518012,0.17340986
1591600,1536600,0,0.17541292,0.17363566
1591700,1536700,0,0.19347152,0.19109316
1591800,1536800,0,0.36525571,0.34983498
1591900,1536900,0,0.36240794,0.34733325
1592000,1537000,0,0.43382923,0.40851648
1592100,1537100,0,0.17484971,0.17308937
1592200,1537200,0,0.17656791,0.1747556
1592300,1537300,0,0.3329689,0.32118593
1592400,1537400,0,0.24998057,0.2449004
1592500,1537500,0,0.34760093,0.33424621
1592600,1537600,0,0.17394921,0.17221572
1592700,1537700,0,0.35923916,0.34454369
1592800,1537800,0,0.17629601,0.17449199
1592900,1537900,0,0.34622427,0.33302279
1593000,1538000,0,0.35409087,0.33999853
1593100,1538100,0,0.18753258,0.18536466
1593200,1538200,0,0.18498067,0.18289927
1593300,1538300,0,0.35611699,0.3417892
1593400,1538400,0,0.35511367,0.34090278
1593500,1538500,0,0.36722767,0.35156441
1593600,1538600,0,0.17358924,0.1718664
1593700,1538700,0,0.18035796,0.17842746
1593800,1538800,0,0.25781366,0.25224944
1593900,1538900,0,0.36081448,0.34593125
1594000,1539000,0,0.1751086,0.17334049
1594100,1539100,0,0.17921654,0.17732215
1594200,1539200,0,0.36260086,0.34750288
1594300,1539300,0,0.34530466,0.33220492
1594400,1539400,0,0.35149576,0.3377014
1594500,1539500,0,0.19394596,0.19155024
1594600,1539600,0,0.17468068,0.17292541
1594700,1539700,0,0.17445442,0.1727059
1594800,1539800,0,0.25015014,0.24505979
1594900,1539900,0,0.3340082,0.32211771
1595000,1540000,0,0.17419707,0.17245622
1595100,1540100,0,0.17680013,0.17498072
1595200,1540200,0,0.17665583,0.17484083
1595300,1540300,0,0.1743744,0.17262827
1595400,1540400,0,0.3372152,0.32498898
1595500,1540500,0,0.3492768,0.33573402
1595600,1540600,0,0.2083391,0.2053762
1595700,1540700,0,0.32898181,0.31760559
1595800,1540800,0,0.25027983,0.24518168
1595900,1540900,0,0.17565304,0.17386853
1596000,1541000,0,0.24776243,0.24281416
1596100,1541100,0,0.24668103,0.24179625
1596200,1541200,0,0.24537584,0.24056698
1596300,1541300,0,0.18013451,0.17821111
1596400,1541400,0,0.33657149,0.32441313
1596500,1541500,0,0.33971227,0.32722049
1596600,1541600,0,0.20295792,0.20021634
1596700,1541700,0,0.32638888,0.31527231
1596800,1541800,0,0.34559415,0.33246244
1596900,1541900,0,0.1741162,0.17237775
1597000,1542000,0,0.34730078,0.33397956
1597100,1542100,0,0.24372485,0.23901092
1597200,1542200,0,0.34830696,0.33487321
1597300,1542300,0,0.3562682,0.34192274
1597400,1542400,0,0.40954792,0.38808875
1597500,1542500,0,0.352325,0.33843586
1597600,1542600,0,0.17416418,0.17242431
1597700,1542700,0,0.18850428,0.18630281
1597800,1542800,0,0.35984135,0.34507428
1597900,1542900,0,0.29457522,0.28634039
1598000,1543000,0,0.17472798,0.17297129
1598100,1543100,0,0.24540487,0.24059433
1598200,1543200,0,0.179323,0.17742526
1598300,1543300,0,0.35291734,0.33896024
1598400,1543400,0,0.33149312,0.31986178
1598500,1543500,0,0.31167676,0.30196174
1598600,1543600,0,0.23253906,0.22843631
1598700,1543700,0,0.18153502,0.1795668
1598800,1543800,0,0.33514922,0.32313997
1598900,1543900,0,0.32860443,0.31726624
1599000,1544000,0,0.17366321,0.17193819
1599100,1544100,0,0.31430595,0.3043493
1599200,1544200,0,0.31337401,0.30350344
1599300,1544300,0,0.31551525,0.30544617
1599400,1544400,0,0.24418996,0.23944941
1599500,1544500,0,0.31828095,0.30795172
1599600,1544600,0,0.31763913,0.30737065
1599700,1544700,0,0.32915404,0.31776044
1599800,1544800,0,0.24037337,0.23584838
1599900,1544900,0,0.3198125,0.30933737
1600000,1545000,0,0.23518185,0.23093967
1600100,1545100,0,0.17933169,0.17743367
1600200,1545200,0,0.31053207,0.30092106
1600300,1545300,0,0.31221812,0.30245366
1600400,1545400,0,0.31593194,0.30582394
1600500,1545500,0,0.32084463,0.31027044
1600600,1545600,0,0.17352421,0.17180329
1600700,1545700,0,0.3172672,0.30703382
1600800,1545800,0,0.32488056,0.31391326
1600900,1545900,0,0.23509391,0.23085642
1601000,1546000,0,0.34046856,0.32789564
1601100,1546100,0,0.1736815,0.17195594
1601200,1546200,0,0.17309066,0.1713825
1601300,1546300,0,0.3165366,0.30637195
1601400,1546400,0,0.31921828,0.30879991
1601500,1546500,0,0.32078385,0.31021551
1601600,1546600,0,0.33135624,0.31973889
1601700,1546700,0,0.23127547,0.22723831
1601800,1546800,0,0.31795766,0.30765906
1601900,1546900,0,0.32348368,0.31265348
1602000,1547000,0,0.17342716,0.1717091
1602100,1547100,0,0.31565086,0.30556913
1602200,1547200,0,0.32809578,0.31680872
1602300,1547300,0,0.3171389,0.30691762
1602400,1547400,0,0.31411017,0.30417164
1602500,1547500,0,0.17606958,0.17427245
1602600,1547600,0,0.31313681,0.30328808
1602700,1547700,0,0.23145279,0.22740646
1602800,1547800,0,0.31649055,0.30633022
1602900,1547900,0,0.32359174,0.31275097
1603000,1548000,0,0.17539685,0.17362008
1603100,1548100,0,0.31679155,0.30660295
1603200,1548200,0,0.18297472,0.18095972
1603300,1548300,0,0.31259563,0.30279659
1603400,1548400,0,0.33142645,0.31980193
1603500,1548500,0,0.23447171,0.2302673
1603600,1548600,0,0.3331925,0.32138646
1603700,1548700,0,0.17395183,0.17221826
1603800,1548800,0,0.31594193,0.305833
1603900,1548900,0,0.2314823,0.22743445
1604000,1549000,0,0.17373042,0.17200341
1604100,1549100,0,0.32500204,0.31402277
1604200,1549200,0,0.33132627,0.31971198
1604300,1549300,0,0.32121082,0.31060134
1604400,1549400,0,0.24415319,0.23941475
1604500,1549500,0,0.22786829,0.22400458
1604600,1549600,0,0.17522542,0.17345381
1604700,1549700,0,0.31971865,0.3092525
1604800,1549800,0,0.32818187,0.31688616
1604900,1549900,0,0.30747843,0.2981414
1605000,1550000,0,0.32599442,0.314917
1605100,1550100,0,0.31216818,0.30240829
1605200,1550200,0,0.31053286,0.30092178
1605300,1550300,0,0.30847734,0.29905124
1605400,1550400,0,0.31058884,0.30097269
1605500,1550500,0,0.30785246,0.29848214
1605600,1550600,0,0.17454555,0.17279431
1605700,1550700,0,0.31469682,0.30470391
1605800,1550800,0,0.30842974,0.2990079
1605900,1550900,0,0.22797142,0.22410253
1606000,1551000,0,0.30951122,0.29999237
1606100,1551100,0,0.17314949,0.17143961
1606200,1551200,0,0.23153668,0.22748602
1606300,1551300,0,0.30897307,0.29950257
1606400,1551400,0,0.31918845,0.30877293
1606500,1551500,0,0.22538555,0.22164511
1606600,1551600,0,0.31587536,0.30577265
1606700,1551700,0,0.30673574,0.29746457
1606800,1551800,0,0.31580066,0.30570493
1606900,1551900,0,0.22451088,0.22081325
1607000,1552000,0,0.1778795,0.17602684
1607100,1552100,0,0.18974894,0.18750398
1607200,1552200,0,0.22514866,0.22141984
1607300,1552300,0,0.32780042,0.31654297
1607400,1552400,0,0.3026436,0.29373
1607500,1552500,0,0.22753792,0.22369076
1607600,1552600,0,0.17360322,0.17187996
1607700,1552700,0,0.22380643,0.22014304
1607800,1552800,0,0.22278371,0.21916966
1607900,1552900,0,0.30931246,0.29981148
1608000,1553000,0,0.30787485,0.29850254
1608100,1553100,0,0.17450657,0.17275649
1608200,1553200,0,0.30868634,0.29924154
1608300,1553300,0,0.30783584,0.298467
1608400,1553400,0,0.31292208,0.30309308
1608500,1553500,0,0.31418639,0.30424081
1608600,1553600,0,0.17353998,0.17181859
1608700,1553700,0,0.22366177,0.22000539
1608800,1553800,0,0.17333057,0.17161536
1608900,1553900,0,0.30267581,0.29375943
1609000,1554000,0,0.31126988,0.30159191
1609100,1554100,0,0.21950619,0.21604735
1609200,1554200,0,0.30590299,0.29670532
1609300,1554300,0,0.17383087,0.17210089
1609400,1554400,0,0.22088376,0.21736023
1609500,1554500,0,0.30135942,0.29255618
1609600,1554600,0,0.17414251,0.17240328
1609700,1554700,0,0.18264787,0.18064355
1609800,1554800,0,0.17382753,0.17209764
1609900,1554900,0,0.22017087,0.21668092
1610000,1555000,0,0.31454631,0.30456737
1610100,1555100,0,0.17632039,0.17451562
1610200,1555200,0,0.1746195,0.17286605
1610300,1555300,0,0.33028765,0.31877922
1610400,1555400,0,0.32138752,0.31076099
1610500,1555500,0,0.29840016,0.28984786
1610600,1555600,0,0.31553679,0.30546571
1610700,1555700,0,0.17764984,0.17580429
1610800,1555800,0,0.30502771,0.29590689
1610900,1555900,0,0.29717222,0.28872268
1611000,1556000,0,0.31326325,0.30340288
1611100,1556100,0,0.30096103,0.29219184
1611200,1556200,0,0.21548469,0.21221025
1611300,1556300,0,0.32612499,0.31503462
1611400,1556400,0,0.30412011,0.29507854
1611500,1556500,0,0.18722982,0.18507229
1611600,1556600,0,0.17402163,0.17228598
1611700,1556700,0,0.30927417,0.29977664
1611800,1556800,0,0.21046845,0.20741484
1611900,1556900,0,0.31185724,0.30212575
1612000,1557000,0,0.31115954,0.3014916
1612100,1557100,0,0.17471324,0.17295699
1612200,1557200,0,0.29722294,0.28876917
1612300,1557300,0,0.21294178,0.20978055
1612400,1557400,0,0.31578781,0.30569329
1612500,1557500,0,0.31253723,0.30274354
1612600,1557600,0,0.2997558,0.29108912
1612700,1557700,0,0.17992552,0.17800874
1612800,1557800,0,0.32884606,0.31748353
1612900,1557900,0,0.31065914,0.30103663
1613000,1558000,0,0.17359402,0.17187104
1613100,1558100,0,0.30459829,0.29551502
1613200,1558200,0,0.18368546,0.1816471
1613300,1558300,0,0.29534711,0.28704883
1613400,1558400,0,0.173584,0.17186132
1613500,1558500,0,0.18079786,0.17885332
1613600,1558600,0,0.29038288,0.28248718
1613700,1558700,0,0.30389532,0.2948733
1613800,1558800,0,0.20284692,0.20010979
1613900,1558900,0,0.20659306,0.2037032
1614000,1559000,0,0.18671892,0.18457884
1614100,1559100,0,0.2094464,0.20643656
1614200,1559200,0,0.1774799,0.1756396
1614300,1559300,0,0.30315925,0.29420109
1614400,1559400,0,0.20147595,0.19879336
1614500,1559500,0,0.17348038,0.17176076
1614600,1559600,0,0.28889798,0.28112019
1614700,1559700,0,0.30155047,0.29273086
1614800,1559800,0,0.19819737,0.1956423
1614900,1559900,0,0.28316141,0.27582851
1615000,1560000,0,0.19655948,0.1940666
1615100,1560100,0,0.18085211,0.17890583
1615200,1560200,0,0.18035473,0.17842433
1615300,1560300,0,0.19474248,0.19231741
1615400,1560400,0,0.19446301,0.19204827
1615500,1560500,0,0.17506558,0.17329877
1615600,1560600,0,0.28049384,0.27336208
1615700,1560700,0,0.18893664,0.18672013
1615800,1560800,0,0.28360897,0.27624197
1615900,1560900,0,0.1908276,0.18854451
1616000,1561000,0,0.17499814,0.17323335
1616100,1561100,0,0.29188633,0.28387006
1616200,1561200,0,0.18380373,0.18176146
1616300,1561300,0,0.28561415,0.2780931
1616400,1561400,0,0.17489855,0.17313675
1616500,1561500,0,0.18486774,0.18279012
1616600,1561600,0,0.28508228,0.27760229
1616700,1561700,0,0.28115561,0.27397429
1616800,1561800,0,0.1747536,0.17299614
1616900,1561900,0,0.17941646,0.17751578
1617000,1562000,0,0.17384366,0.17211329
1617100,1562100,0,0.18096613,0.1790162
1617200,1562200,0,0.18275007,0.18074242
1617300,1562300,0,0.27939351,0.27234367
1617400,1562400,0,0.17926699,0.17737101
1617500,1562500,0,0.17448994,0.17274036
1617600,1562600,0,0.28253879,0.27525315
1617700,1562700,0,0.1777981,0.17594796
1617800,1562800,0,0.17455256,0.17280112
1617900,1562900,0,0.17406173,0.1723249
1618000,1563000,0,0.26295627,0.25705854
1618100,1563100,0,0.26328955,0.25736978
1618200,1563200,0,0.18556943,0.18346828
1618300,1563300,0,0.17024197,0.16861615
1618400,1563400,0,0.17518232,0.173412
1618500,1563500,0,0.16507406,0.16359084
1618600,1563600,0,0.19922248,0.19662798
1618700,1563700,0,0.19559332,0.19313665
1618800,1563800,0,0.1736132,0.17188965
1618900,1563900,0,0.26357316,0.25763459
1619000,1564000,0,0.17355928,0.17183732
1619100,1564100,0,0.25684749,0.25134453
1619200,1564200,0,0.18119111,0.17923396
1619300,1564300,0,0.16341044,0.16197129
1619400,1564400,0,0.16013147,0.15877666
1619500,1564500,0,0.17371619,0.1719896
1619600,1564600,0,0.2281578,0.22427954
1619700,1564700,0,0.18382719,0.18178415
1619800,1564800,0,0.26922838,0.2629067
1619900,1564900,0,0.15949979,0.15816084
1620000,1565000,0,0.17419034,0.17244968
1620100,1565100,0,0.15515705,0.15392386
1620200,1565200,0,0.1851654,0.18307781
1620300,1565300,0,0.17705201,0.17522488
1620400,1565400,0,0.175027,0.17326135
1620500,1565500,0,0.15203241,0.15087179
1620600,1565600,0,0.20106921,0.19840266
1620700,1565700,0,0.27243191,0.26588628
1620800,1565800,0,0.25459583,0.24923393
1620900,1565900,0,0.17985278,0.17793831
1621000,1566000,0,0.15200329,0.15084333
1621100,1566100,0,0.18935916,0.18712788
1621200,1566200,0,0.25419864,0.24886137
1621300,1566300,0,0.17515629,0.17338676
1621400,1566400,0,0.16165834,0.16026468
1621500,1566500,0,0.17492864,0.17316593
1621600,1566600,0,0.25137307,0.24620893
1621700,1566700,0,0.25050291,0.24539135
1621800,1566800,0,0.17399767,0.17226274
1621900,1566900,0,0.17508167,0.17331438
1622000,1567000,0,0.28931697,0.28150603
1622100,1567100,0,0.18748026,0.18531414
1622200,1567200,0,0.15899941,0.15767295
1622300,1567300,0,0.17372602,0.17199914
1622400,1567400,0,0.1748307,0.17307094
1622500,1567500,0,0.28852587,0.28077746
1622600,1567600,0,0.19491133,0.19248002
1622700,1567700,0,0.28455972,0.27711994
1622800,1567800,0,0.18185201,0.17987355
1622900,1567900,0,0.17447337,0.17272429
1623000,1568000,0,0.17440221,0.17265525
1623100,1568100,0,0.27026242,0.263869
1623200,1568200,0,0.18011449,0.17819172
1623300,1568300,0,0.17386112,0.17213024
1623400,1568400,0,0.25821458,0.25262481
1623500,1568500,0,0.17519595,0.17342522
1623600,1568600,0,0.26492106,0.25889258
1623700,1568700,0,0.18020747,0.17828175
1623800,1568800,0,0.15010329,0.14898603
1623900,1568900,0,0.25471093,0.24934187
1624000,1569000,0,0.14305264,0.14208475
1624100,1569100,0,0.16497545,0.16349486
1624200,1569200,0,0.18243535,0.18043796
1624300,1569300,0,0.17948974,0.17758674
1624400,1569400,0,0.26755989,0.26135285
1624500,1569500,0,0.17749032,0.17564969
1624600,1569600,0,0.24871618,0.24371147
1624700,1569700,0,0.26405145,0.25808107
1624800,1569800,0,0.18063557,0.17869621
1624900,1569900,0,0.17433901,0.17259393
1625000,1570000,0,0.18047634,0.17854206
1625100,1570100,0,0.24590662,0.24106699
1625200,1570200,0,0.17503457,0.17326869
1625300,1570300,0,0.14099911,0.14007209
1625400,1570400,0,0.13953065,0.13863215
1625500,1570500,0,0.27526458,0.26851671
1625600,1570600,0,0.27237216,0.26583076
1625700,1570700,0,0.17345851,0.17173953
1625800,1570800,0,0.1768684,0.1750469
1625900,1570900,0,0.2538108,0.24849751
1626000,1571000,0,0.17531759,0.1735432
1626100,1571100,0,0.25475718,0.24938524
1626200,1571200,0,0.17539542,0.17361869
1626300,1571300,0,0.24916307,0.24413178
1626400,1571400,0,0.25672004,0.25122512
1626500,1571500,0,0.24310922,0.23843038
1626600,1571600,0,0.26970494,0.26335026
1626700,1571700,0,0.23889902,0.23445556
1626800,1571800,0,0.25084759,0.24571525
1626900,1571900,0,0.24351182,0.23881005
1627000,1572000,0,0.18150271,0.17953553
1627100,1572100,0,0.24671045,0.24182396
1627200,1572200,0,0.13006339,0.12933492
1627300,1572300,0,0.25504478,0.24965494
1627400,1572400,0,0.25192479,0.24672714
1627500,1572500,0,0.12512015,0.1244713
1627600,1572600,0,0.24108405,0.23651942
1627700,1572700,0,0.17399153,0.17225678
1627800,1572800,0,0.23557396,0.23131083
1627900,1572900,0,0.23414217,0.2299552
1628000,1573000,0,0.2344744,0.23026984
1628100,1573100,0,0.24687854,0.24198221
1628200,1573200,0,0.17761167,0.1757673
1628300,1573300,0,0.17618441,0.17438379
1628400,1573400,0,0.25292591,0.24766708
1628500,1573500,0,0.17541575,0.1736384
1628600,1573600,0,0.2484751,0.2434847
1628700,1573700,0,0.1767817,0.17496285
1628800,1573800,0,0.24314111,0.23846046
1628900,1573900,0,0.12550819,0.12485331
1629000,1574000,0,0.18446434,0.18240016
1629100,1574100,0,0.24920279,0.24416912
1629200,1574200,0,0.12579103,0.12513172
1629300,1574300,0,0.23459684,0.23038579
1629400,1574400,0,0.23824115,0.23383376
1629500,1574500,0,0.17465347,0.17289901
1629600,1574600,0,0.24452904,0.23976903
1629700,1574700,0,0.17897603,0.17708919
1629800,1574800,0,0.17560539,0.17382232
1629900,1574900,0,0.26137869,0.25558462
1630000,1575000,0,0.17372153,0.17199478
1630100,1575100,0,0.23756525,0.23319471
1630200,1575200,0,0.18796885,0.1857859
1630300,1575300,0,0.23867121,0.23424026
1630400,1575400,0,0.23123775,0.22720253
1630500,1575500,0,0.2463004,0.24143784
1630600,1575600,0,0.23264155,0.22853345
1630700,1575700,0,0.17349308,0.17177308
1630800,1575800,0,0.11647603,0.11595214
1630900,1575900,0,0.230212,0.22622951
1631000,1576000,0,0.11761631,0.11707695
1631100,1576100,0,0.23990438,0.23540543
1631200,1576200,0,0.18204562,0.18006089
1631300,1576300,0,0.11655916,0.11603415
1631400,1576400,0,0.24746835,0.2425374
1631500,1576500,0,0.17385224,0.17212162
1631600,1576600,0,0.24407102,0.23933729
1631700,1576700,0,0.1171949,0.11666129
1631800,1576800,0,0.1177165,0.11717576
1631900,1576900,0,0.23845959,0.23404024
1632000,1577000,0,0.17362798,0.17190399
1632100,1577100,0,0.23761851,0.23324507
1632200,1577200,0,0.26007245,0.25436329
1632300,1577300,0,0.23362926,0.22946936
1632400,1577400,0,0.11862063,0.11806738
1632500,1577500,0,0.2528919,0.24763516
1632600,1577600,0,0.18045874,0.17852502
1632700,1577700,0,0.17388769,0.17215602
1632800,1577800,0,0.23379189,0.22962342
1632900,1577900,0,0.11266527,0.11219098
1633000,1578000,0,0.11054838,0.11010023
1633100,1578100,0,0.24566212,0.24083668
1633200,1578200,0,0.18014499,0.17822126
1633300,1578300,0,0.24296346,0.2382929
1633400,1578400,0,0.23248481,0.22838489
1633500,1578500,0,0.24032761,0.23580517
1633600,1578600,0,0.23525557,0.23100946
1633700,1578700,0,0.17342527,0.17170727
1633800,1578800,0,0.10683437,0.10642976
1633900,1578900,0,0.22986803,0.22590312
1634000,1579000,0,0.17422594,0.17248423
1634100,1579100,0,0.10367089,0.10330108
1634200,1579200,0,0.17632328,0.17451843
1634300,1579300,0,0.23434414,0.23014649
1634400,1579400,0,0.22791406,0.22404805
1634500,1579500,0,0.17796215,0.17610693
1634600,1579600,0,0.23190904,0.22783907
1634700,1579700,0,0.1793233,0.17742555
1634800,1579800,0,0.23273527,0.22862227
1634900,1579900,0,0.23567519,0.23140665
1635000,1580000,0,0.22293529,0.21931396
1635100,1580100,0,0.10094738,0.10060588
1635200,1580200,0,0.21876626,0.21534185
1635300,1580300,0,0.23145174,0.22740547
1635400,1580400,0,0.22007432,0.21658889
1635500,1580500,0,0.17519137,0.17342078
1635600,1580600,0,0.097552472,0.097244193
1635700,1580700,0,0.23498688,0.23075509
1635800,1580800,0,0.10442854,0.10405058
1635900,1580900,0,0.22732667,0.22349007
1636000,1581000,0,0.17344969,0.17173097
1636100,1581100,0,0.21992111,0.21644287
1636200,1581200,0,0.18570441,0.18359871
1636300,1581300,0,0.22597843,0.22220879
1636400,1581400,0,0.22659544,0.22279525
1636500,1581500,0,0.17641747,0.17460975
1636600,1581600,0,0.21682888,0.21349354
1636700,1581700,0,0.21726475,0.2139095
1636800,1581800,0,0.21697783,0.2136357
1636900,1581900,0,0.21622857,0.21292051
1637000,1582000,0,0.2177343,0.21435752
1637100,1582100,0,0.091764686,0.091507975
1637200,1582200,0,0.23255861,0.22845483
1637300,1582300,0,0.22122224,0.21768269
1637400,1582400,0,0.21858718,0.21517107
1637500,1582500,0,0.21833935,0.21493469
1637600,1582600,0,0.22024512,0.21675168
1637700,1582700,0,0.17980393,0.17789101
1637800,1582800,0,0.090829792,0.09058083
1637900,1582900,0,0.23175914,0.22769695
1638000,1583000,0,0.17416532,0.17242541
1638100,1583100,0,0.22826298,0.22437943
1638200,1583200,0,0.18337985,0.18135155
1638300,1583300,0,0.23456585,0.23035644
1638400,1583400,0,0.097521183,0.0972132
1638500,1583500,0,0.22990279,0.22593611
1638600,1583600,0,0.1944347,0.192021
1638700,1583700,0,0.089230765,0.088994695
1638800,1583800,0,0.17357813,0.17185562
1638900,1583900,0,0.096226431,0.095930523
1639000,1584000,0,0.17355734,0.17183544
1639100,1584100,0,0.22107701,0.21754434
1639200,1584200,0,0.18347599,0.18144453
1639300,1584300,0,0.24688163,0.24198512
1639400,1584400,0,0.23250047,0.22839973
1639500,1584500,0,0.21712984,0.21378076
1639600,1584600,0,0.23029691,0.22631007
1639700,1584700,0,0.19037966,0.18811245
1639800,1584800,0,0.17505433,0.17328786
1639900,1584900,0,0.096351685,0.096054623
1640000,1585000,0,0.21711854,0.21376998
1640100,1585100,0,0.19353484,0.19115417
1640200,1585200,0,0.22219293,0.21860719
1640300,1585300,0,0.22938732,0.22544689
1640400,1585400,0,0.22031729,0.21682045
1640500,1585500,0,0.099641095,0.099312642
1640600,1585600,0,0.19358534,0.19120283
1640700,1585700,0,0.21620975,0.21290255
1640800,1585800,0,0.21352725,0.21034019
1640900,1585900,0,0.21830328,0.21490029
1641000,1586000,0,0.21503982,0.21178537
1641100,1586100,0,0.19871049,0.19613573
1641200,1586200,0,0.23095844,0.22693763
1641300,1586300,0,0.22226233,0.21867328
1641400,1586400,0,0.22094557,0.21741912
1641500,1586500,0,0.09098073,0.090730528
1641600,1586600,0,0.20625169,0.20337598
1641700,1586700,0,0.17322324,0.17151119
1641800,1586800,0,0.22196609,0.21839118
1641900,1586900,0,0.21757543,0.21420595
1642000,1587000,0,0.094174451,0.093897029
1642100,1587100,0,0.17460952,0.17285637
1642200,1587200,0,0.08588611,0.085675554
1642300,1587300,0,0.22889665,0.22498111
1642400,1587400,0,0.084254984,0.084056176
1642500,1587500,0,0.17388811,0.17215643
1642600,1587600,0,0.18070509,0.17876351
1642700,1587700,0,0.17560131,0.17381836
1642800,1587800,0,0.21302048,0.20985578
1642900,1587900,0,0.17578771,0.17399913
1643000,1588000,0,0.21384758,0.21064632
1643100,1588100,0,0.17417403,0.17243386
1643200,1588200,0,0.19117076,0.18887545
1643300,1588300,0,0.17774038,0.17589203
1643400,1588400,0,0.17783412,0.17598286
1643500,1588500,0,0.17805963,0.17620139
1643600,1588600,0,0.17405238,0.17231582
1643700,1588700,0,0.17634443,0.17453894
1643800,1588800,0,0.23582482,0.23154826
1643900,1588900,0,0.21917962,0.215736
1644000,1589000,0,0.21259992,0.20945371
1644100,1589100,0,0.17544329,0.17366511
1644200,1589200,0,0.082661428,0.082473669
1644300,1589300,0,0.17323478,0.17152239
1644400,1589400,0,0.08244366,0.082257378
1644500,1589500,0,0.21286647,0.20970855
1644600,1589600,0,0.19347823,0.19109963
1644700,1589700,0,0.22659638,0.22279614
1644800,1589800,0,0.17613869,0.17433946
1644900,1589900,0,0.21924289,0.21579632
1645000,1590000,0,0.22315532,0.2195234
1645100,1590100,0,0.083471713,0.083278388
1645200,1590200,0,0.17449108,0.17274147
1645300,1590300,0,0.2150016,0.21174886
1645400,1590400,0,0.21646725,0.21314836
1645500,1590500,0,0.083234009,0.083042328
1645600,1590600,0,0.18479178,0.1827167
1645700,1590700,0,0.17358243,0.17185979
1645800,1590800,0,0.23621025,0.23191299
1645900,1590900,0,0.24435948,0.23960921
1646000,1591000,0,0.22671643,0.22291023
1646100,1591100,0,0.18656958,0.18443459
1646200,1591200,0,0.1844258,0.18236291
1646300,1591300,0,0.18055449,0.17861772
1646400,1591400,0,0.088389532,0.088160062
1646500,1591500,0,0.24390436,0.23918018
1646600,1591600,0,0.17612099,0.17432229
1646700,1591700,0,0.18170821,0.1797344
1646800,1591800,0,0.084793378,0.084590742
1646900,1591900,0,0.23138736,0.22734442
1647000,1592000,0,0.17429836,0.17255449
1647100,1592100,0,0.17454758,0.17279629
1647200,1592200,0,0.092859678,0.092593689
1647300,1592300,0,0.22522293,0.22149047
1647400,1592400,0,0.2196165,0.21615251
1647500,1592500,0,0.17844478,0.17657456
1647600,1592600,0,0.1805719,0.17863457
1647700,1592700,0,0.17958436,0.17767838
1647800,1592800,0,0.21727484,0.21391913
1647900,1592900,0,0.089594882,0.089355916
1648000,1593000,0,0.2215149,0.21796147
1648100,1593100,0,0.1812942,0.17933374
1648200,1593200,0,0.17464717,0.1728929
1648300,1593300,0,0.08829139,0.088062681
1648400,1593400,0,0.23037839,0.22638738
1648500,1593500,0,0.21731964,0.21396188
1648600,1593600,0,0.1827654,0.18075724
1648700,1593700,0,0.086322943,0.086109164
1648800,1593800,0,0.085852122,0.085641815
1648900,1593900,0,0.21499967,0.21174702
1649000,1594000,0,0.084660384,0.084458698
1649100,1594100,0,0.18334186,0.18131481
1649200,1594200,0,0.21744897,0.21408529
1649300,1594300,0,0.087679639,0.087455642
1649400,1594400,0,0.22173997,0.21817584
1649500,1594500,0,0.1756664,0.17388149
1649600,1594600,0,0.17286356,0.17116207
1649700,1594700,0,0.22616342,0.22238464
1649800,1594800,0,0.17800812,0.17615147
1649900,1594900,0,0.17637095,0.17456464
1650000,1595000,0,0.18300116,0.1809853
1650100,1595100,0,0.17652266,0.17471173
1650200,1595200,0,0.24257861,0.23792987
1650300,1595300,0,0.23889387,0.23445069
1650400,1595400,0,0.084306388,0.084107217
1650500,1595500,0,0.17384679,0.17211634
1650600,1595600,0,0.18417245,0.18211797
1650700,1595700,0,0.18126096,0.17930156
1650800,1595800,0,0.223098,0.21946883
1650900,1595900,0,0.22841342,0.22452229
1651000,1596000,0,0.17398936,0.17225468
1651100,1596100,0,0.1803447,0.17841462
1651200,1596200,0,0.22474661,0.22103747
1651300,1596300,0,0.23406274,0.22987998
1651400,1596400,0,0.21742747,0.21406477
1651500,1596500,0,0.17432699,0.17258227
1651600,1596600,0,0.17635876,0.17455283
1651700,1596700,0,0.22939782,0.22545686
1651800,1596800,0,0.17939001,0.17749016
1651900,1596900,0,0.17457576,0.17282362
1652000,1597000,0,0.21377181,0.21057391
1652100,1597100,0,0.18181997,0.17984255
1652200,1597200,0,0.18073144,0.17878902
1652300,1597300,0,0.085058347,0.084853808
1652400,1597400,0,0.17439251,0.17264584
1652500,1597500,0,0.17481133,0.17305215
1652600,1597600,0,0.17722755,0.17539502
1652700,1597700,0,0.21728686,0.2139306
1652800,1597800,0,0.21484594,0.21160018
1652900,1597900,0,0.21411659,0.21090338
1653000,1598000,0,0.23704403,0.23270178
1653100,1598100,0,0.20587954,0.20301919
1653200,1598200,0,0.22184497,0.21827583
1653300,1598300,0,0.21682463,0.21348948
1653400,1598400,0,0.21724486,0.21389052
1653500,1598500,0,0.21395451,0.21074851
1653600,1598600,0,0.18985978,0.18761092
1653700,1598700,0,0.21353288,0.21034557
1653800,1598800,0,0.18523346,0.1831436
1653900,1598900,0,0.21903624,0.21559929
1654000,1599000,0,0.22161921,0.21806083
1654100,1599100,0,0.18902063,0.18680119
1654200,1599200,0,0.085095533,0.084890727
1654300,1599300,0,0.24226035,0.2376296
1654400,1599400,0,0.1744982,0.17274838
1654500,1599500,0,0.17366682,0.17194169
1654600,1599600,0,0.17382509,0.17209528
1654700,1599700,0,0.18161551,0.17964469
1654800,1599800,0,0.087893455,0.087667819
1654900,1599900,0,0.082783233,0.082594644
1655000,1600000,0,0.175597,0.17381418
1655100,1600100,0,0.17544609,0.17366783
1655200,1600200,0,0.21814899,0.21475312
1655300,1600300,0,0.083910447,0.083714064
1655400,1600400,0,0.22950259,0.2255563
1655500,1600500,0,0.17631253,0.17450801
1655600,1600600,0,0.17760863,0.17576435
1655700,1600700,0,0.084508258,0.084307655
1655800,1600800,0,0.21598339,0.21268644
1655900,1600900,0,0.17463402,0.17288014
1656000,1601000,0,0.084020267,0.083823113
1656100,1601100,0,0.19534272,0.19289539
1656200,1601200,0,0.21991256,0.21643472
1656300,1601300,0,0.21473648,0.21149562
1656400,1601400,0,0.081547527,0.081367243
1656500,1601500,0,0.2134054,0.21022372
1656600,1601600,0,0.20177794,0.1990834
1656700,1601700,0,0.23146186,0.22741507
1656800,1601800,0,0.22695022,0.2231324
1656900,1601900,0,0.22097961,0.21745155
1657000,1602000,0,0.22325151,0.21961495
1657100,1602100,0,0.21595044,0.21265498
1657200,1602200,0,0.22095694,0.21742995
1657300,1602300,0,0.23018297,0.22620197
1657400,1602400,0,0.087159233,0.086939194
1657500,1602500,0,0.21394849,0.21074275
1657600,1602600,0,0.17409138,0.17235367
1657700,1602700,0,0.184219,0.18216298
1657800,1602800,0,0.22606033,0.22228664
1657900,1602900,0,0.21625789,0.2129485
1658000,1603000,0,0.17825748,0.17639309
1658100,1603100,0,0.19482618,0.19239802
1658200,1603200,0,0.086608002,0.086392103
1658300,1603300,0,0.21557836,0.21229969
1658400,1603400,0,0.21326925,0.21009358
1658500,1603500,0,0.17378784,0.17205913
1658600,1603600,0,0.17330559,0.17159112
1658700,1603700,0,0.174584,0.17283161
1658800,1603800,0,0.17431216,0.17256789
1658900,1603900,0,0.17447768,0.17272847
1659000,1604000,0,0.17384005,0.1721098
1659100,1604100,0,0.19068553,0.18840749
1659200,1604200,0,0.17612502,0.1743262
1659300,1604300,0,0.22069314,0.21717861
1659400,1604400,0,0.084172677,0.08397445
1659500,1604500,0,0.17844773,0.17657741
1659600,1604600,0,0.17279716,0.17109762
1659700,1604700,0,0.18125723,0.17929796
1659800,1604800,0,0.17452159,0.17277107
1659900,1604900,0,0.1746228,0.17286926
1660000,1605000,0,0.17449565,0.1727459
1660100,1605100,0,0.17668949,0.17487346
1660200,1605200,0,0.22963766,0.22568449
1660300,1605300,0,0.22185201,0.21828254
1660400,1605400,0,0.083954436,0.083757744
1660500,1605500,0,0.082987291,0.082797306
1660600,1605600,0,0.20517244,0.20234114
1660700,1605700,0,0.083572527,0.083378502
1660800,1605800,0,0.22324823,0.21961183
1660900,1605900,0,0.21360313,0.21041271
1661000,1606000,0,0.082462435,0.082276026
1661100,1606100,0,0.18424622,0.18218929
1661200,1606200,0,0.084761147,0.084558741
1661300,1606300,0,0.22506279,0.22133818
1661400,1606400,0,0.084015773,0.083818651
1661500,1606500,0,0.17360748,0.1718841
1661600,1606600,0,0.17645332,0.17464451
1661700,1606700,0,0.17966807,0.17775944
1661800,1606800,0,0.21355331,0.21036509
1661900,1606900,0,0.21753869,0.21417089
1662000,1607000,0,0.22019557,0.21670446
1662100,1607100,0,0.17917221,0.17727921
1662200,1607200,0,0.21814144,0.21474592
1662300,1607300,0,0.17361449,0.1718909
1662400,1607400,0,0.081793568,0.08161165
1662500,1607500,0,0.21875461,0.21533074
1662600,1607600,0,0.19595395,0.1934838
1662700,1607700,0,0.085098816,0.084893986
1662800,1607800,0,0.23091199,0.22689357
1662900,1607900,0,0.21866294,0.21524331
1663000,1608000,0,0.10363843,0.10326896
1663100,1608100,0,0.1760287,0.17423281
1663200,1608200,0,0.17472458,0.17296799
1663300,1608300,0,0.22689927,0.22308398
1663400,1608400,0,0.21593241,0.21263776
1663500,1608500,0,0.21479721,0.21155363
1663600,1608600,0,0.22317511,0.21954223
1663700,1608700,0,0.17347344,0.17175402
1663800,1608800,0,0.21362934,0.21043775
1663900,1608900,0,0.21751606,0.2141493
1664000,1609000,0,0.22126842,0.21772669
1664100,1609100,0,0.20190718,0.19920751
1664200,1609200,0,0.2160556,0.21275538
1664300,1609300,0,0.23532609,0.23107622
1664400,1609400,0,0.23331306,0.22916979
1664500,1609500,0,0.17863551,0.17675933
1664600,1609600,0,0.19891904,0.19633625
1664700,1609700,0,0.23003045,0.22605725
1664800,1609800,0,0.17611091,0.17431252
1664900,1609900,0,0.21742239,0.21405992
1665000,1610000,0,0.1742704,0.17252737
1665100,1610100,0,0.19116572,0.18887059
1665200,1610200,0,0.091608778,0.09135337
1665300,1610300,0,0.21973678,0.21626717
1665400,1610400,0,0.091474949,0.091220656
1665500,1610500,0,0.2184038,0.21499617
1665600,1610600,0,0.20533607,0.20249807
1665700,1610700,0,0.085902882,0.085692203
1665800,1610800,0,0.085244893,0.085039008
1665900,1610900,0,0.21518075,0.21191998
1666000,1611000,0,0.21526054,0.21199618
1666100,1611100,0,0.17956461,0.17765926
1666200,1611200,0,0.084946933,0.084743196
1666300,1611300,0,0.17415712,0.17241746
1666400,1611400,0,0.17353573,0.17181447
1666500,1611500,0,0.087948081,0.087722025
1666600,1611600,0,0.17553042,0.17374961
1666700,1611700,0,0.097084532,0.096780657
1666800,1611800,0,0.22749606,0.22365099
1666900,1611900,0,0.21488115,0.21163381
1667000,1612000,0,0.17440728,0.17266016
1667100,1612100,0,0.18573298,0.18362631
1667200,1612200,0,0.22034172,0.21684373
1667300,1612300,0,0.084390153,0.084190389
1667400,1612400,0,0.21805481,0.21466328
1667500,1612500,0,0.084358065,0.084158527
1667600,1612600,0,0.18701878,0.18486847
1667700,1612700,0,0.22360501,0.21995138
1667800,1612800,0,0.086431038,0.086216456
1667900,1612900,0,0.21813277,0.21473765
1668000,1613000,0,0.21615953,0.21285461
1668100,1613100,0,0.19356265,0.19118097
1668200,1613200,0,0.0859064,0.085695695
1668300,1613300,0,0.22295573,0.21933342
1668400,1613400,0,0.084670875,0.084469114
1668500,1613500,0,0.17773409,0.17588593
1668600,1613600,0,0.18426574,0.18220817
1668700,1613700,0,0.086464793,0.086249961
1668800,1613800,0,0.21439858,0.21117281
1668900,1613900,0,0.0846903,0.0844884
1669000,1614000,0,0.084282196,0.084083195
1669100,1614100,0,0.2084107,0.20544478
1669200,1614200,0,0.086959865,0.086741329
1669300,1614300,0,0.22540343,0.22166211
1669400,1614400,0,0.21596263,0.21266661
1669500,1614500,0,0.21814023,0.21474477
1669600,1614600,0,0.18572114,0.18361488
1669700,1614700,0,0.087267999,0.087047136
1669800,1614800,0,0.17368868,0.17196291
1669900,1614900,0,0.094476736,0.094196641
1670000,1615000,0,0.084302728,0.084103583
1670100,1615100,0,0.2036069,0.20083923
1670200,1615200,0,0.22921305,0.22528148
1670300,1615300,0,0.18029398,0.17836551
1670400,1615400,0,0.086156903,0.085944353
1670500,1615500,0,0.17448569,0.17273623
1670600,1615600,0,0.18098444,0.17903392
1670700,1615700,0,0.17681626,0.17499636
1670800,1615800,0,0.22320968,0.21957513
1670900,1615900,0,0.21653172,0.21320991
1671000,1616000,0,0.1749305,0.17316774
1671100,1616100,0,0.17274302,0.17104506
1671200,1616200,0,0.18218829,0.18019893
1671300,1616300,0,0.22631226,0.22252611
1671400,1616400,0,0.087077783,0.086858359
1671500,1616500,0,0.1767153,0.17489848
1671600,1616600,0,0.19001159,0.18775739
1671700,1616700,0,0.17440988,0.17266269
1671800,1616800,0,0.22092527,0.21739978
1671900,1616900,0,0.23072006,0.22671151
1672000,1617000,0,0.17494752,0.17318425
1672100,1617100,0,0.1823686,0.18037338
1672200,1617200,0,0.22762627,0.22377469
1672300,1617300,0,0.17497854,0.17321434
1672400,1617400,0,0.18908876,0.18686693
1672500,1617500,0,0.18036941,0.17843854
1672600,1617600,0,0.17312792,0.17141868
1672700,1617700,0,0.21754269,0.21417471
1672800,1617800,0,0.17645254,0.17464375
1672900,1617900,0,0.10524457,0.1048577
1673000,1618000,0,0.17657505,0.17476253
1673100,1618100,0,0.1757711,0.17398302
1673200,1618200,0,0.27190966,0.26540088
1673300,1618300,0,0.23530367,0.231055
1673400,1618400,0,0.17346707,0.17174784
1673500,1618500,0,0.17352867,0.17180762
1673600,1618600,0,0.17840656,0.17653753
1673700,1618700,0,0.17854544,0.17667208
1673800,1618800,0,0.21933037,0.21587973
1673900,1618900,0,0.21829053,0.21488813
1674000,1619000,0,0.0862789,0.086065447
1674100,1619100,0,0.19731418,0.19479277
1674200,1619200,0,0.22064073,0.21712867
1674300,1619300,0,0.23047306,0.2264772
1674400,1619400,0,0.22004883,0.2165646
1674500,1619500,0,0.086504976,0.086289845
1674600,1619600,0,0.22192414,0.21835123
1674700,1619700,0,0.1915866,0.18927642
1674800,1619800,0,0.17349684,0.17177673
1674900,1619900,0,0.22702986,0.22320806
1675000,1620000,0,0.17313705,0.17142753
1675100,1620100,0,0.21683806,0.2135023
1675200,1620200,0,0.19146147,0.18915578
1675300,1620300,0,0.085775118,0.085565376
1675400,1620400,0,0.21658881,0.21326439
1675500,1620500,0,0.17347254,0.17175315
1675600,1620600,0,0.088720634,0.088488581
1675700,1620700,0,0.18259836,0.18059566
1675800,1620800,0,0.21539065,0.21212044
1675900,1620900,0,0.21321355,0.21004034
1676000,1621000,0,0.21603778,0.21273837
1676100,1621100,0,0.23969221,0.23520501
1676200,1621200,0,0.21759206,0.21422181
1676300,1621300,0,0.21151196,0.20841324
1676400,1621400,0,0.21125256,0.2081651
1676500,1621500,0,0.2146807,0.21144233
1676600,1621600,0,0.081945789,0.081762855
1676700,1621700,0,0.18351346,0.18148077
1676800,1621800,0,0.1733847,0.1716679
1676900,1621900,0,0.21133128,0.2082404
1677000,1622000,0,0.21131323,0.20822314
1677100,1622100,0,0.20846483,0.20549662
1677200,1622200,0,0.083249506,0.083057718
1677300,1622300,0,0.22012484,0.21663704
1677400,1622400,0,0.21408022,0.21086863
1677500,1622500,0,0.086220742,0.08600772
1677600,1622600,0,0.21137184,0.2082792
1677700,1622700,0,0.22013715,0.21664878
1677800,1622800,0,0.21817206,0.21477512
1677900,1622900,0,0.081154822,0.080977126
1678000,1623000,0,0.082128437,0.08194428
1678100,1623100,0,0.081796706,0.081614767
1678200,1623200,0,0.21897159,0.21553764
1678300,1623300,0,0.17331456,0.17159982
1678400,1623400,0,0.21203143,0.20891009
1678500,1623500,0,0.083084654,0.082894001
1678600,1623600,0,0.19544566,0.1929945
1678700,1623700,0,0.21293692,0.2097759
1678800,1623800,0,0.18134283,0.1793808
1678900,1623900,0,0.091039724,0.090789036
1679000,1624000,0,0.1735583,0.17183637
1679100,1624100,0,0.17387116,0.17213998
1679200,1624200,0,0.09311222,0.092844059
1679300,1624300,0,0.24006068,0.23555307
1679400,1624400,0,0.2281244,0.22424782
1679500,1624500,0,0.084082118,0.083884529
1679600,1624600,0,0.22891649,0.22499995
1679700,1624700,0,0.22171373,0.21815085
1679800,1624800,0,0.17522029,0.17344883
1679900,1624900,0,0.088501202,0.088270863
1680000,1625000,0,0.17449963,0.17274976
1680100,1625100,0,0.23201407,0.22793865
1680200,1625200,0,0.084024486,0.083827302
1680300,1625300,0,0.24379641,0.2390784
1680400,1625400,0,0.085884782,0.085674236
1680500,1625500,0,0.21665242,0.21332511
1680600,1625600,0,0.18032234,0.17839296
1680700,1625700,0,0.21387263,0.21067026
1680800,1625800,0,0.21216708,0.20903982
1680900,1625900,0,0.21157265,0.2084713
1681000,1626000,0,0.22232509,0.21873303
1681100,1626100,0,0.21334251,0.21016361
1681200,1626200,0,0.21458318,0.21134917
1681300,1626300,0,0.17417011,0.17243006
1681400,1626400,0,0.090107882,0.089864796
1681500,1626500,0,0.17451091,0.1727607
1681600,1626600,0,0.21216733,0.20904006
1681700,1626700,0,0.21305269,0.20988657
1681800,1626800,0,0.17338477,0.17166797
1681900,1626900,0,0.22453796,0.220839
1682000,1627000,0,0.17354786,0.17182625
1682100,1627100,0,0.08117875,0.081000896
1682200,1627200,0,0.18339209,0.18136339
1682300,1627300,0,0.081940327,0.08175743
1682400,1627400,0,0.21258782,0.20944214
1682500,1627500,0,0.17401613,0.17228065
1682600,1627600,0,0.085349548,0.085142906
1682700,1627700,0,0.17778428,0.17593457
1682800,1627800,0,0.17532271,0.17354817
1682900,1627900,0,0.21181479,0.2087029
1683000,1628000,0,0.1740058,0.17227063
1683100,1628100,0,0.21479607,0.21155254
1683200,1628200,0,0.1776791,0.17583265
1683300,1628300,0,0.081962085,0.081779042
1683400,1628400,0,0.22146126,0.21791038
1683500,1628500,0,0.22516566,0.22143601
1683600,1628600,0,0.24045491,0.23592538
1683700,1628700,0,0.22538035,0.22164016
1683800,1628800,0,0.17398238,0.1722479
1683900,1628900,0,0.089439376,0.08920165
1684000,1629000,0,0.17776,0.17591104
1684100,1629100,0,0.22365797,0.22000177
1684200,1629200,0,0.22340212,0.21975829
1684300,1629300,0,0.22489834,0.22118178
1684400,1629400,0,0.21729258,0.21393606
1684500,1629500,0,0.09279323,0.092527809
1684600,1629600,0,0.17352289,0.17180201
1684700,1629700,0,0.24189952,0.23728913
1684800,1629800,0,0.1741007,0.17236271
1684900,1629900,0,0.086058148,0.085846326
1685000,1630000,0,0.087380787,0.087159068
1685100,1630100,0,0.17289893,0.1711964
1685200,1630200,0,0.23201504,0.22793957
1685300,1630300,0,0.17614579,0.17434635
1685400,1630400,0,0.22348452,0.21983671
1685500,1630500,0,0.17362769,0.17190372
1685600,1630600,0,0.1793,0.17740298
1685700,1630700,0,0.23051519,0.22651717
1685800,1630800,0,0.24209268,0.2374714
1685900,1630900,0,0.22931082,0.22537428
1686000,1631000,0,0.22574722,0.22198898
1686100,1631100,0,0.17320863,0.17149701
1686200,1631200,0,0.085377745,0.085170899
1686300,1631300,0,0.17534947,0.17357412
1686400,1631400,0,0.090448889,0.09020304
1686500,1631500,0,0.17334343,0.17162784
1686600,1631600,0,0.096307824,0.096011166
1686700,1631700,0,0.17591103,0.17411871
1686800,1631800,0,0.17395047,0.17221694
1686900,1631900,0,0.08458231,0.08438118
1687000,1632000,0,0.083841362,0.083645462
1687100,1632100,0,0.2178164,0.21443585
1687200,1632200,0,0.21932679,0.21587632
1687300,1632300,0,0.087084613,0.086865137
1687400,1632400,0,0.21886688,0.2154378
1687500,1632500,0,0.2385667,0.23414148
1687600,1632600,0,0.22447121,0.22077551
1687700,1632700,0,0.18413838,0.18208504
1687800,1632800,0,0.083518591,0.083324941
1687900,1632900,0,0.083680434,0.083485657
1688000,1633000,0,0.17623149,0.17442944
1688100,1633100,0,0.21573418,0.21244849
1688200,1633200,0,0.17329492,0.17158076
1688300,1633300,0,0.084074732,0.083877195
1688400,1633400,0,0.083583537,0.083389436
1688500,1633500,0,0.17371896,0.17199229
1688600,1633600,0,0.21441496,0.21118846
1688700,1633700,0,0.18299322,0.18097761
1688800,1633800,0,0.21449581,0.2112657
1688900,1633900,0,0.21590102,0.21260779
1689000,1634000,0,0.081504226,0.081324229
1689100,1634100,0,0.17784117,0.1759897
1689200,1634200,0,0.18519161,0.18310315
1689300,1634300,0,0.083845935,0.083650003
1689400,1634400,0,0.23423447,0.23004262
1689500,1634500,0,0.21483951,0.21159403
1689600,1634600,0,0.17644996,0.17464125
1689700,1634700,0,0.18747158,0.18530575
1689800,1634800,0,0.083750539,0.083555274
1689900,1634900,0,0.22006097,0.21657617
1690000,1635000,0,0.21457818,0.2113444
1690100,1635100,0,0.18061787,0.17867908
1690200,1635200,0,0.2171365,0.21378712
1690300,1635300,0,0.081889096,0.081706541
1690400,1635400,0,0.082685307,0.082497385
1690500,1635500,0,0.17418911,0.17244849
1690600,1635600,0,0.18442298,0.18236019
1690700,1635700,0,0.1827664,0.18075821
1690800,1635800,0,0.23044293,0.22644861
1690900,1635900,0,0.22701828,0.22319706
1691000,1636000,0,0.17514338,0.17337423
1691100,1636100,0,0.082191177,0.082006598
1691200,1636200,0,0.17511218,0.17334397
1691300,1636300,0,0.17334775,0.17163204
1691400,1636400,0,0.23367942,0.22951687
1691500,1636500,0,0.17336336,0.17164719
1691600,1636600,0,0.21248367,0.20934255
1691700,1636700,0,0.17945448,0.1775526
1691800,1636800,0,0.081554874,0.081374541
1691900,1636900,0,0.21374954,0.21055262
1692000,1637000,0,0.083303901,0.083111738
1692100,1637100,0,0.21547193,0.21219806
1692200,1637200,0,0.18399363,0.18194508
1692300,1637300,0,0.17821187,0.1763489
1692400,1637400,0,0.084608774,0.084407456
1692500,1637500,0,0.084113029,0.083915222
1692600,1637600,0,0.21425966,0.21104009
1692700,1637700,0,0.17737142,0.17553447
1692800,1637800,0,0.081843543,0.081661292
1692900,1637900,0,0.21247992,0.20933897
1693000,1638000,0,0.1766628,0.17484759
1693100,1638100,0,0.21153636,0.20843658
1693200,1638200,0,0.18245868,0.18046053
1693300,1638300,0,0.22405642,0.2203809
1693400,1638400,0,0.2374114,0.23304922
1693500,1638500,0,0.17452779,0.17277709
1693600,1638600,0,0.21216506,0.20903789
1693700,1638700,0,0.19459685,0.19217717
1693800,1638800,0,0.22133833,0.21779328
1693900,1638900,0,0.21255238,0.20940825
1694000,1639000,0,0.1737678,0.17203968
1694100,1639100,0,0.21407005,0.2108589
1694200,1639200,0,0.17410706,0.17236888
1694300,1639300,0,0.21698409,0.21364167
1694400,1639400,0,0.17623835,0.17443608
1694500,1639500,0,0.21293783,0.20977677
1694600,1639600,0,0.223263,0.21962589
1694700,1639700,0,0.21159604,0.20849367
1694800,1639800,0,0.17710942,0.17528052
1694900,1639900,0,0.083324474,0.083132169
1695000,1640000,0,0.21113636,0.20805393
1695100,1640100,0,0.21639851,0.21308274
1695200,1640200,0,0.22050887,0.21700302
1695300,1640300,0,0.17460029,0.17284742
1695400,1640400,0,0.17351012,0.17178962
1695500,1640500,0,0.080616164,0.080441976
1695600,1640600,0,0.17315832,0.17144818
1695700,1640700,0,0.21318824,0.21001615
1695800,1640800,0,0.19600458,0.19353254
1695900,1640900,0,0.2206499,0.21713741
1696000,1641000,0,0.22422564,0.2205419
1696100,1641100,0,0.17776418,0.1759151
1696200,1641200,0,0.17352195,0.1718011
1696300,1641300,0,0.17306124,0.17135396
1696400,1641400,0,0.2234609,0.21981423
1696500,1641500,0,0.17694624,0.17512235
1696600,1641600,0,0.17324033,0.17152778
1696700,1641700,0,0.086023274,0.085811709
1696800,1641800,0,0.085478367,0.08527079
1696900,1641900,0,0.21693682,0.21359655
1697000,1642000,0,0.2238337,0.22016899
1697100,1642100,0,0.17366919,0.17194399
1697200,1642200,0,0.2166726,0.21334437
1697300,1642300,0,0.18350849,0.18147596
1697400,1642400,0,0.085782084,0.08557229
1697500,1642500,0,0.17406032,0.17232353
1697600,1642600,0,0.21599171,0.21269439
1697700,1642700,0,0.21947238,0.21601512
1697800,1642800,0,0.17376966,0.17204148
